DATE,TMAX,TMIN,PRCP,SNWD,SNOW
1872-01-16,,,43.0,,
1872-01-20,,,38.0,,
1872-01-23,,,28.0,,
1872-02-01,,,0.0,,
1872-02-02,,,0.0,,
1872-02-03,,,127.0,,
1872-02-04,,,0.0,,
1872-02-05,,,152.0,,
1872-02-06,,,0.0,,
1872-02-07,,,406.0,,
1872-02-08,,,0.0,,
1872-02-09,,,0.0,,
1872-02-10,,,0.0,,
1872-02-11,,,0.0,,
1872-02-12,,,1245.0,,
1872-02-13,,,0.0,,
1872-02-14,,,0.0,,
1872-02-15,,,0.0,,
1872-02-16,,,635.0,,
1872-02-17,,,0.0,,
1872-02-18,,,0.0,,
1872-02-19,,,356.0,,
1872-02-20,,,51.0,,
1872-02-21,,,0.0,,
1872-02-22,,,356.0,,
1872-02-23,,,0.0,,
1872-02-24,,,0.0,,
1872-02-25,,,0.0,,
1872-02-26,,,508.0,,
1872-02-27,,,0.0,,
1872-02-28,,,0.0,,
1872-02-29,,,0.0,,
1872-03-01,,,0.0,,0.0
1872-03-02,,,,,20.0
1872-03-03,,,0.0,,0.0
1872-03-04,,,0.0,,0.0
1872-03-05,,,0.0,,0.0
1872-03-06,,,0.0,,0.0
1872-03-07,,,0.0,,0.0
1872-03-08,,,0.0,,0.0
1872-03-09,,,,,0.0
1872-03-10,,,25.0,,0.0
1872-03-11,,,0.0,,0.0
1872-03-12,,,0.0,,0.0
1872-03-13,,,0.0,,0.0
1872-03-14,,,0.0,,
1872-03-25,,,152.0,,
1872-04-01,,,0.0,,
1872-04-02,,,0.0,,
1872-04-03,,,127.0,,
1872-04-04,,,0.0,,
1872-04-05,,,0.0,,
1872-04-06,,,0.0,,
1872-04-07,,,254.0,,
1872-04-08,,,0.0,,
1872-04-09,,,127.0,,
1872-04-10,,,0.0,,
1872-04-11,,,0.0,,
1872-04-12,,,152.0,,
1872-04-13,,,0.0,,
1872-04-14,,,51.0,,
1872-04-15,,,51.0,,
1872-04-16,,,0.0,,
1872-04-17,,,0.0,,
1872-04-18,,,254.0,,
1872-04-19,,,0.0,,
1872-04-20,,,51.0,,
1872-04-21,,,51.0,,
1872-04-22,,,0.0,,
1872-04-23,,,0.0,,
1872-04-24,,,0.0,,
1872-04-25,,,0.0,,
1872-04-26,,,0.0,,
1872-04-27,,,0.0,,
1872-04-28,,,0.0,,
1872-04-29,,,0.0,,
1872-04-30,,,0.0,,
1872-05-01,,,254.0,,
1872-05-02,,,0.0,,
1872-05-03,,,0.0,,
1872-05-04,,,0.0,,
1872-05-05,,,0.0,,
1872-05-06,,,0.0,,
1872-05-07,,,0.0,,
1872-05-08,,,0.0,,
1872-05-09,,,0.0,,
1872-05-10,,,0.0,,
1872-05-11,,,0.0,,
1872-05-12,,,0.0,,
1872-05-13,,,0.0,,
1872-05-14,,,0.0,,
1872-05-15,,,0.0,,
1872-05-16,,,0.0,,
1872-05-17,,,254.0,,
1872-05-18,,,0.0,,
1872-05-19,,,0.0,,
1872-05-20,,,0.0,,
1872-05-21,,,0.0,,
1872-05-22,,,76.0,,
1872-05-23,,,0.0,,
1872-05-24,,,102.0,,
1872-05-25,,,0.0,,
1872-05-26,,,0.0,,
1872-05-27,,,0.0,,
1872-05-28,,,0.0,,
1872-05-29,,,0.0,,
1872-05-30,,,0.0,,
1872-05-31,,,0.0,,
1872-06-01,,,0.0,,
1872-06-02,,,0.0,,
1872-06-03,,,127.0,,
1872-06-04,,,0.0,,
1872-06-05,,,0.0,,
1872-06-06,,,0.0,,
1872-06-07,,,0.0,,
1872-06-08,,,0.0,,
1872-06-09,,,76.0,,
1872-06-10,,,127.0,,
1872-06-11,,,0.0,,
1872-06-12,,,0.0,,
1872-06-13,,,0.0,,
1872-06-14,,,0.0,,
1872-06-15,,,432.0,,
1872-06-16,,,0.0,,
1872-06-17,,,0.0,,
1872-06-18,,,0.0,,
1872-06-19,,,0.0,,
1872-06-20,,,0.0,,
1872-06-21,,,0.0,,
1872-06-22,,,0.0,,
1872-06-23,,,0.0,,
1872-06-24,,,1270.0,,
1872-06-25,,,0.0,,
1872-06-26,,,0.0,,
1872-06-27,,,0.0,,
1872-06-28,,,51.0,,
1872-06-29,,,0.0,,
1872-06-30,,,0.0,,
1872-07-01,,,0.0,,
1872-07-02,,,0.0,,
1872-07-03,,,0.0,,
1872-07-04,,,0.0,,
1872-07-05,,,0.0,,
1872-07-06,,,0.0,,
1872-07-07,,,0.0,,
1872-07-08,,,330.0,,
1872-07-09,,,279.0,,
1872-07-10,,,0.0,,
1872-07-11,,,0.0,,
1872-07-12,,,102.0,,
1872-07-13,,,178.0,,
1872-07-14,,,305.0,,
1872-07-15,,,356.0,,
1872-07-16,,,0.0,,
1872-07-17,,,152.0,,
1872-07-18,,,0.0,,
1872-07-19,,,203.0,,
1872-07-20,,,0.0,,
1872-07-21,,,0.0,,
1872-07-22,,,0.0,,
1872-07-23,,,0.0,,
1872-07-24,,,0.0,,
1872-07-25,,,0.0,,
1872-07-26,,,0.0,,
1872-07-27,,,0.0,,
1872-07-28,,,0.0,,
1872-07-29,,,0.0,,
1872-07-30,,,0.0,,
1872-07-31,,,0.0,,
1872-08-01,,,0.0,,
1872-08-02,,,0.0,,
1872-08-03,,,0.0,,
1872-08-04,,,0.0,,
1872-08-05,,,0.0,,
1872-08-06,,,152.0,,
1872-08-07,,,76.0,,
1872-08-08,,,0.0,,
1872-08-09,,,76.0,,
1872-08-10,,,0.0,,
1872-08-11,,,0.0,,
1872-08-12,,,51.0,,
1872-08-13,,,0.0,,
1872-08-14,,,0.0,,
1872-08-15,,,838.0,,
1872-08-16,,,0.0,,
1872-08-17,,,0.0,,
1872-08-18,,,0.0,,
1872-08-19,,,229.0,,
1872-08-20,,,0.0,,
1872-08-21,,,0.0,,
1872-08-22,,,0.0,,
1872-08-23,,,0.0,,
1872-08-24,,,0.0,,
1872-08-25,,,152.0,,
1872-08-26,,,0.0,,
1872-08-27,,,0.0,,
1872-08-28,,,51.0,,
1872-08-29,,,102.0,,
1872-08-30,,,0.0,,
1872-08-31,,,0.0,,
1872-09-01,,,0.0,,
1872-09-02,,,0.0,,
1872-09-03,,,0.0,,
1872-09-04,,,0.0,,
1872-09-05,,,0.0,,
1872-09-06,,,0.0,,
1872-09-07,,,0.0,,
1872-09-08,,,76.0,,
1872-09-09,,,0.0,,
1872-09-10,,,25.0,,
1872-09-11,,,305.0,,
1872-09-12,,,0.0,,
1872-09-13,,,0.0,,
1872-09-14,,,0.0,,
1872-09-15,,,0.0,,
1872-09-16,,,0.0,,
1872-09-17,,,0.0,,
1872-09-18,,,0.0,,
1872-09-19,,,0.0,,
1872-09-20,,,0.0,,
1872-09-21,,,0.0,,
1872-09-22,,,0.0,,
1872-09-23,,,0.0,,
1872-09-24,,,0.0,,
1872-09-25,,,254.0,,
1872-09-26,,,0.0,,
1872-09-27,,,0.0,,
1872-09-28,,,305.0,,
1872-09-29,,,0.0,,
1872-09-30,,,0.0,,
1872-10-01,,,0.0,,
1872-10-02,,,0.0,,
1872-10-03,,,0.0,,
1872-10-04,,,0.0,,
1872-10-05,,,0.0,,
1872-10-06,,,0.0,,
1872-10-07,,,0.0,,0.0
1872-10-08,,,0.0,,
1872-10-09,,,0.0,,
1872-10-10,,,0.0,,
1872-10-11,,,0.0,,
1872-10-12,,,0.0,,
1872-10-13,,,0.0,,
1872-10-14,,,0.0,,
1872-10-15,,,0.0,,
1872-10-16,,,0.0,,
1872-10-17,,,0.0,,
1872-10-18,,,0.0,,
1872-10-19,,,0.0,,
1872-10-20,,,0.0,,
1872-10-21,,,0.0,,
1872-10-22,,,0.0,,0.0
1872-10-23,,,0.0,,
1872-10-24,,,0.0,,
1872-10-25,,,0.0,,
1872-10-26,,,0.0,,
1872-10-27,,,0.0,,
1872-10-28,,,0.0,,
1872-10-29,,,0.0,,
1872-10-30,,,0.0,,
1872-10-31,,,0.0,,
1872-11-01,,,0.0,,0.0
1872-11-02,,,0.0,,0.0
1872-11-03,,,0.0,,0.0
1872-11-04,,,0.0,,0.0
1872-11-05,,,0.0,,0.0
1872-11-06,,,0.0,,0.0
1872-11-07,,,0.0,,0.0
1872-11-08,,,0.0,,0.0
1872-11-09,,,737.0,,0.0
1872-11-10,,,0.0,,0.0
1872-11-11,,,0.0,,0.0
1872-11-12,,,0.0,,0.0
1872-11-13,,,178.0,,0.0
1872-11-14,,,0.0,,0.0
1872-11-15,,,0.0,,0.0
1872-11-16,,,0.0,,0.0
1872-11-17,,,0.0,,0.0
1872-11-18,,,0.0,,0.0
1872-11-19,,,0.0,,0.0
1872-11-20,,,0.0,,0.0
1872-11-21,,,76.0,,0.0
1872-11-22,,,102.0,,76.0
1872-11-23,,,0.0,,0.0
1872-11-24,,,0.0,,0.0
1872-11-25,,,0.0,,0.0
1872-11-26,,,254.0,,0.0
1872-11-27,,,0.0,,0.0
1872-11-28,,,0.0,,0.0
1872-11-29,,,0.0,,0.0
1872-11-30,,,0.0,,0.0
1872-12-01,,,0.0,,
1872-12-02,,,152.0,,
1872-12-03,,,0.0,,
1872-12-04,,,0.0,,
1872-12-05,,,0.0,,
1872-12-06,,,0.0,,
1872-12-07,,,178.0,,
1872-12-08,,,0.0,,
1872-12-09,,,0.0,,
1872-12-10,,,0.0,,
1872-12-11,,,0.0,,
1872-12-12,,,0.0,,
1872-12-13,,,0.0,,
1872-12-14,,,0.0,,
1872-12-15,,,0.0,,
1872-12-16,,,330.0,,
1872-12-17,,,0.0,,
1872-12-18,,,635.0,,
1872-12-19,,,178.0,,
1872-12-20,,,864.0,,38.0
1872-12-21,,,0.0,,
1872-12-22,,,,,0.0
1872-12-23,,,0.0,,
1872-12-24,,,0.0,,
1872-12-25,,,635.0,,
1872-12-26,,,0.0,,
1872-12-27,,,0.0,,
1872-12-28,,,51.0,,
1872-12-29,,,0.0,,
1872-12-30,,,0.0,,
1872-12-31,,,152.0,,
1873-03-03,,,127.0,,
1873-03-08,,,51.0,,
1873-03-11,,,203.0,,
1873-03-15,,,25.0,,25.0
1873-03-20,,,533.0,,
1873-03-26,,,457.0,,
1873-04-01,,,203.0,,
1873-04-28,,,127.0,,
1873-05-02,,,102.0,,
1873-05-07,,,279.0,,
1873-05-16,,,127.0,,
1873-05-19,,,76.0,,
1873-05-21,,,203.0,,
1873-05-23,,,152.0,,
1873-05-31,,,51.0,,
1873-06-01,,,0.0,,
1873-06-02,,,0.0,,
1873-06-03,,,0.0,,
1873-06-04,,,102.0,,
1873-06-05,,,0.0,,
1873-06-06,,,25.0,,
1873-06-07,,,0.0,,
1873-06-08,,,0.0,,
1873-06-09,,,0.0,,
1873-06-10,,,0.0,,
1873-06-11,,,0.0,,
1873-06-12,,,305.0,,
1873-06-13,,,0.0,,
1873-06-14,,,356.0,,
1873-06-15,,,0.0,,
1873-06-16,,,0.0,,
1873-06-17,,,0.0,,
1873-06-18,,,0.0,,
1873-06-19,,,127.0,,
1873-06-20,,,0.0,,
1873-06-21,,,0.0,,
1873-06-22,,,0.0,,
1873-06-23,,,0.0,,
1873-06-24,,,0.0,,
1873-06-25,,,229.0,,
1873-06-26,,,0.0,,
1873-06-27,,,0.0,,
1873-06-28,,,0.0,,
1873-06-29,,,0.0,,
1873-06-30,,,0.0,,
1873-07-05,,,229.0,,
1873-07-12,,,229.0,,
1873-07-15,,,356.0,,
1873-07-18,,,406.0,,
1873-07-23,,,76.0,,
1873-07-24,,,3.0,,
1873-07-25,,,102.0,,
1873-07-28,,,381.0,,
1873-07-29,,,102.0,,
1873-07-31,,,102.0,,
1873-08-01,211.0,,,,
1873-08-02,211.0,,,,
1873-08-03,222.0,,,,
1873-08-04,222.0,,,,
1873-08-05,206.0,,,,
1873-08-06,194.0,,,,
1873-08-07,194.0,,,,
1873-08-08,194.0,,,,
1873-08-09,200.0,,,,
1873-08-10,200.0,,,,
1873-08-12,228.0,,,,
1873-08-13,211.0,,330.0,,
1873-08-14,167.0,,,,
1873-08-15,161.0,,,,
1873-08-16,150.0,,,,
1873-08-17,200.0,,,,
1873-08-18,200.0,,178.0,,
1873-08-19,194.0,,,,
1873-08-20,194.0,,178.0,,
1873-08-21,200.0,,102.0,,
1873-08-22,194.0,,,,
1873-08-23,200.0,,,,
1873-08-24,211.0,,,,
1873-08-25,211.0,,,,
1873-08-26,211.0,,178.0,,
1873-08-27,211.0,,,,
1873-08-28,200.0,,203.0,,
1873-08-29,183.0,,,,
1873-08-30,211.0,,,,
1873-08-31,211.0,,,,
1873-09-01,183.0,,0.0,,
1873-09-02,200.0,,0.0,,
1873-09-03,211.0,,0.0,,
1873-09-04,200.0,,254.0,,
1873-09-05,200.0,,0.0,,
1873-09-06,200.0,,0.0,,
1873-09-07,189.0,,0.0,,
1873-09-08,167.0,,0.0,,
1873-09-09,178.0,,0.0,,
1873-09-10,144.0,,0.0,,
1873-09-11,150.0,,0.0,,
1873-09-12,139.0,,0.0,,
1873-09-13,161.0,,0.0,,
1873-09-14,139.0,,0.0,,
1873-09-15,94.0,,0.0,,
1873-09-16,256.0,,0.0,,
1873-09-17,167.0,,0.0,,
1873-09-18,167.0,,0.0,,
1873-09-19,178.0,,25.0,,
1873-09-20,150.0,,0.0,,
1873-09-21,100.0,,0.0,,
1873-09-22,106.0,,0.0,,
1873-09-23,172.0,,178.0,,
1873-09-24,128.0,,0.0,,
1873-09-25,133.0,,0.0,,
1873-09-26,128.0,,0.0,,
1873-09-27,172.0,,0.0,,
1873-09-28,178.0,,0.0,,
1873-09-29,150.0,,0.0,,
1873-09-30,178.0,,381.0,,
1873-10-01,,,0.0,,
1873-10-02,,,0.0,,
1873-10-03,,,0.0,,
1873-10-04,,,0.0,,
1873-10-05,,,0.0,,
1873-10-06,,,0.0,,
1873-10-07,,,0.0,,
1873-10-08,,,0.0,,
1873-10-09,,,0.0,,
1873-10-10,,,0.0,,
1873-10-11,,,0.0,,
1873-10-12,,,0.0,,
1873-10-13,,,0.0,,
1873-10-14,,,0.0,,
1873-10-15,,,0.0,,
1873-10-16,,,0.0,,
1873-10-17,,,0.0,,
1873-10-18,,,0.0,,
1873-10-19,,,178.0,,
1873-10-20,,,0.0,,
1873-10-21,,,0.0,,
1873-10-22,,,0.0,,
1873-10-23,,,76.0,,
1873-10-24,,,0.0,,
1873-10-25,,,0.0,,
1873-10-26,,,0.0,,
1873-10-27,,,381.0,,
1873-10-28,,,0.0,,
1873-10-29,,,0.0,,
1873-10-30,,,0.0,,
1873-10-31,,,0.0,,
1873-11-01,,,0.0,,
1873-11-02,,,0.0,,
1873-11-03,,,0.0,,
1873-11-04,,,0.0,,
1873-11-05,,,0.0,,
1873-11-06,,,0.0,,
1873-11-07,,,102.0,,
1873-11-08,,,0.0,,
1873-11-09,,,0.0,,
1873-11-10,,,0.0,,
1873-11-11,,,0.0,,
1873-11-12,,,51.0,,
1873-11-13,,,0.0,,
1873-11-14,,,0.0,,
1873-11-15,,,0.0,,
1873-11-16,,,0.0,,
1873-11-17,,,254.0,,
1873-11-18,,,0.0,,
1873-11-19,,,102.0,,
1873-11-20,,,0.0,,
1873-11-21,,,0.0,,
1873-11-22,,,0.0,,
1873-11-23,,,0.0,,
1873-11-24,,,152.0,,
1873-11-25,,,0.0,,
1873-11-26,,,0.0,,
1873-11-27,,,0.0,,
1873-11-28,,,0.0,,
1873-11-29,,,0.0,,
1873-11-30,,,0.0,,
1873-12-01,,,,,0.0
1873-12-02,,,,,0.0
1873-12-03,,,,,0.0
1873-12-04,,,38.0,,0.0
1873-12-05,,,,,0.0
1873-12-06,,,18.0,,0.0
1873-12-07,,,,,0.0
1873-12-08,,,,,0.0
1873-12-09,,,3.0,,0.0
1873-12-10,,,,,0.0
1873-12-11,,,,,0.0
1873-12-12,,,,,0.0
1873-12-13,,,20.0,,0.0
1873-12-14,,,,,0.0
1873-12-15,,,,,0.0
1873-12-16,,,,,0.0
1873-12-17,,,,,0.0
1873-12-18,,,10.0,,0.0
1873-12-19,,,,,0.0
1873-12-20,,,,,0.0
1873-12-21,,,,,0.0
1873-12-22,,,,,0.0
1873-12-23,,,20.0,,0.0
1873-12-24,,,,,0.0
1873-12-25,,,,,0.0
1873-12-26,,,,,0.0
1873-12-27,,,,,0.0
1873-12-28,,,13.0,,152.0
1873-12-29,,,,,0.0
1873-12-30,,,,,0.0
1873-12-31,,,,,0.0
1874-01-01,,,,,0.0
1874-01-02,,,,,0.0
1874-01-03,,,,,0.0
1874-01-04,,,,,0.0
1874-01-05,,,,,0.0
1874-01-06,,,,,0.0
1874-01-07,,,43.0,,51.0
1874-01-08,,,,,0.0
1874-01-09,,,,,0.0
1874-01-10,,,,,0.0
1874-01-11,,,,,0.0
1874-01-12,,,,,0.0
1874-01-13,,,,,0.0
1874-01-14,,,20.0,,0.0
1874-01-15,,,,,0.0
1874-01-16,,,,,0.0
1874-01-17,,,,,0.0
1874-01-18,,,,,0.0
1874-01-19,,,,,0.0
1874-01-20,,,8.0,,0.0
1874-01-21,,,,,0.0
1874-01-22,,,28.0,,0.0
1874-01-23,,,,,0.0
1874-01-24,,,,,0.0
1874-01-25,,,,,0.0
1874-01-26,,,,,0.0
1874-01-27,,,,,0.0
1874-01-28,,,30.0,,0.0
1874-01-29,,,,,0.0
1874-01-30,,,,,0.0
1874-01-31,,,,,0.0
1874-02-01,,,0.0,,
1874-02-02,,,0.0,,
1874-02-03,,,229.0,,
1874-02-04,,,0.0,,
1874-02-05,,,0.0,,
1874-02-06,,,0.0,,
1874-02-07,,,102.0,,
1874-02-08,,,0.0,,
1874-02-09,,,0.0,,
1874-02-10,,,0.0,,
1874-02-11,,,0.0,,
1874-02-12,,,0.0,,
1874-02-13,,,305.0,,
1874-02-14,,,0.0,,
1874-02-15,,,0.0,,
1874-02-16,,,0.0,,
1874-02-17,,,330.0,,
1874-02-18,,,0.0,,
1874-02-19,,,0.0,,
1874-02-20,,,0.0,,
1874-02-21,,,0.0,,
1874-02-22,,,0.0,,
1874-02-23,,,25.0,,
1874-02-24,,,0.0,,
1874-02-25,,,457.0,,
1874-02-26,,,0.0,,
1874-02-27,,,0.0,,
1874-02-28,,,254.0,,
1874-03-01,,,102.0,,
1874-03-02,,,0.0,,
1874-03-03,,,0.0,,
1874-03-04,,,0.0,,
1874-03-05,,,0.0,,
1874-03-06,,,229.0,,
1874-03-07,,,279.0,,
1874-03-08,,,0.0,,
1874-03-09,,,0.0,,
1874-03-10,,,0.0,,
1874-03-11,,,0.0,,
1874-03-12,,,0.0,,
1874-03-13,,,0.0,,
1874-03-14,,,0.0,,
1874-03-15,,,127.0,,
1874-03-16,,,0.0,,
1874-03-17,,,51.0,,
1874-03-18,,,0.0,,
1874-03-19,,,635.0,,
1874-03-20,,,0.0,,
1874-03-21,,,457.0,,
1874-03-22,,,76.0,,
1874-03-23,,,0.0,,
1874-03-24,,,0.0,,
1874-03-25,,,0.0,,
1874-03-26,,,0.0,,
1874-03-27,,,0.0,,
1874-03-28,,,127.0,,
1874-03-29,,,0.0,,
1874-03-30,,,0.0,,
1874-03-31,,,203.0,,
1874-04-01,,,0.0,,
1874-04-02,,,0.0,,
1874-04-03,,,0.0,,
1874-04-04,,,0.0,,
1874-04-05,,,0.0,,
1874-04-06,,,152.0,,
1874-04-07,,,533.0,,
1874-04-08,,,0.0,,
1874-04-09,,,432.0,,
1874-04-10,,,127.0,,
1874-04-11,,,0.0,,
1874-04-12,,,0.0,,
1874-04-13,,,0.0,,
1874-04-14,,,0.0,,
1874-04-15,,,432.0,,
1874-04-16,,,279.0,,
1874-04-17,,,0.0,,
1874-04-18,,,0.0,,
1874-04-19,,,0.0,,
1874-04-20,,,432.0,,
1874-04-21,,,0.0,,
1874-04-22,,,178.0,,
1874-04-23,,,381.0,,
1874-04-24,,,0.0,,
1874-04-25,,,813.0,,
1874-04-26,,,0.0,,
1874-04-27,,,0.0,,
1874-04-28,,,127.0,,
1874-04-29,,,0.0,,
1874-04-30,,,0.0,,
1874-05-03,,,,,0.0
1874-05-14,,,25.0,,
1874-06-01,,,0.0,,
1874-06-02,,,0.0,,
1874-06-03,,,0.0,,
1874-06-04,,,0.0,,
1874-06-05,,,0.0,,
1874-06-06,,,0.0,,
1874-06-07,,,635.0,,
1874-06-08,,,0.0,,
1874-06-09,,,0.0,,
1874-06-10,,,0.0,,
1874-06-11,,,0.0,,
1874-06-12,,,127.0,,
1874-06-13,,,0.0,,
1874-06-14,,,0.0,,
1874-06-15,,,0.0,,
1874-06-16,,,279.0,,
1874-06-17,,,0.0,,
1874-06-18,,,0.0,,
1874-06-19,,,0.0,,
1874-06-20,,,0.0,,
1874-06-21,,,0.0,,
1874-06-22,,,0.0,,
1874-06-23,,,0.0,,
1874-06-24,,,0.0,,
1874-06-25,,,0.0,,
1874-06-26,,,0.0,,
1874-06-27,,,152.0,,
1874-06-28,,,178.0,,
1874-06-29,,,102.0,,
1874-06-30,,,0.0,,
1874-07-01,,,0.0,,
1874-07-02,,,102.0,,
1874-07-03,,,0.0,,
1874-07-04,,,0.0,,
1874-07-05,,,0.0,,
1874-07-06,,,0.0,,
1874-07-07,,,0.0,,
1874-07-08,,,305.0,,
1874-07-09,,,0.0,,
1874-07-10,,,102.0,,
1874-07-11,,,0.0,,
1874-07-12,,,203.0,,
1874-07-13,,,0.0,,
1874-07-14,,,0.0,,
1874-07-15,,,0.0,,
1874-07-16,,,25.0,,
1874-07-17,,,0.0,,
1874-07-18,,,0.0,,
1874-07-19,,,76.0,,
1874-07-20,,,0.0,,
1874-07-21,,,0.0,,
1874-07-22,,,0.0,,
1874-07-23,,,51.0,,
1874-07-24,,,127.0,,
1874-07-25,,,76.0,,
1874-07-26,,,0.0,,
1874-07-27,,,0.0,,
1874-07-28,,,0.0,,
1874-07-29,,,0.0,,
1874-07-30,,,0.0,,
1874-07-31,,,0.0,,
1874-08-01,,,127.0,,
1874-08-02,,,0.0,,
1874-08-03,,,0.0,,
1874-08-04,,,0.0,,
1874-08-05,,,0.0,,
1874-08-06,,,0.0,,
1874-08-07,,,0.0,,
1874-08-08,,,711.0,,
1874-08-09,,,0.0,,
1874-08-10,,,0.0,,
1874-08-11,,,0.0,,
1874-08-12,,,0.0,,
1874-08-13,,,0.0,,
1874-08-14,,,0.0,,
1874-08-15,,,0.0,,
1874-08-16,,,0.0,,
1874-08-17,,,0.0,,
1874-08-18,,,0.0,,
1874-08-19,,,0.0,,
1874-08-20,,,1880.0,,
1874-08-21,,,279.0,,
1874-08-22,,,330.0,,
1874-08-23,,,25.0,,
1874-08-24,,,0.0,,
1874-08-25,,,0.0,,
1874-08-26,,,0.0,,
1874-08-27,,,0.0,,
1874-08-28,,,0.0,,
1874-08-29,,,0.0,,
1874-08-30,,,0.0,,
1874-08-31,,,0.0,,
1874-09-01,,,0.0,,
1874-09-02,,,0.0,,
1874-09-03,,,0.0,,
1874-09-04,,,0.0,,
1874-09-05,,,0.0,,
1874-09-06,,,0.0,,
1874-09-07,,,0.0,,
1874-09-08,,,0.0,,
1874-09-09,,,0.0,,
1874-09-10,,,0.0,,
1874-09-11,,,0.0,,
1874-09-12,,,0.0,,
1874-09-13,,,0.0,,
1874-09-14,,,102.0,,
1874-09-15,,,0.0,,
1874-09-16,,,483.0,,
1874-09-17,,,0.0,,
1874-09-18,,,0.0,,
1874-09-19,,,178.0,,
1874-09-20,,,0.0,,
1874-09-21,,,0.0,,
1874-09-22,,,0.0,,
1874-09-23,,,0.0,,
1874-09-24,,,0.0,,
1874-09-25,,,0.0,,
1874-09-26,,,0.0,,
1874-09-27,,,229.0,,
1874-09-28,,,0.0,,
1874-09-29,,,0.0,,
1874-09-30,,,0.0,,
1874-10-01,,,0.0,,
1874-10-02,,,0.0,,
1874-10-03,,,0.0,,
1874-10-04,,,0.0,,
1874-10-05,,,0.0,,
1874-10-06,,,0.0,,
1874-10-07,,,25.0,,
1874-10-08,,,0.0,,
1874-10-09,,,0.0,,
1874-10-10,,,0.0,,
1874-10-11,,,0.0,,
1874-10-12,,,0.0,,
1874-10-13,,,0.0,,
1874-10-14,,,0.0,,
1874-10-15,,,0.0,,
1874-10-16,,,0.0,,
1874-10-17,,,356.0,,
1874-10-18,,,0.0,,
1874-10-19,,,0.0,,
1874-10-20,,,0.0,,
1874-10-21,,,0.0,,
1874-10-22,,,0.0,,
1874-10-23,,,51.0,,
1874-10-24,,,0.0,,
1874-10-25,,,0.0,,
1874-10-26,,,0.0,,
1874-10-27,,,0.0,,
1874-10-28,,,0.0,,
1874-10-29,,,0.0,,
1874-10-30,,,76.0,,
1874-10-31,,,0.0,,
1874-11-01,,,0.0,,
1874-11-02,,,0.0,,
1874-11-03,,,0.0,,
1874-11-04,,,0.0,,
1874-11-05,,,0.0,,
1874-11-06,,,0.0,,
1874-11-07,,,0.0,,
1874-11-08,,,0.0,,
1874-11-09,,,229.0,,
1874-11-10,,,0.0,,
1874-11-11,,,0.0,,
1874-11-12,,,0.0,,
1874-11-13,,,0.0,,
1874-11-14,,,0.0,,
1874-11-15,,,0.0,,
1874-11-16,,,0.0,,
1874-11-17,,,0.0,,
1874-11-18,,,0.0,,
1874-11-19,,,0.0,,
1874-11-20,,,533.0,,
1874-11-21,,,0.0,,
1874-11-22,,,0.0,,
1874-11-23,,,533.0,,
1874-11-24,,,0.0,,
1874-11-25,,,0.0,,
1874-11-26,,,0.0,,
1874-11-27,,,0.0,,
1874-11-28,,,432.0,,
1874-11-29,,,0.0,,
1874-11-30,,,0.0,,
1874-12-01,,,0.0,,
1874-12-02,,,0.0,,
1874-12-03,,,51.0,,
1874-12-04,,,0.0,,
1874-12-05,,,0.0,,
1874-12-06,,,0.0,,
1874-12-07,,,127.0,,
1874-12-08,,,0.0,,
1874-12-09,,,0.0,,
1874-12-10,,,51.0,,
1874-12-11,,,0.0,,
1874-12-12,,,0.0,,
1874-12-13,,,0.0,,
1874-12-14,,,0.0,,
1874-12-15,,,0.0,,
1874-12-16,,,0.0,,
1874-12-17,,,0.0,,
1874-12-18,,,0.0,,
1874-12-19,,,0.0,,
1874-12-20,,,381.0,,
1874-12-21,,,0.0,,
1874-12-22,,,25.0,,
1874-12-23,,,0.0,,
1874-12-24,,,0.0,,
1874-12-25,,,0.0,,
1874-12-26,,,51.0,,
1874-12-27,,,0.0,,
1874-12-28,,,76.0,,
1874-12-29,,,0.0,,
1874-12-30,,,127.0,,
1874-12-31,,,0.0,,
1875-01-02,,,127.0,,
1875-01-05,,,51.0,,
1875-01-07,,,229.0,,
1875-01-15,,,152.0,,
1875-01-24,,,406.0,,
1875-01-29,,,1067.0,,
1875-02-01,,,0.0,,
1875-02-02,,,0.0,,
1875-02-03,,,127.0,,
1875-02-04,,,0.0,,
1875-02-05,,,0.0,,
1875-02-06,,,0.0,,
1875-02-07,,,0.0,,
1875-02-08,,,0.0,,
1875-02-09,,,0.0,,
1875-02-10,,,0.0,,
1875-02-11,,,457.0,,
1875-02-12,,,0.0,,
1875-02-13,,,0.0,,
1875-02-14,,,356.0,,
1875-02-15,,,0.0,,
1875-02-16,,,0.0,,
1875-02-17,,,0.0,,
1875-02-18,,,0.0,,
1875-02-19,,,0.0,,
1875-02-20,,,0.0,,
1875-02-21,,,406.0,,
1875-02-22,,,0.0,,
1875-02-23,,,0.0,,
1875-02-24,,,0.0,,
1875-02-25,,,1727.0,,
1875-02-26,,,0.0,,
1875-02-27,,,0.0,,
1875-02-28,,,0.0,,
1875-03-01,,,1067.0,,
1875-03-02,,,330.0,,
1875-03-03,,,0.0,,
1875-03-04,,,0.0,,
1875-03-05,,,0.0,,
1875-03-06,,,127.0,,
1875-03-07,,,229.0,,
1875-03-08,,,0.0,,
1875-03-09,,,0.0,,
1875-03-10,,,0.0,,
1875-03-11,,,102.0,,
1875-03-12,,,0.0,,
1875-03-13,,,76.0,,
1875-03-14,,,0.0,,
1875-03-15,,,533.0,,
1875-03-16,,,0.0,,
1875-03-17,,,0.0,,
1875-03-18,,,0.0,,
1875-03-19,,,0.0,,
1875-03-20,,,508.0,,
1875-03-21,,,0.0,,
1875-03-22,,,0.0,,
1875-03-23,,,0.0,,
1875-03-24,,,203.0,,
1875-03-25,,,0.0,,
1875-03-26,,,0.0,,
1875-03-27,,,127.0,,
1875-03-28,,,0.0,,
1875-03-29,,,279.0,,
1875-03-30,,,0.0,,
1875-03-31,,,0.0,,
1875-04-01,,,0.0,,
1875-04-02,,,279.0,,
1875-04-03,,,0.0,,
1875-04-04,,,0.0,,
1875-04-05,,,0.0,,
1875-04-06,,,0.0,,
1875-04-07,,,0.0,,
1875-04-08,,,0.0,,
1875-04-09,,,0.0,,
1875-04-10,,,0.0,,
1875-04-11,,,787.0,,
1875-04-12,,,0.0,,
1875-04-13,,,0.0,,
1875-04-14,,,0.0,,
1875-04-15,,,0.0,,
1875-04-16,,,0.0,,
1875-04-17,,,0.0,,
1875-04-18,,,0.0,,
1875-04-19,,,0.0,,
1875-04-20,,,0.0,,
1875-04-21,,,0.0,,
1875-04-22,,,203.0,,
1875-04-23,,,0.0,,
1875-04-24,,,0.0,,
1875-04-25,,,0.0,,
1875-04-26,,,0.0,,
1875-04-27,,,51.0,,
1875-04-28,,,0.0,,
1875-04-29,,,0.0,,
1875-04-30,,,51.0,,
1875-05-01,,,0.0,,
1875-05-02,,,0.0,,
1875-05-03,,,178.0,,
1875-05-04,,,0.0,,
1875-05-05,,,0.0,,
1875-05-06,,,0.0,,
1875-05-07,,,0.0,,
1875-05-08,,,0.0,,
1875-05-09,,,0.0,,
1875-05-10,,,127.0,,
1875-05-11,,,0.0,,
1875-05-12,,,0.0,,
1875-05-13,,,0.0,,
1875-05-14,,,0.0,,
1875-05-15,,,0.0,,
1875-05-16,,,0.0,,
1875-05-17,,,0.0,,
1875-05-18,,,0.0,,
1875-05-19,,,0.0,,
1875-05-20,,,0.0,,
1875-05-21,,,0.0,,
1875-05-22,,,0.0,,
1875-05-23,,,0.0,,
1875-05-24,,,0.0,,
1875-05-25,,,0.0,,
1875-05-26,,,0.0,,
1875-05-27,,,0.0,,
1875-05-28,,,0.0,,
1875-05-29,,,0.0,,
1875-05-30,,,0.0,,
1875-05-31,,,0.0,,
1875-06-01,,,0.0,,
1875-06-02,,,0.0,,
1875-06-03,,,508.0,,
1875-06-04,,,0.0,,
1875-06-05,,,25.0,,
1875-06-06,,,0.0,,
1875-06-07,,,102.0,,
1875-06-08,,,0.0,,
1875-06-09,,,0.0,,
1875-06-10,,,0.0,,
1875-06-11,,,0.0,,
1875-06-12,,,0.0,,
1875-06-13,,,0.0,,
1875-06-14,,,0.0,,
1875-06-15,,,0.0,,
1875-06-16,,,305.0,,
1875-06-17,,,0.0,,
1875-06-18,,,102.0,,
1875-06-19,,,356.0,,
1875-06-20,,,0.0,,
1875-06-21,,,0.0,,
1875-06-22,,,51.0,,
1875-06-23,,,0.0,,
1875-06-24,,,0.0,,
1875-06-25,,,0.0,,
1875-06-26,,,0.0,,
1875-06-27,,,152.0,,
1875-06-28,,,0.0,,
1875-06-29,,,25.0,,
1875-06-30,,,0.0,,
1875-07-01,,,330.0,,
1875-07-03,,,76.0,,
1875-07-06,,,127.0,,
1875-07-07,,,152.0,,
1875-07-08,,,76.0,,
1875-07-09,,,102.0,,
1875-07-10,,,127.0,,
1875-07-11,,,305.0,,
1875-07-12,,,51.0,,
1875-07-13,,,254.0,,
1875-07-14,,,152.0,,
1875-07-15,,,25.0,,
1875-07-20,,,76.0,,
1875-07-21,,,178.0,,
1875-07-30,,,102.0,,
1875-07-31,,,254.0,,
1875-09-01,,,0.0,,
1875-09-02,,,0.0,,
1875-09-03,,,0.0,,
1875-09-04,,,0.0,,
1875-09-05,,,0.0,,
1875-09-06,,,0.0,,
1875-09-07,,,0.0,,
1875-09-08,,,0.0,,
1875-09-09,,,0.0,,
1875-09-10,,,0.0,,
1875-09-11,,,25.0,,
1875-09-12,,,0.0,,
1875-09-13,,,0.0,,
1875-09-14,,,0.0,,
1875-09-15,,,0.0,,
1875-09-16,,,0.0,,
1875-09-17,,,0.0,,
1875-09-18,,,0.0,,
1875-09-19,,,762.0,,
1875-09-20,,,0.0,,
1875-09-21,,,0.0,,
1875-09-22,,,0.0,,
1875-09-23,,,0.0,,
1875-09-24,,,178.0,,
1875-09-25,,,0.0,,
1875-09-26,,,0.0,,
1875-09-27,,,0.0,,
1875-09-28,,,279.0,,
1875-09-29,,,0.0,,
1875-09-30,,,0.0,,
1875-10-01,,,0.0,,
1875-10-02,,,0.0,,
1875-10-03,,,0.0,,
1875-10-04,,,0.0,,
1875-10-05,,,0.0,,
1875-10-06,,,381.0,,
1875-10-07,,,0.0,,
1875-10-08,,,0.0,,
1875-10-09,,,0.0,,
1875-10-10,,,0.0,,
1875-10-11,,,0.0,,
1875-10-12,,,0.0,,
1875-10-13,,,0.0,,
1875-10-14,,,0.0,,
1875-10-15,,,0.0,,
1875-10-16,,,127.0,,
1875-10-17,,,0.0,,
1875-10-18,,,0.0,,
1875-10-19,,,0.0,,
1875-10-20,,,0.0,,
1875-10-21,,,0.0,,
1875-10-22,,,0.0,,
1875-10-23,,,0.0,,
1875-10-24,,,0.0,,
1875-10-25,,,0.0,,
1875-10-26,,,0.0,,
1875-10-27,,,0.0,,
1875-10-28,,,0.0,,
1875-10-29,,,0.0,,
1875-10-30,,,229.0,,
1875-10-31,,,0.0,,
1875-11-05,,,381.0,,
1875-11-07,,,178.0,,
1875-11-10,,,25.0,,
1875-11-14,,,127.0,,
1875-11-18,,,102.0,,
1875-11-19,,,0.0,,
1875-11-24,,,102.0,,
1875-11-26,,,102.0,,
1875-12-02,,,51.0,,
1875-12-05,,,254.0,,
1875-12-09,,,229.0,,
1875-12-12,,,51.0,,
1875-12-24,,,2159.0,,
1875-12-28,,,1143.0,,
1876-01-01,,,51.0,,
1876-01-02,,,0.0,,
1876-01-03,,,0.0,,
1876-01-04,,,0.0,,
1876-01-05,,,0.0,,
1876-01-06,,,0.0,,
1876-01-07,,,0.0,,
1876-01-08,,,0.0,,
1876-01-09,,,0.0,,
1876-01-10,,,0.0,,
1876-01-11,,,0.0,,
1876-01-12,,,0.0,,
1876-01-13,,,0.0,,
1876-01-14,,,0.0,,
1876-01-15,,,0.0,,
1876-01-16,,,0.0,,
1876-01-17,,,254.0,,
1876-01-18,,,0.0,,
1876-01-19,,,0.0,,
1876-01-20,,,0.0,,
1876-01-21,,,0.0,,
1876-01-22,,,0.0,,
1876-01-23,,,381.0,,
1876-01-24,,,0.0,,
1876-01-25,,,0.0,,
1876-01-26,,,0.0,,
1876-01-27,,,0.0,,
1876-01-28,,,508.0,,
1876-01-29,,,0.0,,
1876-01-30,,,0.0,,
1876-01-31,,,0.0,,
1876-02-01,,,305.0,,
1876-02-02,,,0.0,,
1876-02-03,,,51.0,,0.0
1876-02-04,,,0.0,,
1876-02-05,,,0.0,,
1876-02-06,,,102.0,,
1876-02-07,,,0.0,,
1876-02-08,,,0.0,,
1876-02-09,,,0.0,,
1876-02-10,,,0.0,,
1876-02-11,,,203.0,,
1876-02-12,,,0.0,,
1876-02-13,,,0.0,,
1876-02-14,,,254.0,,
1876-02-15,,,0.0,,
1876-02-16,,,0.0,,
1876-02-17,,,0.0,,
1876-02-18,,,0.0,,
1876-02-19,,,0.0,,
1876-02-20,,,0.0,,
1876-02-21,,,0.0,,
1876-02-22,,,254.0,,
1876-02-23,,,0.0,,
1876-02-24,,,0.0,,
1876-02-25,,,0.0,,
1876-02-26,,,0.0,,
1876-02-27,,,25.0,,
1876-02-28,,,0.0,,
1876-02-29,,,0.0,,
1876-03-01,,,25.0,,0.0
1876-03-02,,,,,0.0
1876-03-03,,,,,0.0
1876-03-04,,,,,0.0
1876-03-05,,,,,0.0
1876-03-06,,,,,0.0
1876-03-07,,,381.0,,0.0
1876-03-08,,,,,0.0
1876-03-09,,,,,0.0
1876-03-10,,,,,0.0
1876-03-11,,,,,0.0
1876-03-12,,,,,0.0
1876-03-13,,,,,0.0
1876-03-14,,,,,0.0
1876-03-15,,,,,0.0
1876-03-16,,,,,0.0
1876-03-17,,,,,0.0
1876-03-18,,,,,0.0
1876-03-19,,,,,0.0
1876-03-20,,,254.0,,94.0
1876-03-21,,,,,0.0
1876-03-22,,,,,0.0
1876-03-23,,,,,0.0
1876-03-24,,,,,0.0
1876-03-25,,,203.0,,0.0
1876-03-26,,,,,0.0
1876-03-27,,,,,0.0
1876-03-28,,,51.0,,0.0
1876-03-29,,,,,0.0
1876-03-30,,,,,0.0
1876-03-31,,,,,0.0
1876-04-02,,,508.0,,
1876-04-14,,,1092.0,,
1876-04-28,,,1270.0,,
1876-05-01,,,0.0,,
1876-05-02,,,0.0,,
1876-05-03,,,914.0,,
1876-05-04,,,0.0,,
1876-05-05,,,0.0,,
1876-05-06,,,0.0,,
1876-05-07,,,0.0,,
1876-05-08,,,0.0,,
1876-05-09,,,991.0,,
1876-05-10,,,0.0,,
1876-05-11,,,0.0,,
1876-05-12,,,0.0,,
1876-05-13,,,25.0,,
1876-05-14,,,0.0,,
1876-05-15,,,0.0,,
1876-05-16,,,152.0,,
1876-05-17,,,0.0,,
1876-05-18,,,0.0,,
1876-05-19,,,0.0,,
1876-05-20,,,0.0,,
1876-05-21,,,178.0,,
1876-05-22,,,0.0,,
1876-05-23,,,0.0,,
1876-05-24,,,0.0,,
1876-05-25,,,152.0,,
1876-05-26,,,0.0,,
1876-05-27,,,254.0,,
1876-05-28,,,0.0,,
1876-05-29,,,0.0,,
1876-05-30,,,0.0,,
1876-05-31,,,0.0,,
1876-06-01,,,279.0,,
1876-06-02,,,76.0,,
1876-06-03,,,102.0,,
1876-06-22,,,102.0,,
1876-06-24,,,25.0,,
1876-06-25,,,102.0,,
1876-06-27,,,76.0,,
1876-07-01,,,0.0,,
1876-07-02,,,0.0,,
1876-07-03,,,0.0,,
1876-07-04,,,432.0,,
1876-07-05,,,254.0,,
1876-07-06,,,0.0,,
1876-07-07,,,0.0,,
1876-07-08,,,0.0,,
1876-07-09,,,0.0,,
1876-07-10,,,0.0,,
1876-07-11,,,0.0,,
1876-07-12,,,0.0,,
1876-07-13,,,0.0,,
1876-07-14,,,0.0,,
1876-07-15,,,0.0,,
1876-07-16,,,0.0,,
1876-07-17,,,178.0,,
1876-07-18,,,127.0,,
1876-07-19,,,0.0,,
1876-07-20,,,229.0,,
1876-07-21,,,51.0,,
1876-07-22,,,0.0,,
1876-07-23,,,0.0,,
1876-07-24,,,0.0,,
1876-07-25,,,0.0,,
1876-07-26,,,0.0,,
1876-07-27,,,0.0,,
1876-07-28,,,0.0,,
1876-07-29,,,229.0,,
1876-07-30,,,0.0,,
1876-07-31,,,0.0,,
1876-12-01,,,0.0,,0.0
1876-12-02,,,254.0,,102.0
1876-12-03,,,0.0,,0.0
1876-12-04,,,0.0,,0.0
1876-12-05,,,0.0,,0.0
1876-12-06,,,0.0,,0.0
1876-12-07,,,0.0,,0.0
1876-12-08,,,0.0,,0.0
1876-12-09,,,0.0,,0.0
1876-12-10,,,0.0,,0.0
1876-12-11,,,102.0,,89.0
1876-12-12,,,0.0,,0.0
1876-12-13,,,0.0,,0.0
1876-12-14,,,178.0,,0.0
1876-12-15,,,0.0,,0.0
1876-12-16,,,0.0,,0.0
1876-12-17,,,0.0,,0.0
1876-12-18,,,25.0,,0.0
1876-12-19,,,0.0,,0.0
1876-12-20,,,0.0,,0.0
1876-12-21,,,0.0,,0.0
1876-12-22,,,0.0,,0.0
1876-12-23,,,0.0,,0.0
1876-12-24,,,0.0,,0.0
1876-12-25,,,406.0,,127.0
1876-12-26,,,0.0,,0.0
1876-12-27,,,0.0,,0.0
1876-12-28,,,0.0,,0.0
1876-12-29,,,254.0,,51.0
1876-12-30,,,0.0,,0.0
1876-12-31,,,0.0,,0.0
1877-01-01,,,381.0,,381.0
1877-01-02,,,0.0,,0.0
1877-01-03,,,0.0,,0.0
1877-01-04,,,0.0,,0.0
1877-01-05,,,0.0,,0.0
1877-01-06,,,406.0,,0.0
1877-01-07,,,0.0,,0.0
1877-01-08,,,76.0,,0.0
1877-01-09,,,0.0,,0.0
1877-01-10,,,0.0,,0.0
1877-01-11,,,0.0,,0.0
1877-01-12,,,584.0,,0.0
1877-01-13,,,152.0,,0.0
1877-01-14,,,0.0,,0.0
1877-01-15,,,0.0,,0.0
1877-01-16,,,127.0,,0.0
1877-01-17,,,0.0,,0.0
1877-01-18,,,76.0,,0.0
1877-01-19,,,0.0,,0.0
1877-01-20,,,0.0,,0.0
1877-01-21,,,0.0,,0.0
1877-01-22,,,0.0,,0.0
1877-01-23,,,0.0,,0.0
1877-01-24,,,0.0,,0.0
1877-01-25,,,0.0,,0.0
1877-01-26,,,0.0,,0.0
1877-01-27,,,0.0,,0.0
1877-01-28,,,0.0,,0.0
1877-01-29,,,0.0,,0.0
1877-01-30,,,0.0,,0.0
1877-01-31,,,0.0,,0.0
1877-03-02,,,381.0,,
1877-03-08,,,457.0,,
1877-03-13,,,254.0,,
1877-03-17,,,152.0,,
1877-03-26,,,203.0,,
1877-04-01,,,0.0,,
1877-04-02,,,0.0,,
1877-04-03,,,0.0,,
1877-04-04,,,0.0,,
1877-04-05,,,0.0,,
1877-04-06,,,0.0,,
1877-04-07,,,0.0,,
1877-04-08,,,0.0,,
1877-04-09,,,0.0,,
1877-04-10,,,940.0,,
1877-04-11,,,0.0,,
1877-04-12,,,0.0,,
1877-04-13,,,229.0,,
1877-04-14,,,0.0,,
1877-04-15,,,0.0,,
1877-04-16,,,0.0,,
1877-04-17,,,0.0,,
1877-04-18,,,0.0,,
1877-04-19,,,0.0,,
1877-04-20,,,152.0,,
1877-04-21,,,0.0,,
1877-04-22,,,0.0,,
1877-04-23,,,0.0,,
1877-04-24,,,0.0,,
1877-04-25,,,0.0,,
1877-04-26,,,0.0,,
1877-04-27,,,0.0,,
1877-04-28,,,432.0,,
1877-04-29,,,0.0,,
1877-04-30,,,0.0,,
1877-05-01,,,0.0,,
1877-05-02,,,0.0,,
1877-05-03,,,0.0,,
1877-05-04,,,0.0,,
1877-05-05,,,0.0,,
1877-05-06,,,0.0,,
1877-05-07,,,0.0,,
1877-05-08,,,254.0,,
1877-05-09,,,0.0,,
1877-05-10,,,0.0,,
1877-05-11,,,0.0,,
1877-05-12,,,0.0,,
1877-05-13,,,0.0,,
1877-05-14,,,0.0,,
1877-05-15,,,0.0,,
1877-05-16,,,0.0,,
1877-05-17,,,0.0,,
1877-05-18,,,0.0,,
1877-05-19,,,0.0,,
1877-05-20,,,51.0,,
1877-05-21,,,51.0,,
1877-05-22,,,0.0,,
1877-05-23,,,0.0,,
1877-05-24,,,0.0,,
1877-05-25,,,0.0,,
1877-05-26,,,0.0,,
1877-05-27,,,0.0,,
1877-05-28,,,0.0,,
1877-05-29,,,0.0,,
1877-05-30,,,0.0,,
1877-05-31,,,0.0,,
1877-06-01,,,0.0,,
1877-06-02,,,0.0,,
1877-06-03,,,0.0,,
1877-06-04,,,0.0,,
1877-06-05,,,102.0,,
1877-06-06,,,0.0,,
1877-06-07,,,76.0,,
1877-06-08,,,51.0,,
1877-06-09,,,0.0,,
1877-06-10,,,152.0,,
1877-06-11,,,0.0,,
1877-06-12,,,0.0,,
1877-06-13,,,0.0,,
1877-06-14,,,0.0,,
1877-06-15,,,0.0,,
1877-06-16,,,0.0,,
1877-06-17,,,0.0,,
1877-06-18,,,0.0,,
1877-06-19,,,610.0,,
1877-06-20,,,0.0,,
1877-06-21,,,254.0,,
1877-06-22,,,0.0,,
1877-06-23,,,0.0,,
1877-06-24,,,51.0,,
1877-06-25,,,0.0,,
1877-06-26,,,0.0,,
1877-06-27,,,0.0,,
1877-06-28,,,0.0,,
1877-06-29,,,0.0,,
1877-06-30,,,0.0,,
1877-07-01,,,0.0,,
1877-07-02,,,0.0,,
1877-07-03,,,0.0,,
1877-07-04,,,0.0,,
1877-07-05,,,0.0,,
1877-07-06,,,0.0,,
1877-07-07,,,0.0,,
1877-07-08,,,0.0,,
1877-07-09,,,0.0,,
1877-07-10,,,0.0,,
1877-07-11,,,0.0,,
1877-07-12,,,0.0,,
1877-07-13,,,0.0,,
1877-07-14,,,0.0,,
1877-07-15,,,76.0,,
1877-07-16,,,0.0,,
1877-07-17,,,0.0,,
1877-07-18,,,0.0,,
1877-07-19,,,1143.0,,
1877-07-20,,,0.0,,
1877-07-21,,,0.0,,
1877-07-22,,,0.0,,
1877-07-23,,,660.0,,
1877-07-24,,,0.0,,
1877-07-25,,,0.0,,
1877-07-26,,,0.0,,
1877-07-27,,,0.0,,
1877-07-28,,,0.0,,
1877-07-29,,,0.0,,
1877-07-30,,,0.0,,
1877-07-31,,,102.0,,
1877-08-01,,,0.0,,
1877-08-02,,,0.0,,
1877-08-03,,,0.0,,
1877-08-04,,,0.0,,
1877-08-05,,,0.0,,
1877-08-06,,,0.0,,
1877-08-07,,,0.0,,
1877-08-08,,,0.0,,
1877-08-09,,,508.0,,
1877-08-10,,,0.0,,
1877-08-11,,,0.0,,
1877-08-12,,,0.0,,
1877-08-13,,,76.0,,
1877-08-14,,,0.0,,
1877-08-15,,,0.0,,
1877-08-16,,,0.0,,
1877-08-17,,,0.0,,
1877-08-18,,,0.0,,
1877-08-19,,,0.0,,
1877-08-20,,,0.0,,
1877-08-21,,,0.0,,
1877-08-22,,,0.0,,
1877-08-23,,,152.0,,
1877-08-24,,,0.0,,
1877-08-25,,,0.0,,
1877-08-26,,,0.0,,
1877-08-27,,,0.0,,
1877-08-28,,,0.0,,
1877-08-29,,,102.0,,
1877-08-30,,,0.0,,
1877-08-31,,,0.0,,
1877-10-01,,,0.0,,
1877-10-02,,,0.0,,
1877-10-03,,,0.0,,
1877-10-04,,,25.0,,
1877-10-05,,,0.0,,
1877-10-06,,,0.0,,
1877-10-07,,,0.0,,
1877-10-08,,,279.0,,
1877-10-09,,,0.0,,
1877-10-10,,,0.0,,
1877-10-11,,,0.0,,
1877-10-12,,,0.0,,
1877-10-13,,,0.0,,
1877-10-14,,,0.0,,
1877-10-15,,,0.0,,
1877-10-16,,,0.0,,
1877-10-17,,,0.0,,
1877-10-18,,,0.0,,
1877-10-19,,,0.0,,
1877-10-20,,,305.0,,
1877-10-21,,,0.0,,
1877-10-22,,,0.0,,
1877-10-23,,,0.0,,
1877-10-24,,,0.0,,
1877-10-25,,,0.0,,
1877-10-26,,,0.0,,
1877-10-27,,,102.0,,
1877-10-28,,,0.0,,
1877-10-29,,,0.0,,
1877-10-30,,,0.0,,
1877-10-31,,,152.0,,
1877-11-05,,,1270.0,,
1877-11-10,,,102.0,,
1877-11-16,,,127.0,,
1877-11-24,,,635.0,,
1877-11-27,,,178.0,,
1877-12-01,,,0.0,,
1877-12-02,,,0.0,,
1877-12-03,,,0.0,,
1877-12-04,,,0.0,,
1877-12-05,,,254.0,,
1877-12-06,,,0.0,,
1877-12-07,,,0.0,,
1877-12-08,,,0.0,,
1877-12-09,,,0.0,,
1877-12-10,,,0.0,,
1877-12-11,,,0.0,,
1877-12-12,,,0.0,,
1877-12-13,,,0.0,,
1877-12-14,,,0.0,,
1877-12-15,,,0.0,,
1877-12-16,,,0.0,,
1877-12-17,,,0.0,,
1877-12-18,,,0.0,,
1877-12-19,,,0.0,,
1877-12-20,,,0.0,,
1877-12-21,,,0.0,,
1877-12-22,,,0.0,,
1877-12-23,,,0.0,,
1877-12-24,,,0.0,,
1877-12-25,,,0.0,,
1877-12-26,,,508.0,,
1877-12-27,,,0.0,,
1877-12-28,,,0.0,,
1877-12-29,,,0.0,,
1877-12-30,,,127.0,,
1877-12-31,,,0.0,,
1878-01-01,,,0.0,,
1878-01-02,,,0.0,,
1878-01-03,,,0.0,,
1878-01-04,,,76.0,,76.0
1878-01-05,,,0.0,,
1878-01-06,,,0.0,,
1878-01-07,,,0.0,,
1878-01-08,,,0.0,,
1878-01-09,,,381.0,,
1878-01-10,,,0.0,,
1878-01-11,,,0.0,,
1878-01-12,,,0.0,,
1878-01-13,,,51.0,,
1878-01-14,,,0.0,,
1878-01-15,,,0.0,,
1878-01-16,,,0.0,,
1878-01-17,,,0.0,,
1878-01-18,,,0.0,,
1878-01-19,,,0.0,,
1878-01-20,,,0.0,,
1878-01-21,,,0.0,,
1878-01-22,,,0.0,,
1878-01-23,,,0.0,,
1878-01-24,,,0.0,,
1878-01-25,,,0.0,,
1878-01-26,,,0.0,,
1878-01-27,,,0.0,,
1878-01-28,,,381.0,,
1878-01-29,,,0.0,,
1878-01-30,,,0.0,,
1878-01-31,,,127.0,,
1878-02-12,,,102.0,,
1878-02-16,,,51.0,,
1878-02-22,,,76.0,,
1878-03-01,,,0.0,,
1878-03-02,,,0.0,,
1878-03-03,,,0.0,,
1878-03-04,,,203.0,,
1878-03-05,,,0.0,,
1878-03-06,,,0.0,,
1878-03-07,,,0.0,,
1878-03-08,,,0.0,,
1878-03-09,,,0.0,,
1878-03-10,,,0.0,,
1878-03-11,,,0.0,,
1878-03-12,,,330.0,,
1878-03-13,,,0.0,,
1878-03-14,,,0.0,,
1878-03-15,,,0.0,,
1878-03-16,,,0.0,,
1878-03-17,,,0.0,,
1878-03-18,,,0.0,,
1878-03-19,,,0.0,,
1878-03-20,,,0.0,,
1878-03-21,,,0.0,,
1878-03-22,,,0.0,,
1878-03-23,,,0.0,,
1878-03-24,,,0.0,,
1878-03-25,,,0.0,,
1878-03-26,,,0.0,,
1878-03-27,,,0.0,,
1878-03-28,,,330.0,,
1878-03-29,,,0.0,,
1878-03-30,,,0.0,,
1878-03-31,,,0.0,,
1878-04-04,,,254.0,,
1878-04-20,,,279.0,,
1878-04-24,,,127.0,,
1878-04-27,,,305.0,,
1878-05-01,,,0.0,,
1878-05-02,,,0.0,,
1878-05-03,,,0.0,,
1878-05-04,,,279.0,,
1878-05-05,,,0.0,,
1878-05-06,,,0.0,,
1878-05-07,,,0.0,,
1878-05-08,,,25.0,,
1878-05-09,,,0.0,,
1878-05-10,,,0.0,,
1878-05-11,,,0.0,,
1878-05-12,,,0.0,,
1878-05-13,,,0.0,,
1878-05-14,,,0.0,,
1878-05-15,,,76.0,,
1878-05-16,,,0.0,,
1878-05-17,,,0.0,,
1878-05-18,,,0.0,,
1878-05-19,,,0.0,,
1878-05-20,,,0.0,,
1878-05-21,,,0.0,,
1878-05-22,,,0.0,,
1878-05-23,,,0.0,,
1878-05-24,,,0.0,,
1878-05-25,,,0.0,,
1878-05-26,,,76.0,,
1878-05-27,,,0.0,,
1878-05-28,,,0.0,,
1878-05-29,,,0.0,,
1878-05-30,,,0.0,,
1878-05-31,,,0.0,,
1878-06-08,,,46.0,,
1878-06-18,,,13.0,,
1878-06-27,,,127.0,,
1878-07-04,,,51.0,,
1878-07-06,,,76.0,,
1878-07-07,,,102.0,,
1878-07-26,,,25.0,,
1878-07-30,,,838.0,,
1878-08-05,,,51.0,,
1878-08-11,,,25.0,,
1878-08-12,,,0.0,,
1878-08-20,,,152.0,,
1878-08-31,,,610.0,,
1878-09-01,,,0.0,,
1878-09-02,,,0.0,,
1878-09-03,,,0.0,,
1878-09-04,,,0.0,,
1878-09-05,,,0.0,,
1878-09-06,,,0.0,,
1878-09-07,,,0.0,,
1878-09-08,,,0.0,,
1878-09-09,,,0.0,,
1878-09-10,,,0.0,,
1878-09-11,,,0.0,,
1878-09-12,,,0.0,,
1878-09-13,,,0.0,,
1878-09-14,,,0.0,,
1878-09-15,,,0.0,,
1878-09-16,,,0.0,,
1878-09-17,,,0.0,,
1878-09-18,,,0.0,,
1878-09-19,,,0.0,,
1878-09-20,,,0.0,,
1878-09-21,,,0.0,,
1878-09-22,,,0.0,,
1878-09-23,,,0.0,,
1878-09-24,,,406.0,,
1878-09-25,,,0.0,,
1878-09-26,,,0.0,,
1878-09-27,,,0.0,,
1878-09-28,,,0.0,,
1878-09-29,,,0.0,,
1878-09-30,,,0.0,,
1878-10-01,,,0.0,,
1878-10-02,,,0.0,,
1878-10-03,,,0.0,,
1878-10-04,,,0.0,,
1878-10-05,,,0.0,,
1878-10-06,,,0.0,,
1878-10-07,,,305.0,,
1878-10-08,,,0.0,,
1878-10-09,,,0.0,,
1878-10-10,,,0.0,,
1878-10-11,,,254.0,,
1878-10-12,,,0.0,,
1878-10-13,,,0.0,,
1878-10-14,,,0.0,,
1878-10-15,,,0.0,,
1878-10-16,,,0.0,,
1878-10-17,,,0.0,,
1878-10-18,,,178.0,,
1878-10-19,,,0.0,,
1878-10-20,,,0.0,,
1878-10-21,,,0.0,,
1878-10-22,,,330.0,,
1878-10-23,,,0.0,,
1878-10-24,,,0.0,,
1878-10-25,,,0.0,,
1878-10-26,,,0.0,,
1878-10-27,,,0.0,,
1878-10-28,,,0.0,,
1878-10-29,,,0.0,,
1878-10-30,,,381.0,,
1878-10-31,,,0.0,,
1878-11-01,,,0.0,,
1878-11-02,,,0.0,,
1878-11-03,,,0.0,,
1878-11-04,,,0.0,,
1878-11-05,,,0.0,,
1878-11-06,,,0.0,,
1878-11-07,,,0.0,,
1878-11-08,,,0.0,,
1878-11-09,,,0.0,,
1878-11-10,,,0.0,,
1878-11-11,,,0.0,,
1878-11-12,,,0.0,,
1878-11-13,,,0.0,,
1878-11-14,,,0.0,,
1878-11-15,,,0.0,,
1878-11-16,,,127.0,,
1878-11-17,,,0.0,,
1878-11-18,,,0.0,,
1878-11-19,,,0.0,,
1878-11-20,,,0.0,,
1878-11-21,,,254.0,,
1878-11-22,,,0.0,,
1878-11-23,,,0.0,,
1878-11-24,,,0.0,,
1878-11-25,,,0.0,,
1878-11-26,,,0.0,,
1878-11-27,,,0.0,,
1878-11-28,,,635.0,,
1878-11-29,,,0.0,,
1878-11-30,,,0.0,,
1878-12-02,,,76.0,,
1878-12-15,,,330.0,,
1878-12-22,,,254.0,,
1878-12-27,,,,,51.0
1878-12-31,,,152.0,,
1879-01-02,,,127.0,,
1879-01-12,,,889.0,,
1879-01-31,,,279.0,,
1879-02-01,-44.0,,0.0,,
1879-02-02,-72.0,,0.0,,
1879-02-03,-78.0,,0.0,,
1879-02-04,-39.0,,0.0,,
1879-02-05,56.0,,0.0,,
1879-02-06,50.0,,305.0,,
1879-02-07,6.0,,0.0,,
1879-02-08,11.0,,0.0,,
1879-02-09,-44.0,,0.0,,
1879-02-10,28.0,,0.0,,
1879-02-11,100.0,,76.0,,
1879-02-12,11.0,,0.0,,
1879-02-13,33.0,,0.0,,
1879-02-14,-72.0,,0.0,,
1879-02-15,-100.0,,0.0,,
1879-02-16,-11.0,,,,
1879-02-17,6.0,,0.0,,
1879-02-18,11.0,,305.0,,
1879-02-19,0.0,,0.0,,
1879-02-20,-161.0,,0.0,,
1879-02-21,-44.0,,0.0,,
1879-02-22,11.0,,406.0,,
1879-02-23,56.0,,0.0,,
1879-02-24,-11.0,,0.0,,
1879-02-25,11.0,,0.0,,
1879-02-26,89.0,,127.0,,
1879-02-27,-72.0,,0.0,,
1879-02-28,-61.0,,0.0,,
1879-03-14,,,178.0,,
1879-03-17,,,203.0,,
1879-03-22,,,127.0,,
1879-03-26,,,127.0,,
1879-03-31,,,127.0,,
1879-04-07,,,203.0,,
1879-04-10,,,305.0,,
1879-04-17,,,76.0,,
1879-05-01,,144.0,,,
1879-05-02,,156.0,,,
1879-05-03,,222.0,,,
1879-05-04,,233.0,,,
1879-05-05,,256.0,,,
1879-05-06,,217.0,,,
1879-05-07,,239.0,,,
1879-05-08,,239.0,,,
1879-05-09,,233.0,,,
1879-05-10,,250.0,,,
1879-05-11,,272.0,,,
1879-05-12,,250.0,,,
1879-05-13,,256.0,,,
1879-05-14,,228.0,,,
1879-05-15,,272.0,,,
1879-05-16,,222.0,,,
1879-05-17,,194.0,,,
1879-05-18,,239.0,,,
1879-05-19,,272.0,,,
1879-05-20,,278.0,,,
1879-05-21,,294.0,,,
1879-05-22,,294.0,,,
1879-05-23,,244.0,,,
1879-05-24,,244.0,,,
1879-05-25,,278.0,,,
1879-05-26,,283.0,,,
1879-05-27,,294.0,,,
1879-05-28,,317.0,,,
1879-05-29,,311.0,,,
1879-05-30,,294.0,,,
1879-05-31,,306.0,,,
1879-06-01,,,0.0,,
1879-06-02,,,0.0,,
1879-06-03,,,0.0,,
1879-06-04,,,0.0,,
1879-06-05,,,0.0,,
1879-06-06,,,0.0,,
1879-06-07,,,0.0,,
1879-06-08,,,0.0,,
1879-06-09,,,0.0,,
1879-06-10,,,0.0,,
1879-06-11,,,254.0,,
1879-06-12,,,0.0,,
1879-06-13,,,0.0,,
1879-06-14,,,0.0,,
1879-06-15,,,127.0,,
1879-06-16,,,0.0,,
1879-06-17,,,0.0,,
1879-06-18,,,0.0,,
1879-06-19,,,0.0,,
1879-06-20,,,0.0,,
1879-06-21,,,0.0,,
1879-06-22,,,0.0,,
1879-06-23,,,0.0,,
1879-06-24,,,51.0,,
1879-06-25,,,0.0,,
1879-06-26,,,0.0,,
1879-06-27,,,0.0,,
1879-06-28,,,0.0,,
1879-06-29,,,102.0,,
1879-06-30,,,0.0,,
1879-07-01,194.0,,0.0,,
1879-07-02,200.0,,0.0,,
1879-07-03,189.0,,0.0,,
1879-07-04,178.0,,0.0,,
1879-07-05,194.0,,0.0,,
1879-07-06,233.0,,0.0,,
1879-07-07,222.0,,152.0,,
1879-07-08,228.0,,0.0,,
1879-07-09,211.0,,0.0,,
1879-07-10,228.0,,0.0,,
1879-07-11,222.0,,0.0,,
1879-07-12,233.0,,0.0,,
1879-07-13,228.0,,0.0,,
1879-07-14,228.0,,0.0,,
1879-07-15,222.0,,0.0,,
1879-07-16,211.0,,0.0,,
1879-07-17,222.0,,0.0,,
1879-07-18,217.0,,305.0,,
1879-07-19,222.0,,0.0,,
1879-07-20,222.0,,0.0,,
1879-07-21,172.0,,0.0,,
1879-07-22,178.0,,0.0,,
1879-07-23,211.0,,0.0,,
1879-07-24,239.0,,0.0,,
1879-07-25,244.0,,406.0,,
1879-07-26,233.0,,0.0,,
1879-07-27,239.0,,178.0,,
1879-07-28,228.0,,0.0,,
1879-07-29,228.0,,0.0,,
1879-07-30,206.0,,0.0,,
1879-07-31,194.0,,610.0,,
1879-08-01,,,0.0,,
1879-08-02,,,356.0,,
1879-08-03,,,0.0,,
1879-08-04,,,0.0,,
1879-08-05,,,0.0,,
1879-08-06,,,0.0,,
1879-08-07,,,0.0,,
1879-08-08,,,305.0,,
1879-08-09,,,0.0,,
1879-08-10,,,0.0,,
1879-08-11,,,0.0,,
1879-08-12,,,0.0,,
1879-08-13,,,0.0,,
1879-08-14,,,0.0,,
1879-08-15,,,0.0,,
1879-08-16,,,0.0,,
1879-08-17,,,635.0,,
1879-08-18,,,0.0,,
1879-08-19,,,0.0,,
1879-08-20,,,0.0,,
1879-08-21,,,0.0,,
1879-08-22,,,0.0,,
1879-08-23,,,0.0,,
1879-08-24,,,0.0,,
1879-08-25,,,406.0,,
1879-08-26,,,0.0,,
1879-08-27,,,0.0,,
1879-08-28,,,0.0,,
1879-08-29,,,0.0,,
1879-08-30,,,0.0,,
1879-08-31,,,0.0,,
1879-09-01,,,0.0,,
1879-09-02,,,0.0,,
1879-09-03,,,0.0,,
1879-09-04,,,0.0,,
1879-09-05,,,0.0,,
1879-09-06,,,0.0,,
1879-09-07,,,0.0,,
1879-09-08,,,0.0,,
1879-09-09,,,0.0,,
1879-09-10,,,0.0,,
1879-09-11,,,0.0,,
1879-09-12,,,0.0,,
1879-09-13,,,102.0,,
1879-09-14,,,0.0,,
1879-09-15,,,0.0,,
1879-09-16,,,0.0,,
1879-09-17,,,0.0,,
1879-09-18,,,0.0,,
1879-09-19,,,0.0,,
1879-09-20,,,76.0,,
1879-09-21,,,0.0,,
1879-09-22,,,0.0,,
1879-09-23,,,0.0,,
1879-09-24,,,0.0,,
1879-09-25,,,0.0,,
1879-09-26,,,0.0,,
1879-09-27,,,0.0,,
1879-09-28,,,0.0,,
1879-09-29,,,0.0,,
1879-09-30,,,0.0,,
1879-10-01,,,0.0,,
1879-10-02,,,0.0,,
1879-10-03,,,0.0,,
1879-10-04,,,0.0,,
1879-10-05,,,0.0,,
1879-10-06,,,0.0,,
1879-10-07,,,0.0,,
1879-10-08,,,127.0,,
1879-10-09,,,0.0,,
1879-10-10,,,0.0,,
1879-10-11,,,0.0,,
1879-10-12,,,0.0,,
1879-10-13,,,0.0,,
1879-10-14,,,0.0,,
1879-10-15,,,0.0,,
1879-10-16,,,0.0,,
1879-10-17,,,0.0,,
1879-10-18,,,1092.0,,
1879-10-19,,,0.0,,
1879-10-20,,,0.0,,
1879-10-21,,,127.0,,
1879-10-22,,,0.0,,
1879-10-23,,,0.0,,
1879-10-24,,,0.0,,
1879-10-25,,,0.0,,
1879-10-26,,,0.0,,
1879-10-27,,,0.0,,
1879-10-28,,,0.0,,
1879-10-29,,,0.0,,
1879-10-30,,,0.0,,
1879-10-31,,,0.0,,
1879-11-15,,,127.0,,
1879-11-18,,,1194.0,,
1879-11-28,,,305.0,,
1879-12-03,,,127.0,,
1879-12-06,,,203.0,,
1879-12-11,,,305.0,,
1879-12-14,,,584.0,,
1880-01-09,,,1270.0,,
1880-01-18,,,25.0,,
1880-01-20,,,0.0,,
1880-01-22,,,0.0,,
1880-02-03,,,254.0,,
1880-02-18,,,76.0,,
1880-02-26,,,25.0,,
1880-03-01,,,0.0,,
1880-03-02,,,0.0,,
1880-03-03,,,0.0,,
1880-03-04,,,0.0,,
1880-03-05,,,0.0,,
1880-03-06,,,0.0,,
1880-03-07,,,0.0,,
1880-03-08,,,0.0,,
1880-03-09,,,0.0,,
1880-03-10,,,0.0,,
1880-03-11,,,0.0,,
1880-03-12,,,0.0,,
1880-03-13,,,0.0,,
1880-03-14,,,0.0,,
1880-03-15,,,0.0,,
1880-03-16,,,2667.0,,
1880-03-17,,,0.0,,
1880-03-18,,,0.0,,
1880-03-19,,,127.0,,
1880-03-20,,,0.0,,
1880-03-21,,,0.0,,
1880-03-22,,,0.0,,
1880-03-23,,,0.0,,
1880-03-24,,,0.0,,
1880-03-25,,,0.0,,
1880-03-26,,,0.0,,
1880-03-27,,,127.0,,
1880-03-28,,,0.0,,
1880-03-29,,,0.0,,
1880-03-30,,,0.0,,
1880-03-31,,,0.0,,
1880-04-04,,,813.0,,
1880-04-08,,,76.0,,
1880-04-16,,,51.0,,
1880-04-20,,,254.0,,
1880-04-24,,,102.0,,
1880-04-27,,,559.0,,
1880-05-01,,,0.0,,
1880-05-02,,,0.0,,
1880-05-03,,,0.0,,
1880-05-04,,,102.0,,
1880-05-05,,,0.0,,
1880-05-06,,,0.0,,
1880-05-07,,,0.0,,
1880-05-08,,,0.0,,
1880-05-09,,,0.0,,
1880-05-10,,,0.0,,
1880-05-11,,,0.0,,
1880-05-12,,,0.0,,
1880-05-13,,,0.0,,
1880-05-14,,,0.0,,
1880-05-15,,,0.0,,
1880-05-16,,,0.0,,
1880-05-17,,,0.0,,
1880-05-18,,,0.0,,
1880-05-19,,,0.0,,
1880-05-20,,,0.0,,
1880-05-21,,,0.0,,
1880-05-22,,,610.0,,
1880-05-23,,,0.0,,
1880-05-24,,,279.0,,
1880-05-25,,,0.0,,
1880-05-26,,,0.0,,
1880-05-27,,,0.0,,
1880-05-28,,,0.0,,
1880-05-29,,,152.0,,
1880-05-30,,,0.0,,
1880-05-31,,,0.0,,
1880-06-02,,,254.0,,
1880-06-06,,,102.0,,
1880-06-11,,,102.0,,
1880-06-29,,,330.0,,
1880-07-01,,,51.0,,
1880-07-02,,,0.0,,
1880-07-03,,,305.0,,
1880-07-04,,,0.0,,
1880-07-05,,,0.0,,
1880-07-06,,,152.0,,
1880-07-07,,,0.0,,
1880-07-08,,,0.0,,
1880-07-09,,,152.0,,
1880-07-10,,,0.0,,
1880-07-11,,,0.0,,
1880-07-12,,,0.0,,
1880-07-13,,,0.0,,
1880-07-14,,,76.0,,
1880-07-15,,,0.0,,
1880-07-16,,,0.0,,
1880-07-17,,,0.0,,
1880-07-18,,,0.0,,
1880-07-19,,,0.0,,
1880-07-20,,,0.0,,
1880-07-21,,,0.0,,
1880-07-22,,,0.0,,
1880-07-23,,,610.0,,
1880-07-24,,,0.0,,
1880-07-25,,,0.0,,
1880-07-26,,,0.0,,
1880-07-27,,,0.0,,
1880-07-28,,,0.0,,
1880-07-29,,,0.0,,
1880-07-30,,,0.0,,
1880-07-31,,,0.0,,
1880-08-12,,,51.0,,
1880-08-27,,,1270.0,,
1880-09-03,,,76.0,,
1880-09-06,,,152.0,,
1880-09-07,,,102.0,,
1880-09-11,,,127.0,,
1880-09-13,,,178.0,,
1880-09-28,,,305.0,,
1880-10-05,,,127.0,,
1880-10-30,,,51.0,,
1880-11-14,,,152.0,,
1880-11-29,,,112.0,,
1880-12-01,,,76.0,,
1880-12-02,,,,,0.0
1880-12-03,,,,,0.0
1880-12-04,,,,,0.0
1880-12-05,,,,,0.0
1880-12-06,,,457.0,,
1880-12-07,,,,,0.0
1880-12-08,,,,,0.0
1880-12-09,,,,,0.0
1880-12-10,,,,,0.0
1880-12-11,,,,,0.0
1880-12-12,,,,,0.0
1880-12-13,,,,,0.0
1880-12-14,,,51.0,,0.0
1880-12-15,,,,,0.0
1880-12-16,,,,,0.0
1880-12-17,,,,,0.0
1880-12-18,,,,,0.0
1880-12-19,,,,,0.0
1880-12-20,,,,,0.0
1880-12-21,,,,,0.0
1880-12-22,,,,,0.0
1880-12-23,,,,,0.0
1880-12-25,,,127.0,,0.0
1880-12-26,,,,,0.0
1880-12-27,,,,,0.0
1880-12-28,,,,,0.0
1880-12-29,,,51.0,,76.0
1880-12-30,,,,,0.0
1880-12-31,,,,,0.0
1881-01-01,,,76.0,,46.0
1881-01-02,,,,,0.0
1881-01-03,,,,,0.0
1881-01-04,,,,,0.0
1881-01-05,,,,,0.0
1881-01-06,,,127.0,,0.0
1881-01-07,,,,,0.0
1881-01-08,,,,,0.0
1881-01-09,,,,,0.0
1881-01-10,,,,,0.0
1881-01-11,,,,,0.0
1881-01-12,,,,,0.0
1881-01-13,,,,,0.0
1881-01-14,,,127.0,,0.0
1881-01-15,,,,,0.0
1881-01-16,,,,,0.0
1881-01-17,,,,,0.0
1881-01-18,,,,,0.0
1881-01-19,,,,,0.0
1881-01-20,,,,,0.0
1881-01-21,,,483.0,,0.0
1881-01-22,,,,,0.0
1881-01-23,,,,,0.0
1881-01-24,,,,,0.0
1881-01-25,,,,,0.0
1881-01-26,,,,,0.0
1881-01-27,,,,,0.0
1881-01-28,,,,,0.0
1881-01-29,,,,,0.0
1881-01-30,,,,,0.0
1881-01-31,,,,,0.0
1881-02-10,,,584.0,,
1881-02-27,,,330.0,,
1881-03-01,,,,,0.0
1881-03-02,,,,,0.0
1881-03-03,,,,,0.0
1881-03-04,,,,,0.0
1881-03-05,,,25.0,,25.0
1881-03-06,,,,,0.0
1881-03-07,,,,,0.0
1881-03-08,,,76.0,,0.0
1881-03-09,,,,,0.0
1881-03-10,,,,,0.0
1881-03-11,,,,,0.0
1881-03-12,,,,,0.0
1881-03-13,,,,,0.0
1881-03-14,,,,,0.0
1881-03-15,,,,,0.0
1881-03-16,,,,,0.0
1881-03-17,,,76.0,,0.0
1881-03-18,,,,,0.0
1881-03-19,,,406.0,,0.0
1881-03-20,,,,,0.0
1881-03-21,,,,,0.0
1881-03-22,,,,,0.0
1881-03-23,,,152.0,,51.0
1881-03-24,,,,,0.0
1881-03-25,,,,,0.0
1881-03-26,,,51.0,,0.0
1881-03-27,,,,,0.0
1881-03-28,,,,,0.0
1881-03-29,,,,,0.0
1881-03-30,,,,,0.0
1881-03-31,,,178.0,,102.0
1881-04-10,,,76.0,,
1881-04-16,,,76.0,,
1881-04-21,,,25.0,,
1881-04-23,,,178.0,,
1881-04-28,,,356.0,,
1881-05-02,,,152.0,,
1881-05-03,,,127.0,,
1881-05-07,,,102.0,,
1881-06-03,,,432.0,,
1881-06-09,,,533.0,,
1881-06-14,,,305.0,,
1881-06-22,,,1016.0,,
1881-06-26,,,178.0,,
1881-06-27,,,13.0,,
1881-07-01,,,584.0,,
1881-07-12,,,51.0,,
1881-07-22,,,229.0,,
1881-08-01,,,0.0,,
1881-08-02,,,0.0,,
1881-08-03,,,0.0,,
1881-08-04,,,0.0,,
1881-08-05,,,25.0,,
1881-08-06,,,0.0,,
1881-08-07,,,279.0,,
1881-08-08,,,0.0,,
1881-08-09,,,0.0,,
1881-08-10,,,0.0,,
1881-08-11,,,0.0,,
1881-08-12,,,0.0,,
1881-08-13,,,0.0,,
1881-08-14,,,0.0,,
1881-08-15,,,0.0,,
1881-08-16,,,0.0,,
1881-08-17,,,0.0,,
1881-08-18,,,0.0,,
1881-08-19,,,0.0,,
1881-08-20,,,0.0,,
1881-08-21,,,0.0,,
1881-08-22,,,0.0,,
1881-08-23,,,0.0,,
1881-08-24,,,0.0,,
1881-08-25,,,0.0,,
1881-08-26,,,0.0,,
1881-08-27,,,0.0,,
1881-08-28,,,0.0,,
1881-08-29,,,38.0,,
1881-08-30,,,0.0,,
1881-08-31,,,0.0,,
1881-09-16,,,508.0,,
1881-09-19,,,508.0,,
1881-11-11,,,203.0,,
1881-11-12,,,152.0,,
1881-11-28,,,356.0,,
1881-12-01,,,0.0,,
1881-12-02,,,0.0,,
1881-12-03,,,0.0,,
1881-12-04,,,64.0,,
1881-12-05,,,0.0,,
1881-12-06,,,0.0,,
1881-12-07,,,25.0,,
1881-12-08,,,0.0,,
1881-12-09,,,0.0,,
1881-12-10,,,0.0,,
1881-12-11,,,0.0,,
1881-12-12,,,0.0,,
1881-12-13,,,0.0,,
1881-12-14,,,406.0,,
1881-12-15,,,0.0,,
1881-12-16,,,0.0,,
1881-12-17,,,0.0,,
1881-12-18,,,0.0,,
1881-12-19,,,0.0,,
1881-12-20,,,0.0,,
1881-12-21,,,0.0,,
1881-12-22,,,0.0,,
1881-12-23,,,457.0,,
1881-12-24,,,0.0,,
1881-12-25,,,0.0,,
1881-12-26,,,0.0,,
1881-12-27,,,356.0,,
1881-12-28,,,0.0,,
1881-12-29,,,0.0,,
1881-12-30,,,0.0,,
1881-12-31,,,356.0,,
1882-01-01,,,,,0.0
1882-01-02,,,178.0,,178.0
1882-01-03,,,,,0.0
1882-01-04,,,,,0.0
1882-01-05,,,,,0.0
1882-01-06,,,,,0.0
1882-01-07,,,,,0.0
1882-01-08,,,,,0.0
1882-01-09,,,,,0.0
1882-01-10,,,,,0.0
1882-01-11,,,2489.0,,0.0
1882-01-12,,,,,0.0
1882-01-13,,,,,0.0
1882-01-14,,,1016.0,,0.0
1882-01-15,,,,,0.0
1882-01-16,,,,,0.0
1882-01-17,,,1295.0,,0.0
1882-01-18,,,,,0.0
1882-01-19,,,,,0.0
1882-01-20,,,,,0.0
1882-01-21,,,254.0,,0.0
1882-01-22,,,,,0.0
1882-01-23,,,,,0.0
1882-01-24,,,,,0.0
1882-01-25,,,,,0.0
1882-01-26,,,,,0.0
1882-01-27,,,,,0.0
1882-01-28,,,279.0,,0.0
1882-01-29,,,,,0.0
1882-01-30,,,,,0.0
1882-01-31,,,305.0,,0.0
1882-02-04,,,330.0,,
1882-02-08,,,330.0,,
1882-02-16,,,76.0,,
1882-02-28,,,406.0,,
1882-03-01,,,305.0,,
1882-03-05,,,76.0,,
1882-03-09,,,381.0,,
1882-03-13,,,114.0,,
1882-03-15,,,102.0,,
1882-03-21,,,127.0,,
1882-03-28,,,419.0,,
1882-04-23,,,660.0,,
1882-04-27,,,25.0,,
1882-04-28,,,127.0,,
1882-05-07,,,152.0,,
1882-05-10,,,279.0,,
1882-05-15,,,191.0,,
1882-05-22,,,254.0,,
1882-05-28,,,152.0,,
1882-06-04,,,152.0,,
1882-06-19,,,673.0,,
1882-06-24,,,178.0,,
1882-06-26,,,51.0,,
1882-06-30,,,305.0,,
1882-07-04,,,76.0,,
1882-07-06,,,25.0,,
1882-07-08,,,432.0,,
1882-07-11,,,102.0,,
1882-07-18,,,25.0,,
1882-07-19,,,102.0,,
1882-07-20,,,25.0,,
1882-07-23,,,305.0,,
1882-08-06,,,127.0,,
1882-08-09,,,381.0,,
1882-08-31,,,457.0,,
1882-09-11,,,43.0,,
1882-10-01,,,0.0,,
1882-10-02,,,0.0,,
1882-10-03,,,0.0,,
1882-10-04,,,0.0,,
1882-10-05,,,0.0,,
1882-10-06,,,0.0,,
1882-10-07,,,0.0,,
1882-10-08,,,0.0,,
1882-10-09,,,0.0,,
1882-10-10,,,0.0,,
1882-10-11,,,0.0,,
1882-10-12,,,0.0,,
1882-10-13,,,0.0,,
1882-10-14,,,0.0,,
1882-10-15,,,0.0,,
1882-10-16,,,0.0,,
1882-10-17,,,0.0,,
1882-10-18,,,0.0,,
1882-10-19,,,0.0,,
1882-10-20,,,0.0,,
1882-10-21,,,826.0,,
1882-10-22,,,0.0,,
1882-10-23,,,0.0,,
1882-10-24,,,0.0,,
1882-10-25,,,0.0,,
1882-10-26,,,0.0,,
1882-10-27,,,0.0,,
1882-10-28,,,0.0,,
1882-10-29,,,140.0,,
1882-10-30,,,0.0,,
1882-10-31,,,0.0,,
1882-11-01,,,0.0,,0.0
1882-11-02,,,0.0,,0.0
1882-11-03,,,0.0,,0.0
1882-11-04,,,0.0,,0.0
1882-11-05,,,0.0,,0.0
1882-11-06,,,0.0,,0.0
1882-11-07,,,0.0,,0.0
1882-11-08,,,0.0,,0.0
1882-11-09,,,0.0,,0.0
1882-11-10,,,0.0,,0.0
1882-11-11,,,0.0,,0.0
1882-11-12,,,0.0,,0.0
1882-11-13,,,432.0,,0.0
1882-11-14,,,0.0,,0.0
1882-11-15,,,0.0,,0.0
1882-11-16,,,0.0,,0.0
1882-11-17,,,0.0,,0.0
1882-11-18,,,0.0,,0.0
1882-11-19,,,0.0,,0.0
1882-11-20,,,0.0,,0.0
1882-11-21,,,279.0,,76.0
1882-11-22,,,0.0,,0.0
1882-11-23,,,0.0,,0.0
1882-11-24,,,0.0,,0.0
1882-11-25,,,0.0,,0.0
1882-11-26,,,0.0,,0.0
1882-11-27,,,0.0,,0.0
1882-11-28,,,0.0,,0.0
1882-11-29,,,254.0,,0.0
1882-11-30,,,0.0,,0.0
1882-12-01,,,,,0.0
1882-12-02,,,,,0.0
1882-12-03,,,,,0.0
1882-12-04,,,,,0.0
1882-12-05,,,,,0.0
1882-12-06,,,,,0.0
1882-12-07,,,,,0.0
1882-12-08,,,,,0.0
1882-12-09,,,,,0.0
1882-12-10,,,178.0,,0.0
1882-12-11,,,,,0.0
1882-12-12,,,,,0.0
1882-12-13,,,,,0.0
1882-12-14,,,,,0.0
1882-12-15,,,,,0.0
1882-12-16,,,,,0.0
1882-12-17,,,,,0.0
1882-12-18,,,,,0.0
1882-12-19,,,,,0.0
1882-12-20,,,254.0,,0.0
1882-12-21,,,,,0.0
1882-12-22,,,279.0,,0.0
1882-12-23,,,,,0.0
1882-12-24,,,,,0.0
1882-12-25,,,,,0.0
1882-12-26,,,,,0.0
1882-12-27,,,,,0.0
1882-12-28,,,,,0.0
1882-12-29,,,,,0.0
1882-12-30,,,64.0,,127.0
1882-12-31,,,,,0.0
1883-02-01,,,0.0,,
1883-02-02,,,0.0,,
1883-02-03,,,0.0,,
1883-02-04,,,0.0,,
1883-02-05,,,279.0,,
1883-02-06,,,0.0,,
1883-02-07,,,0.0,,
1883-02-08,,,0.0,,
1883-02-09,,,0.0,,
1883-02-10,,,0.0,,
1883-02-11,,,508.0,,
1883-02-12,,,0.0,,
1883-02-13,,,0.0,,
1883-02-14,,,0.0,,
1883-02-15,,,0.0,,
1883-02-16,,,0.0,,
1883-02-17,,,0.0,,
1883-02-18,,,254.0,,
1883-02-19,,,0.0,,
1883-02-20,,,0.0,,
1883-02-21,,,0.0,,
1883-02-22,,,0.0,,
1883-02-23,,,0.0,,
1883-02-24,,,0.0,,
1883-02-25,,,305.0,,
1883-02-26,,,0.0,,
1883-02-27,,,0.0,,
1883-02-28,,,0.0,,
1883-03-07,,,305.0,,
1883-03-16,,,127.0,,
1883-03-25,,,406.0,,254.0
1883-04-07,,,483.0,,
1883-04-12,,,305.0,,
1883-04-15,,,762.0,,
1883-04-20,,,127.0,,
1883-04-23,,,762.0,,
1883-05-21,,,127.0,,
1883-05-26,,,76.0,,
1883-05-27,,,51.0,,
1883-06-01,,,0.0,,
1883-06-02,,,0.0,,
1883-06-03,,,0.0,,
1883-06-04,,,0.0,,
1883-06-05,,,0.0,,
1883-06-06,,,0.0,,
1883-06-07,,,572.0,,
1883-06-08,,,0.0,,
1883-06-09,,,0.0,,
1883-06-10,,,0.0,,
1883-06-11,,,178.0,,
1883-06-12,,,0.0,,
1883-06-13,,,508.0,,
1883-06-14,,,0.0,,
1883-06-15,,,0.0,,
1883-06-16,,,0.0,,
1883-06-17,,,0.0,,
1883-06-18,,,0.0,,
1883-06-19,,,0.0,,
1883-06-20,,,0.0,,
1883-06-21,,,0.0,,
1883-06-22,,,0.0,,
1883-06-23,,,0.0,,
1883-06-24,,,0.0,,
1883-06-25,,,0.0,,
1883-06-26,,,0.0,,
1883-06-27,,,25.0,,
1883-06-28,,,0.0,,
1883-06-29,,,0.0,,
1883-06-30,,,51.0,,
1883-07-04,,,152.0,,
1883-07-09,,,178.0,,
1883-07-17,,,127.0,,
1883-07-24,,,102.0,,
1883-07-25,,,127.0,,
1883-07-27,,,152.0,,
1883-07-31,,,76.0,,
1884-02-09,,,1067.0,,
1884-02-16,,,406.0,,
1884-02-19,,,254.0,,
1884-03-01,,,,,0.0
1884-03-02,,,25.0,,20.0
1884-03-03,,,,,0.0
1884-03-04,,,,,0.0
1884-03-05,,,,,0.0
1884-03-06,,,711.0,,0.0
1884-03-07,,,,,0.0
1884-03-08,,,533.0,,0.0
1884-03-09,,,,,0.0
1884-03-10,,,,,0.0
1884-03-11,,,,,0.0
1884-03-12,,,406.0,,0.0
1884-03-13,,,,,0.0
1884-03-14,,,178.0,,0.0
1884-03-15,,,,,0.0
1884-03-16,,,,,0.0
1884-03-17,,,,,0.0
1884-03-18,,,,,0.0
1884-03-19,,,559.0,,0.0
1884-03-20,,,,,0.0
1884-03-21,,,,,0.0
1884-03-22,,,,,0.0
1884-03-23,,,102.0,,0.0
1884-03-24,,,127.0,,0.0
1884-03-25,,,127.0,,0.0
1884-03-26,,,,,0.0
1884-03-27,,,,,0.0
1884-03-28,,,,,0.0
1884-03-29,,,,,0.0
1884-03-30,,,,,0.0
1884-03-31,,,,,0.0
1884-04-02,,,178.0,,
1884-04-07,,,51.0,,
1884-04-08,,,127.0,,
1884-04-15,,,762.0,,
1884-04-21,,,381.0,,
1884-04-24,,,178.0,,
1884-04-29,,,51.0,,
1884-05-01,,,0.0,,
1884-05-02,,,254.0,,
1884-05-03,,,0.0,,
1884-05-04,,,0.0,,
1884-05-05,,,0.0,,
1884-05-06,,,381.0,,
1884-05-07,,,0.0,,
1884-05-08,,,0.0,,
1884-05-09,,,0.0,,
1884-05-10,,,0.0,,
1884-05-11,,,0.0,,
1884-05-12,,,0.0,,
1884-05-13,,,0.0,,
1884-05-14,,,0.0,,
1884-05-15,,,0.0,,
1884-05-16,,,0.0,,
1884-05-17,,,0.0,,
1884-05-18,,,0.0,,
1884-05-19,,,0.0,,
1884-05-20,,,0.0,,
1884-05-21,,,0.0,,
1884-05-22,,,0.0,,
1884-05-23,,,0.0,,
1884-05-24,,,0.0,,
1884-05-25,,,0.0,,
1884-05-26,,,0.0,,
1884-05-27,,,0.0,,
1884-05-28,,,0.0,,
1884-05-29,,,0.0,,
1884-05-30,,,0.0,,
1884-05-31,,,0.0,,
1884-06-07,,,269.0,,
1884-06-22,,,0.0,,
1884-06-24,,,0.0,,
1884-06-30,,,762.0,,
1884-07-01,,,254.0,,
1884-07-04,,,254.0,,
1884-07-05,,,127.0,,
1884-07-14,,,51.0,,
1884-07-18,,,254.0,,
1884-07-23,,,76.0,,
1884-07-26,,,102.0,,
1884-07-28,,,102.0,,
1884-07-30,,,76.0,,
1884-07-31,,,231.0,,
1884-08-01,,,0.0,,
1884-08-02,,,0.0,,
1884-08-03,,,305.0,,
1884-08-04,,,0.0,,
1884-08-05,,,0.0,,
1884-08-06,,,0.0,,
1884-08-07,,,0.0,,
1884-08-08,,,0.0,,
1884-08-09,,,152.0,,
1884-08-10,,,0.0,,
1884-08-11,,,0.0,,
1884-08-12,,,0.0,,
1884-08-13,,,0.0,,
1884-08-14,,,0.0,,
1884-08-15,,,0.0,,
1884-08-16,,,0.0,,
1884-08-17,,,0.0,,
1884-08-18,,,0.0,,
1884-08-19,,,0.0,,
1884-08-20,,,0.0,,
1884-08-21,,,0.0,,
1884-08-22,,,0.0,,
1884-08-23,,,0.0,,
1884-08-24,,,0.0,,
1884-08-25,,,0.0,,
1884-08-26,,,0.0,,
1884-08-27,,,0.0,,
1884-08-28,,,0.0,,
1884-08-29,,,0.0,,
1884-08-30,,,318.0,,
1884-08-31,,,0.0,,
1884-09-01,,,0.0,,
1884-09-02,,,0.0,,
1884-09-03,,,0.0,,
1884-09-04,,,0.0,,
1884-09-05,,,0.0,,
1884-09-06,,,0.0,,
1884-09-07,,,0.0,,
1884-09-08,,,254.0,,
1884-09-09,,,0.0,,
1884-09-10,,,0.0,,
1884-09-11,,,0.0,,
1884-09-12,,,0.0,,
1884-09-13,,,0.0,,
1884-09-14,,,0.0,,
1884-09-15,,,0.0,,
1884-09-16,,,0.0,,
1884-09-17,,,0.0,,
1884-09-18,,,0.0,,
1884-09-19,,,0.0,,
1884-09-20,,,0.0,,
1884-09-21,,,0.0,,
1884-09-22,,,0.0,,
1884-09-23,,,0.0,,
1884-09-24,,,0.0,,
1884-09-25,,,0.0,,
1884-09-26,,,0.0,,
1884-09-27,,,0.0,,
1884-09-28,,,0.0,,
1884-09-29,,,0.0,,
1884-09-30,,,0.0,,
1888-01-01,,,0.0,,
1888-01-02,,,0.0,,
1888-01-03,,,0.0,,
1888-01-04,,,0.0,,
1888-01-05,,,0.0,,
1888-01-06,,,0.0,,
1888-01-07,,,15.0,,
1888-01-08,,,43.0,,
1888-01-09,,,168.0,,
1888-01-10,,,66.0,,
1888-01-11,,,0.0,,
1888-01-12,,,0.0,,
1888-01-13,,,305.0,,
1888-01-14,,,0.0,,
1888-01-15,,,13.0,,
1888-01-16,,,97.0,,
1888-01-17,,,556.0,,
1888-01-18,,,66.0,,
1888-01-19,,,0.0,,
1888-01-20,,,0.0,,
1888-01-21,,,0.0,,
1888-01-22,,,20.0,,
1888-01-23,,,0.0,,
1888-01-24,,,5.0,,
1888-01-25,,,28.0,,
1888-01-26,,,5.0,,
1888-01-27,,,0.0,,
1888-01-28,,,0.0,,
1888-01-29,,,0.0,,
1888-01-30,,,0.0,,
1888-01-31,,,36.0,,
1888-02-01,,,0.0,,
1888-02-02,,,0.0,,
1888-02-03,,,79.0,,
1888-02-04,,,193.0,,
1888-02-05,,,18.0,,
1888-02-06,,,0.0,,
1888-02-07,,,0.0,,
1888-02-08,,,61.0,,
1888-02-09,,,0.0,,
1888-02-10,,,84.0,,
1888-02-11,,,165.0,,
1888-02-12,,,0.0,,
1888-02-13,,,0.0,,
1888-02-14,,,0.0,,
1888-02-15,,,0.0,,
1888-02-16,,,0.0,,
1888-02-17,,,0.0,,
1888-02-18,,,0.0,,
1888-02-19,,,0.0,,
1888-02-20,,,104.0,,
1888-02-21,,,13.0,,
1888-02-22,,,15.0,,
1888-02-23,,,71.0,,
1888-02-24,,,221.0,,
1888-02-25,,,157.0,,
1888-02-26,,,5.0,,
1888-02-27,,,20.0,,
1888-02-28,,,0.0,,
1888-02-29,,,0.0,,
1888-03-01,,,0.0,,
1888-03-02,,,0.0,,
1888-03-03,,,0.0,,
1888-03-04,,,10.0,,
1888-03-05,,,69.0,,
1888-03-06,,,0.0,,
1888-03-07,,,0.0,,
1888-03-08,,,0.0,,
1888-03-09,,,0.0,,
1888-03-10,,,0.0,,
1888-03-11,,,264.0,,
1888-03-12,,,5.0,,
1888-03-13,,,0.0,,
1888-03-14,,,0.0,,
1888-03-15,,,0.0,,
1888-03-16,,,0.0,,
1888-03-17,,,0.0,,
1888-03-18,,,0.0,,
1888-03-19,,,0.0,,
1888-03-20,,,150.0,,
1888-03-21,,,89.0,,
1888-03-22,,,3.0,,
1888-03-23,,,0.0,,
1888-03-24,,,0.0,,
1888-03-25,,,38.0,,
1888-03-26,,,531.0,,
1888-03-27,,,86.0,,
1888-03-28,,,279.0,,
1888-03-29,,,457.0,,
1888-03-30,,,0.0,,
1888-03-31,,,0.0,,
1888-04-01,,,0.0,,
1888-04-02,,,0.0,,
1888-04-03,,,43.0,,
1888-04-04,,,38.0,,
1888-04-05,,,0.0,,
1888-04-06,,,38.0,,
1888-04-07,,,15.0,,
1888-04-08,,,0.0,,
1888-04-09,,,13.0,,
1888-04-10,,,373.0,,
1888-04-11,,,71.0,,
1888-04-12,,,0.0,,
1888-04-13,,,0.0,,
1888-04-14,,,0.0,,
1888-04-15,,,0.0,,
1888-04-16,,,0.0,,
1888-04-17,,,0.0,,
1888-04-18,,,0.0,,
1888-04-19,,,46.0,,
1888-04-20,,,0.0,,
1888-04-21,,,0.0,,
1888-04-22,,,0.0,,
1888-04-23,,,18.0,,
1888-04-24,,,0.0,,
1888-04-25,,,0.0,,
1888-04-26,,,0.0,,
1888-04-27,,,0.0,,
1888-04-28,,,0.0,,
1888-04-29,,,0.0,,
1888-04-30,,,0.0,,
1888-05-02,,,0.0,,
1888-05-03,,,0.0,,
1888-05-04,,,0.0,,
1888-05-05,,,33.0,,
1888-05-06,,,0.0,,
1888-05-07,,,163.0,,
1888-05-10,,,221.0,,
1888-05-11,,,5.0,,
1888-05-12,,,99.0,,
1888-05-13,,,0.0,,
1888-05-14,,,0.0,,
1888-05-16,,,53.0,,
1888-05-17,,,48.0,,
1888-05-18,,,13.0,,
1888-05-19,,,36.0,,
1888-05-20,,,64.0,,
1888-05-21,,,198.0,,
1888-05-22,,,20.0,,
1888-05-23,,,48.0,,
1888-05-24,,,30.0,,
1888-05-25,,,114.0,,
1888-05-26,,,0.0,,
1888-05-27,,,0.0,,
1888-05-28,,,0.0,,
1888-05-29,,,13.0,,
1888-05-30,,,117.0,,
1888-05-31,,,246.0,,
1888-06-01,,,0.0,,
1888-06-02,,,0.0,,
1888-06-03,,,0.0,,
1888-06-04,,,0.0,,
1888-06-05,,,0.0,,
1888-06-06,,,0.0,,
1888-06-07,,,0.0,,
1888-06-08,,,0.0,,
1888-06-09,,,0.0,,
1888-06-10,,,0.0,,
1888-06-11,,,30.0,,
1888-06-12,,,0.0,,
1888-06-13,,,94.0,,
1888-06-14,,,130.0,,
1888-06-15,,,0.0,,
1888-06-16,,,0.0,,
1888-06-17,,,0.0,,
1888-06-18,,,155.0,,
1888-06-19,,,20.0,,
1888-06-20,,,18.0,,
1888-06-21,,,30.0,,
1888-06-22,,,0.0,,
1888-06-23,,,38.0,,
1888-06-24,,,3.0,,
1888-06-25,,,5.0,,
1888-06-26,,,0.0,,
1888-06-27,,,178.0,,
1888-06-28,,,48.0,,
1888-06-29,,,191.0,,
1888-06-30,,,0.0,,
1888-07-01,,,0.0,,
1888-07-02,,,0.0,,
1888-07-03,,,0.0,,
1888-07-04,,,0.0,,
1888-07-05,,,508.0,,
1888-07-06,,,0.0,,
1888-07-07,,,5.0,,
1888-07-08,,,3.0,,
1888-07-09,,,137.0,,
1888-07-10,,,94.0,,
1888-07-11,,,79.0,,
1888-07-12,,,0.0,,
1888-07-13,,,0.0,,
1888-07-14,,,0.0,,
1888-07-15,,,259.0,,
1888-07-16,,,8.0,,
1888-07-17,,,0.0,,
1888-07-18,,,0.0,,
1888-07-19,,,173.0,,
1888-07-20,,,38.0,,
1888-07-21,,,0.0,,
1888-07-22,,,196.0,,
1888-07-23,,,0.0,,
1888-07-24,,,0.0,,
1888-07-25,,,0.0,,
1888-07-26,,,0.0,,
1888-07-27,,,0.0,,
1888-07-28,,,0.0,,
1888-07-29,,,0.0,,
1888-07-30,,,91.0,,
1888-07-31,,,13.0,,
1888-08-01,,,0.0,,
1888-08-02,,,0.0,,
1888-08-03,,,0.0,,
1888-08-04,,,605.0,,
1888-08-05,,,150.0,,
1888-08-06,,,51.0,,
1888-08-07,,,0.0,,
1888-08-08,,,18.0,,
1888-08-09,,,142.0,,
1888-08-10,,,0.0,,
1888-08-11,,,0.0,,
1888-08-12,,,20.0,,
1888-08-13,,,64.0,,
1888-08-14,,,0.0,,
1888-08-15,,,0.0,,
1888-08-16,,,0.0,,
1888-08-17,,,20.0,,
1888-08-18,,,0.0,,
1888-08-19,,,0.0,,
1888-08-20,,,30.0,,
1888-08-21,,,475.0,,
1888-08-22,,,23.0,,
1888-08-23,,,0.0,,
1888-08-24,,,0.0,,
1888-08-25,,,0.0,,
1888-08-26,,,0.0,,
1888-08-27,,,0.0,,
1888-08-28,,,15.0,,
1888-08-29,,,10.0,,
1888-08-30,,,130.0,,
1888-08-31,,,196.0,,
1888-09-01,,,521.0,,
1888-09-02,,,114.0,,
1888-09-03,,,0.0,,
1888-09-04,,,56.0,,
1888-09-05,,,33.0,,
1888-09-06,,,150.0,,
1888-09-07,,,13.0,,
1888-09-08,,,8.0,,
1888-09-09,,,160.0,,
1888-09-10,,,8.0,,
1888-09-11,,,0.0,,
1888-09-12,,,0.0,,
1888-09-13,,,0.0,,
1888-09-14,,,0.0,,
1888-09-15,,,351.0,,
1888-09-16,,,127.0,,
1888-09-17,,,0.0,,
1888-09-18,,,0.0,,
1888-09-19,,,0.0,,
1888-09-20,,,0.0,,
1888-09-21,,,0.0,,
1888-09-22,,,0.0,,
1888-09-23,,,267.0,,
1888-09-24,,,48.0,,
1888-09-25,,,0.0,,
1888-09-26,,,0.0,,
1888-09-27,,,0.0,,
1888-09-28,,,0.0,,
1888-09-29,,,0.0,,
1888-09-30,,,0.0,,
1888-10-01,,,0.0,,
1888-10-02,,,38.0,,
1888-10-03,,,0.0,,
1888-10-04,,,0.0,,
1888-10-05,,,0.0,,
1888-10-06,,,102.0,,
1888-10-07,,,0.0,,
1888-10-08,,,0.0,,
1888-10-09,,,0.0,,
1888-10-10,,,0.0,,
1888-10-11,,,272.0,,
1888-10-12,,,13.0,,
1888-10-13,,,0.0,,
1888-10-14,,,0.0,,
1888-10-15,,,48.0,,
1888-10-16,,,51.0,,
1888-10-17,,,0.0,,
1888-10-18,,,0.0,,
1888-10-19,,,0.0,,
1888-10-20,,,41.0,,
1888-10-21,,,0.0,,
1888-10-22,,,0.0,,
1888-10-23,,,378.0,,
1888-10-24,,,64.0,,
1888-10-25,,,224.0,,
1888-10-26,,,152.0,,
1888-10-27,,,0.0,,
1888-10-28,,,13.0,,
1888-10-29,,,0.0,,
1888-10-30,,,0.0,,
1888-10-31,,,0.0,,
1888-11-01,,,0.0,,
1888-11-02,,,0.0,,
1888-11-03,,,231.0,,
1888-11-04,,,0.0,,
1888-11-05,,,0.0,,
1888-11-06,,,0.0,,
1888-11-07,,,0.0,,
1888-11-08,,,295.0,,
1888-11-09,,,795.0,,
1888-11-10,,,10.0,,
1888-11-11,,,0.0,,
1888-11-12,,,0.0,,
1888-11-13,,,0.0,,
1888-11-14,,,165.0,,
1888-11-15,,,295.0,,
1888-11-16,,,23.0,,
1888-11-17,,,0.0,,
1888-11-18,,,0.0,,
1888-11-19,,,51.0,,
1888-11-20,,,10.0,,
1888-11-21,,,18.0,,
1888-11-22,,,0.0,,
1888-11-23,,,0.0,,
1888-11-24,,,0.0,,
1888-11-25,,,0.0,,
1888-11-26,,,0.0,,
1888-11-27,,,0.0,,
1888-11-28,,,0.0,,
1888-11-29,,,0.0,,
1888-11-30,,,0.0,,
1888-12-01,,,0.0,,
1888-12-02,,,0.0,,
1888-12-03,,,0.0,,
1888-12-04,,,0.0,,
1888-12-05,,,0.0,,
1888-12-06,,,0.0,,
1888-12-07,,,0.0,,
1888-12-08,,,0.0,,
1888-12-09,,,0.0,,
1888-12-10,,,8.0,,
1888-12-11,,,0.0,,
1888-12-12,,,0.0,,
1888-12-13,,,56.0,,
1888-12-14,,,0.0,,
1888-12-15,,,0.0,,
1888-12-16,,,119.0,,
1888-12-17,,,64.0,,
1888-12-18,,,36.0,,
1888-12-19,,,8.0,,
1888-12-20,,,0.0,,
1888-12-21,,,0.0,,
1888-12-22,,,0.0,,
1888-12-23,,,0.0,,
1888-12-24,,,0.0,,
1888-12-25,,,0.0,,
1888-12-26,,,0.0,,
1888-12-27,,,46.0,,
1888-12-28,,,0.0,,
1888-12-29,,,0.0,,
1888-12-30,,,0.0,,
1888-12-31,,,198.0,,
1889-01-01,,,0.0,,0.0
1889-01-02,,,0.0,,0.0
1889-01-03,,,0.0,,0.0
1889-01-04,,,43.0,,0.0
1889-01-05,,,325.0,,0.0
1889-01-06,,,137.0,,0.0
1889-01-07,,,0.0,,0.0
1889-01-08,,,0.0,,0.0
1889-01-09,,,224.0,,0.0
1889-01-10,,,0.0,,0.0
1889-01-11,,,0.0,,0.0
1889-01-12,,,0.0,,0.0
1889-01-13,,,0.0,,0.0
1889-01-14,,,0.0,,0.0
1889-01-15,,,0.0,,0.0
1889-01-16,,,61.0,,0.0
1889-01-17,,,236.0,,0.0
1889-01-18,,,0.0,,0.0
1889-01-19,,,0.0,,0.0
1889-01-20,,,142.0,,0.0
1889-01-21,,,48.0,,0.0
1889-01-22,,,0.0,,0.0
1889-01-23,,,0.0,,0.0
1889-01-24,,,30.0,,0.0
1889-01-25,,,8.0,,0.0
1889-01-26,,,102.0,,0.0
1889-01-27,,,152.0,,0.0
1889-01-28,,,8.0,,0.0
1889-01-29,,,10.0,,0.0
1889-01-30,,,0.0,,0.0
1889-01-31,,,0.0,,0.0
1889-02-01,,,0.0,,0.0
1889-02-02,,,0.0,,0.0
1889-02-03,,,0.0,,0.0
1889-02-04,,,0.0,,0.0
1889-02-05,,,0.0,,0.0
1889-02-06,,,0.0,,0.0
1889-02-07,,,0.0,,0.0
1889-02-08,,,0.0,,0.0
1889-02-09,,,56.0,,0.0
1889-02-10,,,0.0,,0.0
1889-02-11,,,38.0,,0.0
1889-02-12,,,0.0,,0.0
1889-02-13,,,0.0,,0.0
1889-02-14,,,0.0,,0.0
1889-02-15,,,183.0,,0.0
1889-02-16,,,813.0,,0.0
1889-02-17,,,155.0,,0.0
1889-02-18,,,185.0,,0.0
1889-02-19,,,0.0,,0.0
1889-02-20,,,0.0,,0.0
1889-02-21,,,0.0,,0.0
1889-02-22,,,20.0,,0.0
1889-02-23,,,0.0,,0.0
1889-02-24,,,0.0,,0.0
1889-02-25,,,0.0,,0.0
1889-02-26,,,0.0,,0.0
1889-02-27,,,0.0,,0.0
1889-02-28,,,0.0,,0.0
1889-03-01,,,0.0,,0.0
1889-03-02,,,102.0,,0.0
1889-03-03,,,127.0,,0.0
1889-03-04,,,0.0,,0.0
1889-03-05,,,0.0,,0.0
1889-03-06,,,0.0,,0.0
1889-03-07,,,0.0,,0.0
1889-03-08,,,0.0,,0.0
1889-03-09,,,0.0,,0.0
1889-03-10,,,0.0,,0.0
1889-03-11,,,0.0,,0.0
1889-03-12,,,0.0,,0.0
1889-03-13,,,0.0,,0.0
1889-03-14,,,0.0,,0.0
1889-03-15,,,0.0,,0.0
1889-03-16,,,0.0,,0.0
1889-03-17,,,0.0,,0.0
1889-03-18,,,114.0,,0.0
1889-03-19,,,94.0,,0.0
1889-03-20,,,0.0,,0.0
1889-03-21,,,0.0,,0.0
1889-03-22,,,0.0,,0.0
1889-03-23,,,0.0,,0.0
1889-03-24,,,66.0,,0.0
1889-03-25,,,53.0,,0.0
1889-03-26,,,0.0,,0.0
1889-03-27,,,0.0,,0.0
1889-03-28,,,13.0,,0.0
1889-03-29,,,0.0,,0.0
1889-03-30,,,0.0,,0.0
1889-03-31,,,28.0,,0.0
1889-04-01,,,99.0,,0.0
1889-04-02,,,25.0,,0.0
1889-04-03,,,0.0,,0.0
1889-04-04,,,0.0,,0.0
1889-04-05,,,0.0,,0.0
1889-04-06,,,0.0,,0.0
1889-04-07,,,0.0,,0.0
1889-04-08,,,0.0,,0.0
1889-04-09,,,0.0,,0.0
1889-04-10,,,0.0,,0.0
1889-04-11,,,0.0,,0.0
1889-04-12,,,0.0,,0.0
1889-04-13,,,74.0,,0.0
1889-04-14,,,246.0,,0.0
1889-04-15,,,91.0,,0.0
1889-04-16,,,15.0,,0.0
1889-04-17,,,0.0,,0.0
1889-04-18,,,0.0,,0.0
1889-04-19,,,0.0,,0.0
1889-04-20,,,0.0,,0.0
1889-04-21,,,0.0,,0.0
1889-04-22,,,0.0,,0.0
1889-04-23,,,0.0,,0.0
1889-04-24,,,25.0,,0.0
1889-04-25,,,15.0,,0.0
1889-04-26,,,0.0,,0.0
1889-04-27,,,0.0,,0.0
1889-04-28,,,0.0,,0.0
1889-04-29,,,0.0,,0.0
1889-04-30,,,0.0,,0.0
1889-05-01,,,216.0,,
1889-05-02,,,0.0,,
1889-05-03,,,0.0,,
1889-05-04,,,0.0,,
1889-05-05,,,0.0,,
1889-05-06,,,0.0,,
1889-05-07,,,0.0,,
1889-05-08,,,0.0,,0.0
1889-05-09,,,0.0,,0.0
1889-05-10,,,0.0,,0.0
1889-05-11,,,0.0,,0.0
1889-05-12,,,0.0,,0.0
1889-05-13,,,0.0,,0.0
1889-05-14,,,109.0,,0.0
1889-05-15,,,0.0,,
1889-05-16,,,0.0,,
1889-05-17,,,0.0,,
1889-05-18,,,0.0,,
1889-05-19,,,104.0,,
1889-05-20,,,0.0,,
1889-05-21,,,0.0,,0.0
1889-05-22,,,0.0,,0.0
1889-05-23,,,28.0,,0.0
1889-05-24,,,0.0,,0.0
1889-05-25,,,0.0,,0.0
1889-05-26,,,0.0,,0.0
1889-05-27,,,28.0,,
1889-05-28,,,0.0,,
1889-05-29,,,0.0,,
1889-05-30,,,442.0,,
1889-05-31,,,25.0,,
1889-06-01,,,0.0,,
1889-06-02,,,0.0,,
1889-06-03,,,0.0,,
1889-06-04,,,20.0,,
1889-06-05,,,46.0,,
1889-06-06,,,0.0,,
1889-06-07,,,0.0,,
1889-06-08,,,0.0,,
1889-06-09,,,51.0,,
1889-06-10,,,20.0,,
1889-06-11,,,53.0,,0.0
1889-06-12,,,25.0,,0.0
1889-06-13,,,406.0,,0.0
1889-06-14,,,284.0,,0.0
1889-06-15,,,69.0,,0.0
1889-06-16,,,0.0,,0.0
1889-06-17,,,0.0,,0.0
1889-06-18,,,0.0,,0.0
1889-06-19,,,53.0,,
1889-06-20,,,0.0,,
1889-06-21,,,38.0,,
1889-06-22,,,124.0,,
1889-06-23,,,0.0,,
1889-06-24,,,0.0,,
1889-06-25,,,0.0,,
1889-06-26,,,0.0,,
1889-06-27,,,0.0,,
1889-06-28,,,348.0,,
1889-06-29,,,28.0,,
1889-06-30,,,79.0,,
1889-07-01,,,43.0,,
1889-07-02,,,18.0,,
1889-07-03,,,193.0,,
1889-07-04,,,251.0,,
1889-07-05,,,0.0,,
1889-07-06,,,0.0,,
1889-07-07,,,0.0,,
1889-07-08,,,0.0,,
1889-07-09,,,0.0,,
1889-07-10,,,0.0,,
1889-07-11,,,122.0,,
1889-07-12,,,38.0,,
1889-07-13,,,58.0,,
1889-07-14,,,0.0,,
1889-07-15,,,135.0,,
1889-07-16,,,15.0,,
1889-07-17,,,0.0,,
1889-07-18,,,0.0,,
1889-07-19,,,0.0,,
1889-07-20,,,231.0,,
1889-07-21,,,13.0,,
1889-07-22,,,0.0,,
1889-07-23,,,0.0,,
1889-07-24,,,0.0,,
1889-07-25,,,0.0,,
1889-07-26,,,20.0,,
1889-07-27,,,508.0,,
1889-07-28,,,8.0,,
1889-07-29,,,102.0,,
1889-07-30,,,13.0,,
1889-07-31,,,38.0,,
1889-08-01,,,51.0,,
1889-08-02,,,145.0,,
1889-08-03,,,89.0,,
1889-08-04,,,0.0,,
1889-08-05,,,315.0,,
1889-08-06,,,0.0,,
1889-08-07,,,0.0,,
1889-08-08,,,0.0,,
1889-08-09,,,0.0,,
1889-08-10,,,0.0,,
1889-08-11,,,91.0,,
1889-08-12,,,0.0,,
1889-08-13,,,109.0,,
1889-08-14,,,124.0,,
1889-08-15,,,206.0,,
1889-08-16,,,0.0,,
1889-08-17,,,0.0,,
1889-08-18,,,0.0,,
1889-08-19,,,0.0,,
1889-08-20,,,0.0,,
1889-08-21,,,0.0,,
1889-08-22,,,0.0,,
1889-08-23,,,117.0,,
1889-08-24,,,117.0,,
1889-08-25,,,15.0,,
1889-08-26,,,0.0,,
1889-08-27,,,0.0,,
1889-08-28,,,71.0,,
1889-08-29,,,38.0,,
1889-08-30,,,25.0,,
1889-08-31,,,33.0,,
1889-09-01,,,18.0,,
1889-09-02,,,76.0,,
1889-09-03,,,0.0,,
1889-09-04,,,0.0,,
1889-09-05,,,0.0,,
1889-09-06,,,145.0,,
1889-09-07,,,0.0,,
1889-09-08,,,0.0,,
1889-09-09,,,0.0,,
1889-09-10,,,0.0,,
1889-09-11,,,0.0,,
1889-09-12,,,0.0,,
1889-09-13,,,0.0,,
1889-09-14,,,0.0,,
1889-09-15,,,0.0,,
1889-09-16,,,0.0,,
1889-09-17,,,170.0,,
1889-09-18,,,0.0,,
1889-09-19,,,0.0,,
1889-09-20,,,0.0,,
1889-09-21,,,0.0,,
1889-09-22,,,0.0,,
1889-09-23,,,0.0,,
1889-09-24,,,462.0,,
1889-09-25,,,0.0,,
1889-09-26,,,13.0,,
1889-09-27,,,0.0,,
1889-09-28,,,0.0,,
1889-09-29,,,0.0,,
1889-09-30,,,114.0,,
1889-10-01,,,0.0,,
1889-10-02,,,0.0,,
1889-10-03,,,0.0,,
1889-10-04,,,0.0,,
1889-10-05,,,0.0,,
1889-10-06,,,0.0,,
1889-10-07,,,0.0,,
1889-10-08,,,0.0,,
1889-10-09,,,0.0,,
1889-10-10,,,0.0,,
1889-10-11,,,0.0,,
1889-10-12,,,0.0,,
1889-10-13,,,0.0,,
1889-10-14,,,0.0,,
1889-10-15,,,0.0,,
1889-10-16,,,0.0,,
1889-10-17,,,0.0,,
1889-10-18,,,0.0,,
1889-10-19,,,0.0,,
1889-10-20,,,0.0,,
1889-10-21,,,0.0,,
1889-10-22,,,0.0,,
1889-10-23,,,218.0,,
1889-10-24,,,0.0,,
1889-10-25,,,0.0,,
1889-10-26,,,246.0,,
1889-10-27,,,0.0,,
1889-10-28,,,0.0,,
1889-10-29,,,0.0,,
1889-10-30,,,0.0,,
1889-10-31,,,84.0,,
1889-11-01,,,0.0,,
1889-11-02,,,0.0,,
1889-11-03,,,300.0,,
1889-11-04,,,0.0,,
1889-11-05,,,0.0,,
1889-11-06,,,0.0,,
1889-11-07,,,0.0,,
1889-11-08,,,152.0,,
1889-11-09,,,279.0,,
1889-11-10,,,0.0,,
1889-11-11,,,0.0,,
1889-11-12,,,0.0,,
1889-11-13,,,170.0,,
1889-11-14,,,0.0,,
1889-11-15,,,0.0,,
1889-11-16,,,0.0,,
1889-11-17,,,241.0,,
1889-11-18,,,0.0,,
1889-11-19,,,36.0,,
1889-11-20,,,0.0,,
1889-11-21,,,155.0,,
1889-11-22,,,109.0,,
1889-11-23,,,0.0,,
1889-11-24,,,0.0,,
1889-11-25,,,0.0,,
1889-11-26,,,0.0,,
1889-11-27,,,208.0,,
1889-11-28,,,64.0,,
1889-11-29,,,0.0,,
1889-11-30,,,0.0,,
1889-12-01,,,0.0,,
1889-12-02,,,0.0,,
1889-12-03,,,0.0,,
1889-12-04,,,0.0,,
1889-12-05,,,0.0,,
1889-12-06,,,0.0,,
1889-12-07,,,0.0,,
1889-12-08,,,0.0,,
1889-12-09,,,18.0,,0.0
1889-12-10,,,0.0,,0.0
1889-12-11,,,0.0,,0.0
1889-12-12,,,0.0,,0.0
1889-12-13,,,0.0,,0.0
1889-12-14,,,0.0,,0.0
1889-12-15,,,0.0,,0.0
1889-12-16,,,0.0,,0.0
1889-12-17,,,0.0,,0.0
1889-12-18,,,0.0,,0.0
1889-12-19,,,0.0,,
1889-12-20,,,0.0,,
1889-12-21,,,0.0,,
1889-12-22,,,64.0,,
1889-12-23,,,0.0,,0.0
1889-12-24,,,0.0,,0.0
1889-12-25,,,0.0,,0.0
1889-12-26,,,0.0,,0.0
1889-12-27,,,0.0,,0.0
1889-12-28,,,0.0,,0.0
1889-12-29,,,0.0,,0.0
1889-12-30,,,282.0,,
1889-12-31,,,25.0,,
1890-01-01,,,0.0,,
1890-01-02,,,10.0,,
1890-01-03,,,152.0,,
1890-01-04,,,0.0,,
1890-01-05,,,0.0,,
1890-01-06,,,0.0,,
1890-01-07,,,71.0,,
1890-01-08,,,38.0,,
1890-01-09,,,0.0,,
1890-01-10,,,13.0,,
1890-01-11,,,0.0,,0.0
1890-01-12,,,0.0,,0.0
1890-01-13,,,76.0,,0.0
1890-01-14,,,0.0,,0.0
1890-01-15,,,10.0,,0.0
1890-01-16,,,244.0,,0.0
1890-01-17,,,0.0,,
1890-01-18,,,0.0,,
1890-01-19,,,0.0,,
1890-01-20,,,8.0,,
1890-01-21,,,0.0,,
1890-01-22,,,0.0,,
1890-01-23,,,130.0,,
1890-01-24,,,0.0,,
1890-01-25,,,0.0,,
1890-01-26,,,0.0,,
1890-01-27,,,0.0,,
1890-01-28,,,0.0,,
1890-01-29,,,229.0,,
1890-01-30,,,102.0,,
1890-01-31,,,0.0,,
1890-02-01,,,0.0,,0.0
1890-02-02,,,0.0,,
1890-02-03,,,0.0,,
1890-02-04,,,0.0,,
1890-02-05,,,0.0,,
1890-02-06,,,241.0,,
1890-02-07,,,251.0,,
1890-02-08,,,508.0,,
1890-02-09,,,0.0,,
1890-02-10,,,0.0,,
1890-02-11,,,0.0,,
1890-02-12,,,20.0,,
1890-02-13,,,0.0,,
1890-02-14,,,112.0,,
1890-02-15,,,0.0,,
1890-02-16,,,0.0,,
1890-02-17,,,0.0,,
1890-02-18,,,0.0,,
1890-02-19,,,0.0,,
1890-02-20,,,94.0,,
1890-02-21,,,0.0,,
1890-02-22,,,0.0,,
1890-02-23,,,0.0,,
1890-02-24,,,99.0,,
1890-02-25,,,104.0,,
1890-02-26,,,508.0,,
1890-02-27,,,508.0,,
1890-02-28,,,216.0,,
1890-03-01,,,0.0,,0.0
1890-03-02,,,0.0,,0.0
1890-03-03,,,0.0,,0.0
1890-03-04,,,0.0,,
1890-03-05,,,0.0,,
1890-03-06,,,127.0,,
1890-03-07,,,0.0,,
1890-03-08,,,28.0,,
1890-03-09,,,0.0,,
1890-03-10,,,0.0,,
1890-03-11,,,0.0,,
1890-03-12,,,0.0,,
1890-03-13,,,0.0,,
1890-03-14,,,279.0,,
1890-03-15,,,76.0,,
1890-03-16,,,0.0,,
1890-03-17,,,0.0,,
1890-03-18,,,0.0,,
1890-03-19,,,135.0,,
1890-03-20,,,51.0,,
1890-03-21,,,76.0,,
1890-03-22,,,310.0,,
1890-03-23,,,8.0,,
1890-03-24,,,0.0,,
1890-03-25,,,0.0,,
1890-03-26,,,0.0,,
1890-03-27,,,0.0,,
1890-03-28,,,152.0,,
1890-03-29,,,0.0,,
1890-03-30,,,0.0,,
1890-03-31,,,0.0,,
1890-04-01,,,89.0,,
1890-04-02,,,0.0,,
1890-04-03,,,18.0,,
1890-04-04,,,241.0,,
1890-04-05,,,0.0,,
1890-04-06,,,0.0,,
1890-04-07,,,0.0,,
1890-04-08,,,0.0,,
1890-04-09,,,66.0,,
1890-04-10,,,0.0,,
1890-04-11,,,0.0,,
1890-04-12,,,0.0,,
1890-04-13,,,0.0,,
1890-04-14,,,0.0,,
1890-04-15,,,56.0,,
1890-04-16,,,66.0,,
1890-04-17,,,150.0,,
1890-04-18,,,51.0,,
1890-04-19,,,0.0,,
1890-04-20,,,0.0,,
1890-04-21,,,0.0,,
1890-04-22,,,0.0,,
1890-04-23,,,0.0,,
1890-04-24,,,33.0,,
1890-04-25,,,165.0,,
1890-04-26,,,0.0,,
1890-04-27,,,236.0,,
1890-04-28,,,0.0,,
1890-04-29,,,0.0,,
1890-04-30,,,0.0,,
1890-05-01,,,0.0,,
1890-05-02,,,0.0,,
1890-05-03,,,33.0,,
1890-05-04,,,185.0,,
1890-05-05,,,0.0,,
1890-05-06,,,124.0,,
1890-05-07,,,0.0,,
1890-05-08,,,0.0,,
1890-05-09,,,0.0,,
1890-05-10,,,0.0,,
1890-05-11,,,102.0,,
1890-05-12,,,0.0,,
1890-05-13,,,0.0,,
1890-05-14,,,140.0,,
1890-05-15,,,241.0,,
1890-05-16,,,0.0,,
1890-05-17,,,0.0,,
1890-05-18,,,0.0,,
1890-05-19,,,160.0,,
1890-05-20,,,244.0,,
1890-05-21,,,0.0,,
1890-05-22,,,0.0,,
1890-05-23,,,0.0,,
1890-05-24,,,0.0,,
1890-05-25,,,20.0,,
1890-05-26,,,91.0,,
1890-05-27,,,30.0,,
1890-05-28,,,0.0,,
1890-05-29,,,0.0,,
1890-05-30,,,0.0,,
1890-05-31,,,0.0,,
1890-06-01,,,0.0,,
1890-06-02,,,102.0,,
1890-06-03,,,117.0,,
1890-06-04,,,0.0,,
1890-06-05,,,0.0,,
1890-06-06,,,43.0,,
1890-06-07,,,0.0,,
1890-06-08,,,0.0,,
1890-06-09,,,0.0,,
1890-06-10,,,114.0,,
1890-06-11,,,0.0,,
1890-06-12,,,0.0,,
1890-06-13,,,0.0,,
1890-06-14,,,0.0,,
1890-06-15,,,0.0,,
1890-06-16,,,0.0,,
1890-06-17,,,0.0,,
1890-06-18,,,0.0,,
1890-06-19,,,231.0,,
1890-06-20,,,53.0,,
1890-06-21,,,0.0,,
1890-06-22,,,0.0,,
1890-06-23,,,0.0,,
1890-06-24,,,46.0,,
1890-06-25,,,18.0,,
1890-06-26,,,0.0,,
1890-06-27,,,0.0,,
1890-06-28,,,0.0,,
1890-06-29,,,234.0,,
1890-06-30,,,0.0,,
1890-07-01,,,102.0,,0.0
1890-07-02,,,127.0,,0.0
1890-07-03,,,20.0,,0.0
1890-07-04,,,0.0,,0.0
1890-07-05,,,0.0,,0.0
1890-07-06,,,0.0,,0.0
1890-07-07,,,0.0,,0.0
1890-07-08,,,36.0,,0.0
1890-07-09,,,0.0,,0.0
1890-07-10,,,191.0,,0.0
1890-07-11,,,0.0,,0.0
1890-07-12,,,0.0,,0.0
1890-07-13,,,0.0,,0.0
1890-07-14,,,0.0,,0.0
1890-07-15,,,0.0,,0.0
1890-07-16,,,246.0,,0.0
1890-07-17,,,109.0,,0.0
1890-07-18,,,38.0,,0.0
1890-07-19,,,0.0,,0.0
1890-07-20,,,46.0,,0.0
1890-07-21,,,188.0,,0.0
1890-07-22,,,0.0,,0.0
1890-07-23,,,0.0,,0.0
1890-07-24,,,551.0,,0.0
1890-07-25,,,109.0,,0.0
1890-07-26,,,84.0,,0.0
1890-07-27,,,0.0,,0.0
1890-07-28,,,36.0,,0.0
1890-07-29,,,0.0,,0.0
1890-07-30,,,0.0,,0.0
1890-07-31,,,76.0,,0.0
1890-08-01,,,0.0,,0.0
1890-08-02,,,0.0,,0.0
1890-08-03,,,0.0,,0.0
1890-08-04,,,218.0,,0.0
1890-08-05,,,46.0,,0.0
1890-08-06,,,0.0,,0.0
1890-08-07,,,51.0,,0.0
1890-08-08,,,107.0,,0.0
1890-08-09,,,0.0,,0.0
1890-08-10,,,0.0,,0.0
1890-08-11,,,0.0,,0.0
1890-08-12,,,0.0,,0.0
1890-08-13,,,0.0,,0.0
1890-08-14,,,0.0,,0.0
1890-08-15,,,69.0,,0.0
1890-08-16,,,0.0,,0.0
1890-08-17,,,0.0,,0.0
1890-08-18,,,0.0,,0.0
1890-08-19,,,0.0,,0.0
1890-08-20,,,0.0,,0.0
1890-08-21,,,282.0,,0.0
1890-08-22,,,224.0,,0.0
1890-08-23,,,0.0,,0.0
1890-08-24,,,0.0,,0.0
1890-08-25,,,0.0,,0.0
1890-08-26,,,61.0,,0.0
1890-08-27,,,91.0,,0.0
1890-08-28,,,241.0,,0.0
1890-08-29,,,198.0,,0.0
1890-08-30,,,0.0,,0.0
1890-08-31,,,0.0,,0.0
1890-09-01,,,0.0,,0.0
1890-09-02,,,0.0,,
1890-09-03,,,8.0,,
1890-09-04,,,13.0,,
1890-09-05,,,10.0,,
1890-09-06,,,0.0,,
1890-09-07,,,0.0,,
1890-09-08,,,0.0,,
1890-09-09,,,0.0,,
1890-09-10,,,381.0,,
1890-09-11,,,25.0,,
1890-09-12,,,135.0,,
1890-09-13,,,51.0,,
1890-09-14,,,0.0,,
1890-09-15,,,0.0,,
1890-09-16,,,0.0,,
1890-09-17,,,28.0,,
1890-09-18,,,0.0,,
1890-09-19,,,0.0,,
1890-09-20,,,0.0,,
1890-09-21,,,145.0,,
1890-09-22,,,10.0,,
1890-09-23,,,0.0,,
1890-09-24,,,0.0,,
1890-09-25,,,180.0,,
1890-09-26,,,0.0,,
1890-09-27,,,25.0,,
1890-09-28,,,102.0,,
1890-09-29,,,635.0,,
1890-09-30,,,25.0,,
1890-10-01,,,20.0,,0.0
1890-10-02,,,218.0,,0.0
1890-10-03,,,0.0,,
1890-10-04,,,0.0,,
1890-10-05,,,0.0,,
1890-10-06,,,0.0,,
1890-10-07,,,508.0,,
1890-10-08,,,0.0,,
1890-10-09,,,0.0,,
1890-10-10,,,0.0,,
1890-10-11,,,0.0,,
1890-10-12,,,0.0,,
1890-10-13,,,0.0,,
1890-10-14,,,43.0,,
1890-10-15,,,246.0,,
1890-10-16,,,28.0,,
1890-10-17,,,0.0,,
1890-10-18,,,0.0,,
1890-10-19,,,0.0,,
1890-10-20,,,0.0,,
1890-10-21,,,0.0,,
1890-10-22,,,241.0,,
1890-10-23,,,185.0,,
1890-10-24,,,0.0,,
1890-10-25,,,0.0,,
1890-10-26,,,38.0,,
1890-10-27,,,0.0,,
1890-10-28,,,0.0,,
1890-10-29,,,0.0,,
1890-10-30,,,76.0,,
1890-10-31,,,0.0,,
1890-11-01,,,0.0,,0.0
1890-11-02,,,0.0,,
1890-11-03,,,0.0,,
1890-11-04,,,0.0,,
1890-11-05,,,0.0,,
1890-11-06,,,0.0,,
1890-11-07,,,0.0,,
1890-11-08,,,0.0,,
1890-11-09,,,0.0,,
1890-11-10,,,0.0,,
1890-11-11,,,0.0,,
1890-11-12,,,0.0,,
1890-11-13,,,0.0,,
1890-11-14,,,0.0,,
1890-11-15,,,0.0,,
1890-11-16,,,185.0,,
1890-11-17,,,0.0,,
1890-11-18,,,28.0,,
1890-11-19,,,0.0,,
1890-11-20,,,0.0,,
1890-11-21,,,0.0,,
1890-11-22,,,0.0,,
1890-11-23,,,0.0,,
1890-11-24,,,0.0,,
1890-11-25,,,0.0,,
1890-11-26,,,0.0,,
1890-11-27,,,0.0,,
1890-11-28,,,0.0,,
1890-11-29,,,0.0,,
1890-11-30,,,0.0,,
1890-12-01,,,0.0,,0.0
1890-12-02,,,0.0,,0.0
1890-12-03,,,0.0,,0.0
1890-12-04,,,244.0,,0.0
1890-12-05,,,0.0,,0.0
1890-12-06,,,38.0,,0.0
1890-12-07,,,470.0,,0.0
1890-12-08,,,0.0,,0.0
1890-12-09,,,0.0,,0.0
1890-12-10,,,0.0,,0.0
1890-12-11,,,0.0,,0.0
1890-12-12,,,0.0,,0.0
1890-12-13,,,0.0,,0.0
1890-12-14,,,0.0,,0.0
1890-12-15,,,0.0,,0.0
1890-12-16,,,124.0,,0.0
1890-12-17,,,170.0,,165.0
1890-12-18,,,38.0,,203.0
1890-12-19,,,0.0,,0.0
1890-12-20,,,0.0,,0.0
1890-12-21,,,0.0,,0.0
1890-12-22,,,15.0,,0.0
1890-12-23,,,0.0,,0.0
1890-12-24,,,0.0,,0.0
1890-12-25,,,122.0,,0.0
1890-12-26,,,254.0,,0.0
1890-12-27,,,13.0,,0.0
1890-12-28,,,0.0,,0.0
1890-12-29,,,0.0,,0.0
1890-12-30,,,0.0,,0.0
1890-12-31,,,0.0,,0.0
1891-01-01,,,76.0,,0.0
1891-01-02,,,340.0,,0.0
1891-01-03,,,0.0,,0.0
1891-01-04,,,0.0,,0.0
1891-01-05,,,0.0,,0.0
1891-01-06,,,0.0,,0.0
1891-01-07,,,0.0,,0.0
1891-01-08,,,0.0,,0.0
1891-01-09,,,0.0,,0.0
1891-01-10,,,124.0,,0.0
1891-01-11,,,178.0,,0.0
1891-01-12,,,25.0,,0.0
1891-01-13,,,0.0,,0.0
1891-01-14,,,10.0,,0.0
1891-01-15,,,0.0,,0.0
1891-01-16,,,178.0,,0.0
1891-01-17,,,13.0,,0.0
1891-01-18,,,0.0,,0.0
1891-01-19,,,0.0,,0.0
1891-01-20,,,0.0,,0.0
1891-01-21,,,0.0,,0.0
1891-01-22,,,312.0,,0.0
1891-01-23,,,0.0,,0.0
1891-01-24,,,0.0,,0.0
1891-01-25,,,122.0,,0.0
1891-01-26,,,0.0,,0.0
1891-01-27,,,0.0,,0.0
1891-01-28,,,8.0,,0.0
1891-01-29,,,127.0,,0.0
1891-01-30,,,51.0,,0.0
1891-01-31,,,112.0,,0.0
1891-02-01,,,333.0,,0.0
1891-02-02,,,0.0,,0.0
1891-02-03,,,208.0,,0.0
1891-02-04,,,10.0,,0.0
1891-02-05,,,0.0,,0.0
1891-02-06,,,0.0,,0.0
1891-02-07,,,358.0,,0.0
1891-02-08,,,0.0,,0.0
1891-02-09,,,152.0,,0.0
1891-02-10,,,422.0,,0.0
1891-02-11,,,0.0,,0.0
1891-02-12,,,0.0,,0.0
1891-02-13,,,572.0,,0.0
1891-02-14,,,0.0,,0.0
1891-02-15,,,0.0,,0.0
1891-02-16,,,56.0,,0.0
1891-02-17,,,175.0,,0.0
1891-02-18,,,0.0,,0.0
1891-02-19,,,119.0,,0.0
1891-02-20,,,0.0,,0.0
1891-02-21,,,445.0,,0.0
1891-02-22,,,107.0,,0.0
1891-02-23,,,0.0,,0.0
1891-02-24,,,0.0,,0.0
1891-02-25,,,0.0,,0.0
1891-02-26,,,287.0,,0.0
1891-02-27,,,25.0,,25.0
1891-02-28,,,0.0,,0.0
1891-03-01,,,76.0,,76.0
1891-03-02,,,18.0,,0.0
1891-03-03,,,102.0,,0.0
1891-03-04,,,0.0,,0.0
1891-03-05,,,0.0,,0.0
1891-03-06,,,140.0,,0.0
1891-03-07,,,216.0,,0.0
1891-03-08,,,673.0,,0.0
1891-03-09,,,483.0,,0.0
1891-03-10,,,0.0,,0.0
1891-03-11,,,0.0,,0.0
1891-03-12,,,130.0,,0.0
1891-03-13,,,64.0,,0.0
1891-03-14,,,0.0,,0.0
1891-03-15,,,0.0,,0.0
1891-03-16,,,0.0,,0.0
1891-03-17,,,0.0,,0.0
1891-03-18,,,0.0,,0.0
1891-03-19,,,58.0,,0.0
1891-03-20,,,0.0,,0.0
1891-03-21,,,0.0,,0.0
1891-03-22,,,132.0,,0.0
1891-03-23,,,0.0,,0.0
1891-03-24,,,0.0,,0.0
1891-03-25,,,0.0,,0.0
1891-03-26,,,58.0,,0.0
1891-03-27,,,127.0,,0.0
1891-03-28,,,13.0,,0.0
1891-03-29,,,0.0,,0.0
1891-03-30,,,109.0,,0.0
1891-03-31,,,246.0,,0.0
1891-04-01,,,0.0,,0.0
1891-04-02,,,51.0,,0.0
1891-04-03,,,0.0,,
1891-04-04,,,8.0,,0.0
1891-04-05,,,0.0,,0.0
1891-04-06,,,0.0,,
1891-04-07,,,0.0,,
1891-04-08,,,0.0,,
1891-04-09,,,0.0,,0.0
1891-04-10,,,0.0,,0.0
1891-04-11,,,135.0,,0.0
1891-04-12,,,0.0,,
1891-04-13,,,0.0,,
1891-04-14,,,0.0,,
1891-04-15,,,0.0,,
1891-04-16,,,0.0,,
1891-04-17,,,43.0,,
1891-04-18,,,0.0,,
1891-04-19,,,84.0,,
1891-04-20,,,64.0,,
1891-04-21,,,38.0,,
1891-04-22,,,0.0,,
1891-04-23,,,46.0,,
1891-04-24,,,64.0,,
1891-04-25,,,0.0,,
1891-04-26,,,0.0,,
1891-04-27,,,0.0,,
1891-04-28,,,0.0,,
1891-04-29,,,0.0,,
1891-04-30,,,0.0,,
1891-05-01,,,0.0,,
1891-05-02,,,0.0,,
1891-05-03,,,0.0,,
1891-05-04,,,0.0,,
1891-05-05,,,0.0,,
1891-05-06,,,0.0,,
1891-05-07,,,0.0,,
1891-05-08,,,0.0,,
1891-05-09,,,0.0,,
1891-05-10,,,0.0,,
1891-05-11,,,0.0,,
1891-05-12,,,0.0,,
1891-05-13,,,0.0,,
1891-05-14,,,8.0,,
1891-05-15,,,0.0,,
1891-05-16,,,0.0,,
1891-05-17,,,0.0,,
1891-05-18,,,0.0,,
1891-05-19,,,218.0,,
1891-05-20,,,0.0,,
1891-05-21,,,0.0,,
1891-05-22,,,0.0,,
1891-05-23,,,0.0,,
1891-05-24,,,0.0,,
1891-05-25,,,69.0,,
1891-05-26,,,51.0,,
1891-05-27,,,71.0,,
1891-05-28,,,8.0,,
1891-05-29,,,0.0,,
1891-05-30,,,51.0,,
1891-05-31,,,0.0,,
1891-06-01,,,0.0,,0.0
1891-06-02,,,0.0,,
1891-06-03,,,0.0,,
1891-06-04,,,0.0,,
1891-06-05,,,0.0,,
1891-06-06,,,0.0,,
1891-06-07,,,318.0,,
1891-06-08,,,0.0,,
1891-06-09,,,0.0,,
1891-06-10,,,406.0,,
1891-06-11,,,229.0,,
1891-06-12,,,0.0,,
1891-06-13,,,193.0,,
1891-06-14,,,178.0,,
1891-06-15,,,0.0,,
1891-06-16,,,0.0,,
1891-06-17,,,51.0,,
1891-06-18,,,216.0,,
1891-06-19,,,18.0,,
1891-06-20,,,0.0,,
1891-06-21,,,74.0,,
1891-06-22,,,0.0,,
1891-06-23,,,0.0,,
1891-06-24,,,0.0,,
1891-06-25,,,0.0,,
1891-06-26,,,0.0,,
1891-06-27,,,0.0,,
1891-06-28,,,0.0,,
1891-06-29,,,0.0,,
1891-06-30,,,43.0,,
1891-07-01,,,0.0,,0.0
1891-07-02,,,0.0,,
1891-07-03,,,0.0,,
1891-07-04,,,0.0,,
1891-07-05,,,0.0,,
1891-07-06,,,0.0,,
1891-07-07,,,0.0,,
1891-07-08,,,320.0,,
1891-07-09,,,241.0,,
1891-07-10,,,0.0,,
1891-07-11,,,0.0,,
1891-07-12,,,0.0,,
1891-07-13,,,0.0,,
1891-07-14,,,0.0,,
1891-07-15,,,0.0,,
1891-07-16,,,13.0,,
1891-07-17,,,0.0,,
1891-07-18,,,508.0,,
1891-07-19,,,53.0,,
1891-07-20,,,0.0,,
1891-07-21,,,0.0,,
1891-07-22,,,0.0,,
1891-07-23,,,0.0,,
1891-07-24,,,236.0,,
1891-07-25,,,13.0,,
1891-07-26,,,0.0,,
1891-07-27,,,15.0,,
1891-07-28,,,46.0,,
1891-07-29,,,23.0,,
1891-07-30,,,508.0,,
1891-07-31,,,25.0,,
1891-08-01,,,165.0,,0.0
1891-08-02,,,338.0,,
1891-08-03,,,10.0,,
1891-08-04,,,0.0,,
1891-08-05,,,0.0,,
1891-08-06,,,0.0,,
1891-08-07,,,0.0,,
1891-08-08,,,30.0,,
1891-08-09,,,0.0,,
1891-08-10,,,0.0,,
1891-08-11,,,0.0,,
1891-08-12,,,0.0,,
1891-08-13,,,0.0,,
1891-08-14,,,0.0,,
1891-08-15,,,0.0,,
1891-08-16,,,0.0,,
1891-08-17,,,0.0,,
1891-08-18,,,13.0,,
1891-08-19,,,0.0,,
1891-08-20,,,394.0,,
1891-08-21,,,20.0,,
1891-08-22,,,114.0,,
1891-08-23,,,368.0,,
1891-08-24,,,64.0,,
1891-08-25,,,0.0,,
1891-08-26,,,58.0,,
1891-08-27,,,33.0,,
1891-08-28,,,97.0,,
1891-08-29,,,0.0,,
1891-08-30,,,0.0,,
1891-08-31,,,0.0,,
1891-09-01,,,0.0,,
1891-09-02,,,0.0,,
1891-09-03,,,249.0,,
1891-09-04,,,262.0,,
1891-09-05,,,0.0,,
1891-09-06,,,0.0,,
1891-09-07,,,0.0,,
1891-09-08,,,0.0,,
1891-09-09,,,0.0,,
1891-09-10,,,0.0,,
1891-09-11,,,0.0,,
1891-09-12,,,76.0,,
1891-09-13,,,64.0,,
1891-09-14,,,0.0,,
1891-09-15,,,0.0,,
1891-09-16,,,0.0,,0.0
1891-09-17,,,0.0,,0.0
1891-09-18,,,0.0,,0.0
1891-09-19,,,0.0,,0.0
1891-09-20,,,0.0,,0.0
1891-09-21,,,0.0,,0.0
1891-09-22,,,0.0,,0.0
1891-09-23,,,0.0,,
1891-09-24,,,0.0,,
1891-09-25,,,0.0,,
1891-09-26,,,0.0,,
1891-09-27,,,0.0,,
1891-09-28,,,0.0,,
1891-09-29,,,0.0,,
1891-09-30,,,13.0,,
1891-10-01,,,0.0,,
1891-10-02,,,0.0,,
1891-10-03,,,0.0,,
1891-10-04,,,0.0,,
1891-10-05,,,0.0,,
1891-10-06,,,0.0,,
1891-10-07,,,15.0,,
1891-10-08,,,13.0,,
1891-10-09,,,0.0,,
1891-10-10,,,0.0,,
1891-10-11,,,20.0,,
1891-10-12,,,0.0,,
1891-10-13,,,0.0,,
1891-10-14,,,0.0,,
1891-10-15,,,0.0,,
1891-10-16,,,0.0,,
1891-10-17,,,0.0,,0.0
1891-10-18,,,0.0,,0.0
1891-10-19,,,76.0,,0.0
1891-10-20,,,0.0,,0.0
1891-10-21,,,8.0,,0.0
1891-10-22,,,0.0,,0.0
1891-10-23,,,0.0,,0.0
1891-10-24,,,0.0,,0.0
1891-10-25,,,0.0,,
1891-10-26,,,0.0,,
1891-10-27,,,0.0,,
1891-10-28,,,0.0,,
1891-10-29,,,0.0,,
1891-10-30,,,0.0,,
1891-10-31,,,0.0,,
1891-11-01,,,0.0,,
1891-11-02,,,0.0,,
1891-11-03,,,0.0,,
1891-11-04,,,0.0,,
1891-11-05,,,0.0,,
1891-11-06,,,0.0,,
1891-11-07,,,0.0,,
1891-11-08,,,0.0,,
1891-11-09,,,0.0,,
1891-11-10,,,91.0,,
1891-11-11,,,198.0,,
1891-11-12,,,0.0,,
1891-11-13,,,0.0,,
1891-11-14,,,0.0,,
1891-11-15,,,0.0,,
1891-11-16,,,0.0,,
1891-11-17,,,333.0,,
1891-11-18,,,0.0,,
1891-11-19,,,0.0,,
1891-11-20,,,0.0,,
1891-11-21,,,25.0,,
1891-11-22,,,203.0,,
1891-11-23,,,170.0,,
1891-11-24,,,0.0,,
1891-11-25,,,0.0,,
1891-11-26,,,0.0,,
1891-11-27,,,15.0,,
1891-11-28,,,0.0,,
1891-11-29,,,25.0,,
1891-11-30,,,0.0,,
1891-12-01,,,0.0,,0.0
1891-12-02,,,0.0,,
1891-12-03,,,0.0,,
1891-12-04,,,221.0,,
1891-12-05,,,0.0,,
1891-12-06,,,0.0,,
1891-12-07,,,457.0,,
1891-12-08,,,0.0,,
1891-12-09,,,0.0,,
1891-12-10,,,0.0,,
1891-12-11,,,0.0,,
1891-12-12,,,0.0,,
1891-12-13,,,0.0,,
1891-12-14,,,0.0,,
1891-12-15,,,140.0,,
1891-12-16,,,104.0,,
1891-12-17,,,0.0,,
1891-12-18,,,0.0,,
1891-12-19,,,0.0,,
1891-12-20,,,0.0,,
1891-12-21,,,0.0,,
1891-12-22,,,0.0,,
1891-12-23,,,15.0,,
1891-12-24,,,112.0,,
1891-12-25,,,0.0,,
1891-12-26,,,152.0,,
1891-12-27,,,0.0,,
1891-12-28,,,0.0,,
1891-12-29,,,0.0,,
1891-12-30,,,64.0,,
1891-12-31,,,0.0,,
1892-01-01,,,0.0,,0.0
1892-01-02,,,178.0,,0.0
1892-01-03,,,0.0,,0.0
1892-01-04,,,0.0,,0.0
1892-01-05,,,58.0,,0.0
1892-01-06,,,208.0,,0.0
1892-01-07,,,25.0,,3.0
1892-01-08,,,0.0,,0.0
1892-01-09,,,13.0,,0.0
1892-01-10,,,46.0,,0.0
1892-01-11,,,234.0,,0.0
1892-01-12,,,0.0,,0.0
1892-01-13,,,965.0,,0.0
1892-01-14,,,340.0,,0.0
1892-01-15,,,0.0,,0.0
1892-01-16,,,0.0,,0.0
1892-01-17,,,0.0,,0.0
1892-01-18,,,127.0,,0.0
1892-01-19,,,241.0,,0.0
1892-01-20,,,114.0,,0.0
1892-01-21,,,0.0,,0.0
1892-01-22,,,0.0,,0.0
1892-01-23,,,0.0,,0.0
1892-01-24,,,0.0,,0.0
1892-01-25,,,0.0,,0.0
1892-01-26,,,0.0,,0.0
1892-01-27,,,0.0,,0.0
1892-01-28,,,0.0,,0.0
1892-01-29,,,0.0,,0.0
1892-01-30,,,0.0,,0.0
1892-01-31,,,0.0,,0.0
1892-02-01,,,0.0,,
1892-02-02,,,0.0,,
1892-02-03,,,0.0,,
1892-02-04,,,0.0,,
1892-02-05,,,119.0,,
1892-02-06,,,0.0,,
1892-02-07,,,13.0,,
1892-02-08,,,185.0,,
1892-02-09,,,0.0,,
1892-02-10,,,0.0,,
1892-02-11,,,0.0,,
1892-02-12,,,0.0,,
1892-02-13,,,0.0,,
1892-02-14,,,0.0,,
1892-02-15,,,178.0,,
1892-02-16,,,0.0,,
1892-02-17,,,0.0,,
1892-02-18,,,0.0,,
1892-02-19,,,0.0,,
1892-02-20,,,180.0,,
1892-02-21,,,216.0,,
1892-02-22,,,0.0,,
1892-02-23,,,0.0,,
1892-02-24,,,0.0,,
1892-02-25,,,0.0,,
1892-02-26,,,0.0,,
1892-02-27,,,0.0,,
1892-02-28,,,0.0,,
1892-02-29,,,145.0,,
1892-03-01,,,8.0,,0.0
1892-03-06,,,38.0,,
1892-03-07,,,56.0,,
1892-03-08,,,287.0,,
1892-03-09,,,13.0,,
1892-03-10,,,10.0,,
1892-03-16,,,41.0,,
1892-03-17,,,28.0,,
1892-03-18,,,160.0,,
1892-03-19,,,13.0,,
1892-03-23,,,152.0,,
1892-03-24,,,127.0,,
1892-03-25,,,18.0,,
1892-03-26,,,102.0,,
1892-03-27,,,20.0,,
1892-03-29,,,0.0,,
1892-03-30,,,0.0,,
1892-04-01,,,0.0,,
1892-04-02,,,0.0,,
1892-04-03,,,0.0,,
1892-04-04,,,0.0,,
1892-04-05,,,0.0,,
1892-04-06,,,993.0,,
1892-04-07,,,178.0,,
1892-04-08,,,386.0,,
1892-04-09,,,0.0,,
1892-04-10,,,0.0,,
1892-04-11,,,0.0,,
1892-04-12,,,25.0,,
1892-04-13,,,0.0,,
1892-04-14,,,318.0,,
1892-04-15,,,0.0,,
1892-04-16,,,0.0,,
1892-04-17,,,51.0,,
1892-04-18,,,0.0,,
1892-04-19,,,284.0,,
1892-04-20,,,0.0,,
1892-04-21,,,13.0,,
1892-04-22,,,8.0,,
1892-04-23,,,15.0,,
1892-04-24,,,0.0,,
1892-04-25,,,10.0,,
1892-04-26,,,0.0,,
1892-04-27,,,0.0,,
1892-04-28,,,0.0,,
1892-04-29,,,102.0,,
1892-05-01,,,0.0,,0.0
1892-05-02,,,0.0,,0.0
1892-05-03,,,43.0,,0.0
1892-05-04,,,0.0,,0.0
1892-05-05,,,38.0,,0.0
1892-05-06,,,0.0,,0.0
1892-05-07,,,0.0,,0.0
1892-05-08,,,0.0,,0.0
1892-05-09,,,0.0,,0.0
1892-05-10,,,155.0,,0.0
1892-05-11,,,137.0,,0.0
1892-05-12,,,0.0,,0.0
1892-05-13,,,0.0,,0.0
1892-05-14,,,25.0,,0.0
1892-05-15,,,0.0,,0.0
1892-05-16,,,0.0,,0.0
1892-05-17,,,25.0,,0.0
1892-05-18,,,0.0,,0.0
1892-05-19,,,28.0,,0.0
1892-05-20,,,0.0,,0.0
1892-05-21,,,191.0,,0.0
1892-05-22,,,0.0,,0.0
1892-05-23,,,0.0,,0.0
1892-05-24,,,0.0,,0.0
1892-05-25,,,0.0,,0.0
1892-05-26,,,0.0,,0.0
1892-05-27,,,0.0,,0.0
1892-05-28,,,122.0,,0.0
1892-05-29,,,71.0,,0.0
1892-05-30,,,127.0,,0.0
1892-05-31,,,0.0,,0.0
1892-06-01,,,0.0,,0.0
1892-06-02,,,0.0,,0.0
1892-06-03,,,142.0,,0.0
1892-06-04,,,48.0,,0.0
1892-06-05,,,0.0,,0.0
1892-06-06,,,0.0,,0.0
1892-06-07,,,0.0,,0.0
1892-06-08,,,5.0,,0.0
1892-06-09,,,216.0,,0.0
1892-06-10,,,318.0,,0.0
1892-06-11,,,0.0,,0.0
1892-06-12,,,0.0,,0.0
1892-06-13,,,0.0,,0.0
1892-06-14,,,0.0,,0.0
1892-06-15,,,0.0,,0.0
1892-06-16,,,0.0,,0.0
1892-06-17,,,0.0,,0.0
1892-06-18,,,25.0,,0.0
1892-06-19,,,150.0,,0.0
1892-06-20,,,216.0,,0.0
1892-06-21,,,208.0,,0.0
1892-06-22,,,64.0,,0.0
1892-06-23,,,33.0,,0.0
1892-06-24,,,51.0,,0.0
1892-06-25,,,25.0,,0.0
1892-06-26,,,178.0,,0.0
1892-06-27,,,0.0,,0.0
1892-06-28,,,381.0,,0.0
1892-06-29,,,0.0,,0.0
1892-06-30,,,0.0,,0.0
1892-07-01,,,25.0,,
1892-07-02,,,0.0,,
1892-07-03,,,76.0,,
1892-07-04,,,109.0,,
1892-07-05,,,216.0,,
1892-07-06,,,122.0,,0.0
1892-07-07,,,15.0,,0.0
1892-07-08,,,25.0,,0.0
1892-07-09,,,305.0,,0.0
1892-07-10,,,94.0,,0.0
1892-07-11,,,130.0,,0.0
1892-07-12,,,25.0,,0.0
1892-07-13,,,0.0,,0.0
1892-07-14,,,0.0,,0.0
1892-07-15,,,0.0,,
1892-07-16,,,0.0,,
1892-07-17,,,0.0,,
1892-07-18,,,0.0,,
1892-07-19,,,51.0,,
1892-07-20,,,41.0,,0.0
1892-07-21,,,0.0,,0.0
1892-07-22,,,0.0,,0.0
1892-07-23,,,0.0,,0.0
1892-07-24,,,0.0,,0.0
1892-07-25,,,0.0,,
1892-07-26,,,0.0,,
1892-07-27,,,41.0,,
1892-07-28,,,0.0,,
1892-07-29,,,0.0,,
1892-07-30,,,0.0,,
1892-07-31,,,0.0,,
1892-08-01,,,13.0,,
1892-08-02,,,140.0,,
1892-08-03,,,0.0,,0.0
1892-08-04,,,0.0,,0.0
1892-08-05,,,43.0,,0.0
1892-08-06,,,0.0,,0.0
1892-08-07,,,0.0,,
1892-08-08,,,25.0,,
1892-08-09,,,30.0,,
1892-08-11,,,0.0,,
1892-08-12,,,64.0,,0.0
1892-08-13,,,348.0,,0.0
1892-08-14,,,0.0,,0.0
1892-08-15,,,0.0,,0.0
1892-08-16,,,0.0,,
1892-08-17,,,33.0,,
1892-08-18,,,81.0,,
1892-08-19,,,23.0,,
1892-08-20,,,0.0,,
1892-08-21,,,0.0,,
1892-08-22,,,0.0,,0.0
1892-08-23,,,58.0,,0.0
1892-08-24,,,102.0,,0.0
1892-08-25,,,20.0,,0.0
1892-08-26,,,203.0,,0.0
1892-08-27,,,0.0,,
1892-08-28,,,20.0,,
1892-08-29,,,18.0,,
1892-08-30,,,15.0,,
1892-08-31,,,8.0,,
1892-09-01,,,0.0,,
1892-09-02,,,0.0,,
1892-09-03,,,0.0,,
1892-09-04,,,0.0,,
1892-09-05,,,0.0,,
1892-09-06,,,0.0,,
1892-09-07,,,58.0,,
1892-09-08,,,0.0,,
1892-09-09,,,0.0,,
1892-09-10,,,0.0,,
1892-09-11,,,0.0,,
1892-09-12,,,0.0,,
1892-09-13,,,229.0,,
1892-09-14,,,36.0,,
1892-09-15,,,0.0,,
1892-09-16,,,0.0,,
1892-09-17,,,0.0,,
1892-09-18,,,0.0,,
1892-09-19,,,0.0,,
1892-09-20,,,10.0,,
1892-09-21,,,0.0,,
1892-09-22,,,0.0,,
1892-09-23,,,46.0,,
1892-09-24,,,0.0,,
1892-09-25,,,0.0,,
1892-09-26,,,0.0,,
1892-09-27,,,0.0,,
1892-09-28,,,0.0,,
1892-09-29,,,0.0,,
1892-09-30,,,0.0,,
1892-10-01,,,0.0,,0.0
1892-10-02,,,0.0,,
1892-10-03,,,0.0,,
1892-10-04,,,0.0,,
1892-10-05,,,0.0,,
1892-10-06,,,0.0,,
1892-10-07,,,0.0,,
1892-10-08,,,0.0,,
1892-10-09,,,56.0,,
1892-10-10,,,0.0,,
1892-10-11,,,0.0,,
1892-10-12,,,0.0,,
1892-10-13,,,0.0,,
1892-10-14,,,0.0,,
1892-10-15,,,0.0,,
1892-10-16,,,0.0,,
1892-10-17,,,0.0,,
1892-10-18,,,0.0,,
1892-10-19,,,0.0,,
1892-10-20,,,0.0,,
1892-10-21,,,0.0,,
1892-10-22,,,0.0,,
1892-10-23,,,0.0,,
1892-10-24,,,0.0,,
1892-10-25,,,8.0,,
1892-10-26,,,0.0,,
1892-10-27,,,0.0,,
1892-10-28,,,0.0,,
1892-10-29,,,0.0,,
1892-10-30,,,0.0,,
1892-10-31,,,0.0,,
1892-11-01,,,0.0,,0.0
1892-11-02,,,102.0,,0.0
1892-11-03,,,102.0,,0.0
1892-11-04,,,356.0,,0.0
1892-11-05,,,0.0,,0.0
1892-11-06,,,0.0,,0.0
1892-11-07,,,76.0,,0.0
1892-11-08,,,475.0,,0.0
1892-11-09,,,348.0,,0.0
1892-11-10,,,119.0,,0.0
1892-11-11,,,0.0,,0.0
1892-11-12,,,0.0,,0.0
1892-11-13,,,0.0,,0.0
1892-11-14,,,0.0,,0.0
1892-11-15,,,249.0,,0.0
1892-11-16,,,0.0,,0.0
1892-11-17,,,0.0,,0.0
1892-11-18,,,384.0,,0.0
1892-11-19,,,0.0,,0.0
1892-11-20,,,0.0,,0.0
1892-11-21,,,0.0,,0.0
1892-11-22,,,13.0,,0.0
1892-11-23,,,0.0,,0.0
1892-11-24,,,0.0,,0.0
1892-11-25,,,0.0,,0.0
1892-11-26,,,51.0,,0.0
1892-11-27,,,20.0,,0.0
1892-11-28,,,41.0,,0.0
1892-11-29,,,0.0,,0.0
1892-11-30,,,0.0,,0.0
1892-12-01,,,0.0,,
1892-12-02,,,0.0,,
1892-12-03,,,216.0,,
1892-12-04,,,0.0,,
1892-12-05,,,0.0,,
1892-12-06,,,0.0,,
1892-12-07,,,0.0,,
1892-12-08,,,38.0,,
1892-12-09,,,0.0,,
1892-12-10,,,0.0,,
1892-12-11,,,0.0,,
1892-12-12,,,0.0,,
1892-12-13,,,8.0,,
1892-12-14,,,127.0,,
1892-12-15,,,0.0,,
1892-12-16,,,20.0,,
1892-12-17,,,231.0,,
1892-12-18,,,0.0,,
1892-12-19,,,0.0,,
1892-12-20,,,254.0,,
1892-12-21,,,0.0,,
1892-12-22,,,0.0,,
1892-12-23,,,0.0,,
1892-12-24,,,0.0,,
1892-12-25,,,0.0,,
1892-12-26,,,0.0,,
1892-12-27,,,8.0,,
1892-12-28,,,0.0,,
1892-12-29,,,0.0,,
1892-12-30,,,0.0,,
1892-12-31,,,0.0,,
1893-01-01,,,107.0,,0.0
1893-01-02,,,8.0,,0.0
1893-01-03,,,13.0,,0.0
1893-01-04,,,20.0,,0.0
1893-01-05,,,0.0,,0.0
1893-01-06,,,10.0,,0.0
1893-01-07,,,0.0,,0.0
1893-01-08,,,0.0,,0.0
1893-01-09,,,0.0,,0.0
1893-01-10,,,0.0,,0.0
1893-01-11,,,0.0,,0.0
1893-01-12,,,89.0,,8.0
1893-01-13,,,18.0,,10.0
1893-01-14,,,10.0,,0.0
1893-01-15,,,170.0,,18.0
1893-01-16,,,0.0,,0.0
1893-01-17,,,0.0,,0.0
1893-01-18,,,28.0,,3.0
1893-01-19,,,114.0,,10.0
1893-01-20,,,0.0,,0.0
1893-01-21,,,0.0,,0.0
1893-01-22,,,0.0,,0.0
1893-01-23,,,0.0,,0.0
1893-01-24,,,0.0,,0.0
1893-01-25,,,0.0,,0.0
1893-01-26,,,0.0,,0.0
1893-01-27,,,0.0,,0.0
1893-01-28,,,20.0,,0.0
1893-01-29,,,71.0,,0.0
1893-01-30,,,5.0,,0.0
1893-01-31,,,0.0,,0.0
1893-02-01,,,0.0,,0.0
1893-02-02,,,0.0,,0.0
1893-02-03,,,43.0,,0.0
1893-02-04,,,25.0,,0.0
1893-02-05,,,13.0,,0.0
1893-02-06,,,38.0,,0.0
1893-02-07,,,25.0,,0.0
1893-02-08,,,8.0,,0.0
1893-02-09,,,0.0,,0.0
1893-02-10,,,51.0,,0.0
1893-02-11,,,495.0,,0.0
1893-02-12,,,0.0,,0.0
1893-02-13,,,239.0,,0.0
1893-02-14,,,0.0,,0.0
1893-02-15,,,79.0,,0.0
1893-02-16,,,191.0,,0.0
1893-02-17,,,254.0,,0.0
1893-02-18,,,79.0,,0.0
1893-02-19,,,0.0,,0.0
1893-02-20,,,0.0,,0.0
1893-02-21,,,0.0,,0.0
1893-02-22,,,102.0,,0.0
1893-02-23,,,0.0,,0.0
1893-02-24,,,0.0,,0.0
1893-02-25,,,0.0,,0.0
1893-02-26,,,0.0,,0.0
1893-02-27,,,8.0,,0.0
1893-02-28,,,165.0,,0.0
1893-03-01,,,5.0,,0.0
1893-03-02,,,0.0,,0.0
1893-03-03,,,20.0,,0.0
1893-03-04,,,119.0,,25.0
1893-03-05,,,0.0,,0.0
1893-03-06,,,0.0,,0.0
1893-03-07,,,0.0,,0.0
1893-03-08,,,0.0,,0.0
1893-03-09,,,264.0,,0.0
1893-03-10,,,0.0,,0.0
1893-03-11,,,0.0,,0.0
1893-03-12,,,107.0,,0.0
1893-03-13,,,0.0,,0.0
1893-03-14,,,0.0,,0.0
1893-03-15,,,0.0,,0.0
1893-03-16,,,0.0,,0.0
1893-03-17,,,25.0,,23.0
1893-03-18,,,13.0,,13.0
1893-03-19,,,8.0,,8.0
1893-03-20,,,0.0,,0.0
1893-03-21,,,23.0,,0.0
1893-03-22,,,5.0,,0.0
1893-03-23,,,0.0,,0.0
1893-03-24,,,249.0,,0.0
1893-03-25,,,0.0,,0.0
1893-03-26,,,0.0,,0.0
1893-03-27,,,0.0,,0.0
1893-03-28,,,51.0,,0.0
1893-03-29,,,0.0,,0.0
1893-03-30,,,0.0,,0.0
1893-03-31,,,0.0,,0.0
1893-04-01,,,0.0,,0.0
1893-04-02,,,23.0,,0.0
1893-04-03,,,0.0,,0.0
1893-04-04,,,66.0,,0.0
1893-04-05,,,0.0,,0.0
1893-04-06,,,0.0,,0.0
1893-04-07,,,0.0,,0.0
1893-04-08,,,0.0,,0.0
1893-04-09,,,0.0,,0.0
1893-04-10,,,0.0,,0.0
1893-04-11,,,0.0,,0.0
1893-04-12,,,0.0,,0.0
1893-04-13,,,371.0,,0.0
1893-04-14,,,15.0,,0.0
1893-04-15,,,13.0,,0.0
1893-04-16,,,0.0,,0.0
1893-04-17,,,0.0,,0.0
1893-04-18,,,0.0,,0.0
1893-04-19,,,183.0,,0.0
1893-04-20,,,0.0,,0.0
1893-04-21,,,0.0,,0.0
1893-04-22,,,10.0,,0.0
1893-04-23,,,0.0,,0.0
1893-04-24,,,0.0,,0.0
1893-04-25,,,0.0,,0.0
1893-04-26,,,30.0,,0.0
1893-04-27,,,104.0,,0.0
1893-04-28,,,0.0,,0.0
1893-04-29,,,0.0,,0.0
1893-04-30,,,0.0,,0.0
1893-05-01,,,0.0,,0.0
1893-05-02,,,64.0,,0.0
1893-05-03,,,366.0,,0.0
1893-05-04,,,41.0,,0.0
1893-05-05,,,0.0,,0.0
1893-05-06,,,0.0,,0.0
1893-05-07,,,180.0,,0.0
1893-05-08,,,8.0,,0.0
1893-05-09,,,56.0,,0.0
1893-05-10,,,0.0,,0.0
1893-05-11,,,0.0,,0.0
1893-05-12,,,0.0,,0.0
1893-05-13,,,36.0,,0.0
1893-05-14,,,0.0,,0.0
1893-05-15,,,99.0,,0.0
1893-05-16,,,203.0,,0.0
1893-05-17,,,0.0,,0.0
1893-05-18,,,0.0,,0.0
1893-05-19,,,0.0,,0.0
1893-05-20,,,0.0,,0.0
1893-05-21,,,0.0,,0.0
1893-05-22,,,0.0,,0.0
1893-05-23,,,28.0,,0.0
1893-05-24,,,0.0,,0.0
1893-05-25,,,0.0,,0.0
1893-05-26,,,0.0,,0.0
1893-05-27,,,107.0,,0.0
1893-05-28,,,28.0,,0.0
1893-05-29,,,381.0,,0.0
1893-05-30,,,0.0,,0.0
1893-05-31,,,0.0,,0.0
1893-06-01,,,30.0,,
1893-06-02,,,107.0,,
1893-06-03,,,46.0,,
1893-06-04,,,0.0,,
1893-06-05,,,124.0,,
1893-06-06,,,340.0,,
1893-06-07,,,71.0,,
1893-06-08,,,10.0,,
1893-06-09,,,0.0,,
1893-06-10,,,0.0,,
1893-06-11,,,0.0,,
1893-06-12,,,0.0,,
1893-06-13,,,0.0,,
1893-06-14,,,0.0,,
1893-06-15,,,0.0,,
1893-06-16,,,0.0,,
1893-06-17,,,0.0,,
1893-06-18,,,0.0,,
1893-06-19,,,0.0,,
1893-06-20,,,254.0,,
1893-06-21,,,28.0,,
1893-06-22,,,333.0,,
1893-06-23,,,20.0,,
1893-06-24,,,0.0,,
1893-06-25,,,0.0,,
1893-06-26,,,61.0,,
1893-06-27,,,0.0,,
1893-06-28,,,0.0,,
1893-06-29,,,0.0,,
1893-06-30,,,0.0,,
1893-07-01,,,0.0,,0.0
1893-07-02,,,411.0,,0.0
1893-07-03,,,0.0,,0.0
1893-07-04,,,0.0,,0.0
1893-07-05,,,0.0,,0.0
1893-07-06,,,0.0,,0.0
1893-07-07,,,0.0,,0.0
1893-07-08,,,343.0,,0.0
1893-07-09,,,48.0,,0.0
1893-07-10,,,0.0,,0.0
1893-07-11,,,0.0,,0.0
1893-07-12,,,5.0,,0.0
1893-07-13,,,0.0,,0.0
1893-07-14,,,0.0,,0.0
1893-07-15,,,0.0,,0.0
1893-07-16,,,5.0,,0.0
1893-07-17,,,0.0,,0.0
1893-07-18,,,38.0,,0.0
1893-07-19,,,0.0,,0.0
1893-07-20,,,114.0,,0.0
1893-07-21,,,0.0,,0.0
1893-07-22,,,10.0,,0.0
1893-07-23,,,0.0,,0.0
1893-07-24,,,0.0,,0.0
1893-07-25,,,0.0,,0.0
1893-07-26,,,0.0,,0.0
1893-07-27,,,0.0,,0.0
1893-07-28,,,15.0,,0.0
1893-07-29,,,0.0,,0.0
1893-07-30,,,0.0,,0.0
1893-07-31,,,15.0,,0.0
1893-08-01,,,262.0,,
1893-08-02,,,0.0,,
1893-08-03,,,0.0,,
1893-08-04,,,25.0,,
1893-08-05,,,51.0,,0.0
1893-08-06,,,0.0,,0.0
1893-08-07,,,25.0,,0.0
1893-08-08,,,30.0,,0.0
1893-08-09,,,0.0,,0.0
1893-08-10,,,0.0,,
1893-08-11,,,0.0,,
1893-08-12,,,10.0,,
1893-08-13,,,5.0,,0.0
1893-08-14,,,71.0,,0.0
1893-08-15,,,213.0,,
1893-08-16,,,0.0,,
1893-08-17,,,0.0,,
1893-08-18,,,0.0,,0.0
1893-08-19,,,8.0,,0.0
1893-08-20,,,0.0,,0.0
1893-08-21,,,0.0,,0.0
1893-08-22,,,0.0,,0.0
1893-08-23,,,0.0,,
1893-08-24,,,0.0,,
1893-08-25,,,0.0,,
1893-08-26,,,0.0,,0.0
1893-08-27,,,23.0,,0.0
1893-08-28,,,0.0,,
1893-08-29,,,25.0,,
1893-08-30,,,0.0,,
1893-08-31,,,20.0,,
1893-09-01,,,76.0,,0.0
1893-09-02,,,8.0,,0.0
1893-09-03,,,0.0,,0.0
1893-09-04,,,0.0,,0.0
1893-09-05,,,0.0,,0.0
1893-09-06,,,0.0,,0.0
1893-09-07,,,0.0,,0.0
1893-09-08,,,203.0,,0.0
1893-09-09,,,127.0,,0.0
1893-09-10,,,160.0,,0.0
1893-09-11,,,203.0,,0.0
1893-09-12,,,127.0,,0.0
1893-09-13,,,244.0,,0.0
1893-09-14,,,38.0,,0.0
1893-09-15,,,0.0,,0.0
1893-09-16,,,0.0,,0.0
1893-09-17,,,0.0,,0.0
1893-09-18,,,0.0,,0.0
1893-09-19,,,0.0,,0.0
1893-09-20,,,0.0,,0.0
1893-09-21,,,0.0,,0.0
1893-09-22,,,0.0,,0.0
1893-09-23,,,0.0,,0.0
1893-09-24,,,0.0,,0.0
1893-09-25,,,0.0,,0.0
1893-09-26,,,86.0,,0.0
1893-09-27,,,0.0,,0.0
1893-09-28,,,0.0,,0.0
1893-09-29,,,0.0,,0.0
1893-09-30,,,0.0,,0.0
1893-10-01,,,0.0,,0.0
1893-10-02,,,0.0,,0.0
1893-10-03,,,0.0,,0.0
1893-10-04,,,56.0,,0.0
1893-10-05,,,0.0,,0.0
1893-10-06,,,0.0,,0.0
1893-10-07,,,0.0,,0.0
1893-10-08,,,0.0,,0.0
1893-10-09,,,0.0,,0.0
1893-10-10,,,0.0,,0.0
1893-10-11,,,0.0,,0.0
1893-10-12,,,0.0,,0.0
1893-10-13,,,0.0,,0.0
1893-10-14,,,58.0,,0.0
1893-10-15,,,0.0,,0.0
1893-10-16,,,0.0,,0.0
1893-10-17,,,0.0,,0.0
1893-10-18,,,0.0,,0.0
1893-10-19,,,0.0,,0.0
1893-10-20,,,0.0,,0.0
1893-10-21,,,76.0,,0.0
1893-10-22,,,0.0,,0.0
1893-10-23,,,0.0,,0.0
1893-10-24,,,0.0,,0.0
1893-10-25,,,0.0,,0.0
1893-10-26,,,0.0,,0.0
1893-10-27,,,0.0,,0.0
1893-10-28,,,0.0,,0.0
1893-10-29,,,0.0,,0.0
1893-10-30,,,0.0,,0.0
1893-10-31,,,0.0,,0.0
1893-11-01,,,0.0,,0.0
1893-11-02,,,0.0,,0.0
1893-11-03,,,0.0,,0.0
1893-11-04,,,0.0,,0.0
1893-11-05,,,25.0,,0.0
1893-11-06,,,25.0,,0.0
1893-11-07,,,0.0,,0.0
1893-11-08,,,0.0,,0.0
1893-11-09,,,0.0,,0.0
1893-11-10,,,0.0,,0.0
1893-11-11,,,0.0,,0.0
1893-11-12,,,0.0,,0.0
1893-11-13,,,0.0,,0.0
1893-11-14,,,30.0,,0.0
1893-11-15,,,69.0,,0.0
1893-11-16,,,0.0,,0.0
1893-11-17,,,0.0,,0.0
1893-11-18,,,0.0,,0.0
1893-11-19,,,0.0,,0.0
1893-11-20,,,0.0,,0.0
1893-11-21,,,102.0,,0.0
1893-11-22,,,0.0,,0.0
1893-11-23,,,0.0,,0.0
1893-11-24,,,0.0,,0.0
1893-11-25,,,0.0,,0.0
1893-11-26,,,0.0,,0.0
1893-11-27,,,36.0,,0.0
1893-11-28,,,130.0,,0.0
1893-11-29,,,0.0,,0.0
1893-11-30,,,0.0,,0.0
1893-12-01,,,0.0,,0.0
1893-12-02,,,0.0,,0.0
1893-12-03,,,30.0,,0.0
1893-12-04,,,259.0,,0.0
1893-12-05,,,0.0,,0.0
1893-12-06,,,0.0,,0.0
1893-12-07,,,0.0,,0.0
1893-12-08,,,0.0,,0.0
1893-12-09,,,0.0,,0.0
1893-12-10,,,38.0,,0.0
1893-12-11,,,0.0,,0.0
1893-12-12,,,0.0,,0.0
1893-12-13,,,48.0,,0.0
1893-12-14,,,0.0,,0.0
1893-12-15,,,28.0,,0.0
1893-12-16,,,51.0,,0.0
1893-12-17,,,0.0,,0.0
1893-12-18,,,0.0,,0.0
1893-12-19,,,0.0,,0.0
1893-12-20,,,0.0,,0.0
1893-12-21,,,0.0,,0.0
1893-12-22,,,0.0,,0.0
1893-12-23,,,0.0,,0.0
1893-12-24,,,0.0,,0.0
1893-12-25,,,0.0,,0.0
1893-12-26,,,0.0,,0.0
1893-12-27,,,0.0,,0.0
1893-12-28,,,0.0,,0.0
1893-12-29,,,84.0,,0.0
1893-12-30,,,193.0,,0.0
1893-12-31,,,8.0,,0.0
1894-01-01,,,0.0,,0.0
1894-01-02,,,0.0,,0.0
1894-01-03,,,0.0,,0.0
1894-01-04,,,0.0,,0.0
1894-01-05,,,76.0,,0.0
1894-01-06,,,28.0,,0.0
1894-01-07,,,152.0,,0.0
1894-01-08,,,0.0,,0.0
1894-01-09,,,48.0,,0.0
1894-01-10,,,135.0,,0.0
1894-01-11,,,109.0,,0.0
1894-01-12,,,0.0,,0.0
1894-01-13,,,0.0,,0.0
1894-01-14,,,0.0,,0.0
1894-01-15,,,97.0,,0.0
1894-01-16,,,84.0,,0.0
1894-01-17,,,0.0,,0.0
1894-01-18,,,0.0,,0.0
1894-01-19,,,0.0,,0.0
1894-01-20,,,0.0,,0.0
1894-01-21,,,122.0,,0.0
1894-01-22,,,0.0,,0.0
1894-01-23,,,0.0,,0.0
1894-01-24,,,0.0,,0.0
1894-01-25,,,99.0,,0.0
1894-01-26,,,0.0,,0.0
1894-01-27,,,0.0,,0.0
1894-01-28,,,0.0,,0.0
1894-01-29,,,36.0,,0.0
1894-01-30,,,43.0,,0.0
1894-01-31,,,0.0,,0.0
1894-02-01,,,0.0,,0.0
1894-02-02,,,0.0,,0.0
1894-02-03,,,366.0,,0.0
1894-02-04,,,229.0,,0.0
1894-02-05,,,0.0,,0.0
1894-02-06,,,0.0,,0.0
1894-02-07,,,0.0,,0.0
1894-02-08,,,97.0,,0.0
1894-02-09,,,140.0,,0.0
1894-02-10,,,0.0,,0.0
1894-02-11,,,0.0,,0.0
1894-02-12,,,140.0,,0.0
1894-02-13,,,0.0,,0.0
1894-02-14,,,51.0,,0.0
1894-02-15,,,46.0,,0.0
1894-02-16,,,15.0,,25.0
1894-02-17,,,0.0,,0.0
1894-02-18,,,160.0,,0.0
1894-02-19,,,0.0,,0.0
1894-02-20,,,0.0,,0.0
1894-02-21,,,36.0,,0.0
1894-02-22,,,43.0,,0.0
1894-02-23,,,0.0,,0.0
1894-02-24,,,0.0,,0.0
1894-02-25,,,191.0,,76.0
1894-02-26,,,114.0,,64.0
1894-02-27,,,0.0,,0.0
1894-02-28,,,0.0,,0.0
1894-03-01,,,0.0,,0.0
1894-03-02,,,0.0,,0.0
1894-03-03,,,0.0,,0.0
1894-03-04,,,0.0,,0.0
1894-03-05,,,0.0,,0.0
1894-03-06,,,0.0,,0.0
1894-03-07,,,104.0,,0.0
1894-03-08,,,3.0,,0.0
1894-03-09,,,0.0,,0.0
1894-03-10,,,0.0,,0.0
1894-03-11,,,0.0,,0.0
1894-03-12,,,175.0,,0.0
1894-03-13,,,0.0,,0.0
1894-03-14,,,0.0,,0.0
1894-03-15,,,38.0,,0.0
1894-03-16,,,117.0,,0.0
1894-03-17,,,43.0,,0.0
1894-03-18,,,0.0,,0.0
1894-03-19,,,0.0,,0.0
1894-03-20,,,0.0,,0.0
1894-03-21,,,259.0,,0.0
1894-03-22,,,0.0,,0.0
1894-03-23,,,13.0,,0.0
1894-03-24,,,0.0,,0.0
1894-03-25,,,8.0,,0.0
1894-03-26,,,0.0,,0.0
1894-03-27,,,0.0,,0.0
1894-03-28,,,0.0,,0.0
1894-03-29,,,10.0,,0.0
1894-03-30,,,0.0,,0.0
1894-03-31,,,0.0,,0.0
1894-04-01,,,0.0,,0.0
1894-04-02,,,170.0,,0.0
1894-04-03,,,0.0,,0.0
1894-04-04,,,104.0,,0.0
1894-04-05,,,48.0,,0.0
1894-04-06,,,0.0,,0.0
1894-04-07,,,0.0,,0.0
1894-04-08,,,0.0,,0.0
1894-04-09,,,69.0,,0.0
1894-04-10,,,170.0,,0.0
1894-04-11,,,56.0,,0.0
1894-04-12,,,0.0,,0.0
1894-04-13,,,0.0,,0.0
1894-04-14,,,0.0,,0.0
1894-04-15,,,0.0,,0.0
1894-04-16,,,8.0,,0.0
1894-04-17,,,0.0,,0.0
1894-04-18,,,0.0,,0.0
1894-04-19,,,0.0,,0.0
1894-04-20,,,114.0,,0.0
1894-04-21,,,48.0,,0.0
1894-04-22,,,0.0,,0.0
1894-04-23,,,0.0,,0.0
1894-04-24,,,0.0,,0.0
1894-04-25,,,0.0,,0.0
1894-04-26,,,0.0,,0.0
1894-04-27,,,0.0,,0.0
1894-04-28,,,0.0,,0.0
1894-04-29,,,0.0,,0.0
1894-04-30,,,0.0,,0.0
1894-05-01,,,0.0,,0.0
1894-05-02,,,0.0,,0.0
1894-05-03,,,0.0,,0.0
1894-05-04,,,28.0,,0.0
1894-05-05,,,0.0,,0.0
1894-05-06,,,0.0,,0.0
1894-05-07,,,0.0,,0.0
1894-05-08,,,145.0,,0.0
1894-05-09,,,0.0,,0.0
1894-05-10,,,0.0,,0.0
1894-05-11,,,0.0,,0.0
1894-05-12,,,0.0,,0.0
1894-05-13,,,76.0,,0.0
1894-05-14,,,0.0,,0.0
1894-05-15,,,0.0,,0.0
1894-05-16,,,51.0,,0.0
1894-05-17,,,0.0,,0.0
1894-05-18,,,25.0,,0.0
1894-05-19,,,76.0,,0.0
1894-05-20,,,25.0,,0.0
1894-05-21,,,71.0,,0.0
1894-05-22,,,36.0,,0.0
1894-05-23,,,23.0,,0.0
1894-05-24,,,5.0,,0.0
1894-05-25,,,0.0,,0.0
1894-05-26,,,0.0,,0.0
1894-05-27,,,0.0,,0.0
1894-05-28,,,0.0,,0.0
1894-05-29,,,0.0,,0.0
1894-05-30,,,0.0,,0.0
1894-05-31,,,71.0,,0.0
1894-06-01,,,0.0,,0.0
1894-06-02,,,0.0,,0.0
1894-06-03,,,0.0,,0.0
1894-06-04,,,0.0,,0.0
1894-06-05,,,0.0,,0.0
1894-06-06,,,0.0,,0.0
1894-06-07,,,28.0,,0.0
1894-06-08,,,0.0,,0.0
1894-06-09,,,0.0,,0.0
1894-06-10,,,0.0,,0.0
1894-06-11,,,0.0,,0.0
1894-06-12,,,0.0,,0.0
1894-06-13,,,0.0,,0.0
1894-06-14,,,0.0,,0.0
1894-06-15,,,94.0,,0.0
1894-06-16,,,84.0,,0.0
1894-06-17,,,363.0,,0.0
1894-06-18,,,208.0,,0.0
1894-06-19,,,279.0,,0.0
1894-06-20,,,208.0,,0.0
1894-06-21,,,0.0,,0.0
1894-06-22,,,168.0,,0.0
1894-06-23,,,0.0,,0.0
1894-06-24,,,0.0,,0.0
1894-06-25,,,165.0,,0.0
1894-06-26,,,292.0,,0.0
1894-06-27,,,28.0,,0.0
1894-06-28,,,41.0,,0.0
1894-06-29,,,0.0,,0.0
1894-06-30,,,0.0,,0.0
1894-07-01,,,0.0,,0.0
1894-07-02,,,0.0,,0.0
1894-07-03,,,0.0,,0.0
1894-07-04,,,0.0,,0.0
1894-07-05,,,0.0,,0.0
1894-07-06,,,127.0,,0.0
1894-07-07,,,160.0,,0.0
1894-07-08,,,0.0,,0.0
1894-07-09,,,0.0,,0.0
1894-07-10,,,0.0,,0.0
1894-07-11,,,0.0,,0.0
1894-07-12,,,0.0,,0.0
1894-07-13,,,0.0,,0.0
1894-07-14,,,0.0,,0.0
1894-07-15,,,0.0,,0.0
1894-07-16,,,0.0,,0.0
1894-07-17,,,102.0,,0.0
1894-07-18,,,56.0,,0.0
1894-07-19,,,0.0,,0.0
1894-07-20,,,239.0,,0.0
1894-07-21,,,0.0,,0.0
1894-07-22,,,191.0,,0.0
1894-07-23,,,0.0,,0.0
1894-07-24,,,0.0,,0.0
1894-07-25,,,0.0,,0.0
1894-07-26,,,0.0,,0.0
1894-07-27,,,0.0,,0.0
1894-07-28,,,0.0,,0.0
1894-07-29,,,0.0,,0.0
1894-07-30,,,0.0,,0.0
1894-07-31,,,53.0,,0.0
1894-08-01,,,0.0,,0.0
1894-08-02,,,0.0,,0.0
1894-08-03,,,0.0,,0.0
1894-08-04,,,0.0,,0.0
1894-08-05,,,0.0,,0.0
1894-08-06,,,0.0,,0.0
1894-08-07,,,0.0,,0.0
1894-08-08,,,0.0,,0.0
1894-08-09,,,0.0,,0.0
1894-08-10,,,0.0,,0.0
1894-08-11,,,170.0,,0.0
1894-08-12,,,0.0,,0.0
1894-08-13,,,0.0,,0.0
1894-08-14,,,0.0,,0.0
1894-08-15,,,0.0,,0.0
1894-08-16,,,300.0,,0.0
1894-08-17,,,0.0,,0.0
1894-08-18,,,38.0,,0.0
1894-08-19,,,0.0,,0.0
1894-08-20,,,0.0,,0.0
1894-08-21,,,0.0,,0.0
1894-08-22,,,0.0,,0.0
1894-08-23,,,0.0,,0.0
1894-08-24,,,8.0,,0.0
1894-08-25,,,0.0,,0.0
1894-08-26,,,178.0,,0.0
1894-08-27,,,25.0,,0.0
1894-08-28,,,15.0,,0.0
1894-08-29,,,102.0,,0.0
1894-08-30,,,0.0,,0.0
1894-08-31,,,0.0,,0.0
1894-09-01,,,0.0,,0.0
1894-09-02,,,0.0,,0.0
1894-09-03,,,168.0,,0.0
1894-09-04,,,0.0,,0.0
1894-09-05,,,0.0,,0.0
1894-09-06,,,0.0,,0.0
1894-09-07,,,0.0,,0.0
1894-09-08,,,0.0,,0.0
1894-09-09,,,0.0,,0.0
1894-09-10,,,0.0,,0.0
1894-09-11,,,0.0,,0.0
1894-09-12,,,0.0,,0.0
1894-09-13,,,0.0,,0.0
1894-09-14,,,0.0,,0.0
1894-09-15,,,0.0,,0.0
1894-09-16,,,0.0,,0.0
1894-09-17,,,0.0,,0.0
1894-09-18,,,183.0,,0.0
1894-09-19,,,0.0,,0.0
1894-09-20,,,0.0,,0.0
1894-09-21,,,0.0,,0.0
1894-09-22,,,0.0,,0.0
1894-09-23,,,0.0,,0.0
1894-09-24,,,0.0,,0.0
1894-09-25,,,0.0,,0.0
1894-09-26,,,0.0,,0.0
1894-09-27,,,0.0,,0.0
1894-09-28,,,0.0,,0.0
1894-09-29,,,0.0,,0.0
1894-09-30,,,0.0,,0.0
1894-10-01,,,0.0,,0.0
1894-10-02,,,0.0,,0.0
1894-10-03,,,84.0,,0.0
1894-10-04,,,0.0,,0.0
1894-10-05,,,0.0,,0.0
1894-10-06,,,0.0,,0.0
1894-10-07,,,0.0,,0.0
1894-10-08,,,0.0,,0.0
1894-10-09,,,94.0,,0.0
1894-10-10,,,0.0,,0.0
1894-10-11,,,0.0,,0.0
1894-10-12,,,0.0,,0.0
1894-10-13,,,15.0,,0.0
1894-10-14,,,0.0,,0.0
1894-10-15,,,0.0,,0.0
1894-10-16,,,0.0,,0.0
1894-10-17,,,0.0,,0.0
1894-10-18,,,0.0,,0.0
1894-10-19,,,0.0,,0.0
1894-10-20,,,0.0,,0.0
1894-10-21,,,0.0,,0.0
1894-10-22,,,0.0,,0.0
1894-10-23,,,0.0,,0.0
1894-10-24,,,0.0,,0.0
1894-10-25,,,0.0,,0.0
1894-10-26,,,0.0,,0.0
1894-10-27,,,0.0,,0.0
1894-10-28,,,0.0,,0.0
1894-10-29,,,0.0,,0.0
1894-10-30,,,191.0,,0.0
1894-10-31,,,249.0,,0.0
1894-11-01,,,0.0,,0.0
1894-11-02,,,0.0,,0.0
1894-11-03,,,0.0,,0.0
1894-11-04,,,0.0,,0.0
1894-11-05,,,0.0,,0.0
1894-11-06,,,0.0,,0.0
1894-11-07,,,0.0,,0.0
1894-11-08,,,0.0,,0.0
1894-11-09,,,0.0,,0.0
1894-11-10,,,0.0,,0.0
1894-11-11,,,0.0,,0.0
1894-11-12,,,0.0,,0.0
1894-11-13,,,0.0,,0.0
1894-11-14,,,71.0,,0.0
1894-11-15,,,0.0,,0.0
1894-11-16,,,0.0,,0.0
1894-11-17,,,66.0,,0.0
1894-11-18,,,0.0,,0.0
1894-11-19,,,0.0,,0.0
1894-11-20,,,0.0,,0.0
1894-11-21,,,0.0,,0.0
1894-11-22,,,0.0,,0.0
1894-11-23,,,25.0,,0.0
1894-11-24,,,25.0,,0.0
1894-11-25,,,0.0,,0.0
1894-11-26,,,0.0,,0.0
1894-11-27,,,0.0,,0.0
1894-11-28,,,0.0,,0.0
1894-11-29,,,0.0,,0.0
1894-11-30,,,0.0,,0.0
1894-12-01,,,0.0,,0.0
1894-12-02,,,30.0,,0.0
1894-12-03,,,69.0,,0.0
1894-12-04,,,30.0,,0.0
1894-12-05,,,0.0,,0.0
1894-12-06,,,0.0,,0.0
1894-12-07,,,0.0,,0.0
1894-12-08,,,51.0,,0.0
1894-12-09,,,104.0,,0.0
1894-12-10,,,127.0,,0.0
1894-12-11,,,74.0,,0.0
1894-12-12,,,521.0,,0.0
1894-12-13,,,0.0,,0.0
1894-12-14,,,0.0,,0.0
1894-12-15,,,0.0,,0.0
1894-12-16,,,0.0,,0.0
1894-12-17,,,79.0,,0.0
1894-12-18,,,0.0,,0.0
1894-12-19,,,0.0,,0.0
1894-12-20,,,0.0,,0.0
1894-12-21,,,0.0,,0.0
1894-12-22,,,0.0,,0.0
1894-12-23,,,,,0.0
1894-12-24,,,0.0,,0.0
1894-12-25,,,0.0,,0.0
1894-12-26,,,239.0,,0.0
1894-12-27,,,249.0,,0.0
1894-12-28,,,234.0,,0.0
1894-12-29,,,0.0,,0.0
1894-12-30,,,0.0,,0.0
1894-12-31,,,51.0,,0.0
1895-01-01,,,0.0,,
1895-01-02,,,0.0,,
1895-01-03,,,0.0,,
1895-01-04,,,0.0,,
1895-01-05,,,0.0,,
1895-01-06,,,0.0,,
1895-01-07,,,0.0,,
1895-01-08,,,0.0,,
1895-01-09,,,0.0,,
1895-01-10,,,0.0,,
1895-01-11,,,0.0,,
1895-01-12,,,0.0,,
1895-01-13,,,0.0,,
1895-01-14,,,0.0,,
1895-01-15,,,0.0,,
1895-01-16,,,0.0,,
1895-01-17,,,0.0,,
1895-01-18,,,0.0,,
1895-01-19,,,0.0,,
1895-01-20,,,51.0,,
1895-01-21,,,155.0,,
1895-01-22,,,157.0,,
1895-01-23,,,0.0,,
1895-01-24,,,0.0,,
1895-01-25,,,0.0,,
1895-01-26,,,81.0,,
1895-01-27,,,0.0,,
1895-01-28,,,25.0,,
1895-01-29,,,157.0,,
1895-01-30,,,0.0,,
1895-01-31,,,0.0,,
1895-02-01,,,0.0,,0.0
1895-02-02,,,104.0,,76.0
1895-02-03,,,0.0,,0.0
1895-02-04,,,0.0,,0.0
1895-02-05,,,0.0,,0.0
1895-02-06,,,0.0,,0.0
1895-02-07,,,76.0,,64.0
1895-02-08,,,51.0,,0.0
1895-02-09,,,0.0,,0.0
1895-02-10,,,0.0,,0.0
1895-02-11,,,112.0,,127.0
1895-02-12,,,170.0,,229.0
1895-02-13,,,0.0,,0.0
1895-02-14,,,0.0,,0.0
1895-02-15,,,0.0,,0.0
1895-02-16,,,183.0,,203.0
1895-02-17,,,0.0,,0.0
1895-02-18,,,0.0,,0.0
1895-02-19,,,0.0,,0.0
1895-02-20,,,0.0,,0.0
1895-02-21,,,0.0,,0.0
1895-02-22,,,0.0,,0.0
1895-02-23,,,0.0,,0.0
1895-02-24,,,0.0,,0.0
1895-02-25,,,0.0,,0.0
1895-02-26,,,0.0,,0.0
1895-02-27,,,0.0,,0.0
1895-02-28,,,0.0,,0.0
1895-03-01,,,394.0,,
1895-03-02,,,0.0,,
1895-03-03,,,0.0,,
1895-03-04,,,0.0,,
1895-03-05,,,0.0,,
1895-03-06,,,0.0,,
1895-03-07,,,76.0,,
1895-03-08,,,38.0,,
1895-03-09,,,0.0,,
1895-03-10,,,25.0,,
1895-03-11,,,25.0,,
1895-03-12,,,216.0,,
1895-03-13,,,56.0,,
1895-03-14,,,51.0,,
1895-03-15,,,102.0,,
1895-03-16,,,0.0,,
1895-03-17,,,0.0,,
1895-03-18,,,0.0,,
1895-03-19,,,498.0,,
1895-03-20,,,152.0,,
1895-03-21,,,0.0,,
1895-03-22,,,0.0,,
1895-03-23,,,0.0,,
1895-03-24,,,0.0,,
1895-03-25,,,76.0,,
1895-03-26,,,58.0,,
1895-03-27,,,0.0,,
1895-03-28,,,36.0,,0.0
1895-03-29,,,0.0,,0.0
1895-03-30,,,0.0,,0.0
1895-03-31,,,0.0,,0.0
1895-04-01,,,53.0,,0.0
1895-04-02,,,5.0,,0.0
1895-04-03,,,5.0,,0.0
1895-04-04,,,0.0,,0.0
1895-04-05,,,0.0,,0.0
1895-04-06,,,0.0,,0.0
1895-04-07,,,302.0,,0.0
1895-04-08,,,56.0,,0.0
1895-04-09,,,28.0,,0.0
1895-04-10,,,0.0,,0.0
1895-04-11,,,0.0,,0.0
1895-04-12,,,0.0,,0.0
1895-04-13,,,107.0,,0.0
1895-04-14,,,0.0,,0.0
1895-04-15,,,0.0,,0.0
1895-04-16,,,0.0,,0.0
1895-04-17,,,0.0,,0.0
1895-04-18,,,246.0,,0.0
1895-04-19,,,15.0,,0.0
1895-04-20,,,0.0,,0.0
1895-04-21,,,0.0,,0.0
1895-04-22,,,0.0,,0.0
1895-04-23,,,0.0,,0.0
1895-04-24,,,0.0,,0.0
1895-04-25,,,0.0,,0.0
1895-04-26,,,97.0,,0.0
1895-04-27,,,112.0,,0.0
1895-04-28,,,30.0,,0.0
1895-04-29,,,13.0,,0.0
1895-04-30,,,0.0,,0.0
1895-05-01,,,0.0,,0.0
1895-05-02,,,0.0,,0.0
1895-05-03,,,279.0,,0.0
1895-05-04,,,0.0,,0.0
1895-05-05,,,180.0,,0.0
1895-05-06,,,38.0,,0.0
1895-05-07,,,168.0,,0.0
1895-05-08,,,30.0,,0.0
1895-05-09,,,84.0,,0.0
1895-05-10,,,0.0,,0.0
1895-05-11,,,84.0,,0.0
1895-05-12,,,8.0,,0.0
1895-05-13,,,0.0,,0.0
1895-05-14,,,104.0,,0.0
1895-05-15,,,0.0,,0.0
1895-05-16,,,0.0,,0.0
1895-05-17,,,10.0,,0.0
1895-05-18,,,30.0,,0.0
1895-05-19,,,0.0,,0.0
1895-05-20,,,0.0,,0.0
1895-05-21,,,20.0,,0.0
1895-05-22,,,0.0,,0.0
1895-05-23,,,0.0,,0.0
1895-05-24,,,79.0,,0.0
1895-05-25,,,13.0,,0.0
1895-05-26,,,130.0,,0.0
1895-05-27,,,74.0,,0.0
1895-05-28,,,0.0,,0.0
1895-05-29,,,0.0,,0.0
1895-05-30,,,0.0,,0.0
1895-05-31,,,0.0,,0.0
1895-06-01,,,0.0,,0.0
1895-06-02,,,0.0,,0.0
1895-06-03,,,0.0,,0.0
1895-06-04,,,0.0,,0.0
1895-06-05,,,0.0,,0.0
1895-06-06,,,168.0,,0.0
1895-06-07,,,0.0,,0.0
1895-06-08,,,0.0,,0.0
1895-06-09,,,0.0,,0.0
1895-06-10,,,0.0,,0.0
1895-06-11,,,0.0,,0.0
1895-06-12,,,0.0,,0.0
1895-06-13,,,0.0,,0.0
1895-06-14,,,0.0,,0.0
1895-06-15,,,0.0,,0.0
1895-06-16,,,46.0,,0.0
1895-06-17,,,30.0,,0.0
1895-06-18,,,0.0,,0.0
1895-06-19,,,0.0,,0.0
1895-06-20,,,0.0,,0.0
1895-06-21,,,0.0,,0.0
1895-06-22,,,0.0,,0.0
1895-06-23,,,0.0,,0.0
1895-06-24,,,0.0,,0.0
1895-06-25,,,0.0,,0.0
1895-06-26,,,0.0,,0.0
1895-06-27,,,0.0,,0.0
1895-06-28,,,0.0,,0.0
1895-06-29,,,0.0,,0.0
1895-06-30,,,290.0,,0.0
1895-07-01,,,188.0,,0.0
1895-07-02,,,178.0,,0.0
1895-07-03,,,91.0,,0.0
1895-07-04,,,0.0,,0.0
1895-07-05,,,0.0,,0.0
1895-07-06,,,20.0,,0.0
1895-07-07,,,173.0,,0.0
1895-07-08,,,381.0,,0.0
1895-07-09,,,122.0,,0.0
1895-07-10,,,0.0,,0.0
1895-07-11,,,0.0,,0.0
1895-07-12,,,23.0,,0.0
1895-07-13,,,0.0,,0.0
1895-07-14,,,0.0,,0.0
1895-07-15,,,168.0,,0.0
1895-07-16,,,0.0,,0.0
1895-07-17,,,0.0,,0.0
1895-07-18,,,0.0,,0.0
1895-07-19,,,0.0,,0.0
1895-07-20,,,277.0,,0.0
1895-07-21,,,3.0,,0.0
1895-07-22,,,0.0,,0.0
1895-07-23,,,0.0,,0.0
1895-07-24,,,0.0,,0.0
1895-07-25,,,348.0,,0.0
1895-07-26,,,0.0,,0.0
1895-07-27,,,0.0,,0.0
1895-07-28,,,0.0,,0.0
1895-07-29,,,0.0,,0.0
1895-07-30,,,0.0,,0.0
1895-07-31,,,132.0,,0.0
1895-08-01,,,0.0,,0.0
1895-08-02,,,0.0,,0.0
1895-08-03,,,0.0,,0.0
1895-08-04,,,0.0,,0.0
1895-08-05,,,0.0,,0.0
1895-08-06,,,0.0,,0.0
1895-08-07,,,198.0,,0.0
1895-08-08,,,0.0,,0.0
1895-08-09,,,0.0,,0.0
1895-08-10,,,0.0,,0.0
1895-08-11,,,0.0,,0.0
1895-08-12,,,0.0,,0.0
1895-08-13,,,0.0,,0.0
1895-08-14,,,117.0,,0.0
1895-08-15,,,0.0,,0.0
1895-08-16,,,0.0,,0.0
1895-08-17,,,279.0,,0.0
1895-08-18,,,48.0,,0.0
1895-08-19,,,0.0,,0.0
1895-08-20,,,0.0,,0.0
1895-08-21,,,20.0,,0.0
1895-08-22,,,130.0,,0.0
1895-08-23,,,0.0,,0.0
1895-08-24,,,0.0,,0.0
1895-08-25,,,0.0,,0.0
1895-08-26,,,0.0,,0.0
1895-08-27,,,71.0,,0.0
1895-08-28,,,0.0,,0.0
1895-08-29,,,0.0,,0.0
1895-08-30,,,0.0,,0.0
1895-08-31,,,25.0,,0.0
1895-09-01,,,81.0,,0.0
1895-09-02,,,0.0,,0.0
1895-09-03,,,41.0,,0.0
1895-09-04,,,0.0,,0.0
1895-09-05,,,0.0,,0.0
1895-09-06,,,0.0,,0.0
1895-09-07,,,0.0,,0.0
1895-09-08,,,0.0,,0.0
1895-09-09,,,0.0,,0.0
1895-09-10,,,0.0,,0.0
1895-09-11,,,188.0,,0.0
1895-09-12,,,142.0,,0.0
1895-09-13,,,0.0,,0.0
1895-09-14,,,0.0,,0.0
1895-09-15,,,0.0,,0.0
1895-09-16,,,338.0,,0.0
1895-09-17,,,81.0,,0.0
1895-09-18,,,0.0,,0.0
1895-09-19,,,0.0,,0.0
1895-09-20,,,0.0,,0.0
1895-09-21,,,0.0,,0.0
1895-09-22,,,0.0,,0.0
1895-09-23,,,0.0,,0.0
1895-09-24,,,0.0,,0.0
1895-09-25,,,0.0,,0.0
1895-09-26,,,0.0,,0.0
1895-09-27,,,0.0,,0.0
1895-09-28,,,0.0,,0.0
1895-09-29,,,0.0,,0.0
1895-09-30,,,0.0,,0.0
1895-10-01,,,0.0,,0.0
1895-10-02,,,0.0,,0.0
1895-10-03,,,0.0,,0.0
1895-10-04,,,0.0,,0.0
1895-10-05,,,0.0,,0.0
1895-10-06,,,0.0,,0.0
1895-10-07,,,0.0,,0.0
1895-10-08,,,81.0,,0.0
1895-10-09,,,0.0,,0.0
1895-10-10,,,0.0,,0.0
1895-10-11,,,0.0,,0.0
1895-10-12,,,30.0,,0.0
1895-10-13,,,0.0,,0.0
1895-10-14,,,0.0,,0.0
1895-10-15,,,0.0,,0.0
1895-10-16,,,0.0,,0.0
1895-10-17,,,0.0,,0.0
1895-10-18,,,0.0,,0.0
1895-10-19,,,0.0,,0.0
1895-10-20,,,0.0,,0.0
1895-10-21,,,0.0,,0.0
1895-10-22,,,0.0,,0.0
1895-10-23,,,0.0,,0.0
1895-10-24,,,0.0,,0.0
1895-10-25,,,0.0,,0.0
1895-10-26,,,0.0,,0.0
1895-10-27,,,0.0,,0.0
1895-10-28,,,168.0,,0.0
1895-10-29,,,0.0,,0.0
1895-10-30,,,0.0,,0.0
1895-10-31,,,183.0,,0.0
1895-11-01,,,91.0,,0.0
1895-11-02,,,20.0,,0.0
1895-11-03,,,0.0,,0.0
1895-11-04,,,0.0,,0.0
1895-11-05,,,0.0,,0.0
1895-11-06,,,0.0,,0.0
1895-11-07,,,0.0,,0.0
1895-11-08,,,30.0,,0.0
1895-11-09,,,0.0,,0.0
1895-11-10,,,340.0,,0.0
1895-11-11,,,30.0,,0.0
1895-11-12,,,0.0,,0.0
1895-11-13,,,0.0,,0.0
1895-11-14,,,0.0,,0.0
1895-11-15,,,36.0,,0.0
1895-11-16,,,0.0,,0.0
1895-11-17,,,0.0,,0.0
1895-11-18,,,0.0,,0.0
1895-11-19,,,0.0,,0.0
1895-11-20,,,74.0,,0.0
1895-11-21,,,0.0,,0.0
1895-11-22,,,0.0,,0.0
1895-11-23,,,0.0,,0.0
1895-11-24,,,0.0,,0.0
1895-11-25,,,0.0,,0.0
1895-11-26,,,71.0,,0.0
1895-11-27,,,0.0,,0.0
1895-11-28,,,0.0,,0.0
1895-11-29,,,0.0,,0.0
1895-11-30,,,0.0,,0.0
1895-12-01,,,0.0,,0.0
1895-12-02,,,132.0,,0.0
1895-12-03,,,0.0,,0.0
1895-12-04,,,0.0,,0.0
1895-12-05,,,36.0,,51.0
1895-12-06,,,0.0,,0.0
1895-12-07,,,0.0,,0.0
1895-12-08,,,20.0,,0.0
1895-12-09,,,91.0,,0.0
1895-12-10,,,13.0,,0.0
1895-12-11,,,0.0,,0.0
1895-12-12,,,0.0,,0.0
1895-12-13,,,43.0,,25.0
1895-12-14,,,0.0,,0.0
1895-12-15,,,0.0,,0.0
1895-12-16,,,0.0,,0.0
1895-12-17,,,0.0,,0.0
1895-12-18,,,0.0,,0.0
1895-12-19,,,0.0,,0.0
1895-12-20,,,0.0,,0.0
1895-12-21,,,351.0,,0.0
1895-12-22,,,0.0,,0.0
1895-12-23,,,0.0,,0.0
1895-12-24,,,0.0,,0.0
1895-12-25,,,0.0,,0.0
1895-12-26,,,51.0,,0.0
1895-12-27,,,89.0,,0.0
1895-12-28,,,48.0,,64.0
1895-12-29,,,0.0,,0.0
1895-12-30,,,163.0,,0.0
1895-12-31,,,36.0,,25.0
1896-01-01,,,18.0,,13.0
1896-01-02,,,0.0,,0.0
1896-01-03,,,36.0,,0.0
1896-01-04,,,0.0,,0.0
1896-01-05,,,0.0,,0.0
1896-01-06,,,0.0,,0.0
1896-01-07,,,0.0,,0.0
1896-01-08,,,66.0,,0.0
1896-01-09,,,0.0,,0.0
1896-01-10,,,0.0,,0.0
1896-01-11,,,0.0,,0.0
1896-01-12,,,0.0,,0.0
1896-01-13,,,0.0,,0.0
1896-01-14,,,5.0,,0.0
1896-01-15,,,0.0,,0.0
1896-01-16,,,28.0,,0.0
1896-01-17,,,81.0,,0.0
1896-01-18,,,0.0,,0.0
1896-01-19,,,0.0,,0.0
1896-01-20,,,0.0,,0.0
1896-01-21,,,15.0,,0.0
1896-01-22,,,127.0,,0.0
1896-01-23,,,28.0,,0.0
1896-01-24,,,267.0,,0.0
1896-01-25,,,0.0,,0.0
1896-01-26,,,0.0,,0.0
1896-01-27,,,0.0,,0.0
1896-01-28,,,0.0,,0.0
1896-01-29,,,0.0,,0.0
1896-01-30,,,0.0,,0.0
1896-01-31,,,0.0,,0.0
1896-02-01,,,84.0,,0.0
1896-02-02,,,61.0,,0.0
1896-02-03,,,53.0,,0.0
1896-02-04,,,0.0,,0.0
1896-02-05,,,119.0,,0.0
1896-02-06,,,203.0,,0.0
1896-02-07,,,0.0,,0.0
1896-02-08,,,198.0,,0.0
1896-02-09,,,61.0,,0.0
1896-02-10,,,43.0,,0.0
1896-02-11,,,0.0,,0.0
1896-02-12,,,173.0,,0.0
1896-02-13,,,0.0,,0.0
1896-02-14,,,0.0,,0.0
1896-02-15,,,0.0,,0.0
1896-02-16,,,0.0,,0.0
1896-02-17,,,0.0,,0.0
1896-02-18,,,0.0,,0.0
1896-02-19,,,0.0,,0.0
1896-02-20,,,0.0,,0.0
1896-02-21,,,0.0,,0.0
1896-02-22,,,0.0,,0.0
1896-02-23,,,0.0,,0.0
1896-02-24,,,0.0,,0.0
1896-02-25,,,0.0,,0.0
1896-02-26,,,0.0,,0.0
1896-02-27,,,0.0,,0.0
1896-02-28,,,28.0,,0.0
1896-02-29,,,25.0,,0.0
1896-03-01,,,15.0,,0.0
1896-03-02,,,0.0,,0.0
1896-03-03,,,0.0,,0.0
1896-03-04,,,0.0,,0.0
1896-03-05,,,0.0,,0.0
1896-03-06,,,8.0,,0.0
1896-03-07,,,18.0,,0.0
1896-03-08,,,0.0,,0.0
1896-03-09,,,0.0,,0.0
1896-03-10,,,0.0,,0.0
1896-03-11,,,58.0,,0.0
1896-03-12,,,30.0,,0.0
1896-03-13,,,0.0,,0.0
1896-03-14,,,0.0,,0.0
1896-03-15,,,0.0,,0.0
1896-03-16,,,173.0,,0.0
1896-03-17,,,38.0,,0.0
1896-03-18,,,0.0,,0.0
1896-03-19,,,150.0,,0.0
1896-03-20,,,74.0,,76.0
1896-03-21,,,0.0,,0.0
1896-03-22,,,0.0,,0.0
1896-03-23,,,15.0,,0.0
1896-03-24,,,33.0,,0.0
1896-03-25,,,0.0,,0.0
1896-03-26,,,0.0,,0.0
1896-03-27,,,0.0,,0.0
1896-03-28,,,0.0,,0.0
1896-03-29,,,10.0,,0.0
1896-03-30,,,5.0,,0.0
1896-03-31,,,38.0,,0.0
1896-04-01,,,0.0,,0.0
1896-04-02,,,414.0,,0.0
1896-04-03,,,0.0,,0.0
1896-04-04,,,0.0,,0.0
1896-04-05,,,0.0,,0.0
1896-04-06,,,0.0,,0.0
1896-04-07,,,0.0,,0.0
1896-04-08,,,0.0,,0.0
1896-04-09,,,0.0,,0.0
1896-04-10,,,61.0,,0.0
1896-04-11,,,0.0,,0.0
1896-04-12,,,0.0,,0.0
1896-04-13,,,0.0,,0.0
1896-04-14,,,0.0,,0.0
1896-04-15,,,155.0,,0.0
1896-04-16,,,0.0,,0.0
1896-04-17,,,0.0,,0.0
1896-04-18,,,0.0,,0.0
1896-04-19,,,0.0,,0.0
1896-04-20,,,0.0,,0.0
1896-04-21,,,0.0,,0.0
1896-04-22,,,124.0,,0.0
1896-04-23,,,0.0,,0.0
1896-04-24,,,0.0,,0.0
1896-04-25,,,0.0,,0.0
1896-04-26,,,0.0,,0.0
1896-04-27,,,51.0,,0.0
1896-04-28,,,0.0,,0.0
1896-04-29,,,0.0,,0.0
1896-04-30,,,15.0,,0.0
1896-05-01,,,112.0,,0.0
1896-05-02,,,0.0,,0.0
1896-05-03,,,0.0,,0.0
1896-05-04,,,0.0,,0.0
1896-05-05,,,0.0,,0.0
1896-05-06,,,51.0,,0.0
1896-05-07,,,0.0,,0.0
1896-05-08,,,0.0,,0.0
1896-05-09,,,0.0,,0.0
1896-05-10,,,0.0,,0.0
1896-05-11,,,0.0,,0.0
1896-05-12,,,0.0,,0.0
1896-05-13,,,0.0,,0.0
1896-05-14,,,0.0,,0.0
1896-05-15,,,36.0,,0.0
1896-05-16,,,0.0,,0.0
1896-05-17,,,0.0,,0.0
1896-05-18,,,0.0,,0.0
1896-05-19,,,0.0,,0.0
1896-05-20,,,122.0,,0.0
1896-05-21,,,0.0,,0.0
1896-05-22,,,178.0,,0.0
1896-05-23,,,25.0,,0.0
1896-05-24,,,0.0,,0.0
1896-05-25,,,0.0,,0.0
1896-05-26,,,0.0,,0.0
1896-05-27,,,239.0,,0.0
1896-05-28,,,38.0,,0.0
1896-05-29,,,0.0,,0.0
1896-05-30,,,0.0,,0.0
1896-05-31,,,0.0,,0.0
1896-06-01,,,417.0,,0.0
1896-06-02,,,0.0,,0.0
1896-06-03,,,25.0,,0.0
1896-06-04,,,109.0,,0.0
1896-06-05,,,0.0,,0.0
1896-06-06,,,0.0,,0.0
1896-06-07,,,119.0,,0.0
1896-06-08,,,10.0,,0.0
1896-06-09,,,488.0,,0.0
1896-06-10,,,119.0,,0.0
1896-06-11,,,0.0,,0.0
1896-06-12,,,0.0,,0.0
1896-06-13,,,0.0,,0.0
1896-06-14,,,104.0,,0.0
1896-06-15,,,0.0,,0.0
1896-06-16,,,0.0,,0.0
1896-06-17,,,0.0,,0.0
1896-06-18,,,91.0,,0.0
1896-06-19,,,18.0,,0.0
1896-06-20,,,0.0,,0.0
1896-06-21,,,28.0,,0.0
1896-06-22,,,0.0,,0.0
1896-06-23,,,0.0,,0.0
1896-06-24,,,36.0,,0.0
1896-06-25,,,43.0,,0.0
1896-06-26,,,0.0,,0.0
1896-06-27,,,0.0,,0.0
1896-06-28,,,0.0,,0.0
1896-06-29,,,0.0,,0.0
1896-06-30,,,0.0,,0.0
1896-07-01,,,0.0,,0.0
1896-07-02,,,0.0,,0.0
1896-07-03,,,0.0,,0.0
1896-07-04,,,0.0,,0.0
1896-07-05,,,0.0,,0.0
1896-07-06,,,394.0,,0.0
1896-07-07,,,389.0,,0.0
1896-07-08,,,269.0,,0.0
1896-07-09,,,279.0,,0.0
1896-07-10,,,0.0,,0.0
1896-07-11,,,0.0,,0.0
1896-07-12,,,86.0,,0.0
1896-07-13,,,56.0,,0.0
1896-07-14,,,0.0,,0.0
1896-07-15,,,213.0,,0.0
1896-07-16,,,25.0,,0.0
1896-07-17,,,18.0,,0.0
1896-07-18,,,0.0,,0.0
1896-07-19,,,0.0,,0.0
1896-07-20,,,0.0,,0.0
1896-07-21,,,211.0,,0.0
1896-07-22,,,231.0,,0.0
1896-07-23,,,97.0,,0.0
1896-07-24,,,0.0,,0.0
1896-07-25,,,0.0,,0.0
1896-07-26,,,104.0,,0.0
1896-07-27,,,0.0,,0.0
1896-07-28,,,122.0,,0.0
1896-07-29,,,0.0,,0.0
1896-07-30,,,0.0,,0.0
1896-07-31,,,0.0,,0.0
1896-08-01,,,0.0,,0.0
1896-08-02,,,79.0,,0.0
1896-08-03,,,0.0,,0.0
1896-08-04,,,33.0,,0.0
1896-08-05,,,0.0,,0.0
1896-08-06,,,0.0,,0.0
1896-08-07,,,0.0,,0.0
1896-08-08,,,0.0,,0.0
1896-08-09,,,0.0,,0.0
1896-08-10,,,0.0,,0.0
1896-08-11,,,0.0,,0.0
1896-08-12,,,0.0,,0.0
1896-08-13,,,0.0,,0.0
1896-08-14,,,51.0,,0.0
1896-08-15,,,0.0,,0.0
1896-08-16,,,0.0,,0.0
1896-08-17,,,0.0,,0.0
1896-08-18,,,0.0,,0.0
1896-08-19,,,0.0,,0.0
1896-08-20,,,0.0,,0.0
1896-08-21,,,0.0,,0.0
1896-08-22,,,0.0,,0.0
1896-08-23,,,0.0,,0.0
1896-08-24,,,206.0,,0.0
1896-08-25,,,0.0,,0.0
1896-08-26,,,173.0,,0.0
1896-08-27,,,0.0,,0.0
1896-08-28,,,0.0,,0.0
1896-08-29,,,20.0,,0.0
1896-08-30,,,0.0,,0.0
1896-08-31,,,0.0,,0.0
1896-09-01,,,0.0,,0.0
1896-09-02,,,0.0,,0.0
1896-09-03,,,0.0,,0.0
1896-09-04,,,0.0,,0.0
1896-09-05,,,0.0,,0.0
1896-09-06,,,244.0,,0.0
1896-09-07,,,0.0,,0.0
1896-09-08,,,0.0,,0.0
1896-09-09,,,0.0,,0.0
1896-09-10,,,0.0,,0.0
1896-09-11,,,0.0,,0.0
1896-09-12,,,38.0,,0.0
1896-09-13,,,0.0,,0.0
1896-09-14,,,0.0,,0.0
1896-09-15,,,0.0,,0.0
1896-09-16,,,102.0,,0.0
1896-09-17,,,0.0,,0.0
1896-09-18,,,0.0,,0.0
1896-09-19,,,0.0,,0.0
1896-09-20,,,13.0,,0.0
1896-09-21,,,0.0,,0.0
1896-09-22,,,180.0,,0.0
1896-09-23,,,0.0,,0.0
1896-09-24,,,0.0,,0.0
1896-09-25,,,0.0,,0.0
1896-09-26,,,0.0,,0.0
1896-09-27,,,0.0,,0.0
1896-09-28,,,0.0,,0.0
1896-09-29,,,76.0,,0.0
1896-09-30,,,249.0,,0.0
1896-10-01,,,0.0,,0.0
1896-10-02,,,0.0,,0.0
1896-10-03,,,0.0,,0.0
1896-10-04,,,0.0,,0.0
1896-10-05,,,0.0,,0.0
1896-10-06,,,0.0,,0.0
1896-10-07,,,0.0,,0.0
1896-10-08,,,0.0,,0.0
1896-10-09,,,0.0,,0.0
1896-10-10,,,0.0,,0.0
1896-10-11,,,0.0,,0.0
1896-10-12,,,152.0,,0.0
1896-10-13,,,18.0,,0.0
1896-10-14,,,0.0,,0.0
1896-10-15,,,0.0,,0.0
1896-10-16,,,0.0,,0.0
1896-10-17,,,0.0,,0.0
1896-10-18,,,0.0,,0.0
1896-10-19,,,0.0,,0.0
1896-10-20,,,0.0,,0.0
1896-10-21,,,0.0,,0.0
1896-10-22,,,0.0,,0.0
1896-10-23,,,0.0,,0.0
1896-10-24,,,165.0,,0.0
1896-10-25,,,0.0,,0.0
1896-10-26,,,0.0,,0.0
1896-10-27,,,0.0,,0.0
1896-10-28,,,76.0,,0.0
1896-10-29,,,97.0,,0.0
1896-10-30,,,0.0,,0.0
1896-10-31,,,18.0,,0.0
1896-11-01,,,0.0,,0.0
1896-11-02,,,0.0,,0.0
1896-11-03,,,0.0,,0.0
1896-11-04,,,140.0,,0.0
1896-11-05,,,310.0,,0.0
1896-11-06,,,0.0,,0.0
1896-11-07,,,0.0,,0.0
1896-11-08,,,74.0,,0.0
1896-11-09,,,0.0,,0.0
1896-11-10,,,0.0,,0.0
1896-11-11,,,20.0,,0.0
1896-11-12,,,894.0,,0.0
1896-11-13,,,109.0,,0.0
1896-11-14,,,0.0,,0.0
1896-11-15,,,0.0,,0.0
1896-11-16,,,0.0,,0.0
1896-11-17,,,0.0,,0.0
1896-11-18,,,0.0,,0.0
1896-11-19,,,0.0,,0.0
1896-11-20,,,0.0,,0.0
1896-11-21,,,0.0,,0.0
1896-11-22,,,0.0,,0.0
1896-11-23,,,0.0,,0.0
1896-11-24,,,0.0,,0.0
1896-11-25,,,0.0,,0.0
1896-11-26,,,0.0,,0.0
1896-11-27,,,10.0,,0.0
1896-11-28,,,117.0,,0.0
1896-11-29,,,241.0,,0.0
1896-11-30,,,297.0,,0.0
1896-12-01,,,0.0,,0.0
1896-12-02,,,0.0,,0.0
1896-12-03,,,0.0,,0.0
1896-12-04,,,0.0,,0.0
1896-12-05,,,0.0,,0.0
1896-12-06,,,0.0,,0.0
1896-12-07,,,0.0,,0.0
1896-12-08,,,0.0,,0.0
1896-12-09,,,152.0,,0.0
1896-12-10,,,0.0,,0.0
1896-12-11,,,0.0,,0.0
1896-12-12,,,0.0,,0.0
1896-12-13,,,0.0,,0.0
1896-12-14,,,0.0,,0.0
1896-12-15,,,79.0,,0.0
1896-12-16,,,0.0,,0.0
1896-12-17,,,0.0,,0.0
1896-12-18,,,53.0,,0.0
1896-12-19,,,0.0,,0.0
1896-12-20,,,0.0,,0.0
1896-12-21,,,0.0,,0.0
1896-12-22,,,0.0,,0.0
1896-12-23,,,0.0,,0.0
1896-12-24,,,0.0,,0.0
1896-12-25,,,0.0,,0.0
1896-12-26,,,0.0,,0.0
1896-12-27,,,0.0,,0.0
1896-12-28,,,0.0,,0.0
1896-12-29,,,0.0,,0.0
1896-12-30,,,10.0,,0.0
1896-12-31,,,0.0,,0.0
1897-01-01,,,0.0,,0.0
1897-01-02,,,0.0,,0.0
1897-01-03,,,0.0,,0.0
1897-01-04,,,117.0,,0.0
1897-01-05,,,0.0,,0.0
1897-01-06,,,0.0,,0.0
1897-01-07,,,0.0,,0.0
1897-01-08,,,0.0,,0.0
1897-01-09,,,0.0,,0.0
1897-01-10,,,0.0,,0.0
1897-01-11,,,0.0,,0.0
1897-01-12,,,0.0,,0.0
1897-01-13,,,76.0,,0.0
1897-01-14,,,191.0,,0.0
1897-01-15,,,0.0,,0.0
1897-01-16,,,0.0,,0.0
1897-01-17,,,53.0,,0.0
1897-01-18,,,89.0,,0.0
1897-01-19,,,0.0,,0.0
1897-01-20,,,0.0,,0.0
1897-01-21,,,226.0,,0.0
1897-01-22,,,0.0,,0.0
1897-01-23,,,0.0,,0.0
1897-01-24,,,0.0,,0.0
1897-01-25,,,0.0,,0.0
1897-01-26,,,0.0,,0.0
1897-01-27,,,102.0,,89.0
1897-01-28,,,0.0,,0.0
1897-01-29,,,0.0,,0.0
1897-01-30,,,0.0,,0.0
1897-01-31,,,0.0,,0.0
1897-02-01,,,109.0,,0.0
1897-02-02,,,246.0,,8.0
1897-02-03,,,0.0,,0.0
1897-02-04,,,0.0,,0.0
1897-02-05,,,18.0,,0.0
1897-02-06,,,180.0,,0.0
1897-02-07,,,36.0,,0.0
1897-02-08,,,53.0,,0.0
1897-02-09,,,0.0,,0.0
1897-02-10,,,0.0,,0.0
1897-02-11,,,140.0,,0.0
1897-02-12,,,76.0,,0.0
1897-02-13,,,0.0,,0.0
1897-02-14,,,0.0,,0.0
1897-02-15,,,0.0,,0.0
1897-02-16,,,0.0,,0.0
1897-02-17,,,0.0,,0.0
1897-02-18,,,0.0,,0.0
1897-02-19,,,0.0,,0.0
1897-02-20,,,46.0,,0.0
1897-02-21,,,89.0,,0.0
1897-02-22,,,18.0,,0.0
1897-02-23,,,518.0,,0.0
1897-02-24,,,0.0,,0.0
1897-02-25,,,0.0,,0.0
1897-02-26,,,0.0,,0.0
1897-02-27,,,0.0,,0.0
1897-02-28,,,0.0,,0.0
1897-03-01,,,0.0,,0.0
1897-03-02,,,0.0,,0.0
1897-03-03,,,191.0,,0.0
1897-03-04,,,114.0,,0.0
1897-03-05,,,0.0,,0.0
1897-03-06,,,673.0,,0.0
1897-03-07,,,43.0,,0.0
1897-03-08,,,0.0,,0.0
1897-03-09,,,23.0,,0.0
1897-03-10,,,168.0,,0.0
1897-03-11,,,0.0,,0.0
1897-03-12,,,538.0,,0.0
1897-03-13,,,10.0,,0.0
1897-03-14,,,310.0,,0.0
1897-03-15,,,0.0,,0.0
1897-03-16,,,325.0,,0.0
1897-03-17,,,0.0,,0.0
1897-03-18,,,0.0,,0.0
1897-03-19,,,351.0,,0.0
1897-03-20,,,157.0,,0.0
1897-03-21,,,0.0,,0.0
1897-03-22,,,0.0,,0.0
1897-03-23,,,56.0,,0.0
1897-03-24,,,0.0,,0.0
1897-03-25,,,0.0,,0.0
1897-03-26,,,0.0,,0.0
1897-03-27,,,0.0,,0.0
1897-03-28,,,0.0,,0.0
1897-03-29,,,0.0,,0.0
1897-03-30,,,84.0,,0.0
1897-03-31,,,0.0,,0.0
1897-04-01,,,132.0,,0.0
1897-04-02,,,140.0,,0.0
1897-04-03,,,28.0,,0.0
1897-04-04,,,239.0,,0.0
1897-04-05,,,325.0,,0.0
1897-04-06,,,61.0,,0.0
1897-04-07,,,0.0,,0.0
1897-04-08,,,0.0,,0.0
1897-04-09,,,246.0,,0.0
1897-04-10,,,18.0,,0.0
1897-04-11,,,0.0,,0.0
1897-04-12,,,0.0,,0.0
1897-04-13,,,0.0,,0.0
1897-04-14,,,0.0,,0.0
1897-04-15,,,71.0,,0.0
1897-04-16,,,0.0,,0.0
1897-04-17,,,0.0,,0.0
1897-04-18,,,0.0,,0.0
1897-04-19,,,0.0,,0.0
1897-04-20,,,0.0,,0.0
1897-04-21,,,0.0,,0.0
1897-04-22,,,0.0,,0.0
1897-04-23,,,0.0,,0.0
1897-04-24,,,0.0,,0.0
1897-04-25,,,0.0,,0.0
1897-04-26,,,30.0,,0.0
1897-04-27,,,0.0,,0.0
1897-04-28,,,0.0,,0.0
1897-04-29,,,0.0,,0.0
1897-04-30,,,89.0,,0.0
1897-05-01,,,241.0,,0.0
1897-05-02,,,0.0,,0.0
1897-05-03,,,51.0,,0.0
1897-05-04,,,0.0,,0.0
1897-05-05,,,0.0,,0.0
1897-05-06,,,0.0,,0.0
1897-05-07,,,0.0,,0.0
1897-05-08,,,0.0,,0.0
1897-05-09,,,0.0,,0.0
1897-05-10,,,0.0,,0.0
1897-05-11,,,160.0,,0.0
1897-05-12,,,23.0,,0.0
1897-05-13,,,203.0,,0.0
1897-05-14,,,0.0,,0.0
1897-05-15,,,0.0,,0.0
1897-05-16,,,0.0,,0.0
1897-05-17,,,0.0,,0.0
1897-05-18,,,0.0,,0.0
1897-05-19,,,0.0,,0.0
1897-05-20,,,0.0,,0.0
1897-05-21,,,0.0,,0.0
1897-05-22,,,0.0,,0.0
1897-05-23,,,0.0,,0.0
1897-05-24,,,0.0,,0.0
1897-05-25,,,0.0,,0.0
1897-05-26,,,0.0,,0.0
1897-05-27,,,0.0,,0.0
1897-05-28,,,0.0,,0.0
1897-05-29,,,76.0,,0.0
1897-05-30,,,0.0,,0.0
1897-05-31,,,0.0,,0.0
1897-06-01,,,0.0,,0.0
1897-06-02,,,0.0,,0.0
1897-06-03,,,0.0,,0.0
1897-06-04,,,36.0,,0.0
1897-06-05,,,0.0,,0.0
1897-06-06,,,0.0,,0.0
1897-06-07,,,0.0,,0.0
1897-06-08,,,18.0,,0.0
1897-06-09,,,119.0,,0.0
1897-06-10,,,0.0,,0.0
1897-06-11,,,0.0,,0.0
1897-06-12,,,0.0,,0.0
1897-06-13,,,0.0,,0.0
1897-06-14,,,0.0,,0.0
1897-06-15,,,0.0,,0.0
1897-06-16,,,69.0,,0.0
1897-06-17,,,0.0,,0.0
1897-06-18,,,0.0,,0.0
1897-06-19,,,0.0,,0.0
1897-06-20,,,178.0,,0.0
1897-06-21,,,0.0,,0.0
1897-06-22,,,0.0,,0.0
1897-06-23,,,64.0,,0.0
1897-06-24,,,137.0,,0.0
1897-06-25,,,38.0,,0.0
1897-06-26,,,0.0,,0.0
1897-06-27,,,0.0,,0.0
1897-06-28,,,89.0,,0.0
1897-06-29,,,0.0,,0.0
1897-06-30,,,0.0,,0.0
1897-07-01,,,0.0,,0.0
1897-07-02,,,0.0,,0.0
1897-07-03,,,0.0,,0.0
1897-07-04,,,0.0,,0.0
1897-07-05,,,8.0,,0.0
1897-07-06,,,0.0,,0.0
1897-07-07,,,0.0,,0.0
1897-07-08,,,20.0,,0.0
1897-07-09,,,264.0,,0.0
1897-07-10,,,107.0,,0.0
1897-07-11,,,279.0,,0.0
1897-07-12,,,109.0,,0.0
1897-07-13,,,0.0,,0.0
1897-07-14,,,0.0,,0.0
1897-07-15,,,0.0,,0.0
1897-07-16,,,127.0,,0.0
1897-07-17,,,376.0,,0.0
1897-07-18,,,51.0,,0.0
1897-07-19,,,109.0,,0.0
1897-07-20,,,198.0,,0.0
1897-07-21,,,0.0,,0.0
1897-07-22,,,0.0,,0.0
1897-07-23,,,0.0,,0.0
1897-07-24,,,0.0,,0.0
1897-07-25,,,991.0,,0.0
1897-07-26,,,0.0,,0.0
1897-07-27,,,0.0,,0.0
1897-07-28,,,0.0,,0.0
1897-07-29,,,0.0,,0.0
1897-07-30,,,0.0,,0.0
1897-07-31,,,0.0,,0.0
1897-08-01,,,0.0,,0.0
1897-08-02,,,0.0,,0.0
1897-08-03,,,127.0,,0.0
1897-08-04,,,178.0,,0.0
1897-08-05,,,76.0,,0.0
1897-08-06,,,160.0,,0.0
1897-08-07,,,0.0,,0.0
1897-08-08,,,0.0,,0.0
1897-08-09,,,0.0,,0.0
1897-08-10,,,0.0,,0.0
1897-08-11,,,0.0,,0.0
1897-08-12,,,0.0,,0.0
1897-08-13,,,0.0,,0.0
1897-08-14,,,0.0,,0.0
1897-08-15,,,0.0,,0.0
1897-08-16,,,0.0,,0.0
1897-08-17,,,51.0,,0.0
1897-08-18,,,0.0,,0.0
1897-08-19,,,0.0,,0.0
1897-08-20,,,0.0,,0.0
1897-08-21,,,0.0,,0.0
1897-08-22,,,0.0,,0.0
1897-08-23,,,114.0,,0.0
1897-08-24,,,0.0,,0.0
1897-08-25,,,0.0,,0.0
1897-08-26,,,183.0,,0.0
1897-08-27,,,0.0,,0.0
1897-08-28,,,0.0,,0.0
1897-08-29,,,0.0,,0.0
1897-08-30,,,0.0,,0.0
1897-08-31,,,0.0,,0.0
1897-09-01,,,0.0,,0.0
1897-09-02,,,0.0,,0.0
1897-09-03,,,0.0,,0.0
1897-09-04,,,0.0,,0.0
1897-09-05,,,0.0,,0.0
1897-09-06,,,0.0,,0.0
1897-09-07,,,0.0,,0.0
1897-09-08,,,0.0,,0.0
1897-09-09,,,0.0,,0.0
1897-09-10,,,0.0,,0.0
1897-09-11,,,152.0,,0.0
1897-09-12,,,0.0,,0.0
1897-09-13,,,0.0,,0.0
1897-09-14,,,0.0,,0.0
1897-09-15,,,0.0,,0.0
1897-09-16,,,0.0,,0.0
1897-09-17,,,0.0,,0.0
1897-09-18,,,0.0,,0.0
1897-09-19,,,0.0,,0.0
1897-09-20,,,0.0,,0.0
1897-09-21,,,0.0,,0.0
1897-09-22,,,0.0,,0.0
1897-09-23,,,0.0,,0.0
1897-09-24,,,0.0,,0.0
1897-09-25,,,0.0,,0.0
1897-09-26,,,0.0,,0.0
1897-09-27,,,0.0,,0.0
1897-09-28,,,0.0,,0.0
1897-09-29,,,0.0,,0.0
1897-09-30,,,0.0,,0.0
1897-10-01,,,0.0,,0.0
1897-10-02,,,0.0,,0.0
1897-10-03,,,0.0,,0.0
1897-10-04,,,0.0,,0.0
1897-10-05,,,0.0,,0.0
1897-10-06,,,0.0,,0.0
1897-10-07,,,0.0,,0.0
1897-10-08,,,0.0,,0.0
1897-10-09,,,0.0,,0.0
1897-10-10,,,0.0,,0.0
1897-10-11,,,221.0,,0.0
1897-10-12,,,244.0,,0.0
1897-10-13,,,0.0,,0.0
1897-10-14,,,0.0,,0.0
1897-10-15,,,0.0,,0.0
1897-10-16,,,0.0,,0.0
1897-10-17,,,0.0,,0.0
1897-10-18,,,0.0,,0.0
1897-10-19,,,119.0,,0.0
1897-10-20,,,74.0,,0.0
1897-10-21,,,0.0,,0.0
1897-10-22,,,0.0,,0.0
1897-10-23,,,0.0,,0.0
1897-10-24,,,0.0,,0.0
1897-10-25,,,0.0,,0.0
1897-10-26,,,0.0,,0.0
1897-10-27,,,0.0,,0.0
1897-10-28,,,0.0,,0.0
1897-10-29,,,0.0,,0.0
1897-10-30,,,0.0,,0.0
1897-10-31,,,0.0,,0.0
1897-11-01,,,135.0,,0.0
1897-11-02,,,51.0,,0.0
1897-11-03,,,33.0,,0.0
1897-11-04,,,0.0,,0.0
1897-11-05,,,0.0,,0.0
1897-11-06,,,0.0,,0.0
1897-11-07,,,0.0,,0.0
1897-11-08,,,0.0,,0.0
1897-11-09,,,71.0,,0.0
1897-11-10,,,0.0,,0.0
1897-11-11,,,0.0,,0.0
1897-11-12,,,0.0,,0.0
1897-11-13,,,0.0,,0.0
1897-11-14,,,0.0,,0.0
1897-11-15,,,0.0,,0.0
1897-11-16,,,0.0,,0.0
1897-11-17,,,0.0,,0.0
1897-11-18,,,0.0,,0.0
1897-11-19,,,0.0,,0.0
1897-11-20,,,0.0,,0.0
1897-11-21,,,0.0,,0.0
1897-11-22,,,23.0,,0.0
1897-11-23,,,0.0,,0.0
1897-11-24,,,0.0,,0.0
1897-11-25,,,0.0,,0.0
1897-11-26,,,58.0,,0.0
1897-11-27,,,127.0,,0.0
1897-11-28,,,0.0,,0.0
1897-11-29,,,0.0,,0.0
1897-11-30,,,0.0,,0.0
1897-12-01,,,0.0,,0.0
1897-12-02,,,0.0,,0.0
1897-12-03,,,226.0,,0.0
1897-12-04,,,140.0,,0.0
1897-12-05,,,165.0,,0.0
1897-12-06,,,0.0,,0.0
1897-12-07,,,0.0,,0.0
1897-12-08,,,0.0,,0.0
1897-12-09,,,0.0,,0.0
1897-12-10,,,0.0,,0.0
1897-12-11,,,25.0,,0.0
1897-12-12,,,0.0,,0.0
1897-12-13,,,0.0,,0.0
1897-12-14,,,122.0,,0.0
1897-12-15,,,10.0,,0.0
1897-12-16,,,0.0,,0.0
1897-12-17,,,0.0,,0.0
1897-12-18,,,38.0,,0.0
1897-12-19,,,178.0,,0.0
1897-12-20,,,140.0,,0.0
1897-12-21,,,343.0,,0.0
1897-12-22,,,165.0,,0.0
1897-12-23,,,0.0,,0.0
1897-12-24,,,0.0,,0.0
1897-12-25,,,0.0,,0.0
1897-12-26,,,152.0,,0.0
1897-12-27,,,0.0,,0.0
1897-12-28,,,0.0,,0.0
1897-12-29,,,0.0,,0.0
1897-12-30,,,36.0,,0.0
1897-12-31,,,0.0,,0.0
1898-01-01,,,15.0,,8.0
1898-01-02,,,8.0,,5.0
1898-01-03,,,0.0,,0.0
1898-01-04,,,0.0,,0.0
1898-01-05,,,0.0,,0.0
1898-01-06,,,0.0,,0.0
1898-01-07,,,74.0,,0.0
1898-01-08,,,0.0,,0.0
1898-01-09,,,0.0,,0.0
1898-01-10,,,0.0,,0.0
1898-01-11,,,196.0,,0.0
1898-01-12,,,76.0,,0.0
1898-01-13,,,140.0,,0.0
1898-01-14,,,0.0,,0.0
1898-01-15,,,142.0,,0.0
1898-01-16,,,64.0,,0.0
1898-01-17,,,0.0,,0.0
1898-01-18,,,0.0,,0.0
1898-01-19,,,196.0,,0.0
1898-01-20,,,127.0,,0.0
1898-01-21,,,0.0,,0.0
1898-01-22,,,15.0,,0.0
1898-01-23,,,23.0,,0.0
1898-01-24,,,0.0,,0.0
1898-01-25,,,356.0,,0.0
1898-01-26,,,28.0,,0.0
1898-01-27,,,0.0,,0.0
1898-01-28,,,0.0,,0.0
1898-01-29,,,0.0,,0.0
1898-01-30,,,0.0,,0.0
1898-01-31,,,28.0,,28.0
1898-02-01,,,0.0,,0.0
1898-02-02,,,0.0,,0.0
1898-02-03,,,0.0,,0.0
1898-02-04,,,0.0,,0.0
1898-02-05,,,13.0,,25.0
1898-02-06,,,5.0,,13.0
1898-02-07,,,0.0,,0.0
1898-02-08,,,0.0,,0.0
1898-02-09,,,0.0,,0.0
1898-02-10,,,0.0,,0.0
1898-02-11,,,0.0,,0.0
1898-02-12,,,0.0,,0.0
1898-02-13,,,51.0,,0.0
1898-02-14,,,0.0,,0.0
1898-02-15,,,0.0,,0.0
1898-02-16,,,0.0,,0.0
1898-02-17,,,0.0,,0.0
1898-02-18,,,51.0,,0.0
1898-02-19,,,0.0,,0.0
1898-02-20,,,0.0,,0.0
1898-02-21,,,25.0,,25.0
1898-02-22,,,18.0,,0.0
1898-02-23,,,0.0,,0.0
1898-02-24,,,0.0,,0.0
1898-02-25,,,0.0,,0.0
1898-02-26,,,0.0,,0.0
1898-02-27,,,58.0,,38.0
1898-02-28,,,0.0,,0.0
1898-03-01,,,0.0,,0.0
1898-03-02,,,0.0,,0.0
1898-03-03,,,0.0,,0.0
1898-03-04,,,0.0,,0.0
1898-03-05,,,0.0,,0.0
1898-03-06,,,0.0,,0.0
1898-03-07,,,0.0,,0.0
1898-03-08,,,0.0,,0.0
1898-03-09,,,0.0,,0.0
1898-03-10,,,0.0,,0.0
1898-03-11,,,0.0,,0.0
1898-03-12,,,0.0,,0.0
1898-03-13,,,18.0,,0.0
1898-03-14,,,127.0,,0.0
1898-03-15,,,221.0,,0.0
1898-03-16,,,56.0,,0.0
1898-03-17,,,0.0,,0.0
1898-03-18,,,0.0,,0.0
1898-03-19,,,0.0,,0.0
1898-03-20,,,0.0,,0.0
1898-03-21,,,0.0,,0.0
1898-03-22,,,0.0,,0.0
1898-03-23,,,0.0,,0.0
1898-03-24,,,0.0,,0.0
1898-03-25,,,178.0,,0.0
1898-03-26,,,0.0,,0.0
1898-03-27,,,0.0,,0.0
1898-03-28,,,0.0,,0.0
1898-03-29,,,480.0,,0.0
1898-03-30,,,254.0,,0.0
1898-03-31,,,53.0,,0.0
1898-04-01,,,0.0,,0.0
1898-04-02,,,0.0,,0.0
1898-04-03,,,0.0,,0.0
1898-04-04,,,0.0,,0.0
1898-04-05,,,470.0,,0.0
1898-04-06,,,0.0,,0.0
1898-04-07,,,0.0,,0.0
1898-04-08,,,0.0,,0.0
1898-04-09,,,0.0,,0.0
1898-04-10,,,117.0,,0.0
1898-04-11,,,56.0,,0.0
1898-04-12,,,0.0,,0.0
1898-04-13,,,0.0,,0.0
1898-04-14,,,117.0,,0.0
1898-04-15,,,56.0,,0.0
1898-04-16,,,0.0,,0.0
1898-04-17,,,0.0,,0.0
1898-04-18,,,0.0,,0.0
1898-04-19,,,130.0,,0.0
1898-04-20,,,36.0,,0.0
1898-04-21,,,0.0,,0.0
1898-04-22,,,0.0,,0.0
1898-04-23,,,0.0,,0.0
1898-04-24,,,361.0,,0.0
1898-04-25,,,213.0,,0.0
1898-04-26,,,0.0,,0.0
1898-04-27,,,0.0,,0.0
1898-04-28,,,0.0,,0.0
1898-04-29,,,0.0,,0.0
1898-04-30,,,0.0,,0.0
1898-05-01,,,0.0,,0.0
1898-05-02,,,0.0,,0.0
1898-05-03,,,0.0,,0.0
1898-05-04,,,0.0,,0.0
1898-05-05,,,0.0,,0.0
1898-05-06,,,0.0,,0.0
1898-05-07,,,53.0,,0.0
1898-05-08,,,0.0,,0.0
1898-05-09,,,0.0,,0.0
1898-05-10,,,0.0,,0.0
1898-05-11,,,0.0,,0.0
1898-05-12,,,23.0,,0.0
1898-05-13,,,0.0,,0.0
1898-05-14,,,20.0,,0.0
1898-05-15,,,0.0,,0.0
1898-05-16,,,0.0,,0.0
1898-05-17,,,0.0,,0.0
1898-05-18,,,0.0,,0.0
1898-05-19,,,0.0,,0.0
1898-05-20,,,0.0,,0.0
1898-05-21,,,0.0,,0.0
1898-05-22,,,84.0,,0.0
1898-05-23,,,36.0,,0.0
1898-05-24,,,0.0,,0.0
1898-05-25,,,58.0,,0.0
1898-05-26,,,0.0,,0.0
1898-05-27,,,0.0,,0.0
1898-05-28,,,0.0,,0.0
1898-05-29,,,0.0,,0.0
1898-05-30,,,0.0,,0.0
1898-05-31,,,127.0,,0.0
1898-06-01,,,0.0,,0.0
1898-06-02,,,0.0,,0.0
1898-06-03,,,0.0,,0.0
1898-06-04,,,0.0,,0.0
1898-06-05,,,0.0,,0.0
1898-06-06,,,0.0,,0.0
1898-06-07,,,0.0,,0.0
1898-06-08,,,0.0,,0.0
1898-06-09,,,0.0,,0.0
1898-06-10,,,0.0,,0.0
1898-06-11,,,0.0,,0.0
1898-06-12,,,28.0,,0.0
1898-06-13,,,140.0,,0.0
1898-06-14,,,61.0,,0.0
1898-06-15,,,0.0,,0.0
1898-06-16,,,10.0,,0.0
1898-06-17,,,429.0,,0.0
1898-06-18,,,69.0,,0.0
1898-06-19,,,142.0,,0.0
1898-06-20,,,15.0,,0.0
1898-06-21,,,0.0,,0.0
1898-06-22,,,0.0,,0.0
1898-06-23,,,0.0,,0.0
1898-06-24,,,0.0,,0.0
1898-06-25,,,23.0,,0.0
1898-06-26,,,0.0,,0.0
1898-06-27,,,36.0,,0.0
1898-06-28,,,0.0,,0.0
1898-06-29,,,0.0,,0.0
1898-06-30,,,0.0,,0.0
1898-07-01,,,0.0,,0.0
1898-07-02,,,36.0,,0.0
1898-07-03,,,0.0,,0.0
1898-07-04,,,0.0,,0.0
1898-07-05,,,0.0,,0.0
1898-07-06,,,109.0,,0.0
1898-07-07,,,0.0,,0.0
1898-07-08,,,30.0,,0.0
1898-07-09,,,0.0,,0.0
1898-07-10,,,18.0,,0.0
1898-07-11,,,0.0,,0.0
1898-07-12,,,0.0,,0.0
1898-07-13,,,71.0,,0.0
1898-07-14,,,264.0,,0.0
1898-07-15,,,94.0,,0.0
1898-07-16,,,0.0,,0.0
1898-07-17,,,0.0,,0.0
1898-07-18,,,0.0,,0.0
1898-07-19,,,0.0,,0.0
1898-07-20,,,0.0,,0.0
1898-07-21,,,48.0,,0.0
1898-07-22,,,241.0,,0.0
1898-07-23,,,10.0,,0.0
1898-07-24,,,66.0,,0.0
1898-07-25,,,0.0,,0.0
1898-07-26,,,0.0,,0.0
1898-07-27,,,175.0,,0.0
1898-07-28,,,0.0,,0.0
1898-07-29,,,38.0,,0.0
1898-07-30,,,152.0,,0.0
1898-07-31,,,249.0,,0.0
1898-08-01,,,104.0,,0.0
1898-08-02,,,0.0,,0.0
1898-08-03,,,51.0,,0.0
1898-08-04,,,648.0,,0.0
1898-08-05,,,0.0,,0.0
1898-08-06,,,0.0,,0.0
1898-08-07,,,0.0,,0.0
1898-08-08,,,51.0,,0.0
1898-08-09,,,0.0,,0.0
1898-08-10,,,470.0,,0.0
1898-08-11,,,549.0,,0.0
1898-08-12,,,71.0,,0.0
1898-08-13,,,0.0,,0.0
1898-08-14,,,0.0,,0.0
1898-08-15,,,203.0,,0.0
1898-08-16,,,51.0,,0.0
1898-08-17,,,0.0,,0.0
1898-08-18,,,0.0,,0.0
1898-08-19,,,0.0,,0.0
1898-08-20,,,0.0,,0.0
1898-08-21,,,0.0,,0.0
1898-08-22,,,0.0,,0.0
1898-08-23,,,0.0,,0.0
1898-08-24,,,0.0,,0.0
1898-08-25,,,0.0,,0.0
1898-08-26,,,234.0,,0.0
1898-08-27,,,41.0,,0.0
1898-08-28,,,0.0,,0.0
1898-08-29,,,0.0,,0.0
1898-08-30,,,0.0,,0.0
1898-08-31,,,0.0,,0.0
1898-09-01,,,25.0,,0.0
1898-09-02,,,648.0,,0.0
1898-09-03,,,808.0,,0.0
1898-09-04,,,124.0,,0.0
1898-09-05,,,81.0,,0.0
1898-09-06,,,46.0,,0.0
1898-09-07,,,0.0,,0.0
1898-09-08,,,0.0,,0.0
1898-09-09,,,0.0,,0.0
1898-09-10,,,0.0,,0.0
1898-09-11,,,0.0,,0.0
1898-09-12,,,0.0,,0.0
1898-09-13,,,0.0,,0.0
1898-09-14,,,0.0,,0.0
1898-09-15,,,0.0,,0.0
1898-09-16,,,0.0,,0.0
1898-09-17,,,0.0,,0.0
1898-09-18,,,0.0,,0.0
1898-09-19,,,0.0,,0.0
1898-09-20,,,0.0,,0.0
1898-09-21,,,140.0,,0.0
1898-09-22,,,0.0,,0.0
1898-09-23,,,0.0,,0.0
1898-09-24,,,0.0,,0.0
1898-09-25,,,0.0,,0.0
1898-09-26,,,0.0,,0.0
1898-09-27,,,0.0,,0.0
1898-09-28,,,0.0,,0.0
1898-09-29,,,0.0,,0.0
1898-09-30,,,0.0,,0.0
1898-10-01,,,46.0,,0.0
1898-10-02,,,0.0,,0.0
1898-10-03,,,0.0,,0.0
1898-10-04,,,343.0,,0.0
1898-10-05,,,358.0,,0.0
1898-10-06,,,0.0,,0.0
1898-10-07,,,0.0,,0.0
1898-10-08,,,13.0,,0.0
1898-10-09,,,0.0,,0.0
1898-10-10,,,0.0,,0.0
1898-10-11,,,114.0,,0.0
1898-10-12,,,0.0,,0.0
1898-10-13,,,0.0,,0.0
1898-10-14,,,0.0,,0.0
1898-10-15,,,0.0,,0.0
1898-10-16,,,0.0,,0.0
1898-10-17,,,0.0,,0.0
1898-10-18,,,544.0,,0.0
1898-10-19,,,0.0,,0.0
1898-10-20,,,0.0,,0.0
1898-10-21,,,28.0,,0.0
1898-10-22,,,0.0,,0.0
1898-10-23,,,0.0,,0.0
1898-10-24,,,0.0,,0.0
1898-10-25,,,0.0,,0.0
1898-10-26,,,10.0,,0.0
1898-10-27,,,0.0,,0.0
1898-10-28,,,0.0,,0.0
1898-10-29,,,0.0,,0.0
1898-10-30,,,0.0,,0.0
1898-10-31,,,0.0,,0.0
1898-11-01,,,0.0,,0.0
1898-11-02,,,0.0,,0.0
1898-11-03,,,0.0,,0.0
1898-11-04,,,0.0,,0.0
1898-11-05,,,193.0,,0.0
1898-11-06,,,0.0,,0.0
1898-11-07,,,0.0,,0.0
1898-11-08,,,0.0,,0.0
1898-11-09,,,0.0,,0.0
1898-11-10,,,0.0,,0.0
1898-11-11,,,0.0,,0.0
1898-11-12,,,0.0,,0.0
1898-11-13,,,0.0,,0.0
1898-11-14,,,102.0,,0.0
1898-11-15,,,0.0,,0.0
1898-11-16,,,66.0,,0.0
1898-11-17,,,0.0,,0.0
1898-11-18,,,152.0,,0.0
1898-11-19,,,48.0,,0.0
1898-11-20,,,0.0,,0.0
1898-11-21,,,0.0,,0.0
1898-11-22,,,137.0,,0.0
1898-11-23,,,38.0,,0.0
1898-11-24,,,0.0,,0.0
1898-11-25,,,0.0,,0.0
1898-11-26,,,0.0,,0.0
1898-11-27,,,0.0,,0.0
1898-11-28,,,0.0,,0.0
1898-11-29,,,140.0,,0.0
1898-11-30,,,0.0,,0.0
1898-12-01,,,0.0,,0.0
1898-12-02,,,0.0,,0.0
1898-12-03,,,0.0,,0.0
1898-12-04,,,76.0,,0.0
1898-12-05,,,15.0,,0.0
1898-12-06,,,0.0,,0.0
1898-12-07,,,0.0,,0.0
1898-12-08,,,0.0,,0.0
1898-12-09,,,0.0,,0.0
1898-12-10,,,0.0,,0.0
1898-12-11,,,0.0,,0.0
1898-12-12,,,0.0,,0.0
1898-12-13,,,8.0,,0.0
1898-12-14,,,0.0,,0.0
1898-12-15,,,0.0,,0.0
1898-12-16,,,0.0,,0.0
1898-12-17,,,0.0,,0.0
1898-12-18,,,0.0,,0.0
1898-12-19,,,13.0,,0.0
1898-12-20,,,5.0,,0.0
1898-12-21,,,0.0,,0.0
1898-12-22,,,5.0,,0.0
1898-12-23,,,8.0,,0.0
1898-12-24,,,0.0,,0.0
1898-12-25,,,0.0,,0.0
1898-12-26,,,0.0,,0.0
1898-12-27,,,0.0,,0.0
1898-12-28,,,0.0,,0.0
1898-12-29,,,0.0,,0.0
1898-12-30,,,0.0,,0.0
1898-12-31,,,147.0,,0.0
1899-01-01,,,61.0,,0.0
1899-01-02,,,0.0,,0.0
1899-01-03,,,0.0,,0.0
1899-01-04,,,0.0,,0.0
1899-01-05,,,91.0,,0.0
1899-01-06,,,142.0,,0.0
1899-01-07,,,61.0,,0.0
1899-01-08,,,0.0,,0.0
1899-01-09,,,0.0,,0.0
1899-01-10,,,0.0,,0.0
1899-01-11,,,122.0,,0.0
1899-01-12,,,0.0,,0.0
1899-01-13,,,0.0,,0.0
1899-01-14,,,43.0,,0.0
1899-01-15,,,0.0,,0.0
1899-01-16,,,0.0,,0.0
1899-01-17,,,142.0,,0.0
1899-01-18,,,0.0,,0.0
1899-01-19,,,0.0,,0.0
1899-01-20,,,0.0,,0.0
1899-01-21,,,0.0,,0.0
1899-01-22,,,0.0,,0.0
1899-01-23,,,0.0,,0.0
1899-01-24,,,61.0,,0.0
1899-01-25,,,13.0,,0.0
1899-01-26,,,0.0,,0.0
1899-01-27,,,0.0,,0.0
1899-01-28,,,15.0,,13.0
1899-01-29,,,0.0,,0.0
1899-01-30,,,20.0,,0.0
1899-01-31,,,249.0,,25.0
1899-02-01,,,3.0,,13.0
1899-02-02,,,0.0,,0.0
1899-02-03,,,107.0,,0.0
1899-02-04,,,775.0,,0.0
1899-02-05,,,249.0,,0.0
1899-02-06,,,394.0,,0.0
1899-02-07,,,198.0,,0.0
1899-02-08,,,8.0,,
1899-02-09,,,5.0,,13.0
1899-02-10,,,0.0,,0.0
1899-02-11,,,0.0,,0.0
1899-02-12,,,56.0,,89.0
1899-02-13,,,46.0,,152.0
1899-02-14,,,0.0,,0.0
1899-02-15,,,0.0,,0.0
1899-02-16,,,76.0,,0.0
1899-02-17,,,20.0,,0.0
1899-02-18,,,25.0,,25.0
1899-02-19,,,33.0,,33.0
1899-02-20,,,0.0,,0.0
1899-02-21,,,53.0,,0.0
1899-02-22,,,43.0,,0.0
1899-02-23,,,20.0,,0.0
1899-02-24,,,0.0,,0.0
1899-02-25,,,0.0,,0.0
1899-02-26,,,51.0,,0.0
1899-02-27,,,439.0,,0.0
1899-02-28,,,0.0,,0.0
1899-03-01,,,0.0,,0.0
1899-03-02,,,0.0,,0.0
1899-03-03,,,36.0,,0.0
1899-03-04,,,15.0,,0.0
1899-03-05,,,150.0,,0.0
1899-03-06,,,20.0,,25.0
1899-03-07,,,41.0,,51.0
1899-03-08,,,0.0,,0.0
1899-03-09,,,0.0,,0.0
1899-03-10,,,0.0,,0.0
1899-03-11,,,0.0,,0.0
1899-03-12,,,0.0,,0.0
1899-03-13,,,0.0,,0.0
1899-03-14,,,457.0,,0.0
1899-03-15,,,610.0,,0.0
1899-03-16,,,0.0,,0.0
1899-03-17,,,0.0,,0.0
1899-03-18,,,71.0,,0.0
1899-03-19,,,1016.0,,0.0
1899-03-20,,,8.0,,0.0
1899-03-21,,,0.0,,0.0
1899-03-22,,,13.0,,0.0
1899-03-23,,,229.0,,0.0
1899-03-24,,,0.0,,0.0
1899-03-25,,,0.0,,0.0
1899-03-26,,,25.0,,0.0
1899-03-27,,,107.0,,0.0
1899-03-28,,,0.0,,0.0
1899-03-29,,,229.0,,0.0
1899-03-30,,,0.0,,0.0
1899-03-31,,,206.0,,0.0
1899-04-01,,,0.0,,0.0
1899-04-02,,,0.0,,0.0
1899-04-03,,,0.0,,0.0
1899-04-04,,,183.0,,0.0
1899-04-05,,,0.0,,0.0
1899-04-06,,,0.0,,0.0
1899-04-07,,,142.0,,0.0
1899-04-08,,,107.0,,0.0
1899-04-09,,,13.0,,0.0
1899-04-10,,,0.0,,0.0
1899-04-11,,,0.0,,0.0
1899-04-12,,,0.0,,0.0
1899-04-13,,,0.0,,0.0
1899-04-14,,,142.0,,0.0
1899-04-15,,,0.0,,0.0
1899-04-16,,,0.0,,0.0
1899-04-17,,,0.0,,0.0
1899-04-18,,,0.0,,0.0
1899-04-19,,,0.0,,0.0
1899-04-20,,,0.0,,0.0
1899-04-21,,,0.0,,0.0
1899-04-22,,,0.0,,0.0
1899-04-23,,,64.0,,0.0
1899-04-24,,,127.0,,0.0
1899-04-25,,,191.0,,0.0
1899-04-26,,,0.0,,0.0
1899-04-27,,,0.0,,0.0
1899-04-28,,,0.0,,0.0
1899-04-29,,,0.0,,0.0
1899-04-30,,,0.0,,0.0
1899-05-01,,,0.0,,0.0
1899-05-02,,,0.0,,0.0
1899-05-03,,,0.0,,0.0
1899-05-04,,,0.0,,0.0
1899-05-05,,,229.0,,0.0
1899-05-06,,,0.0,,0.0
1899-05-07,,,38.0,,0.0
1899-05-08,,,0.0,,0.0
1899-05-09,,,0.0,,0.0
1899-05-10,,,51.0,,0.0
1899-05-11,,,38.0,,0.0
1899-05-12,,,0.0,,0.0
1899-05-13,,,46.0,,0.0
1899-05-14,,,0.0,,0.0
1899-05-15,,,0.0,,0.0
1899-05-16,,,0.0,,0.0
1899-05-17,,,0.0,,0.0
1899-05-18,,,0.0,,0.0
1899-05-19,,,51.0,,0.0
1899-05-20,,,0.0,,0.0
1899-05-21,,,0.0,,0.0
1899-05-22,,,117.0,,0.0
1899-05-23,,,18.0,,0.0
1899-05-24,,,0.0,,0.0
1899-05-25,,,0.0,,0.0
1899-05-26,,,0.0,,0.0
1899-05-27,,,0.0,,0.0
1899-05-28,,,0.0,,0.0
1899-05-29,,,58.0,,0.0
1899-05-30,,,64.0,,0.0
1899-05-31,,,0.0,,0.0
1899-06-01,,,114.0,,0.0
1899-06-02,,,64.0,,0.0
1899-06-03,,,0.0,,0.0
1899-06-04,,,0.0,,0.0
1899-06-05,,,0.0,,0.0
1899-06-06,,,0.0,,0.0
1899-06-07,,,0.0,,0.0
1899-06-08,,,0.0,,0.0
1899-06-09,,,213.0,,0.0
1899-06-10,,,0.0,,0.0
1899-06-11,,,61.0,,0.0
1899-06-12,,,302.0,,0.0
1899-06-13,,,157.0,,0.0
1899-06-14,,,208.0,,0.0
1899-06-15,,,0.0,,0.0
1899-06-16,,,0.0,,0.0
1899-06-17,,,0.0,,0.0
1899-06-18,,,0.0,,0.0
1899-06-19,,,0.0,,0.0
1899-06-20,,,0.0,,0.0
1899-06-21,,,0.0,,0.0
1899-06-22,,,0.0,,0.0
1899-06-23,,,0.0,,0.0
1899-06-24,,,0.0,,0.0
1899-06-25,,,0.0,,0.0
1899-06-26,,,0.0,,0.0
1899-06-27,,,0.0,,0.0
1899-06-28,,,0.0,,0.0
1899-06-29,,,0.0,,0.0
1899-06-30,,,0.0,,0.0
1899-07-01,,,0.0,,0.0
1899-07-02,,,0.0,,0.0
1899-07-03,,,0.0,,0.0
1899-07-04,,,0.0,,0.0
1899-07-05,,,0.0,,0.0
1899-07-06,,,188.0,,0.0
1899-07-07,,,137.0,,0.0
1899-07-08,,,0.0,,0.0
1899-07-09,,,51.0,,0.0
1899-07-10,,,0.0,,0.0
1899-07-11,,,0.0,,0.0
1899-07-12,,,0.0,,0.0
1899-07-13,,,0.0,,0.0
1899-07-14,,,0.0,,0.0
1899-07-15,,,10.0,,0.0
1899-07-16,,,5.0,,0.0
1899-07-17,,,64.0,,0.0
1899-07-18,,,0.0,,0.0
1899-07-19,,,0.0,,0.0
1899-07-20,,,0.0,,0.0
1899-07-21,,,0.0,,0.0
1899-07-22,,,124.0,,0.0
1899-07-23,,,61.0,,0.0
1899-07-24,,,3.0,,0.0
1899-07-25,,,0.0,,0.0
1899-07-26,,,495.0,,0.0
1899-07-27,,,8.0,,0.0
1899-07-28,,,0.0,,0.0
1899-07-29,,,0.0,,0.0
1899-07-30,,,0.0,,0.0
1899-07-31,,,0.0,,0.0
1899-08-01,,,0.0,,0.0
1899-08-02,,,0.0,,0.0
1899-08-03,,,0.0,,0.0
1899-08-04,,,0.0,,0.0
1899-08-05,,,76.0,,0.0
1899-08-06,,,99.0,,0.0
1899-08-07,,,0.0,,0.0
1899-08-08,,,0.0,,0.0
1899-08-09,,,0.0,,0.0
1899-08-10,,,81.0,,0.0
1899-08-11,,,84.0,,0.0
1899-08-12,,,0.0,,0.0
1899-08-13,,,0.0,,0.0
1899-08-14,,,0.0,,0.0
1899-08-15,,,30.0,,0.0
1899-08-16,,,25.0,,0.0
1899-08-17,,,36.0,,0.0
1899-08-18,,,0.0,,0.0
1899-08-19,,,0.0,,0.0
1899-08-20,,,0.0,,0.0
1899-08-21,,,0.0,,0.0
1899-08-22,,,0.0,,0.0
1899-08-23,,,0.0,,0.0
1899-08-24,,,0.0,,0.0
1899-08-25,,,0.0,,0.0
1899-08-26,,,0.0,,0.0
1899-08-27,,,76.0,,0.0
1899-08-28,,,51.0,,0.0
1899-08-29,,,25.0,,0.0
1899-08-30,,,157.0,,0.0
1899-08-31,,,43.0,,0.0
1899-09-01,,,0.0,,0.0
1899-09-02,,,0.0,,0.0
1899-09-03,,,277.0,,0.0
1899-09-04,,,0.0,,0.0
1899-09-05,,,0.0,,0.0
1899-09-06,,,0.0,,0.0
1899-09-07,,,0.0,,0.0
1899-09-08,,,0.0,,0.0
1899-09-09,,,0.0,,0.0
1899-09-10,,,0.0,,0.0
1899-09-11,,,160.0,,0.0
1899-09-12,,,0.0,,0.0
1899-09-13,,,0.0,,0.0
1899-09-14,,,0.0,,0.0
1899-09-15,,,0.0,,0.0
1899-09-16,,,0.0,,0.0
1899-09-17,,,0.0,,0.0
1899-09-18,,,0.0,,0.0
1899-09-19,,,0.0,,0.0
1899-09-20,,,0.0,,0.0
1899-09-21,,,0.0,,0.0
1899-09-22,,,0.0,,0.0
1899-09-23,,,0.0,,0.0
1899-09-24,,,0.0,,0.0
1899-09-25,,,0.0,,0.0
1899-09-26,,,157.0,,0.0
1899-09-27,,,0.0,,0.0
1899-09-28,,,0.0,,0.0
1899-09-29,,,0.0,,0.0
1899-09-30,,,0.0,,0.0
1899-10-01,,,0.0,,0.0
1899-10-02,,,0.0,,0.0
1899-10-03,,,0.0,,0.0
1899-10-04,,,0.0,,0.0
1899-10-05,,,0.0,,0.0
1899-10-06,,,64.0,,0.0
1899-10-07,,,76.0,,0.0
1899-10-08,,,178.0,,0.0
1899-10-09,,,10.0,,0.0
1899-10-10,,,0.0,,0.0
1899-10-11,,,0.0,,0.0
1899-10-12,,,0.0,,0.0
1899-10-13,,,0.0,,0.0
1899-10-14,,,0.0,,0.0
1899-10-15,,,0.0,,0.0
1899-10-16,,,0.0,,0.0
1899-10-17,,,20.0,,0.0
1899-10-18,,,0.0,,0.0
1899-10-19,,,0.0,,0.0
1899-10-20,,,0.0,,0.0
1899-10-21,,,51.0,,0.0
1899-10-22,,,0.0,,0.0
1899-10-23,,,0.0,,0.0
1899-10-24,,,0.0,,0.0
1899-10-25,,,0.0,,0.0
1899-10-26,,,0.0,,0.0
1899-10-27,,,0.0,,0.0
1899-10-28,,,0.0,,0.0
1899-10-29,,,0.0,,0.0
1899-10-30,,,168.0,,0.0
1899-10-31,,,0.0,,0.0
1899-11-01,,,0.0,,0.0
1899-11-02,,,53.0,,0.0
1899-11-03,,,0.0,,0.0
1899-11-04,,,0.0,,0.0
1899-11-05,,,0.0,,0.0
1899-11-06,,,0.0,,0.0
1899-11-07,,,0.0,,0.0
1899-11-08,,,0.0,,0.0
1899-11-09,,,0.0,,0.0
1899-11-10,,,36.0,,0.0
1899-11-11,,,0.0,,0.0
1899-11-12,,,0.0,,0.0
1899-11-13,,,0.0,,0.0
1899-11-14,,,102.0,,0.0
1899-11-15,,,0.0,,0.0
1899-11-16,,,41.0,,0.0
1899-11-17,,,0.0,,0.0
1899-11-18,,,0.0,,0.0
1899-11-19,,,0.0,,0.0
1899-11-20,,,0.0,,0.0
1899-11-21,,,0.0,,0.0
1899-11-22,,,226.0,,0.0
1899-11-23,,,117.0,,0.0
1899-11-24,,,0.0,,0.0
1899-11-25,,,0.0,,0.0
1899-11-26,,,180.0,,0.0
1899-11-27,,,25.0,,0.0
1899-11-28,,,20.0,,0.0
1899-11-29,,,0.0,,0.0
1899-11-30,,,0.0,,0.0
1899-12-01,,,76.0,,0.0
1899-12-02,,,61.0,,0.0
1899-12-03,,,0.0,,0.0
1899-12-04,,,25.0,,0.0
1899-12-05,,,0.0,,0.0
1899-12-06,,,0.0,,0.0
1899-12-07,,,0.0,,0.0
1899-12-08,,,0.0,,0.0
1899-12-09,,,0.0,,0.0
1899-12-10,,,0.0,,0.0
1899-12-11,,,0.0,,0.0
1899-12-12,,,404.0,,0.0
1899-12-13,,,0.0,,0.0
1899-12-14,,,0.0,,0.0
1899-12-15,,,25.0,,0.0
1899-12-16,,,0.0,,0.0
1899-12-17,,,0.0,,0.0
1899-12-18,,,0.0,,0.0
1899-12-19,,,191.0,,0.0
1899-12-20,,,0.0,,0.0
1899-12-21,,,0.0,,0.0
1899-12-22,,,58.0,,0.0
1899-12-23,,,249.0,,0.0
1899-12-24,,,0.0,,0.0
1899-12-25,,,18.0,,25.0
1899-12-26,,,0.0,,0.0
1899-12-27,,,0.0,,0.0
1899-12-28,,,114.0,,0.0
1899-12-29,,,0.0,,0.0
1899-12-30,,,0.0,,0.0
1899-12-31,,,0.0,,0.0
1900-01-01,,,0.0,,0.0
1900-01-02,,,20.0,,25.0
1900-01-03,,,0.0,,0.0
1900-01-04,,,0.0,,0.0
1900-01-05,,,0.0,,0.0
1900-01-06,,,0.0,,0.0
1900-01-07,,,188.0,,0.0
1900-01-08,,,0.0,,0.0
1900-01-09,,,61.0,,0.0
1900-01-10,,,0.0,,0.0
1900-01-11,,,0.0,,0.0
1900-01-12,,,58.0,,0.0
1900-01-13,,,0.0,,0.0
1900-01-14,,,0.0,,0.0
1900-01-15,,,0.0,,0.0
1900-01-16,,,0.0,,0.0
1900-01-17,,,0.0,,0.0
1900-01-18,,,178.0,,0.0
1900-01-19,,,191.0,,0.0
1900-01-20,,,102.0,,0.0
1900-01-21,,,66.0,,0.0
1900-01-22,,,0.0,,0.0
1900-01-23,,,0.0,,0.0
1900-01-24,,,0.0,,0.0
1900-01-25,,,0.0,,0.0
1900-01-26,,,38.0,,0.0
1900-01-27,,,0.0,,0.0
1900-01-28,,,0.0,,0.0
1900-01-29,,,0.0,,0.0
1900-01-30,,,0.0,,0.0
1900-01-31,,,0.0,,0.0
1900-02-01,,,0.0,,0.0
1900-02-02,,,0.0,,0.0
1900-02-03,,,0.0,,0.0
1900-02-04,,,140.0,,0.0
1900-02-05,,,51.0,,0.0
1900-02-06,,,0.0,,0.0
1900-02-07,,,0.0,,0.0
1900-02-08,,,38.0,,0.0
1900-02-09,,,305.0,,0.0
1900-02-10,,,0.0,,0.0
1900-02-11,,,51.0,,0.0
1900-02-12,,,43.0,,0.0
1900-02-13,,,721.0,,0.0
1900-02-14,,,0.0,,0.0
1900-02-15,,,0.0,,0.0
1900-02-16,,,0.0,,0.0
1900-02-17,,,18.0,,13.0
1900-02-18,,,13.0,,13.0
1900-02-19,,,0.0,,0.0
1900-02-20,,,0.0,,0.0
1900-02-21,,,135.0,,0.0
1900-02-22,,,18.0,,13.0
1900-02-23,,,46.0,,25.0
1900-02-24,,,0.0,,0.0
1900-02-25,,,0.0,,0.0
1900-02-26,,,51.0,,38.0
1900-02-27,,,0.0,,0.0
1900-02-28,,,10.0,,0.0
1900-03-01,,,165.0,,0.0
1900-03-02,,,0.0,,0.0
1900-03-03,,,0.0,,0.0
1900-03-04,,,0.0,,0.0
1900-03-05,,,0.0,,0.0
1900-03-06,,,0.0,,0.0
1900-03-07,,,300.0,,0.0
1900-03-08,,,239.0,,0.0
1900-03-09,,,30.0,,0.0
1900-03-10,,,0.0,,0.0
1900-03-11,,,0.0,,0.0
1900-03-12,,,0.0,,0.0
1900-03-13,,,0.0,,0.0
1900-03-14,,,0.0,,0.0
1900-03-15,,,86.0,,0.0
1900-03-16,,,170.0,,51.0
1900-03-17,,,0.0,,0.0
1900-03-18,,,0.0,,0.0
1900-03-19,,,198.0,,0.0
1900-03-20,,,318.0,,0.0
1900-03-21,,,0.0,,0.0
1900-03-22,,,0.0,,0.0
1900-03-23,,,0.0,,0.0
1900-03-24,,,53.0,,0.0
1900-03-25,,,173.0,,0.0
1900-03-26,,,38.0,,0.0
1900-03-27,,,0.0,,0.0
1900-03-28,,,0.0,,0.0
1900-03-29,,,25.0,,0.0
1900-03-30,,,0.0,,0.0
1900-03-31,,,0.0,,0.0
1900-04-01,,,0.0,,0.0
1900-04-02,,,15.0,,0.0
1900-04-03,,,10.0,,0.0
1900-04-04,,,277.0,,0.0
1900-04-05,,,0.0,,0.0
1900-04-06,,,0.0,,0.0
1900-04-07,,,0.0,,0.0
1900-04-08,,,0.0,,0.0
1900-04-09,,,0.0,,0.0
1900-04-10,,,0.0,,0.0
1900-04-11,,,229.0,,0.0
1900-04-12,,,79.0,,0.0
1900-04-13,,,0.0,,0.0
1900-04-14,,,0.0,,0.0
1900-04-15,,,0.0,,0.0
1900-04-16,,,0.0,,0.0
1900-04-17,,,48.0,,0.0
1900-04-18,,,157.0,,0.0
1900-04-19,,,53.0,,0.0
1900-04-20,,,157.0,,0.0
1900-04-21,,,99.0,,0.0
1900-04-22,,,25.0,,0.0
1900-04-23,,,0.0,,0.0
1900-04-24,,,0.0,,0.0
1900-04-25,,,0.0,,0.0
1900-04-26,,,0.0,,0.0
1900-04-27,,,76.0,,0.0
1900-04-28,,,0.0,,0.0
1900-04-29,,,0.0,,0.0
1900-04-30,,,0.0,,0.0
1900-05-01,,,0.0,,0.0
1900-05-02,,,0.0,,0.0
1900-05-03,,,0.0,,0.0
1900-05-04,,,0.0,,0.0
1900-05-05,,,0.0,,0.0
1900-05-06,,,0.0,,0.0
1900-05-07,,,0.0,,0.0
1900-05-08,,,0.0,,0.0
1900-05-09,,,165.0,,0.0
1900-05-10,,,0.0,,0.0
1900-05-11,,,0.0,,0.0
1900-05-12,,,0.0,,0.0
1900-05-13,,,0.0,,0.0
1900-05-14,,,0.0,,0.0
1900-05-15,,,0.0,,0.0
1900-05-16,,,0.0,,0.0
1900-05-17,,,0.0,,0.0
1900-05-18,,,0.0,,0.0
1900-05-19,,,137.0,,0.0
1900-05-20,,,51.0,,0.0
1900-05-21,,,0.0,,0.0
1900-05-22,,,0.0,,0.0
1900-05-23,,,0.0,,0.0
1900-05-24,,,0.0,,0.0
1900-05-25,,,102.0,,0.0
1900-05-26,,,76.0,,0.0
1900-05-27,,,0.0,,0.0
1900-05-28,,,0.0,,0.0
1900-05-29,,,0.0,,0.0
1900-05-30,,,25.0,,0.0
1900-05-31,,,0.0,,0.0
1900-06-01,,,135.0,,0.0
1900-06-02,,,102.0,,0.0
1900-06-03,,,81.0,,0.0
1900-06-04,,,71.0,,0.0
1900-06-05,,,58.0,,0.0
1900-06-06,,,33.0,,0.0
1900-06-07,,,152.0,,0.0
1900-06-08,,,33.0,,0.0
1900-06-09,,,0.0,,0.0
1900-06-10,,,0.0,,0.0
1900-06-11,,,51.0,,0.0
1900-06-12,,,25.0,,0.0
1900-06-13,,,38.0,,0.0
1900-06-14,,,36.0,,0.0
1900-06-15,,,0.0,,0.0
1900-06-16,,,46.0,,0.0
1900-06-17,,,249.0,,0.0
1900-06-18,,,0.0,,0.0
1900-06-19,,,48.0,,0.0
1900-06-20,,,86.0,,0.0
1900-06-21,,,216.0,,0.0
1900-06-22,,,112.0,,0.0
1900-06-23,,,58.0,,0.0
1900-06-24,,,89.0,,0.0
1900-06-25,,,76.0,,0.0
1900-06-26,,,81.0,,0.0
1900-06-27,,,109.0,,0.0
1900-06-28,,,117.0,,0.0
1900-06-29,,,23.0,,0.0
1900-06-30,,,127.0,,0.0
1900-07-01,,,0.0,,0.0
1900-07-02,,,0.0,,0.0
1900-07-03,,,102.0,,0.0
1900-07-04,,,0.0,,0.0
1900-07-05,,,0.0,,0.0
1900-07-06,,,0.0,,0.0
1900-07-07,,,0.0,,0.0
1900-07-08,,,0.0,,0.0
1900-07-09,,,76.0,,0.0
1900-07-10,,,0.0,,0.0
1900-07-11,,,0.0,,0.0
1900-07-12,,,0.0,,0.0
1900-07-13,,,0.0,,0.0
1900-07-14,,,127.0,,0.0
1900-07-15,,,0.0,,0.0
1900-07-16,,,0.0,,0.0
1900-07-17,,,10.0,,0.0
1900-07-18,,,0.0,,0.0
1900-07-19,,,0.0,,0.0
1900-07-20,,,0.0,,0.0
1900-07-21,,,0.0,,0.0
1900-07-22,,,0.0,,0.0
1900-07-23,,,183.0,,0.0
1900-07-24,,,239.0,,0.0
1900-07-25,,,0.0,,0.0
1900-07-26,,,0.0,,0.0
1900-07-27,,,251.0,,0.0
1900-07-28,,,0.0,,0.0
1900-07-29,,,38.0,,0.0
1900-07-30,,,0.0,,0.0
1900-07-31,,,0.0,,0.0
1900-08-01,,,0.0,,0.0
1900-08-02,,,0.0,,0.0
1900-08-03,,,0.0,,0.0
1900-08-04,,,0.0,,0.0
1900-08-05,,,152.0,,0.0
1900-08-06,,,0.0,,0.0
1900-08-07,,,0.0,,0.0
1900-08-08,,,0.0,,0.0
1900-08-09,,,0.0,,0.0
1900-08-10,,,0.0,,0.0
1900-08-11,,,0.0,,0.0
1900-08-12,,,0.0,,0.0
1900-08-13,,,0.0,,0.0
1900-08-14,,,0.0,,0.0
1900-08-15,,,0.0,,0.0
1900-08-16,,,0.0,,0.0
1900-08-17,,,0.0,,0.0
1900-08-18,,,323.0,,0.0
1900-08-19,,,0.0,,0.0
1900-08-20,,,0.0,,0.0
1900-08-21,,,0.0,,0.0
1900-08-22,,,0.0,,0.0
1900-08-23,,,0.0,,0.0
1900-08-24,,,117.0,,0.0
1900-08-25,,,89.0,,0.0
1900-08-26,,,0.0,,0.0
1900-08-27,,,0.0,,0.0
1900-08-28,,,0.0,,0.0
1900-08-29,,,0.0,,0.0
1900-08-30,,,0.0,,0.0
1900-08-31,,,25.0,,0.0
1900-09-01,,,15.0,,0.0
1900-09-02,,,0.0,,0.0
1900-09-03,,,0.0,,0.0
1900-09-04,,,0.0,,0.0
1900-09-05,,,0.0,,0.0
1900-09-06,,,0.0,,0.0
1900-09-07,,,0.0,,0.0
1900-09-08,,,0.0,,0.0
1900-09-09,,,0.0,,0.0
1900-09-10,,,0.0,,0.0
1900-09-11,,,0.0,,0.0
1900-09-12,,,0.0,,0.0
1900-09-13,,,0.0,,0.0
1900-09-14,,,150.0,,0.0
1900-09-15,,,508.0,,0.0
1900-09-16,,,25.0,,0.0
1900-09-17,,,0.0,,0.0
1900-09-18,,,0.0,,0.0
1900-09-19,,,0.0,,0.0
1900-09-20,,,0.0,,0.0
1900-09-21,,,0.0,,0.0
1900-09-22,,,0.0,,0.0
1900-09-23,,,99.0,,0.0
1900-09-24,,,13.0,,0.0
1900-09-25,,,0.0,,0.0
1900-09-26,,,0.0,,0.0
1900-09-27,,,0.0,,0.0
1900-09-28,,,0.0,,0.0
1900-09-29,,,0.0,,0.0
1900-09-30,,,0.0,,0.0
1900-10-01,,,0.0,,0.0
1900-10-02,,,0.0,,0.0
1900-10-03,,,0.0,,0.0
1900-10-04,,,0.0,,0.0
1900-10-05,,,0.0,,0.0
1900-10-06,,,0.0,,0.0
1900-10-07,,,0.0,,0.0
1900-10-08,,,389.0,,0.0
1900-10-09,,,0.0,,0.0
1900-10-10,,,0.0,,0.0
1900-10-11,,,0.0,,0.0
1900-10-12,,,38.0,,0.0
1900-10-13,,,66.0,,0.0
1900-10-14,,,76.0,,0.0
1900-10-15,,,0.0,,0.0
1900-10-16,,,0.0,,0.0
1900-10-17,,,0.0,,0.0
1900-10-18,,,0.0,,0.0
1900-10-19,,,0.0,,0.0
1900-10-20,,,0.0,,0.0
1900-10-21,,,0.0,,0.0
1900-10-22,,,38.0,,0.0
1900-10-23,,,660.0,,0.0
1900-10-24,,,51.0,,0.0
1900-10-25,,,0.0,,0.0
1900-10-26,,,0.0,,0.0
1900-10-27,,,0.0,,0.0
1900-10-28,,,0.0,,0.0
1900-10-29,,,0.0,,0.0
1900-10-30,,,0.0,,0.0
1900-10-31,,,0.0,,0.0
1900-11-01,,,0.0,,0.0
1900-11-02,,,43.0,,0.0
1900-11-03,,,0.0,,0.0
1900-11-04,,,526.0,,0.0
1900-11-05,,,25.0,,0.0
1900-11-06,,,0.0,,0.0
1900-11-07,,,0.0,,0.0
1900-11-08,,,0.0,,0.0
1900-11-09,,,23.0,,0.0
1900-11-10,,,0.0,,0.0
1900-11-11,,,0.0,,0.0
1900-11-12,,,0.0,,0.0
1900-11-13,,,0.0,,0.0
1900-11-14,,,0.0,,0.0
1900-11-15,,,0.0,,0.0
1900-11-16,,,0.0,,0.0
1900-11-17,,,0.0,,0.0
1900-11-18,,,0.0,,0.0
1900-11-19,,,0.0,,0.0
1900-11-20,,,0.0,,0.0
1900-11-21,,,229.0,,0.0
1900-11-22,,,33.0,,0.0
1900-11-23,,,0.0,,0.0
1900-11-24,,,0.0,,0.0
1900-11-25,,,0.0,,0.0
1900-11-26,,,447.0,,0.0
1900-11-27,,,0.0,,0.0
1900-11-28,,,0.0,,0.0
1900-11-29,,,0.0,,0.0
1900-11-30,,,0.0,,0.0
1900-12-01,,,0.0,,0.0
1900-12-02,,,0.0,,0.0
1900-12-03,,,0.0,,0.0
1900-12-04,,,422.0,,0.0
1900-12-05,,,25.0,,0.0
1900-12-06,,,0.0,,0.0
1900-12-07,,,0.0,,0.0
1900-12-08,,,64.0,,0.0
1900-12-09,,,0.0,,0.0
1900-12-10,,,0.0,,0.0
1900-12-11,,,0.0,,0.0
1900-12-12,,,0.0,,0.0
1900-12-13,,,0.0,,0.0
1900-12-14,,,0.0,,0.0
1900-12-15,,,0.0,,0.0
1900-12-16,,,0.0,,0.0
1900-12-17,,,0.0,,0.0
1900-12-18,,,0.0,,0.0
1900-12-19,,,0.0,,0.0
1900-12-20,,,269.0,,0.0
1900-12-21,,,117.0,,0.0
1900-12-22,,,0.0,,0.0
1900-12-23,,,165.0,,0.0
1900-12-24,,,0.0,,0.0
1900-12-25,,,0.0,,0.0
1900-12-26,,,0.0,,0.0
1900-12-27,,,0.0,,0.0
1900-12-28,,,107.0,,0.0
1900-12-29,,,23.0,,0.0
1900-12-30,,,41.0,,0.0
1900-12-31,,,152.0,,0.0
1901-01-01,,,0.0,,0.0
1901-01-02,,,0.0,,0.0
1901-01-03,,,0.0,,0.0
1901-01-04,,,0.0,,0.0
1901-01-05,,,0.0,,0.0
1901-01-06,,,0.0,,0.0
1901-01-07,,,0.0,,0.0
1901-01-08,,,0.0,,0.0
1901-01-09,,,0.0,,0.0
1901-01-10,,,30.0,,0.0
1901-01-11,,,1016.0,,0.0
1901-01-12,,,198.0,,0.0
1901-01-13,,,0.0,,0.0
1901-01-14,,,0.0,,0.0
1901-01-15,,,0.0,,0.0
1901-01-16,,,0.0,,0.0
1901-01-17,,,0.0,,0.0
1901-01-18,,,0.0,,0.0
1901-01-19,,,0.0,,0.0
1901-01-20,,,0.0,,0.0
1901-01-21,,,0.0,,0.0
1901-01-22,,,76.0,,0.0
1901-01-23,,,0.0,,0.0
1901-01-24,,,175.0,,0.0
1901-01-25,,,13.0,,0.0
1901-01-26,,,0.0,,0.0
1901-01-27,,,147.0,,0.0
1901-01-28,,,0.0,,0.0
1901-01-29,,,0.0,,0.0
1901-01-30,,,198.0,,0.0
1901-01-31,,,51.0,,0.0
1901-02-01,,,0.0,,0.0
1901-02-02,,,0.0,,0.0
1901-02-03,,,188.0,,0.0
1901-02-04,,,213.0,,0.0
1901-02-05,,,0.0,,0.0
1901-02-06,,,0.0,,0.0
1901-02-07,,,0.0,,0.0
1901-02-08,,,38.0,,0.0
1901-02-09,,,142.0,,0.0
1901-02-10,,,0.0,,0.0
1901-02-11,,,51.0,,0.0
1901-02-12,,,0.0,,0.0
1901-02-13,,,0.0,,0.0
1901-02-14,,,0.0,,0.0
1901-02-15,,,0.0,,0.0
1901-02-16,,,0.0,,0.0
1901-02-17,,,0.0,,0.0
1901-02-18,,,0.0,,0.0
1901-02-19,,,0.0,,0.0
1901-02-20,,,0.0,,0.0
1901-02-21,,,0.0,,0.0
1901-02-22,,,0.0,,0.0
1901-02-23,,,0.0,,0.0
1901-02-24,,,0.0,,0.0
1901-02-25,,,0.0,,0.0
1901-02-26,,,0.0,,0.0
1901-02-27,,,0.0,,0.0
1901-02-28,,,0.0,,0.0
1901-03-01,,,0.0,,0.0
1901-03-02,,,79.0,,0.0
1901-03-03,,,0.0,,0.0
1901-03-04,,,0.0,,0.0
1901-03-05,,,51.0,,0.0
1901-03-06,,,0.0,,0.0
1901-03-07,,,0.0,,0.0
1901-03-08,,,0.0,,0.0
1901-03-09,,,173.0,,0.0
1901-03-10,,,249.0,,0.0
1901-03-11,,,51.0,,0.0
1901-03-12,,,0.0,,0.0
1901-03-13,,,0.0,,0.0
1901-03-14,,,0.0,,0.0
1901-03-15,,,0.0,,0.0
1901-03-16,,,25.0,,8.0
1901-03-17,,,13.0,,0.0
1901-03-18,,,0.0,,0.0
1901-03-19,,,0.0,,0.0
1901-03-20,,,43.0,,0.0
1901-03-21,,,18.0,,0.0
1901-03-22,,,0.0,,0.0
1901-03-23,,,0.0,,0.0
1901-03-24,,,0.0,,0.0
1901-03-25,,,0.0,,0.0
1901-03-26,,,856.0,,0.0
1901-03-27,,,0.0,,0.0
1901-03-28,,,0.0,,0.0
1901-03-29,,,0.0,,0.0
1901-03-30,,,51.0,,0.0
1901-03-31,,,81.0,,0.0
1901-04-01,,,0.0,,0.0
1901-04-02,,,455.0,,0.0
1901-04-03,,,79.0,,0.0
1901-04-04,,,38.0,,0.0
1901-04-05,,,0.0,,0.0
1901-04-06,,,0.0,,0.0
1901-04-07,,,0.0,,0.0
1901-04-08,,,0.0,,0.0
1901-04-09,,,0.0,,0.0
1901-04-10,,,0.0,,0.0
1901-04-11,,,0.0,,0.0
1901-04-12,,,0.0,,0.0
1901-04-13,,,229.0,,0.0
1901-04-14,,,127.0,,0.0
1901-04-15,,,0.0,,0.0
1901-04-16,,,0.0,,0.0
1901-04-17,,,0.0,,0.0
1901-04-18,,,0.0,,0.0
1901-04-19,,,135.0,,0.0
1901-04-20,,,211.0,,0.0
1901-04-21,,,20.0,,0.0
1901-04-22,,,25.0,,0.0
1901-04-23,,,46.0,,0.0
1901-04-24,,,0.0,,0.0
1901-04-25,,,0.0,,0.0
1901-04-26,,,0.0,,0.0
1901-04-27,,,0.0,,0.0
1901-04-28,,,0.0,,0.0
1901-04-29,,,0.0,,0.0
1901-04-30,,,0.0,,0.0
1901-05-01,,,0.0,,0.0
1901-05-02,,,0.0,,0.0
1901-05-03,,,0.0,,0.0
1901-05-04,,,0.0,,0.0
1901-05-05,,,0.0,,0.0
1901-05-06,,,38.0,,0.0
1901-05-07,,,0.0,,0.0
1901-05-08,,,0.0,,0.0
1901-05-09,,,0.0,,0.0
1901-05-10,,,0.0,,0.0
1901-05-11,,,0.0,,0.0
1901-05-12,,,0.0,,0.0
1901-05-13,,,13.0,,0.0
1901-05-14,,,0.0,,0.0
1901-05-15,,,0.0,,0.0
1901-05-16,,,0.0,,0.0
1901-05-17,,,0.0,,0.0
1901-05-18,,,0.0,,0.0
1901-05-19,,,605.0,,0.0
1901-05-20,,,498.0,,0.0
1901-05-21,,,584.0,,0.0
1901-05-22,,,249.0,,0.0
1901-05-23,,,0.0,,0.0
1901-05-24,,,0.0,,0.0
1901-05-25,,,0.0,,0.0
1901-05-26,,,0.0,,0.0
1901-05-27,,,25.0,,0.0
1901-05-28,,,0.0,,0.0
1901-05-29,,,13.0,,0.0
1901-05-30,,,0.0,,0.0
1901-05-31,,,351.0,,0.0
1901-06-01,,,249.0,,0.0
1901-06-02,,,127.0,,0.0
1901-06-03,,,0.0,,0.0
1901-06-04,,,0.0,,0.0
1901-06-05,,,160.0,,0.0
1901-06-06,,,0.0,,0.0
1901-06-07,,,216.0,,0.0
1901-06-08,,,0.0,,0.0
1901-06-09,,,0.0,,0.0
1901-06-10,,,0.0,,0.0
1901-06-11,,,0.0,,0.0
1901-06-12,,,0.0,,0.0
1901-06-13,,,64.0,,0.0
1901-06-14,,,196.0,,0.0
1901-06-15,,,107.0,,0.0
1901-06-16,,,97.0,,0.0
1901-06-17,,,0.0,,0.0
1901-06-18,,,94.0,,0.0
1901-06-19,,,0.0,,0.0
1901-06-20,,,0.0,,0.0
1901-06-21,,,0.0,,0.0
1901-06-22,,,0.0,,0.0
1901-06-23,,,152.0,,0.0
1901-06-24,,,0.0,,0.0
1901-06-25,,,0.0,,0.0
1901-06-26,,,0.0,,0.0
1901-06-27,,,0.0,,0.0
1901-06-28,,,76.0,,0.0
1901-06-29,,,0.0,,0.0
1901-06-30,,,0.0,,0.0
1901-07-01,,,0.0,,0.0
1901-07-02,,,0.0,,0.0
1901-07-03,,,0.0,,0.0
1901-07-04,,,0.0,,0.0
1901-07-05,,,0.0,,0.0
1901-07-06,,,0.0,,0.0
1901-07-07,,,76.0,,0.0
1901-07-08,,,0.0,,0.0
1901-07-09,,,76.0,,0.0
1901-07-10,,,0.0,,0.0
1901-07-11,,,0.0,,0.0
1901-07-12,,,0.0,,0.0
1901-07-13,,,0.0,,0.0
1901-07-14,,,0.0,,0.0
1901-07-15,,,0.0,,0.0
1901-07-16,,,0.0,,0.0
1901-07-17,,,0.0,,0.0
1901-07-18,,,0.0,,0.0
1901-07-19,,,0.0,,0.0
1901-07-20,,,0.0,,0.0
1901-07-21,,,0.0,,0.0
1901-07-22,,,0.0,,0.0
1901-07-23,,,0.0,,0.0
1901-07-24,,,0.0,,0.0
1901-07-25,,,0.0,,0.0
1901-07-26,,,0.0,,0.0
1901-07-27,,,109.0,,0.0
1901-07-28,,,0.0,,0.0
1901-07-29,,,0.0,,0.0
1901-07-30,,,0.0,,0.0
1901-07-31,,,51.0,,0.0
1901-08-01,,,0.0,,0.0
1901-08-02,,,0.0,,0.0
1901-08-03,,,0.0,,0.0
1901-08-04,,,0.0,,0.0
1901-08-05,,,0.0,,0.0
1901-08-06,,,251.0,,0.0
1901-08-07,,,241.0,,0.0
1901-08-08,,,0.0,,0.0
1901-08-09,,,0.0,,0.0
1901-08-10,,,0.0,,0.0
1901-08-11,,,51.0,,0.0
1901-08-12,,,175.0,,0.0
1901-08-13,,,140.0,,0.0
1901-08-14,,,394.0,,0.0
1901-08-15,,,114.0,,0.0
1901-08-16,,,249.0,,0.0
1901-08-17,,,48.0,,0.0
1901-08-18,,,89.0,,0.0
1901-08-19,,,104.0,,0.0
1901-08-20,,,107.0,,0.0
1901-08-21,,,155.0,,0.0
1901-08-22,,,229.0,,0.0
1901-08-23,,,198.0,,0.0
1901-08-24,,,0.0,,0.0
1901-08-25,,,0.0,,0.0
1901-08-26,,,0.0,,0.0
1901-08-27,,,91.0,,0.0
1901-08-28,,,76.0,,0.0
1901-08-29,,,0.0,,0.0
1901-08-30,,,25.0,,0.0
1901-08-31,,,20.0,,0.0
1901-09-01,,,0.0,,0.0
1901-09-02,,,0.0,,0.0
1901-09-03,,,0.0,,0.0
1901-09-04,,,0.0,,0.0
1901-09-05,,,89.0,,0.0
1901-09-06,,,0.0,,0.0
1901-09-07,,,0.0,,0.0
1901-09-08,,,0.0,,0.0
1901-09-09,,,0.0,,0.0
1901-09-10,,,0.0,,0.0
1901-09-11,,,0.0,,0.0
1901-09-12,,,0.0,,0.0
1901-09-13,,,51.0,,0.0
1901-09-14,,,25.0,,0.0
1901-09-15,,,0.0,,0.0
1901-09-16,,,0.0,,0.0
1901-09-17,,,714.0,,0.0
1901-09-18,,,127.0,,0.0
1901-09-19,,,0.0,,0.0
1901-09-20,,,0.0,,0.0
1901-09-21,,,0.0,,0.0
1901-09-22,,,0.0,,0.0
1901-09-23,,,0.0,,0.0
1901-09-24,,,0.0,,0.0
1901-09-25,,,0.0,,0.0
1901-09-26,,,0.0,,0.0
1901-09-27,,,0.0,,0.0
1901-09-28,,,0.0,,0.0
1901-09-29,,,0.0,,0.0
1901-09-30,,,71.0,,0.0
1901-10-01,,,0.0,,0.0
1901-10-02,,,0.0,,0.0
1901-10-03,,,0.0,,0.0
1901-10-04,,,0.0,,0.0
1901-10-05,,,0.0,,0.0
1901-10-06,,,0.0,,0.0
1901-10-07,,,0.0,,0.0
1901-10-08,,,0.0,,0.0
1901-10-09,,,0.0,,0.0
1901-10-10,,,0.0,,0.0
1901-10-11,,,0.0,,0.0
1901-10-12,,,0.0,,0.0
1901-10-13,,,140.0,,0.0
1901-10-14,,,0.0,,0.0
1901-10-15,,,0.0,,0.0
1901-10-16,,,0.0,,0.0
1901-10-17,,,0.0,,0.0
1901-10-18,,,0.0,,0.0
1901-10-19,,,0.0,,0.0
1901-10-20,,,0.0,,0.0
1901-10-21,,,0.0,,0.0
1901-10-22,,,0.0,,0.0
1901-10-23,,,0.0,,0.0
1901-10-24,,,0.0,,0.0
1901-10-25,,,0.0,,0.0
1901-10-26,,,0.0,,0.0
1901-10-27,,,0.0,,0.0
1901-10-28,,,0.0,,0.0
1901-10-29,,,0.0,,0.0
1901-10-30,,,0.0,,0.0
1901-10-31,,,0.0,,0.0
1901-11-01,,,0.0,,0.0
1901-11-02,,,0.0,,0.0
1901-11-03,,,0.0,,0.0
1901-11-04,,,69.0,,0.0
1901-11-05,,,0.0,,0.0
1901-11-06,,,0.0,,0.0
1901-11-07,,,0.0,,0.0
1901-11-08,,,0.0,,0.0
1901-11-09,,,0.0,,0.0
1901-11-10,,,0.0,,0.0
1901-11-11,,,0.0,,0.0
1901-11-12,,,0.0,,0.0
1901-11-13,,,0.0,,0.0
1901-11-14,,,142.0,,0.0
1901-11-15,,,0.0,,0.0
1901-11-16,,,0.0,,0.0
1901-11-17,,,0.0,,0.0
1901-11-18,,,0.0,,0.0
1901-11-19,,,18.0,,0.0
1901-11-20,,,0.0,,0.0
1901-11-21,,,41.0,,0.0
1901-11-22,,,163.0,,0.0
1901-11-23,,,0.0,,0.0
1901-11-24,,,0.0,,0.0
1901-11-25,,,0.0,,0.0
1901-11-26,,,0.0,,0.0
1901-11-27,,,0.0,,0.0
1901-11-28,,,0.0,,0.0
1901-11-29,,,0.0,,0.0
1901-11-30,,,0.0,,0.0
1901-12-01,,,0.0,,0.0
1901-12-02,,,0.0,,0.0
1901-12-03,,,147.0,,0.0
1901-12-04,,,0.0,,0.0
1901-12-05,,,0.0,,0.0
1901-12-06,,,56.0,,46.0
1901-12-07,,,0.0,,0.0
1901-12-08,,,0.0,,0.0
1901-12-09,,,23.0,,0.0
1901-12-10,,,102.0,,0.0
1901-12-11,,,0.0,,0.0
1901-12-12,,,0.0,,0.0
1901-12-13,,,0.0,,0.0
1901-12-14,,,231.0,,0.0
1901-12-15,,,516.0,,0.0
1901-12-16,,,0.0,,0.0
1901-12-17,,,0.0,,0.0
1901-12-18,,,0.0,,0.0
1901-12-19,,,0.0,,0.0
1901-12-20,,,25.0,,28.0
1901-12-21,,,13.0,,
1901-12-22,,,102.0,,0.0
1901-12-23,,,0.0,,0.0
1901-12-24,,,0.0,,0.0
1901-12-25,,,0.0,,0.0
1901-12-26,,,0.0,,0.0
1901-12-27,,,0.0,,0.0
1901-12-28,,,229.0,,0.0
1901-12-29,,,660.0,,0.0
1901-12-30,,,51.0,,0.0
1901-12-31,,,0.0,,0.0
1902-01-01,,,0.0,,0.0
1902-01-02,,,0.0,,0.0
1902-01-03,,,0.0,,0.0
1902-01-04,,,0.0,,0.0
1902-01-05,,,0.0,,0.0
1902-01-06,,,0.0,,0.0
1902-01-07,,,0.0,,0.0
1902-01-08,,,0.0,,0.0
1902-01-09,,,0.0,,0.0
1902-01-10,,,0.0,,0.0
1902-01-11,,,0.0,,0.0
1902-01-12,,,0.0,,0.0
1902-01-13,,,0.0,,0.0
1902-01-14,,,0.0,,0.0
1902-01-15,,,0.0,,0.0
1902-01-16,,,0.0,,0.0
1902-01-17,,,0.0,,0.0
1902-01-18,,,0.0,,0.0
1902-01-19,,,137.0,,0.0
1902-01-20,,,0.0,,0.0
1902-01-21,,,,,38.0
1902-01-22,,,64.0,,64.0
1902-01-23,,,0.0,,0.0
1902-01-24,,,0.0,,0.0
1902-01-25,,,0.0,,0.0
1902-01-26,,,457.0,,0.0
1902-01-27,,,457.0,,0.0
1902-01-28,,,457.0,,0.0
1902-01-29,,,0.0,,0.0
1902-01-30,,,119.0,,0.0
1902-01-31,,,15.0,,0.0
1902-02-01,,,0.0,,0.0
1902-02-02,,,193.0,,0.0
1902-02-03,,,0.0,,0.0
1902-02-04,,,140.0,,0.0
1902-02-05,,,0.0,,0.0
1902-02-06,,,0.0,,0.0
1902-02-07,,,0.0,,0.0
1902-02-08,,,0.0,,0.0
1902-02-09,,,0.0,,0.0
1902-02-10,,,0.0,,0.0
1902-02-11,,,0.0,,0.0
1902-02-12,,,0.0,,0.0
1902-02-13,,,0.0,,0.0
1902-02-14,,,0.0,,0.0
1902-02-15,,,241.0,,
1902-02-16,,,0.0,,0.0
1902-02-17,,,0.0,,0.0
1902-02-18,,,25.0,,25.0
1902-02-19,,,10.0,,0.0
1902-02-20,,,58.0,,0.0
1902-02-21,,,38.0,,0.0
1902-02-22,,,0.0,,0.0
1902-02-23,,,0.0,,0.0
1902-02-24,,,0.0,,0.0
1902-02-25,,,84.0,,0.0
1902-02-26,,,8.0,,0.0
1902-02-27,,,13.0,,0.0
1902-02-28,,,757.0,,0.0
1902-03-01,,,43.0,,0.0
1902-03-02,,,5.0,,0.0
1902-03-03,,,0.0,,0.0
1902-03-04,,,0.0,,0.0
1902-03-05,,,203.0,,0.0
1902-03-06,,,0.0,,0.0
1902-03-07,,,0.0,,0.0
1902-03-08,,,64.0,,0.0
1902-03-09,,,165.0,,0.0
1902-03-10,,,0.0,,0.0
1902-03-11,,,0.0,,0.0
1902-03-12,,,0.0,,0.0
1902-03-13,,,150.0,,0.0
1902-03-14,,,0.0,,0.0
1902-03-15,,,64.0,,0.0
1902-03-16,,,249.0,,0.0
1902-03-17,,,0.0,,0.0
1902-03-18,,,13.0,,0.0
1902-03-19,,,0.0,,0.0
1902-03-20,,,0.0,,0.0
1902-03-21,,,0.0,,0.0
1902-03-22,,,23.0,,0.0
1902-03-23,,,0.0,,0.0
1902-03-24,,,0.0,,0.0
1902-03-25,,,0.0,,0.0
1902-03-26,,,0.0,,0.0
1902-03-27,,,0.0,,0.0
1902-03-28,,,142.0,,0.0
1902-03-29,,,467.0,,0.0
1902-03-30,,,0.0,,0.0
1902-03-31,,,0.0,,0.0
1902-04-01,,,0.0,,0.0
1902-04-02,,,0.0,,0.0
1902-04-03,,,0.0,,0.0
1902-04-04,,,41.0,,0.0
1902-04-05,,,0.0,,0.0
1902-04-06,,,18.0,,0.0
1902-04-07,,,102.0,,0.0
1902-04-08,,,147.0,,0.0
1902-04-09,,,0.0,,0.0
1902-04-10,,,0.0,,0.0
1902-04-11,,,0.0,,0.0
1902-04-12,,,0.0,,0.0
1902-04-13,,,0.0,,0.0
1902-04-14,,,0.0,,0.0
1902-04-15,,,20.0,,0.0
1902-04-16,,,0.0,,0.0
1902-04-17,,,38.0,,0.0
1902-04-18,,,15.0,,0.0
1902-04-19,,,36.0,,0.0
1902-04-20,,,23.0,,0.0
1902-04-21,,,0.0,,0.0
1902-04-22,,,0.0,,0.0
1902-04-23,,,0.0,,0.0
1902-04-24,,,0.0,,0.0
1902-04-25,,,0.0,,0.0
1902-04-26,,,0.0,,0.0
1902-04-27,,,8.0,,0.0
1902-04-28,,,0.0,,0.0
1902-04-29,,,0.0,,0.0
1902-04-30,,,99.0,,0.0
1902-05-01,,,104.0,,0.0
1902-05-02,,,76.0,,0.0
1902-05-03,,,0.0,,0.0
1902-05-04,,,0.0,,0.0
1902-05-05,,,0.0,,0.0
1902-05-06,,,23.0,,0.0
1902-05-07,,,0.0,,0.0
1902-05-08,,,8.0,,0.0
1902-05-09,,,0.0,,0.0
1902-05-10,,,0.0,,0.0
1902-05-11,,,0.0,,0.0
1902-05-12,,,30.0,,0.0
1902-05-13,,,0.0,,0.0
1902-05-14,,,0.0,,0.0
1902-05-15,,,0.0,,0.0
1902-05-16,,,0.0,,0.0
1902-05-17,,,20.0,,0.0
1902-05-18,,,38.0,,0.0
1902-05-19,,,8.0,,0.0
1902-05-20,,,0.0,,0.0
1902-05-21,,,10.0,,0.0
1902-05-22,,,13.0,,0.0
1902-05-23,,,0.0,,0.0
1902-05-24,,,0.0,,0.0
1902-05-25,,,0.0,,0.0
1902-05-26,,,130.0,,0.0
1902-05-27,,,20.0,,0.0
1902-05-28,,,0.0,,0.0
1902-05-29,,,0.0,,0.0
1902-05-30,,,0.0,,0.0
1902-05-31,,,0.0,,0.0
1902-06-01,,,0.0,,0.0
1902-06-02,,,25.0,,0.0
1902-06-03,,,0.0,,0.0
1902-06-04,,,0.0,,0.0
1902-06-05,,,0.0,,0.0
1902-06-06,,,0.0,,0.0
1902-06-07,,,5.0,,0.0
1902-06-08,,,41.0,,0.0
1902-06-09,,,30.0,,0.0
1902-06-10,,,0.0,,0.0
1902-06-11,,,0.0,,0.0
1902-06-12,,,0.0,,0.0
1902-06-13,,,0.0,,0.0
1902-06-14,,,0.0,,0.0
1902-06-15,,,20.0,,0.0
1902-06-16,,,8.0,,0.0
1902-06-17,,,51.0,,0.0
1902-06-18,,,0.0,,0.0
1902-06-19,,,56.0,,0.0
1902-06-20,,,0.0,,0.0
1902-06-21,,,241.0,,0.0
1902-06-22,,,0.0,,0.0
1902-06-23,,,0.0,,0.0
1902-06-24,,,0.0,,0.0
1902-06-25,,,239.0,,0.0
1902-06-26,,,0.0,,0.0
1902-06-27,,,18.0,,0.0
1902-06-28,,,0.0,,0.0
1902-06-29,,,89.0,,0.0
1902-06-30,,,0.0,,0.0
1902-07-01,,,0.0,,0.0
1902-07-02,,,0.0,,0.0
1902-07-03,,,23.0,,0.0
1902-07-04,,,0.0,,0.0
1902-07-05,,,5.0,,0.0
1902-07-06,,,0.0,,0.0
1902-07-07,,,0.0,,0.0
1902-07-08,,,8.0,,0.0
1902-07-09,,,0.0,,0.0
1902-07-10,,,0.0,,0.0
1902-07-11,,,43.0,,0.0
1902-07-12,,,104.0,,0.0
1902-07-13,,,99.0,,0.0
1902-07-14,,,0.0,,0.0
1902-07-15,,,64.0,,0.0
1902-07-16,,,0.0,,0.0
1902-07-17,,,0.0,,0.0
1902-07-18,,,0.0,,0.0
1902-07-19,,,0.0,,0.0
1902-07-20,,,114.0,,0.0
1902-07-21,,,25.0,,0.0
1902-07-22,,,0.0,,0.0
1902-07-23,,,0.0,,0.0
1902-07-24,,,0.0,,0.0
1902-07-25,,,0.0,,0.0
1902-07-26,,,0.0,,0.0
1902-07-27,,,0.0,,0.0
1902-07-28,,,10.0,,0.0
1902-07-29,,,46.0,,0.0
1902-07-30,,,0.0,,0.0
1902-07-31,,,0.0,,0.0
1902-08-01,,,0.0,,0.0
1902-08-02,,,0.0,,0.0
1902-08-03,,,46.0,,0.0
1902-08-04,,,13.0,,0.0
1902-08-05,,,10.0,,0.0
1902-08-06,,,0.0,,0.0
1902-08-07,,,0.0,,0.0
1902-08-08,,,0.0,,0.0
1902-08-09,,,0.0,,0.0
1902-08-10,,,20.0,,0.0
1902-08-11,,,0.0,,0.0
1902-08-12,,,0.0,,0.0
1902-08-13,,,0.0,,0.0
1902-08-14,,,15.0,,0.0
1902-08-15,,,0.0,,0.0
1902-08-16,,,0.0,,0.0
1902-08-17,,,0.0,,0.0
1902-08-18,,,0.0,,0.0
1902-08-19,,,64.0,,0.0
1902-08-20,,,0.0,,0.0
1902-08-21,,,0.0,,0.0
1902-08-22,,,38.0,,0.0
1902-08-23,,,8.0,,0.0
1902-08-24,,,0.0,,0.0
1902-08-25,,,0.0,,0.0
1902-08-26,,,0.0,,0.0
1902-08-27,,,292.0,,0.0
1902-08-28,,,58.0,,0.0
1902-08-29,,,0.0,,0.0
1902-08-30,,,0.0,,0.0
1902-08-31,,,0.0,,0.0
1902-09-01,,,0.0,,0.0
1902-09-02,,,0.0,,0.0
1902-09-03,,,13.0,,0.0
1902-09-04,,,140.0,,0.0
1902-09-05,,,0.0,,0.0
1902-09-06,,,0.0,,0.0
1902-09-07,,,0.0,,0.0
1902-09-08,,,0.0,,0.0
1902-09-09,,,102.0,,0.0
1902-09-10,,,0.0,,0.0
1902-09-11,,,0.0,,0.0
1902-09-12,,,229.0,,0.0
1902-09-13,,,0.0,,0.0
1902-09-14,,,0.0,,0.0
1902-09-15,,,0.0,,0.0
1902-09-16,,,0.0,,0.0
1902-09-17,,,0.0,,0.0
1902-09-18,,,0.0,,0.0
1902-09-19,,,196.0,,0.0
1902-09-20,,,,,0.0
1902-09-21,,,124.0,,0.0
1902-09-22,,,0.0,,0.0
1902-09-23,,,36.0,,0.0
1902-09-24,,,264.0,,0.0
1902-09-25,,,0.0,,0.0
1902-09-26,,,18.0,,0.0
1902-09-27,,,46.0,,0.0
1902-09-28,,,74.0,,0.0
1902-09-29,,,25.0,,0.0
1902-09-30,,,0.0,,0.0
1902-10-01,,,0.0,,0.0
1902-10-02,,,102.0,,0.0
1902-10-03,,,0.0,,0.0
1902-10-04,,,20.0,,0.0
1902-10-05,,,0.0,,0.0
1902-10-06,,,25.0,,0.0
1902-10-07,,,0.0,,0.0
1902-10-08,,,0.0,,0.0
1902-10-09,,,0.0,,0.0
1902-10-10,,,0.0,,0.0
1902-10-11,,,122.0,,0.0
1902-10-12,,,0.0,,0.0
1902-10-13,,,84.0,,0.0
1902-10-14,,,81.0,,0.0
1902-10-15,,,0.0,,0.0
1902-10-16,,,0.0,,0.0
1902-10-17,,,0.0,,0.0
1902-10-18,,,0.0,,0.0
1902-10-19,,,0.0,,0.0
1902-10-20,,,0.0,,0.0
1902-10-21,,,0.0,,0.0
1902-10-22,,,0.0,,0.0
1902-10-23,,,0.0,,0.0
1902-10-24,,,0.0,,0.0
1902-10-25,,,0.0,,0.0
1902-10-26,,,20.0,,0.0
1902-10-27,,,25.0,,0.0
1902-10-28,,,0.0,,0.0
1902-10-29,,,0.0,,0.0
1902-10-30,,,0.0,,0.0
1902-10-31,,,0.0,,0.0
1902-11-01,,,0.0,,0.0
1902-11-02,,,0.0,,0.0
1902-11-03,,,0.0,,0.0
1902-11-04,,,0.0,,0.0
1902-11-05,,,0.0,,0.0
1902-11-06,,,196.0,,0.0
1902-11-07,,,0.0,,0.0
1902-11-08,,,0.0,,0.0
1902-11-09,,,0.0,,0.0
1902-11-10,,,0.0,,0.0
1902-11-11,,,0.0,,0.0
1902-11-12,,,0.0,,0.0
1902-11-13,,,0.0,,0.0
1902-11-14,,,0.0,,0.0
1902-11-15,,,0.0,,0.0
1902-11-16,,,0.0,,0.0
1902-11-17,,,0.0,,0.0
1902-11-18,,,279.0,,0.0
1902-11-19,,,0.0,,0.0
1902-11-20,,,0.0,,0.0
1902-11-21,,,0.0,,0.0
1902-11-22,,,0.0,,0.0
1902-11-23,,,25.0,,0.0
1902-11-24,,,0.0,,0.0
1902-11-25,,,528.0,,0.0
1902-11-26,,,33.0,,0.0
1902-11-27,,,20.0,,0.0
1902-11-28,,,13.0,,0.0
1902-11-29,,,0.0,,0.0
1902-11-30,,,41.0,,0.0
1902-12-01,,,74.0,,0.0
1902-12-02,,,0.0,,0.0
1902-12-03,,,290.0,,0.0
1902-12-04,,,13.0,,0.0
1902-12-05,,,76.0,,0.0
1902-12-06,,,0.0,,0.0
1902-12-07,,,0.0,,0.0
1902-12-08,,,0.0,,0.0
1902-12-09,,,0.0,,0.0
1902-12-10,,,0.0,,0.0
1902-12-11,,,0.0,,0.0
1902-12-12,,,3.0,,0.0
1902-12-13,,,13.0,,0.0
1902-12-14,,,0.0,,0.0
1902-12-15,,,0.0,,0.0
1902-12-16,,,226.0,,0.0
1902-12-17,,,25.0,,0.0
1902-12-18,,,0.0,,0.0
1902-12-19,,,0.0,,0.0
1902-12-20,,,0.0,,0.0
1902-12-21,,,310.0,,0.0
1902-12-22,,,0.0,,0.0
1902-12-23,,,0.0,,0.0
1902-12-24,,,0.0,,0.0
1902-12-25,,,0.0,,0.0
1902-12-26,,,13.0,,0.0
1902-12-27,,,0.0,,0.0
1902-12-28,,,0.0,,0.0
1902-12-29,,,46.0,,0.0
1902-12-30,,,127.0,,0.0
1902-12-31,,,0.0,,0.0
1903-01-01,,,0.0,,0.0
1903-01-02,,,94.0,,0.0
1903-01-03,,,46.0,,0.0
1903-01-04,,,25.0,,0.0
1903-01-05,,,5.0,,0.0
1903-01-06,,,41.0,,0.0
1903-01-07,,,0.0,,0.0
1903-01-08,,,13.0,,0.0
1903-01-09,,,0.0,,0.0
1903-01-10,,,0.0,,0.0
1903-01-11,,,208.0,,0.0
1903-01-12,,,5.0,,0.0
1903-01-13,,,0.0,,0.0
1903-01-14,,,0.0,,0.0
1903-01-15,,,0.0,,0.0
1903-01-16,,,0.0,,0.0
1903-01-17,,,0.0,,0.0
1903-01-18,,,0.0,,0.0
1903-01-19,,,0.0,,0.0
1903-01-20,,,0.0,,0.0
1903-01-21,,,10.0,,0.0
1903-01-22,,,0.0,,0.0
1903-01-23,,,0.0,,0.0
1903-01-24,,,48.0,,0.0
1903-01-25,,,13.0,,0.0
1903-01-26,,,0.0,,0.0
1903-01-27,,,5.0,,0.0
1903-01-28,,,71.0,,0.0
1903-01-29,,,33.0,,0.0
1903-01-30,,,25.0,,0.0
1903-01-31,,,0.0,,0.0
1903-02-01,,,0.0,,0.0
1903-02-02,,,38.0,,0.0
1903-02-03,,,30.0,,0.0
1903-02-04,,,361.0,,0.0
1903-02-05,,,0.0,,0.0
1903-02-06,,,0.0,,0.0
1903-02-07,,,241.0,,0.0
1903-02-08,,,140.0,,0.0
1903-02-09,,,0.0,,0.0
1903-02-10,,,0.0,,0.0
1903-02-11,,,376.0,,0.0
1903-02-12,,,0.0,,0.0
1903-02-13,,,0.0,,0.0
1903-02-14,,,0.0,,0.0
1903-02-15,,,43.0,,0.0
1903-02-16,,,132.0,,0.0
1903-02-17,,,381.0,,28.0
1903-02-18,,,0.0,,0.0
1903-02-19,,,0.0,,0.0
1903-02-20,,,0.0,,0.0
1903-02-21,,,0.0,,0.0
1903-02-22,,,0.0,,0.0
1903-02-23,,,0.0,,0.0
1903-02-24,,,0.0,,0.0
1903-02-25,,,0.0,,0.0
1903-02-26,,,0.0,,0.0
1903-02-27,,,64.0,,0.0
1903-02-28,,,798.0,,0.0
1903-03-01,,,0.0,,0.0
1903-03-02,,,0.0,,0.0
1903-03-03,,,0.0,,0.0
1903-03-04,,,0.0,,0.0
1903-03-05,,,15.0,,0.0
1903-03-06,,,122.0,,0.0
1903-03-07,,,61.0,,0.0
1903-03-08,,,20.0,,0.0
1903-03-09,,,66.0,,0.0
1903-03-10,,,91.0,,0.0
1903-03-11,,,155.0,,0.0
1903-03-12,,,38.0,,0.0
1903-03-13,,,8.0,,0.0
1903-03-14,,,0.0,,0.0
1903-03-15,,,0.0,,0.0
1903-03-16,,,8.0,,0.0
1903-03-17,,,51.0,,0.0
1903-03-18,,,0.0,,0.0
1903-03-19,,,0.0,,0.0
1903-03-20,,,0.0,,0.0
1903-03-21,,,191.0,,0.0
1903-03-22,,,229.0,,0.0
1903-03-23,,,241.0,,0.0
1903-03-24,,,0.0,,0.0
1903-03-25,,,0.0,,0.0
1903-03-26,,,0.0,,0.0
1903-03-27,,,0.0,,0.0
1903-03-28,,,0.0,,0.0
1903-03-29,,,86.0,,0.0
1903-03-30,,,371.0,,0.0
1903-03-31,,,18.0,,
1903-04-01,,,0.0,,0.0
1903-04-02,,,0.0,,0.0
1903-04-03,,,0.0,,0.0
1903-04-04,,,198.0,,0.0
1903-04-05,,,0.0,,0.0
1903-04-06,,,0.0,,0.0
1903-04-07,,,0.0,,0.0
1903-04-08,,,246.0,,0.0
1903-04-09,,,0.0,,0.0
1903-04-10,,,0.0,,0.0
1903-04-11,,,0.0,,0.0
1903-04-12,,,0.0,,0.0
1903-04-13,,,391.0,,0.0
1903-04-14,,,122.0,,0.0
1903-04-15,,,38.0,,0.0
1903-04-16,,,10.0,,0.0
1903-04-17,,,13.0,,0.0
1903-04-18,,,5.0,,0.0
1903-04-19,,,0.0,,0.0
1903-04-20,,,76.0,,0.0
1903-04-21,,,89.0,,0.0
1903-04-22,,,0.0,,0.0
1903-04-23,,,0.0,,0.0
1903-04-24,,,0.0,,0.0
1903-04-25,,,46.0,,0.0
1903-04-26,,,20.0,,0.0
1903-04-27,,,0.0,,0.0
1903-04-28,,,0.0,,0.0
1903-04-29,,,0.0,,0.0
1903-04-30,,,0.0,,0.0
1903-05-01,,,25.0,,0.0
1903-05-02,,,0.0,,0.0
1903-05-03,,,25.0,,0.0
1903-05-04,,,38.0,,0.0
1903-05-05,,,0.0,,0.0
1903-05-06,,,0.0,,0.0
1903-05-07,,,0.0,,0.0
1903-05-08,,,0.0,,0.0
1903-05-09,,,0.0,,0.0
1903-05-10,,,0.0,,0.0
1903-05-11,,,0.0,,0.0
1903-05-12,,,0.0,,0.0
1903-05-13,,,0.0,,0.0
1903-05-14,,,0.0,,0.0
1903-05-15,,,0.0,,0.0
1903-05-16,,,0.0,,0.0
1903-05-17,,,0.0,,0.0
1903-05-18,,,0.0,,0.0
1903-05-19,,,0.0,,0.0
1903-05-20,,,0.0,,0.0
1903-05-21,,,25.0,,0.0
1903-05-22,,,0.0,,0.0
1903-05-23,,,0.0,,0.0
1903-05-24,,,0.0,,0.0
1903-05-25,,,0.0,,0.0
1903-05-26,,,0.0,,0.0
1903-05-27,,,0.0,,0.0
1903-05-28,,,0.0,,0.0
1903-05-29,,,137.0,,0.0
1903-05-30,,,178.0,,0.0
1903-05-31,,,231.0,,0.0
1903-06-01,,,234.0,,
1903-06-02,,,165.0,,
1903-06-03,,,33.0,,
1903-06-04,,,102.0,,
1903-06-05,,,191.0,,
1903-06-06,,,13.0,,
1903-06-07,,,23.0,,
1903-06-08,,,0.0,,
1903-06-09,,,0.0,,
1903-06-10,,,46.0,,
1903-06-11,,,196.0,,
1903-06-12,,,0.0,,
1903-06-13,,,0.0,,
1903-06-14,,,0.0,,
1903-06-15,,,0.0,,
1903-06-16,,,0.0,,
1903-06-17,,,0.0,,
1903-06-18,,,0.0,,
1903-06-19,,,0.0,,
1903-06-20,,,99.0,,
1903-06-21,,,0.0,,
1903-06-22,,,0.0,,
1903-06-23,,,97.0,,
1903-06-24,,,0.0,,
1903-06-25,,,0.0,,
1903-06-26,,,152.0,,
1903-06-27,,,160.0,,
1903-06-28,,,89.0,,
1903-06-29,,,81.0,,
1903-06-30,,,0.0,,
1903-07-01,,,0.0,,
1903-07-02,,,0.0,,
1903-07-03,,,0.0,,
1903-07-04,,,0.0,,
1903-07-05,,,0.0,,
1903-07-06,,,0.0,,
1903-07-07,,,135.0,,
1903-07-08,,,0.0,,
1903-07-09,,,0.0,,
1903-07-10,,,241.0,,
1903-07-11,,,0.0,,
1903-07-12,,,25.0,,
1903-07-13,,,216.0,,
1903-07-14,,,56.0,,
1903-07-15,,,0.0,,
1903-07-16,,,0.0,,
1903-07-17,,,122.0,,
1903-07-18,,,0.0,,
1903-07-19,,,0.0,,
1903-07-20,,,0.0,,
1903-07-21,,,0.0,,
1903-07-22,,,0.0,,
1903-07-23,,,0.0,,
1903-07-24,,,0.0,,
1903-07-25,,,0.0,,
1903-07-26,,,0.0,,
1903-07-27,,,0.0,,
1903-07-28,,,0.0,,
1903-07-29,,,203.0,,
1903-07-30,,,76.0,,
1903-07-31,,,0.0,,
1903-08-01,,,0.0,,
1903-08-02,,,241.0,,
1903-08-03,,,38.0,,
1903-08-04,,,140.0,,
1903-08-05,,,0.0,,
1903-08-06,,,64.0,,
1903-08-07,,,0.0,,
1903-08-08,,,0.0,,
1903-08-09,,,0.0,,
1903-08-10,,,0.0,,
1903-08-11,,,114.0,,
1903-08-12,,,0.0,,
1903-08-13,,,0.0,,
1903-08-14,,,0.0,,
1903-08-15,,,0.0,,
1903-08-16,,,102.0,,
1903-08-17,,,0.0,,
1903-08-18,,,102.0,,
1903-08-19,,,0.0,,
1903-08-20,,,53.0,,
1903-08-21,,,0.0,,
1903-08-22,,,0.0,,
1903-08-23,,,0.0,,
1903-08-24,,,0.0,,
1903-08-25,,,0.0,,
1903-08-26,,,0.0,,
1903-08-27,,,0.0,,
1903-08-28,,,0.0,,
1903-08-29,,,0.0,,
1903-08-30,,,0.0,,
1903-08-31,,,0.0,,
1903-09-01,,,0.0,,
1903-09-02,,,0.0,,
1903-09-03,,,0.0,,
1903-09-04,,,0.0,,
1903-09-05,,,0.0,,
1903-09-06,,,0.0,,
1903-09-07,,,0.0,,
1903-09-08,,,0.0,,
1903-09-09,,,0.0,,
1903-09-10,,,0.0,,
1903-09-11,,,0.0,,
1903-09-12,,,0.0,,
1903-09-13,,,0.0,,
1903-09-14,,,0.0,,
1903-09-15,,,122.0,,
1903-09-16,,,5.0,,
1903-09-17,,,8.0,,
1903-09-18,,,0.0,,
1903-09-19,,,0.0,,
1903-09-20,,,0.0,,
1903-09-21,,,0.0,,
1903-09-22,,,0.0,,
1903-09-23,,,0.0,,
1903-09-24,,,0.0,,
1903-09-25,,,0.0,,
1903-09-26,,,0.0,,
1903-09-27,,,0.0,,
1903-09-28,,,0.0,,
1903-09-29,,,0.0,,
1903-09-30,,,0.0,,
1903-10-01,,,0.0,,
1903-10-02,,,0.0,,
1903-10-03,,,0.0,,
1903-10-04,,,0.0,,
1903-10-05,,,0.0,,
1903-10-06,,,0.0,,
1903-10-07,,,251.0,,
1903-10-08,,,249.0,,
1903-10-09,,,0.0,,
1903-10-10,,,0.0,,
1903-10-11,,,0.0,,
1903-10-12,,,0.0,,
1903-10-13,,,0.0,,
1903-10-14,,,0.0,,
1903-10-15,,,0.0,,
1903-10-16,,,0.0,,
1903-10-17,,,168.0,,
1903-10-18,,,8.0,,
1903-10-19,,,0.0,,
1903-10-20,,,0.0,,
1903-10-21,,,0.0,,
1903-10-22,,,0.0,,
1903-10-23,,,0.0,,
1903-10-24,,,0.0,,
1903-10-25,,,0.0,,
1903-10-26,,,0.0,,
1903-10-27,,,0.0,,
1903-10-28,,,0.0,,
1903-10-29,,,0.0,,
1903-10-30,,,25.0,,
1903-10-31,,,51.0,,
1903-11-01,,,0.0,,0.0
1903-11-02,,,0.0,,0.0
1903-11-03,,,89.0,,0.0
1903-11-04,,,0.0,,0.0
1903-11-05,,,0.0,,0.0
1903-11-06,,,152.0,,0.0
1903-11-07,,,51.0,,0.0
1903-11-08,,,0.0,,0.0
1903-11-09,,,0.0,,0.0
1903-11-10,,,0.0,,0.0
1903-11-11,,,0.0,,0.0
1903-11-12,,,0.0,,0.0
1903-11-13,,,0.0,,0.0
1903-11-14,,,124.0,,0.0
1903-11-15,,,0.0,,0.0
1903-11-16,,,0.0,,0.0
1903-11-17,,,229.0,,0.0
1903-11-18,,,74.0,,0.0
1903-11-19,,,0.0,,0.0
1903-11-20,,,0.0,,0.0
1903-11-21,,,0.0,,0.0
1903-11-22,,,0.0,,0.0
1903-11-23,,,0.0,,0.0
1903-11-24,,,0.0,,0.0
1903-11-25,,,0.0,,0.0
1903-11-26,,,0.0,,0.0
1903-11-27,,,0.0,,0.0
1903-11-28,,,0.0,,0.0
1903-11-29,,,0.0,,0.0
1903-11-30,,,0.0,,0.0
1903-12-01,,,0.0,,0.0
1903-12-02,,,0.0,,0.0
1903-12-03,,,0.0,,0.0
1903-12-04,,,0.0,,0.0
1903-12-05,,,0.0,,0.0
1903-12-06,,,0.0,,0.0
1903-12-07,,,0.0,,0.0
1903-12-08,,,0.0,,0.0
1903-12-09,,,28.0,,38.0
1903-12-10,,,15.0,,25.0
1903-12-11,,,0.0,,0.0
1903-12-12,,,0.0,,0.0
1903-12-13,,,94.0,,0.0
1903-12-14,,,0.0,,0.0
1903-12-15,,,0.0,,0.0
1903-12-16,,,0.0,,0.0
1903-12-17,,,0.0,,0.0
1903-12-18,,,0.0,,0.0
1903-12-19,,,236.0,,0.0
1903-12-20,,,119.0,,0.0
1903-12-21,,,0.0,,0.0
1903-12-22,,,0.0,,0.0
1903-12-23,,,0.0,,0.0
1903-12-24,,,0.0,,0.0
1903-12-25,,,71.0,,0.0
1903-12-26,,,0.0,,0.0
1903-12-27,,,0.0,,0.0
1903-12-28,,,0.0,,0.0
1903-12-29,,,0.0,,0.0
1903-12-30,,,0.0,,0.0
1903-12-31,,,0.0,,0.0
1904-01-01,,,0.0,,
1904-01-02,,,0.0,,
1904-01-03,,,0.0,,0.0
1904-01-04,,,38.0,,
1904-01-05,,,0.0,,
1904-01-06,,,43.0,,
1904-01-07,,,0.0,,
1904-01-08,,,0.0,,
1904-01-09,,,0.0,,
1904-01-10,,,0.0,,
1904-01-11,,,64.0,,
1904-01-12,,,0.0,,
1904-01-13,,,0.0,,
1904-01-14,,,25.0,,
1904-01-15,,,0.0,,
1904-01-16,,,69.0,,
1904-01-17,,,170.0,,
1904-01-18,,,0.0,,
1904-01-19,,,0.0,,
1904-01-20,,,0.0,,
1904-01-21,,,0.0,,
1904-01-22,,,251.0,,
1904-01-23,,,178.0,,
1904-01-24,,,0.0,,
1904-01-25,,,0.0,,
1904-01-26,,,0.0,,
1904-01-27,,,0.0,,
1904-01-28,,,64.0,,51.0
1904-01-29,,,76.0,,76.0
1904-01-30,,,0.0,,0.0
1904-01-31,,,0.0,,
1904-02-01,,,0.0,,
1904-02-02,,,0.0,,
1904-02-03,,,0.0,,
1904-02-04,,,0.0,,
1904-02-05,,,0.0,,
1904-02-06,,,0.0,,
1904-02-07,,,0.0,,
1904-02-08,,,249.0,,
1904-02-09,,,0.0,,
1904-02-10,,,0.0,,
1904-02-11,,,56.0,,
1904-02-12,,,0.0,,
1904-02-13,,,0.0,,
1904-02-14,,,25.0,,
1904-02-15,,,152.0,,
1904-02-16,,,0.0,,
1904-02-17,,,0.0,,
1904-02-18,,,0.0,,
1904-02-19,,,102.0,,
1904-02-20,,,38.0,,
1904-02-21,,,91.0,,
1904-02-22,,,251.0,,
1904-02-23,,,0.0,,
1904-02-24,,,0.0,,
1904-02-25,,,84.0,,
1904-02-26,,,0.0,,
1904-02-27,,,0.0,,
1904-02-28,,,0.0,,
1904-02-29,,,0.0,,
1904-03-01,,,140.0,,
1904-03-02,,,0.0,,
1904-03-03,,,20.0,,
1904-03-04,,,43.0,,
1904-03-05,,,20.0,,
1904-03-06,,,0.0,,
1904-03-07,,,251.0,,
1904-03-08,,,0.0,,
1904-03-09,,,0.0,,0.0
1904-03-10,,,0.0,,0.0
1904-03-11,,,132.0,,0.0
1904-03-12,,,0.0,,0.0
1904-03-13,,,25.0,,0.0
1904-03-14,,,0.0,,0.0
1904-03-15,,,208.0,,0.0
1904-03-16,,,0.0,,0.0
1904-03-17,,,0.0,,0.0
1904-03-18,,,13.0,,0.0
1904-03-19,,,0.0,,0.0
1904-03-20,,,0.0,,0.0
1904-03-21,,,74.0,,0.0
1904-03-22,,,249.0,,0.0
1904-03-23,,,251.0,,0.0
1904-03-24,,,114.0,,
1904-03-25,,,0.0,,
1904-03-26,,,51.0,,
1904-03-27,,,104.0,,
1904-03-28,,,0.0,,
1904-03-29,,,0.0,,
1904-03-30,,,0.0,,
1904-03-31,,,0.0,,
1904-04-01,,,0.0,,
1904-04-02,,,0.0,,
1904-04-03,,,0.0,,
1904-04-04,,,0.0,,
1904-04-05,,,0.0,,
1904-04-06,,,56.0,,
1904-04-07,,,152.0,,
1904-04-08,,,127.0,,
1904-04-09,,,0.0,,
1904-04-10,,,0.0,,
1904-04-11,,,0.0,,
1904-04-12,,,0.0,,
1904-04-13,,,0.0,,
1904-04-14,,,0.0,,
1904-04-15,,,0.0,,
1904-04-16,,,64.0,,
1904-04-17,,,0.0,,
1904-04-18,,,0.0,,
1904-04-19,,,0.0,,
1904-04-20,,,0.0,,
1904-04-21,,,94.0,,
1904-04-22,,,0.0,,
1904-04-23,,,0.0,,
1904-04-24,,,0.0,,
1904-04-25,,,0.0,,
1904-04-26,,,221.0,,
1904-04-27,,,28.0,,
1904-04-28,,,0.0,,
1904-04-29,,,0.0,,
1904-04-30,,,0.0,,
1904-05-04,,,132.0,,
1904-05-08,,,213.0,,
1904-05-09,,,30.0,,
1904-05-14,,,0.0,,
1904-05-15,,,46.0,,
1904-05-18,,,53.0,,
1904-05-30,,,0.0,,
1904-05-31,,,132.0,,
1904-06-01,,,188.0,,
1904-06-02,,,0.0,,
1904-06-03,,,0.0,,
1904-06-04,,,0.0,,
1904-06-05,,,0.0,,
1904-06-06,,,0.0,,
1904-06-07,,,51.0,,
1904-06-08,,,25.0,,
1904-06-09,,,0.0,,
1904-06-10,,,0.0,,
1904-06-11,,,0.0,,
1904-06-12,,,81.0,,
1904-06-13,,,0.0,,
1904-06-14,,,0.0,,
1904-06-15,,,0.0,,
1904-06-16,,,0.0,,
1904-06-17,,,0.0,,
1904-06-18,,,0.0,,
1904-06-19,,,246.0,,
1904-06-20,,,0.0,,
1904-06-21,,,0.0,,
1904-06-22,,,251.0,,
1904-06-23,,,0.0,,
1904-06-24,,,0.0,,
1904-06-25,,,0.0,,
1904-06-26,,,114.0,,
1904-06-27,,,208.0,,
1904-06-28,,,231.0,,
1904-06-29,,,251.0,,
1904-06-30,,,25.0,,
1904-07-01,,,0.0,,
1904-07-02,,,0.0,,
1904-07-03,,,0.0,,
1904-07-04,,,0.0,,
1904-07-05,,,102.0,,
1904-07-06,,,89.0,,
1904-07-07,,,64.0,,
1904-07-08,,,51.0,,
1904-07-09,,,25.0,,
1904-07-10,,,0.0,,
1904-07-11,,,0.0,,
1904-07-12,,,114.0,,
1904-07-13,,,0.0,,
1904-07-14,,,0.0,,
1904-07-15,,,0.0,,
1904-07-16,,,0.0,,
1904-07-17,,,0.0,,
1904-07-18,,,0.0,,
1904-07-19,,,0.0,,
1904-07-20,,,0.0,,
1904-07-21,,,0.0,,
1904-07-22,,,249.0,,
1904-07-23,,,66.0,,
1904-07-24,,,0.0,,
1904-07-25,,,0.0,,
1904-07-26,,,127.0,,
1904-07-27,,,0.0,,
1904-07-28,,,102.0,,
1904-07-29,,,76.0,,
1904-07-30,,,0.0,,
1904-07-31,,,0.0,,
1904-08-01,,,64.0,,
1904-08-02,,,152.0,,
1904-08-03,,,102.0,,
1904-08-04,,,89.0,,
1904-08-05,,,25.0,,
1904-08-06,,,699.0,,
1904-08-07,,,0.0,,
1904-08-08,,,119.0,,
1904-08-09,,,56.0,,
1904-08-10,,,25.0,,
1904-08-11,,,0.0,,
1904-08-12,,,0.0,,
1904-08-13,,,0.0,,
1904-08-14,,,0.0,,
1904-08-15,,,445.0,,
1904-08-16,,,0.0,,
1904-08-17,,,0.0,,
1904-08-18,,,0.0,,
1904-08-19,,,0.0,,
1904-08-20,,,229.0,,
1904-08-21,,,152.0,,
1904-08-22,,,0.0,,
1904-08-23,,,0.0,,
1904-08-24,,,0.0,,
1904-08-25,,,0.0,,
1904-08-26,,,0.0,,
1904-08-27,,,0.0,,
1904-08-28,,,0.0,,
1904-08-29,,,0.0,,
1904-08-30,,,0.0,,
1904-08-31,,,0.0,,
1904-09-01,,,0.0,,
1904-09-02,,,97.0,,
1904-09-03,,,0.0,,
1904-09-04,,,0.0,,
1904-09-05,,,249.0,,
1904-09-06,,,0.0,,
1904-09-07,,,25.0,,
1904-09-08,,,0.0,,
1904-09-09,,,0.0,,
1904-09-10,,,0.0,,
1904-09-11,,,0.0,,
1904-09-12,,,0.0,,
1904-09-13,,,0.0,,
1904-09-14,,,0.0,,
1904-09-15,,,0.0,,
1904-09-16,,,0.0,,
1904-09-17,,,0.0,,
1904-09-18,,,0.0,,
1904-09-19,,,0.0,,
1904-09-20,,,0.0,,
1904-09-21,,,119.0,,
1904-09-22,,,0.0,,
1904-09-23,,,0.0,,
1904-09-24,,,0.0,,
1904-09-25,,,0.0,,
1904-09-26,,,0.0,,
1904-09-27,,,0.0,,
1904-09-28,,,0.0,,
1904-09-29,,,0.0,,
1904-09-30,,,0.0,,
1904-10-01,,,0.0,,
1904-10-02,,,0.0,,
1904-10-03,,,0.0,,
1904-10-04,,,0.0,,
1904-10-05,,,0.0,,
1904-10-06,,,0.0,,
1904-10-07,,,0.0,,
1904-10-08,,,0.0,,
1904-10-09,,,0.0,,
1904-10-10,,,0.0,,
1904-10-11,,,0.0,,
1904-10-12,,,0.0,,
1904-10-13,,,0.0,,
1904-10-14,,,0.0,,
1904-10-15,,,0.0,,
1904-10-16,,,0.0,,
1904-10-17,,,0.0,,
1904-10-18,,,0.0,,
1904-10-19,,,0.0,,
1904-10-20,,,0.0,,
1904-10-21,,,0.0,,
1904-10-22,,,0.0,,
1904-10-23,,,0.0,,
1904-10-24,,,0.0,,
1904-10-25,,,0.0,,
1904-10-26,,,0.0,,
1904-10-27,,,0.0,,
1904-10-28,,,0.0,,
1904-10-29,,,0.0,,
1904-10-30,,,0.0,,
1904-10-31,,,0.0,,
1904-11-01,,,0.0,,0.0
1904-11-02,,,0.0,,0.0
1904-11-03,,,89.0,,0.0
1904-11-04,,,114.0,,0.0
1904-11-05,,,38.0,,0.0
1904-11-06,,,0.0,,0.0
1904-11-07,,,0.0,,0.0
1904-11-08,,,0.0,,0.0
1904-11-09,,,0.0,,0.0
1904-11-10,,,0.0,,0.0
1904-11-11,,,0.0,,0.0
1904-11-12,,,0.0,,0.0
1904-11-13,,,183.0,,0.0
1904-11-14,,,25.0,,0.0
1904-11-15,,,0.0,,0.0
1904-11-16,,,0.0,,0.0
1904-11-17,,,0.0,,0.0
1904-11-18,,,0.0,,0.0
1904-11-19,,,0.0,,0.0
1904-11-20,,,0.0,,0.0
1904-11-21,,,0.0,,0.0
1904-11-22,,,76.0,,0.0
1904-11-23,,,0.0,,0.0
1904-11-24,,,0.0,,0.0
1904-11-25,,,0.0,,0.0
1904-11-26,,,0.0,,0.0
1904-11-27,,,0.0,,0.0
1904-11-28,,,0.0,,0.0
1904-11-29,,,0.0,,0.0
1904-11-30,,,249.0,,0.0
1904-12-01,,,0.0,,
1904-12-02,,,51.0,,
1904-12-03,,,246.0,,
1904-12-04,,,0.0,,
1904-12-05,,,251.0,,
1904-12-06,,,64.0,,
1904-12-07,,,0.0,,
1904-12-08,,,0.0,,
1904-12-09,,,0.0,,
1904-12-10,,,0.0,,
1904-12-11,,,0.0,,
1904-12-12,,,25.0,,
1904-12-13,,,8.0,,
1904-12-14,,,0.0,,
1904-12-15,,,0.0,,0.0
1904-12-16,,,38.0,,
1904-12-17,,,74.0,,
1904-12-18,,,51.0,,
1904-12-19,,,0.0,,
1904-12-20,,,0.0,,
1904-12-21,,,0.0,,
1904-12-22,,,0.0,,
1904-12-23,,,0.0,,
1904-12-24,,,48.0,,
1904-12-25,,,25.0,,
1904-12-26,,,0.0,,
1904-12-27,,,0.0,,
1904-12-28,,,251.0,,0.0
1904-12-29,,,36.0,,
1904-12-30,,,0.0,,
1904-12-31,,,0.0,,
1905-01-01,,,0.0,,
1905-01-02,,,51.0,,
1905-01-03,,,102.0,,51.0
1905-01-04,,,38.0,,102.0
1905-01-05,,,36.0,,
1905-01-06,,,102.0,,
1905-01-07,,,33.0,,51.0
1905-01-08,,,25.0,,76.0
1905-01-09,,,0.0,,
1905-01-10,,,69.0,,25.0
1905-01-11,,,251.0,,
1905-01-12,,,206.0,,
1905-01-13,,,0.0,,
1905-01-14,,,0.0,,0.0
1905-01-15,,,0.0,,
1905-01-16,,,0.0,,
1905-01-17,,,0.0,,
1905-01-18,,,0.0,,
1905-01-19,,,0.0,,
1905-01-20,,,0.0,,
1905-01-21,,,0.0,,
1905-01-22,,,0.0,,
1905-01-23,,,0.0,,
1905-01-24,,,25.0,,
1905-01-25,,,0.0,,
1905-01-26,,,0.0,,
1905-01-27,,,0.0,,
1905-01-28,,,0.0,,
1905-01-29,,,76.0,,25.0
1905-01-30,,,0.0,,
1905-01-31,,,0.0,,
1905-02-01,,,0.0,,0.0
1905-02-02,,,0.0,,0.0
1905-02-03,,,25.0,,25.0
1905-02-04,,,76.0,,76.0
1905-02-05,,,135.0,,0.0
1905-02-06,,,0.0,,0.0
1905-02-07,,,0.0,,0.0
1905-02-08,,,180.0,,0.0
1905-02-09,,,406.0,,0.0
1905-02-10,,,0.0,,0.0
1905-02-11,,,0.0,,0.0
1905-02-12,,,0.0,,0.0
1905-02-13,,,203.0,,81.0
1905-02-14,,,185.0,,0.0
1905-02-15,,,0.0,,0.0
1905-02-16,,,0.0,,0.0
1905-02-17,,,0.0,,0.0
1905-02-18,,,0.0,,0.0
1905-02-19,,,0.0,,0.0
1905-02-20,,,251.0,,0.0
1905-02-21,,,249.0,,0.0
1905-02-22,,,0.0,,0.0
1905-02-23,,,0.0,,0.0
1905-02-24,,,0.0,,0.0
1905-02-25,,,0.0,,0.0
1905-02-26,,,0.0,,0.0
1905-02-27,,,0.0,,0.0
1905-02-28,,,0.0,,0.0
1905-03-01,,,0.0,,
1905-03-02,,,0.0,,
1905-03-03,,,0.0,,
1905-03-04,,,0.0,,
1905-03-05,,,0.0,,
1905-03-06,,,0.0,,
1905-03-07,,,0.0,,
1905-03-08,,,0.0,,
1905-03-09,,,0.0,,
1905-03-10,,,241.0,,
1905-03-11,,,38.0,,
1905-03-12,,,33.0,,
1905-03-13,,,0.0,,
1905-03-14,,,0.0,,
1905-03-15,,,0.0,,
1905-03-16,,,0.0,,
1905-03-17,,,0.0,,
1905-03-18,,,0.0,,
1905-03-19,,,0.0,,
1905-03-20,,,206.0,,
1905-03-21,,,246.0,,
1905-03-22,,,0.0,,
1905-03-23,,,0.0,,
1905-03-24,,,0.0,,
1905-03-25,,,0.0,,
1905-03-26,,,0.0,,
1905-03-27,,,0.0,,
1905-03-28,,,0.0,,
1905-03-29,,,0.0,,
1905-03-30,,,97.0,,
1905-03-31,,,0.0,,
1905-04-01,,,0.0,,0.0
1905-04-02,,,0.0,,0.0
1905-04-03,,,0.0,,0.0
1905-04-04,,,25.0,,0.0
1905-04-05,,,38.0,,0.0
1905-04-06,,,76.0,,0.0
1905-04-07,,,64.0,,0.0
1905-04-08,,,0.0,,0.0
1905-04-09,,,127.0,,0.0
1905-04-10,,,0.0,,0.0
1905-04-11,,,0.0,,0.0
1905-04-12,,,0.0,,0.0
1905-04-13,,,0.0,,0.0
1905-04-14,,,0.0,,0.0
1905-04-15,,,0.0,,0.0
1905-04-16,,,51.0,,0.0
1905-04-17,,,38.0,,0.0
1905-04-18,,,0.0,,0.0
1905-04-19,,,0.0,,0.0
1905-04-20,,,0.0,,0.0
1905-04-21,,,0.0,,0.0
1905-04-22,,,107.0,,0.0
1905-04-23,,,0.0,,0.0
1905-04-24,,,0.0,,0.0
1905-04-25,,,25.0,,0.0
1905-04-26,,,0.0,,0.0
1905-04-27,,,119.0,,0.0
1905-04-28,,,76.0,,0.0
1905-04-29,,,241.0,,0.0
1905-04-30,,,229.0,,0.0
1905-05-01,,,0.0,,
1905-05-02,,,0.0,,
1905-05-03,,,51.0,,
1905-05-04,,,0.0,,
1905-05-05,,,0.0,,
1905-05-06,,,0.0,,
1905-05-07,,,0.0,,
1905-05-08,,,25.0,,
1905-05-09,,,127.0,,
1905-05-10,,,0.0,,
1905-05-11,,,0.0,,
1905-05-12,,,0.0,,
1905-05-13,,,0.0,,
1905-05-14,,,0.0,,
1905-05-15,,,0.0,,
1905-05-16,,,533.0,,
1905-05-17,,,0.0,,
1905-05-18,,,0.0,,
1905-05-19,,,0.0,,
1905-05-20,,,0.0,,
1905-05-21,,,89.0,,
1905-05-22,,,69.0,,
1905-05-23,,,251.0,,
1905-05-24,,,51.0,,
1905-05-25,,,0.0,,
1905-05-26,,,0.0,,
1905-05-27,,,0.0,,
1905-05-28,,,0.0,,
1905-05-29,,,0.0,,
1905-05-30,,,0.0,,
1905-05-31,,,0.0,,
1905-06-01,,,0.0,,
1905-06-02,,,0.0,,
1905-06-03,,,0.0,,
1905-06-04,,,0.0,,
1905-06-05,,,0.0,,
1905-06-06,,,0.0,,
1905-06-07,,,0.0,,
1905-06-08,,,0.0,,
1905-06-09,,,0.0,,
1905-06-10,,,0.0,,
1905-06-11,,,0.0,,
1905-06-12,,,0.0,,
1905-06-13,,,0.0,,
1905-06-14,,,0.0,,
1905-06-15,,,127.0,,
1905-06-16,,,0.0,,
1905-06-17,,,89.0,,
1905-06-18,,,0.0,,
1905-06-19,,,152.0,,
1905-06-20,,,102.0,,
1905-06-21,,,76.0,,
1905-06-22,,,25.0,,
1905-06-23,,,102.0,,
1905-06-24,,,25.0,,
1905-06-25,,,0.0,,
1905-06-26,,,0.0,,
1905-06-27,,,178.0,,
1905-06-28,,,0.0,,
1905-06-29,,,0.0,,
1905-06-30,,,0.0,,
1905-07-01,,,363.0,,
1905-07-02,,,0.0,,
1905-07-03,,,0.0,,
1905-07-04,,,0.0,,
1905-07-05,,,0.0,,
1905-07-06,,,0.0,,
1905-07-07,,,89.0,,
1905-07-08,,,0.0,,
1905-07-09,,,0.0,,
1905-07-10,,,0.0,,
1905-07-11,,,241.0,,
1905-07-12,,,508.0,,
1905-07-13,,,0.0,,
1905-07-14,,,0.0,,
1905-07-15,,,0.0,,
1905-07-16,,,0.0,,
1905-07-17,,,0.0,,
1905-07-18,,,231.0,,
1905-07-19,,,483.0,,
1905-07-20,,,251.0,,
1905-07-21,,,0.0,,
1905-07-22,,,0.0,,
1905-07-23,,,0.0,,
1905-07-24,,,0.0,,
1905-07-25,,,0.0,,
1905-07-26,,,0.0,,
1905-07-27,,,0.0,,
1905-07-28,,,0.0,,
1905-07-29,,,0.0,,
1905-07-30,,,124.0,,
1905-07-31,,,0.0,,
1905-08-01,,,0.0,,
1905-08-02,,,0.0,,
1905-08-03,,,0.0,,
1905-08-04,,,0.0,,
1905-08-05,,,0.0,,
1905-08-06,,,0.0,,
1905-08-07,,,0.0,,
1905-08-08,,,0.0,,
1905-08-09,,,127.0,,
1905-08-10,,,64.0,,
1905-08-11,,,251.0,,
1905-08-12,,,193.0,,
1905-08-13,,,43.0,,
1905-08-14,,,51.0,,
1905-08-15,,,0.0,,
1905-08-16,,,0.0,,
1905-08-17,,,0.0,,
1905-08-18,,,0.0,,
1905-08-19,,,0.0,,
1905-08-20,,,0.0,,
1905-08-21,,,0.0,,
1905-08-22,,,178.0,,
1905-08-23,,,229.0,,
1905-08-24,,,140.0,,
1905-08-25,,,0.0,,
1905-08-26,,,0.0,,
1905-08-27,,,0.0,,
1905-08-28,,,0.0,,
1905-08-29,,,0.0,,
1905-08-30,,,0.0,,
1905-08-31,,,0.0,,
1905-09-01,,,0.0,,
1905-09-02,,,0.0,,
1905-09-03,,,0.0,,
1905-09-04,,,0.0,,
1905-09-05,,,0.0,,
1905-09-06,,,0.0,,
1905-09-07,,,0.0,,
1905-09-08,,,0.0,,
1905-09-09,,,0.0,,
1905-09-10,,,0.0,,
1905-09-11,,,0.0,,
1905-09-12,,,0.0,,
1905-09-13,,,0.0,,
1905-09-14,,,0.0,,
1905-09-15,,,0.0,,
1905-09-16,,,0.0,,
1905-09-17,,,0.0,,
1905-09-18,,,0.0,,
1905-09-19,,,102.0,,
1905-09-20,,,0.0,,
1905-09-21,,,0.0,,
1905-09-22,,,0.0,,
1905-09-23,,,0.0,,
1905-09-24,,,0.0,,
1905-09-25,,,0.0,,
1905-09-26,,,0.0,,
1905-09-27,,,0.0,,
1905-09-28,,,0.0,,
1905-09-29,,,0.0,,
1905-09-30,,,76.0,,
1905-10-01,,,0.0,,
1905-10-02,,,25.0,,
1905-10-03,,,251.0,,
1905-10-04,,,114.0,,
1905-10-05,,,0.0,,
1905-10-06,,,0.0,,
1905-10-07,,,0.0,,
1905-10-08,,,0.0,,
1905-10-09,,,0.0,,
1905-10-10,,,0.0,,
1905-10-11,,,373.0,,
1905-10-12,,,0.0,,
1905-10-13,,,0.0,,
1905-10-14,,,0.0,,
1905-10-15,,,0.0,,
1905-10-16,,,178.0,,
1905-10-17,,,0.0,,
1905-10-18,,,0.0,,
1905-10-19,,,0.0,,
1905-10-20,,,0.0,,
1905-10-21,,,0.0,,
1905-10-22,,,0.0,,
1905-10-23,,,0.0,,
1905-10-24,,,0.0,,
1905-10-25,,,251.0,,
1905-10-26,,,0.0,,
1905-10-27,,,0.0,,
1905-10-28,,,0.0,,
1905-10-29,,,0.0,,
1905-10-30,,,0.0,,
1905-10-31,,,0.0,,
1905-11-01,,,0.0,,
1905-11-02,,,0.0,,
1905-11-03,,,0.0,,
1905-11-04,,,0.0,,
1905-11-05,,,0.0,,
1905-11-06,,,51.0,,
1905-11-07,,,76.0,,
1905-11-08,,,0.0,,
1905-11-09,,,0.0,,
1905-11-10,,,0.0,,
1905-11-11,,,0.0,,
1905-11-12,,,0.0,,
1905-11-13,,,0.0,,
1905-11-14,,,0.0,,
1905-11-15,,,0.0,,
1905-11-16,,,0.0,,
1905-11-17,,,0.0,,
1905-11-18,,,0.0,,
1905-11-19,,,0.0,,
1905-11-20,,,104.0,,
1905-11-21,,,251.0,,
1905-11-22,,,0.0,,
1905-11-23,,,0.0,,
1905-11-24,,,0.0,,
1905-11-25,,,0.0,,
1905-11-26,,,178.0,,
1905-11-27,,,0.0,,
1905-11-28,,,0.0,,
1905-11-29,,,0.0,,
1905-11-30,,,0.0,,
1905-12-01,,,0.0,,
1905-12-02,,,0.0,,
1905-12-03,,,635.0,,
1905-12-04,,,0.0,,
1905-12-05,,,0.0,,
1905-12-06,,,0.0,,
1905-12-07,,,0.0,,
1905-12-08,,,356.0,,
1905-12-09,,,457.0,,
1905-12-10,,,0.0,,
1905-12-11,,,0.0,,
1905-12-12,,,0.0,,
1905-12-13,,,0.0,,
1905-12-14,,,76.0,,
1905-12-15,,,51.0,,
1905-12-16,,,76.0,,
1905-12-17,,,0.0,,
1905-12-18,,,0.0,,
1905-12-19,,,0.0,,
1905-12-20,,,51.0,,
1905-12-21,,,76.0,,
1905-12-22,,,0.0,,
1905-12-23,,,0.0,,
1905-12-24,,,0.0,,
1905-12-25,,,0.0,,
1905-12-26,,,0.0,,
1905-12-27,,,0.0,,
1905-12-28,,,51.0,,
1905-12-29,,,229.0,,
1905-12-30,,,0.0,,
1905-12-31,,,0.0,,
1906-01-01,,,0.0,,0.0
1906-01-02,,,0.0,,0.0
1906-01-03,,,0.0,,0.0
1906-01-04,,,178.0,,0.0
1906-01-05,,,229.0,,0.0
1906-01-06,,,0.0,,0.0
1906-01-07,,,0.0,,0.0
1906-01-08,,,0.0,,0.0
1906-01-09,,,279.0,,0.0
1906-01-10,,,0.0,,0.0
1906-01-11,,,102.0,,0.0
1906-01-12,,,241.0,,0.0
1906-01-13,,,0.0,,0.0
1906-01-14,,,0.0,,0.0
1906-01-15,,,0.0,,0.0
1906-01-16,,,178.0,,0.0
1906-01-17,,,0.0,,0.0
1906-01-18,,,0.0,,0.0
1906-01-19,,,0.0,,0.0
1906-01-20,,,0.0,,0.0
1906-01-21,,,203.0,,0.0
1906-01-22,,,229.0,,0.0
1906-01-23,,,241.0,,0.0
1906-01-24,,,0.0,,0.0
1906-01-25,,,0.0,,0.0
1906-01-26,,,178.0,,51.0
1906-01-27,,,76.0,,0.0
1906-01-28,,,51.0,,0.0
1906-01-29,,,0.0,,0.0
1906-01-30,,,0.0,,0.0
1906-01-31,,,0.0,,0.0
1906-02-01,,,0.0,,0.0
1906-02-02,,,0.0,,0.0
1906-02-03,,,0.0,,0.0
1906-02-04,,,0.0,,0.0
1906-02-05,,,0.0,,0.0
1906-02-06,,,0.0,,0.0
1906-02-07,,,0.0,,0.0
1906-02-08,,,0.0,,0.0
1906-02-09,,,13.0,,0.0
1906-02-10,,,0.0,,0.0
1906-02-11,,,0.0,,0.0
1906-02-12,,,0.0,,0.0
1906-02-13,,,0.0,,0.0
1906-02-14,,,0.0,,0.0
1906-02-15,,,0.0,,0.0
1906-02-16,,,0.0,,0.0
1906-02-17,,,0.0,,0.0
1906-02-18,,,0.0,,0.0
1906-02-19,,,0.0,,0.0
1906-02-20,,,76.0,,0.0
1906-02-21,,,0.0,,0.0
1906-02-22,,,0.0,,0.0
1906-02-23,,,0.0,,0.0
1906-02-24,,,0.0,,0.0
1906-02-25,,,0.0,,0.0
1906-02-26,,,0.0,,0.0
1906-02-27,,,38.0,,38.0
1906-02-28,,,15.0,,0.0
1906-03-01,,,0.0,,0.0
1906-03-02,,,0.0,,0.0
1906-03-03,,,0.0,,0.0
1906-03-04,,,241.0,,0.0
1906-03-05,,,76.0,,0.0
1906-03-06,,,0.0,,0.0
1906-03-07,,,0.0,,0.0
1906-03-08,,,0.0,,0.0
1906-03-09,,,0.0,,0.0
1906-03-10,,,0.0,,0.0
1906-03-11,,,114.0,,0.0
1906-03-12,,,0.0,,0.0
1906-03-13,,,0.0,,0.0
1906-03-14,,,102.0,,0.0
1906-03-15,,,401.0,,0.0
1906-03-16,,,0.0,,0.0
1906-03-17,,,0.0,,0.0
1906-03-18,,,0.0,,0.0
1906-03-19,,,251.0,,0.0
1906-03-20,,,25.0,,25.0
1906-03-21,,,51.0,,0.0
1906-03-22,,,0.0,,0.0
1906-03-23,,,0.0,,0.0
1906-03-24,,,64.0,,0.0
1906-03-25,,,122.0,,0.0
1906-03-26,,,0.0,,0.0
1906-03-27,,,0.0,,0.0
1906-03-28,,,0.0,,0.0
1906-03-29,,,104.0,,0.0
1906-03-30,,,79.0,,0.0
1906-03-31,,,0.0,,0.0
1906-04-01,,,0.0,,
1906-04-02,,,0.0,,
1906-04-03,,,0.0,,
1906-04-04,,,0.0,,
1906-04-05,,,0.0,,
1906-04-06,,,0.0,,
1906-04-07,,,127.0,,
1906-04-08,,,152.0,,
1906-04-09,,,102.0,,
1906-04-10,,,25.0,,
1906-04-11,,,0.0,,
1906-04-12,,,0.0,,
1906-04-13,,,0.0,,
1906-04-14,,,76.0,,
1906-04-15,,,51.0,,
1906-04-16,,,0.0,,
1906-04-17,,,0.0,,
1906-04-18,,,0.0,,
1906-04-19,,,0.0,,
1906-04-20,,,0.0,,
1906-04-21,,,0.0,,
1906-04-22,,,0.0,,
1906-04-23,,,33.0,,
1906-04-24,,,0.0,,
1906-04-25,,,0.0,,
1906-04-26,,,0.0,,
1906-04-27,,,84.0,,
1906-04-28,,,33.0,,
1906-04-29,,,0.0,,
1906-04-30,,,0.0,,
1906-05-01,,,0.0,,
1906-05-02,,,30.0,,
1906-05-03,,,76.0,,
1906-05-04,,,51.0,,
1906-05-05,,,56.0,,
1906-05-06,,,0.0,,
1906-05-07,,,0.0,,
1906-05-08,,,0.0,,
1906-05-09,,,0.0,,
1906-05-10,,,0.0,,
1906-05-11,,,0.0,,
1906-05-12,,,0.0,,
1906-05-13,,,0.0,,
1906-05-14,,,0.0,,
1906-05-15,,,0.0,,
1906-05-16,,,0.0,,
1906-05-17,,,0.0,,
1906-05-18,,,0.0,,
1906-05-19,,,0.0,,
1906-05-20,,,0.0,,
1906-05-21,,,0.0,,
1906-05-22,,,0.0,,
1906-05-23,,,0.0,,
1906-05-24,,,0.0,,
1906-05-25,,,0.0,,
1906-05-26,,,142.0,,
1906-05-27,,,173.0,,
1906-05-28,,,0.0,,
1906-05-29,,,0.0,,
1906-05-30,,,0.0,,
1906-05-31,,,0.0,,
1906-06-01,,,343.0,,0.0
1906-06-02,,,0.0,,0.0
1906-06-03,,,0.0,,0.0
1906-06-04,,,0.0,,0.0
1906-06-05,,,0.0,,0.0
1906-06-06,,,0.0,,0.0
1906-06-07,,,0.0,,0.0
1906-06-08,,,0.0,,0.0
1906-06-09,,,0.0,,0.0
1906-06-10,,,0.0,,0.0
1906-06-11,,,0.0,,0.0
1906-06-12,,,0.0,,0.0
1906-06-13,,,36.0,,0.0
1906-06-14,,,295.0,,0.0
1906-06-15,,,102.0,,0.0
1906-06-16,,,89.0,,0.0
1906-06-17,,,0.0,,0.0
1906-06-18,,,0.0,,0.0
1906-06-19,,,0.0,,0.0
1906-06-20,,,0.0,,0.0
1906-06-21,,,0.0,,0.0
1906-06-22,,,0.0,,0.0
1906-06-23,,,25.0,,0.0
1906-06-24,,,356.0,,0.0
1906-06-25,,,102.0,,0.0
1906-06-26,,,102.0,,0.0
1906-06-27,,,0.0,,0.0
1906-06-28,,,0.0,,0.0
1906-06-29,,,0.0,,0.0
1906-06-30,,,0.0,,0.0
1906-07-01,,,0.0,,
1906-07-02,,,0.0,,
1906-07-03,,,0.0,,
1906-07-04,,,0.0,,
1906-07-05,,,0.0,,
1906-07-06,,,0.0,,
1906-07-07,,,0.0,,
1906-07-08,,,25.0,,
1906-07-09,,,0.0,,
1906-07-10,,,0.0,,
1906-07-11,,,0.0,,
1906-07-12,,,51.0,,
1906-07-13,,,0.0,,
1906-07-14,,,508.0,,
1906-07-15,,,508.0,,
1906-07-16,,,38.0,,
1906-07-17,,,229.0,,
1906-07-18,,,0.0,,
1906-07-19,,,25.0,,
1906-07-20,,,0.0,,
1906-07-21,,,229.0,,
1906-07-22,,,127.0,,
1906-07-23,,,102.0,,
1906-07-24,,,0.0,,
1906-07-25,,,0.0,,
1906-07-26,,,102.0,,
1906-07-27,,,0.0,,
1906-07-28,,,0.0,,
1906-07-29,,,25.0,,
1906-07-30,,,305.0,,
1906-07-31,,,0.0,,
1906-08-01,,,0.0,,
1906-08-02,,,318.0,,
1906-08-03,,,0.0,,
1906-08-04,,,0.0,,
1906-08-05,,,152.0,,
1906-08-06,,,0.0,,
1906-08-07,,,0.0,,
1906-08-08,,,76.0,,
1906-08-09,,,0.0,,
1906-08-10,,,0.0,,
1906-08-11,,,0.0,,
1906-08-12,,,38.0,,
1906-08-13,,,0.0,,
1906-08-14,,,102.0,,
1906-08-15,,,25.0,,
1906-08-16,,,152.0,,
1906-08-17,,,0.0,,
1906-08-18,,,0.0,,
1906-08-19,,,0.0,,
1906-08-20,,,152.0,,
1906-08-21,,,0.0,,
1906-08-22,,,0.0,,
1906-08-23,,,0.0,,
1906-08-24,,,102.0,,
1906-08-25,,,76.0,,
1906-08-26,,,25.0,,
1906-08-27,,,0.0,,
1906-08-28,,,25.0,,
1906-08-29,,,76.0,,
1906-08-30,,,127.0,,
1906-08-31,,,300.0,,
1906-09-01,,,0.0,,
1906-09-02,,,0.0,,
1906-09-03,,,51.0,,
1906-09-04,,,25.0,,
1906-09-05,,,0.0,,
1906-09-06,,,0.0,,
1906-09-07,,,0.0,,
1906-09-08,,,0.0,,
1906-09-09,,,76.0,,
1906-09-10,,,0.0,,
1906-09-11,,,51.0,,
1906-09-12,,,25.0,,
1906-09-13,,,251.0,,
1906-09-14,,,18.0,,
1906-09-15,,,0.0,,
1906-09-16,,,0.0,,
1906-09-17,,,0.0,,
1906-09-18,,,117.0,,
1906-09-19,,,249.0,,
1906-09-20,,,0.0,,
1906-09-21,,,0.0,,
1906-09-22,,,241.0,,
1906-09-23,,,114.0,,
1906-09-24,,,0.0,,
1906-09-25,,,25.0,,
1906-09-26,,,0.0,,
1906-09-27,,,0.0,,
1906-09-28,,,165.0,,
1906-09-29,,,251.0,,
1906-09-30,,,226.0,,
1906-10-01,,,0.0,,
1906-10-02,,,0.0,,
1906-10-03,,,251.0,,
1906-10-04,,,114.0,,
1906-10-05,,,119.0,,
1906-10-06,,,249.0,,
1906-10-07,,,5.0,,
1906-10-08,,,0.0,,
1906-10-09,,,0.0,,
1906-10-10,,,0.0,,
1906-10-11,,,0.0,,
1906-10-12,,,0.0,,
1906-10-13,,,0.0,,
1906-10-14,,,0.0,,
1906-10-15,,,0.0,,
1906-10-16,,,0.0,,
1906-10-17,,,0.0,,
1906-10-18,,,246.0,,
1906-10-19,,,109.0,,
1906-10-20,,,0.0,,
1906-10-21,,,0.0,,
1906-10-22,,,0.0,,
1906-10-23,,,0.0,,
1906-10-24,,,0.0,,
1906-10-25,,,0.0,,
1906-10-26,,,0.0,,
1906-10-27,,,0.0,,
1906-10-28,,,0.0,,
1906-10-29,,,0.0,,
1906-10-30,,,0.0,,
1906-10-31,,,0.0,,
1906-11-01,,,0.0,,0.0
1906-11-02,,,0.0,,0.0
1906-11-03,,,0.0,,0.0
1906-11-04,,,0.0,,0.0
1906-11-05,,,0.0,,0.0
1906-11-06,,,0.0,,0.0
1906-11-07,,,0.0,,0.0
1906-11-08,,,0.0,,0.0
1906-11-09,,,0.0,,0.0
1906-11-10,,,0.0,,0.0
1906-11-11,,,127.0,,0.0
1906-11-12,,,0.0,,0.0
1906-11-13,,,0.0,,0.0
1906-11-14,,,0.0,,0.0
1906-11-15,,,0.0,,0.0
1906-11-16,,,30.0,,15.0
1906-11-17,,,51.0,,0.0
1906-11-18,,,89.0,,0.0
1906-11-19,,,2032.0,,0.0
1906-11-20,,,0.0,,0.0
1906-11-21,,,0.0,,0.0
1906-11-22,,,0.0,,0.0
1906-11-23,,,0.0,,0.0
1906-11-24,,,0.0,,0.0
1906-11-25,,,0.0,,0.0
1906-11-26,,,0.0,,0.0
1906-11-27,,,0.0,,0.0
1906-11-28,,,25.0,,0.0
1906-11-29,,,0.0,,0.0
1906-11-30,,,0.0,,0.0
1906-12-01,,,0.0,,0.0
1906-12-02,,,0.0,,0.0
1906-12-03,,,127.0,,0.0
1906-12-04,,,0.0,,0.0
1906-12-05,,,0.0,,0.0
1906-12-06,,,0.0,,0.0
1906-12-07,,,0.0,,0.0
1906-12-08,,,0.0,,0.0
1906-12-09,,,0.0,,0.0
1906-12-10,,,0.0,,0.0
1906-12-11,,,229.0,,0.0
1906-12-12,,,0.0,,0.0
1906-12-13,,,0.0,,0.0
1906-12-14,,,0.0,,0.0
1906-12-15,,,0.0,,0.0
1906-12-16,,,251.0,,0.0
1906-12-17,,,102.0,,0.0
1906-12-18,,,127.0,,0.0
1906-12-19,,,0.0,,0.0
1906-12-20,,,0.0,,0.0
1906-12-21,,,76.0,,0.0
1906-12-22,,,127.0,,0.0
1906-12-23,,,25.0,,8.0
1906-12-24,,,0.0,,0.0
1906-12-25,,,0.0,,0.0
1906-12-26,,,0.0,,0.0
1906-12-27,,,0.0,,0.0
1906-12-28,,,251.0,,0.0
1906-12-29,,,191.0,,0.0
1906-12-30,,,64.0,,0.0
1906-12-31,,,0.0,,0.0
1907-01-01,,,0.0,,0.0
1907-01-02,,,0.0,,0.0
1907-01-03,,,0.0,,0.0
1907-01-04,,,0.0,,0.0
1907-01-05,,,0.0,,0.0
1907-01-06,,,0.0,,0.0
1907-01-07,,,0.0,,0.0
1907-01-08,,,0.0,,0.0
1907-01-09,,,0.0,,0.0
1907-01-10,,,0.0,,0.0
1907-01-11,,,0.0,,0.0
1907-01-12,,,0.0,,0.0
1907-01-13,,,0.0,,0.0
1907-01-14,,,0.0,,0.0
1907-01-15,,,0.0,,0.0
1907-01-16,,,0.0,,0.0
1907-01-17,,,0.0,,0.0
1907-01-18,,,0.0,,0.0
1907-01-19,,,0.0,,0.0
1907-01-20,,,127.0,,0.0
1907-01-21,,,0.0,,0.0
1907-01-22,,,0.0,,0.0
1907-01-23,,,0.0,,0.0
1907-01-24,,,0.0,,0.0
1907-01-25,,,0.0,,0.0
1907-01-26,,,0.0,,0.0
1907-01-27,,,102.0,,0.0
1907-01-28,,,25.0,,5.0
1907-01-29,,,0.0,,0.0
1907-01-30,,,0.0,,0.0
1907-01-31,,,191.0,,0.0
1907-02-01,,,356.0,,
1907-02-02,,,157.0,,
1907-02-03,,,0.0,,
1907-02-04,,,0.0,,
1907-02-05,,,0.0,,
1907-02-06,,,0.0,,
1907-02-07,,,0.0,,
1907-02-08,,,0.0,,
1907-02-09,,,0.0,,
1907-02-10,,,0.0,,
1907-02-11,,,79.0,,
1907-02-12,,,102.0,,
1907-02-13,,,46.0,,
1907-02-14,,,0.0,,
1907-02-15,,,0.0,,
1907-02-16,,,0.0,,
1907-02-17,,,0.0,,
1907-02-18,,,0.0,,
1907-02-19,,,0.0,,
1907-02-20,,,0.0,,
1907-02-21,,,0.0,,
1907-02-22,,,0.0,,
1907-02-23,,,0.0,,
1907-02-24,,,0.0,,
1907-02-25,,,127.0,,
1907-02-26,,,152.0,,
1907-02-27,,,0.0,,
1907-02-28,,,178.0,,
1907-03-01,,,76.0,,
1907-03-02,,,229.0,,
1907-03-03,,,0.0,,
1907-03-04,,,0.0,,
1907-03-05,,,0.0,,
1907-03-06,,,0.0,,
1907-03-07,,,102.0,,
1907-03-08,,,178.0,,
1907-03-09,,,0.0,,
1907-03-10,,,51.0,,
1907-03-11,,,0.0,,
1907-03-12,,,0.0,,
1907-03-13,,,0.0,,
1907-03-14,,,0.0,,
1907-03-15,,,0.0,,
1907-03-16,,,0.0,,
1907-03-17,,,0.0,,
1907-03-18,,,157.0,,
1907-03-19,,,0.0,,
1907-03-20,,,0.0,,
1907-03-21,,,0.0,,
1907-03-22,,,0.0,,
1907-03-23,,,0.0,,
1907-03-24,,,0.0,,
1907-03-25,,,0.0,,
1907-03-26,,,0.0,,
1907-03-27,,,0.0,,
1907-03-28,,,0.0,,
1907-03-29,,,0.0,,
1907-03-30,,,0.0,,
1907-03-31,,,249.0,,
1907-04-01,,,107.0,,0.0
1907-04-02,,,0.0,,0.0
1907-04-03,,,0.0,,0.0
1907-04-04,,,0.0,,0.0
1907-04-05,,,0.0,,0.0
1907-04-06,,,0.0,,0.0
1907-04-07,,,0.0,,0.0
1907-04-08,,,157.0,,0.0
1907-04-09,,,0.0,,0.0
1907-04-10,,,0.0,,0.0
1907-04-11,,,0.0,,0.0
1907-04-12,,,0.0,,0.0
1907-04-13,,,0.0,,0.0
1907-04-14,,,0.0,,0.0
1907-04-15,,,0.0,,0.0
1907-04-16,,,249.0,,0.0
1907-04-17,,,0.0,,0.0
1907-04-18,,,0.0,,0.0
1907-04-19,,,97.0,,0.0
1907-04-20,,,0.0,,0.0
1907-04-21,,,0.0,,0.0
1907-04-22,,,71.0,,0.0
1907-04-23,,,102.0,,0.0
1907-04-24,,,0.0,,0.0
1907-04-25,,,0.0,,0.0
1907-04-26,,,0.0,,0.0
1907-04-27,,,0.0,,0.0
1907-04-28,,,0.0,,0.0
1907-04-29,,,0.0,,0.0
1907-04-30,,,0.0,,0.0
1907-05-01,,,0.0,,0.0
1907-05-02,,,0.0,,0.0
1907-05-03,,,0.0,,0.0
1907-05-04,,,97.0,,0.0
1907-05-05,,,0.0,,0.0
1907-05-06,,,0.0,,0.0
1907-05-07,,,201.0,,0.0
1907-05-08,,,0.0,,0.0
1907-05-09,,,64.0,,0.0
1907-05-10,,,0.0,,0.0
1907-05-11,,,127.0,,0.0
1907-05-12,,,0.0,,0.0
1907-05-13,,,0.0,,0.0
1907-05-14,,,0.0,,0.0
1907-05-15,,,150.0,,0.0
1907-05-16,,,0.0,,0.0
1907-05-17,,,0.0,,0.0
1907-05-18,,,0.0,,0.0
1907-05-19,,,0.0,,0.0
1907-05-20,,,0.0,,0.0
1907-05-21,,,0.0,,0.0
1907-05-22,,,0.0,,0.0
1907-05-23,,,0.0,,0.0
1907-05-24,,,0.0,,0.0
1907-05-25,,,152.0,,0.0
1907-05-26,,,104.0,,0.0
1907-05-27,,,0.0,,0.0
1907-05-28,,,0.0,,0.0
1907-05-29,,,0.0,,0.0
1907-05-30,,,0.0,,0.0
1907-05-31,,,538.0,,0.0
1907-06-01,,,0.0,,
1907-06-02,,,249.0,,
1907-06-03,,,0.0,,
1907-06-04,,,0.0,,
1907-06-05,,,0.0,,
1907-06-06,,,0.0,,
1907-06-07,,,0.0,,
1907-06-08,,,244.0,,
1907-06-09,,,127.0,,
1907-06-10,,,0.0,,
1907-06-11,,,0.0,,
1907-06-12,,,10.0,,
1907-06-13,,,0.0,,
1907-06-14,,,0.0,,
1907-06-15,,,109.0,,
1907-06-16,,,0.0,,
1907-06-17,,,0.0,,
1907-06-18,,,249.0,,
1907-06-19,,,0.0,,
1907-06-20,,,76.0,,
1907-06-21,,,0.0,,
1907-06-22,,,0.0,,
1907-06-23,,,0.0,,
1907-06-24,,,0.0,,
1907-06-25,,,81.0,,
1907-06-26,,,0.0,,
1907-06-27,,,249.0,,
1907-06-28,,,0.0,,
1907-06-29,,,178.0,,
1907-06-30,,,0.0,,
1907-07-01,,,0.0,,
1907-07-02,,,0.0,,
1907-07-03,,,0.0,,
1907-07-04,,,0.0,,
1907-07-05,,,152.0,,
1907-07-06,,,0.0,,
1907-07-07,,,0.0,,
1907-07-08,,,0.0,,
1907-07-09,,,0.0,,
1907-07-10,,,0.0,,
1907-07-11,,,251.0,,
1907-07-12,,,249.0,,
1907-07-13,,,236.0,,
1907-07-14,,,0.0,,
1907-07-15,,,0.0,,
1907-07-16,,,0.0,,
1907-07-17,,,0.0,,
1907-07-18,,,0.0,,
1907-07-19,,,102.0,,
1907-07-20,,,0.0,,
1907-07-21,,,0.0,,
1907-07-22,,,0.0,,
1907-07-23,,,0.0,,
1907-07-24,,,0.0,,
1907-07-25,,,0.0,,
1907-07-26,,,0.0,,
1907-07-27,,,79.0,,
1907-07-28,,,0.0,,
1907-07-29,,,0.0,,
1907-07-30,,,251.0,,
1907-07-31,,,0.0,,
1907-08-01,,,0.0,,
1907-08-02,,,0.0,,
1907-08-03,,,0.0,,
1907-08-04,,,0.0,,
1907-08-05,,,0.0,,
1907-08-06,,,140.0,,
1907-08-07,,,0.0,,
1907-08-08,,,0.0,,
1907-08-09,,,0.0,,
1907-08-10,,,0.0,,
1907-08-11,,,0.0,,
1907-08-12,,,0.0,,
1907-08-13,,,0.0,,
1907-08-14,,,25.0,,
1907-08-15,,,0.0,,
1907-08-16,,,0.0,,
1907-08-17,,,0.0,,
1907-08-18,,,584.0,,
1907-08-19,,,0.0,,
1907-08-20,,,0.0,,
1907-08-21,,,0.0,,
1907-08-22,,,0.0,,
1907-08-23,,,0.0,,
1907-08-24,,,508.0,,
1907-08-25,,,0.0,,
1907-08-26,,,0.0,,
1907-08-27,,,0.0,,
1907-08-28,,,0.0,,
1907-08-29,,,0.0,,
1907-08-30,,,0.0,,
1907-08-31,,,0.0,,
1907-09-01,,,0.0,,
1907-09-02,,,0.0,,
1907-09-03,,,152.0,,
1907-09-04,,,0.0,,
1907-09-05,,,0.0,,
1907-09-06,,,0.0,,
1907-09-07,,,66.0,,
1907-09-08,,,0.0,,
1907-09-09,,,28.0,,
1907-09-10,,,0.0,,
1907-09-11,,,218.0,,
1907-09-12,,,0.0,,
1907-09-13,,,0.0,,
1907-09-14,,,0.0,,
1907-09-15,,,0.0,,
1907-09-16,,,0.0,,
1907-09-17,,,0.0,,
1907-09-18,,,0.0,,
1907-09-19,,,0.0,,
1907-09-20,,,0.0,,
1907-09-21,,,0.0,,
1907-09-22,,,127.0,,
1907-09-23,,,711.0,,
1907-09-24,,,0.0,,
1907-09-25,,,0.0,,
1907-09-26,,,0.0,,
1907-09-27,,,0.0,,
1907-09-28,,,246.0,,
1907-09-29,,,251.0,,
1907-09-30,,,0.0,,
1907-10-01,,,0.0,,
1907-10-02,,,0.0,,
1907-10-03,,,0.0,,
1907-10-04,,,0.0,,
1907-10-05,,,0.0,,
1907-10-06,,,0.0,,
1907-10-07,,,0.0,,
1907-10-08,,,165.0,,
1907-10-09,,,51.0,,
1907-10-10,,,0.0,,
1907-10-11,,,0.0,,
1907-10-12,,,0.0,,
1907-10-13,,,0.0,,
1907-10-14,,,0.0,,
1907-10-15,,,0.0,,
1907-10-16,,,0.0,,
1907-10-17,,,0.0,,
1907-10-18,,,0.0,,
1907-10-19,,,0.0,,
1907-10-20,,,0.0,,
1907-10-21,,,0.0,,
1907-10-22,,,0.0,,
1907-10-23,,,0.0,,
1907-10-24,,,25.0,,
1907-10-25,,,0.0,,
1907-10-26,,,117.0,,
1907-10-27,,,51.0,,
1907-10-28,,,0.0,,
1907-10-29,,,0.0,,
1907-10-30,,,0.0,,
1907-10-31,,,0.0,,
1907-11-01,,,0.0,,0.0
1907-11-02,,,0.0,,0.0
1907-11-03,,,0.0,,0.0
1907-11-04,,,152.0,,0.0
1907-11-05,,,0.0,,0.0
1907-11-06,,,0.0,,0.0
1907-11-07,,,0.0,,0.0
1907-11-08,,,0.0,,0.0
1907-11-09,,,0.0,,0.0
1907-11-10,,,249.0,,0.0
1907-11-11,,,132.0,,0.0
1907-11-12,,,38.0,,0.0
1907-11-13,,,0.0,,0.0
1907-11-14,,,0.0,,0.0
1907-11-15,,,0.0,,0.0
1907-11-16,,,0.0,,0.0
1907-11-17,,,0.0,,0.0
1907-11-18,,,147.0,,0.0
1907-11-19,,,0.0,,0.0
1907-11-20,,,251.0,,0.0
1907-11-21,,,79.0,,0.0
1907-11-22,,,152.0,,0.0
1907-11-23,,,0.0,,0.0
1907-11-24,,,0.0,,0.0
1907-11-25,,,0.0,,0.0
1907-11-26,,,0.0,,0.0
1907-11-27,,,0.0,,0.0
1907-11-28,,,0.0,,0.0
1907-11-29,,,0.0,,0.0
1907-11-30,,,0.0,,0.0
1907-12-01,,,0.0,,0.0
1907-12-02,,,0.0,,0.0
1907-12-03,,,0.0,,0.0
1907-12-04,,,0.0,,0.0
1907-12-05,,,0.0,,0.0
1907-12-06,,,0.0,,0.0
1907-12-07,,,0.0,,0.0
1907-12-08,,,0.0,,0.0
1907-12-09,,,0.0,,0.0
1907-12-10,,,249.0,,0.0
1907-12-11,,,191.0,,0.0
1907-12-12,,,0.0,,0.0
1907-12-13,,,0.0,,0.0
1907-12-14,,,0.0,,0.0
1907-12-15,,,102.0,,0.0
1907-12-16,,,114.0,,0.0
1907-12-17,,,0.0,,0.0
1907-12-18,,,58.0,,0.0
1907-12-19,,,0.0,,0.0
1907-12-20,,,0.0,,0.0
1907-12-21,,,0.0,,0.0
1907-12-22,,,0.0,,0.0
1907-12-23,,,127.0,,0.0
1907-12-24,,,102.0,,0.0
1907-12-25,,,76.0,,0.0
1907-12-26,,,0.0,,0.0
1907-12-27,,,0.0,,0.0
1907-12-28,,,51.0,,0.0
1907-12-29,,,0.0,,0.0
1907-12-30,,,406.0,,0.0
1907-12-31,,,0.0,,0.0
1908-01-01,,,0.0,,
1908-01-02,,,0.0,,
1908-01-03,,,0.0,,
1908-01-04,,,0.0,,
1908-01-05,,,201.0,,
1908-01-06,,,0.0,,
1908-01-07,,,0.0,,
1908-01-08,,,0.0,,
1908-01-09,,,0.0,,
1908-01-10,,,0.0,,
1908-01-11,,,0.0,,
1908-01-12,,,0.0,,
1908-01-13,,,0.0,,
1908-01-14,,,427.0,25.0,
1908-01-15,,,0.0,0.0,
1908-01-16,,,0.0,,
1908-01-17,,,0.0,,
1908-01-18,,,74.0,,
1908-01-19,,,0.0,,
1908-01-20,,,0.0,,
1908-01-21,,,0.0,,
1908-01-22,,,0.0,,
1908-01-23,,,0.0,0.0,
1908-01-24,,,0.0,0.0,
1908-01-25,,,0.0,,
1908-01-26,,,0.0,,
1908-01-27,,,127.0,,
1908-01-28,,,0.0,,
1908-01-29,,,0.0,,
1908-01-30,,,0.0,,
1908-01-31,,,25.0,25.0,
1908-02-01,,,249.0,,0.0
1908-02-02,,,0.0,,0.0
1908-02-03,,,0.0,,0.0
1908-02-04,,,0.0,,0.0
1908-02-05,,,114.0,,0.0
1908-02-06,,,0.0,,0.0
1908-02-07,,,0.0,,0.0
1908-02-08,,,152.0,,0.0
1908-02-09,,,102.0,,25.0
1908-02-10,,,13.0,,0.0
1908-02-11,,,76.0,,0.0
1908-02-12,,,102.0,,0.0
1908-02-13,,,66.0,,0.0
1908-02-14,,,25.0,,25.0
1908-02-15,,,38.0,,38.0
1908-02-16,,,25.0,,25.0
1908-02-17,,,0.0,,0.0
1908-02-18,,,51.0,,0.0
1908-02-19,,,0.0,,0.0
1908-02-20,,,51.0,,51.0
1908-02-21,,,25.0,,25.0
1908-02-22,,,0.0,,0.0
1908-02-23,,,0.0,,0.0
1908-02-24,,,0.0,,0.0
1908-02-25,,,127.0,,0.0
1908-02-26,,,0.0,,0.0
1908-02-27,,,25.0,,25.0
1908-02-28,,,0.0,,0.0
1908-02-29,,,0.0,,0.0
1908-03-01,,,0.0,,
1908-03-02,,,25.0,,
1908-03-03,,,102.0,,
1908-03-04,,,0.0,,
1908-03-05,,,142.0,,
1908-03-06,,,0.0,,
1908-03-07,,,0.0,,
1908-03-08,,,0.0,,
1908-03-09,,,25.0,,
1908-03-10,,,0.0,,
1908-03-11,,,0.0,,
1908-03-12,,,251.0,,
1908-03-13,,,0.0,,
1908-03-14,,,0.0,,
1908-03-15,,,0.0,,
1908-03-16,,,0.0,,
1908-03-17,,,0.0,,
1908-03-18,,,0.0,,
1908-03-19,,,0.0,,
1908-03-20,,,191.0,,
1908-03-21,,,229.0,,
1908-03-22,,,0.0,,
1908-03-23,,,234.0,,
1908-03-24,,,251.0,,
1908-03-25,,,0.0,,
1908-03-26,,,0.0,,
1908-03-27,,,0.0,,
1908-03-28,,,0.0,,
1908-03-29,,,0.0,,
1908-03-30,,,0.0,,
1908-03-31,,,0.0,,
1908-04-01,,,0.0,,
1908-04-02,,,0.0,,
1908-04-03,,,0.0,,
1908-04-04,,,0.0,,
1908-04-05,,,0.0,,
1908-04-06,,,132.0,,
1908-04-07,,,0.0,,
1908-04-08,,,38.0,,
1908-04-09,,,0.0,,
1908-04-10,,,0.0,,
1908-04-11,,,0.0,,
1908-04-12,,,25.0,,
1908-04-13,,,0.0,,
1908-04-14,,,300.0,,
1908-04-15,,,46.0,,
1908-04-16,,,0.0,,
1908-04-17,,,0.0,,
1908-04-18,,,71.0,,
1908-04-19,,,0.0,,
1908-04-20,,,0.0,,
1908-04-21,,,0.0,,
1908-04-22,,,0.0,,
1908-04-23,,,0.0,,
1908-04-24,,,0.0,,
1908-04-25,,,343.0,,
1908-04-26,,,0.0,,
1908-04-27,,,0.0,,
1908-04-28,,,0.0,,
1908-04-29,,,0.0,,
1908-04-30,,,130.0,,
1908-05-01,,,0.0,,
1908-05-02,,,0.0,,
1908-05-03,,,0.0,,
1908-05-04,,,127.0,,
1908-05-05,,,102.0,,
1908-05-06,,,76.0,,
1908-05-07,,,18.0,,
1908-05-08,,,251.0,,
1908-05-09,,,36.0,,
1908-05-10,,,0.0,,
1908-05-11,,,0.0,,
1908-05-12,,,0.0,,
1908-05-13,,,0.0,,
1908-05-14,,,0.0,,
1908-05-15,,,0.0,,
1908-05-16,,,0.0,,
1908-05-17,,,0.0,,
1908-05-18,,,74.0,,
1908-05-19,,,165.0,,
1908-05-20,,,0.0,,
1908-05-21,,,0.0,,
1908-05-22,,,0.0,,
1908-05-23,,,0.0,,
1908-05-24,,,251.0,,
1908-05-25,,,48.0,,
1908-05-26,,,0.0,,
1908-05-27,,,0.0,,
1908-05-28,,,0.0,,
1908-05-29,,,0.0,,
1908-05-30,,,0.0,,
1908-05-31,,,0.0,,
1908-06-01,,,0.0,,
1908-06-02,,,48.0,,
1908-06-03,,,0.0,,
1908-06-04,,,0.0,,
1908-06-05,,,0.0,,
1908-06-06,,,0.0,,
1908-06-07,,,251.0,,
1908-06-08,,,0.0,,
1908-06-09,,,0.0,,
1908-06-10,,,0.0,,
1908-06-11,,,0.0,,
1908-06-12,,,0.0,,
1908-06-13,,,0.0,,
1908-06-14,,,157.0,,
1908-06-15,,,13.0,,
1908-06-16,,,0.0,,
1908-06-17,,,0.0,,
1908-06-18,,,0.0,,
1908-06-19,,,0.0,,
1908-06-20,,,0.0,,
1908-06-21,,,0.0,,
1908-06-22,,,0.0,,
1908-06-23,,,0.0,,
1908-06-24,,,0.0,,
1908-06-25,,,0.0,,
1908-06-26,,,0.0,,
1908-06-27,,,0.0,,
1908-06-28,,,0.0,,
1908-06-29,,,0.0,,
1908-06-30,,,0.0,,
1908-07-01,,,0.0,,
1908-07-02,,,0.0,,
1908-07-03,,,0.0,,
1908-07-04,,,183.0,,
1908-07-05,,,249.0,,
1908-07-06,,,102.0,,
1908-07-07,,,135.0,,
1908-07-08,,,251.0,,
1908-07-09,,,152.0,,
1908-07-10,,,25.0,,
1908-07-11,,,89.0,,
1908-07-12,,,0.0,,
1908-07-13,,,0.0,,
1908-07-14,,,0.0,,
1908-07-15,,,0.0,,
1908-07-16,,,0.0,,
1908-07-17,,,0.0,,
1908-07-18,,,0.0,,
1908-07-19,,,38.0,,
1908-07-20,,,0.0,,
1908-07-21,,,0.0,,
1908-07-22,,,102.0,,
1908-07-23,,,0.0,,
1908-07-24,,,0.0,,
1908-07-25,,,0.0,,
1908-07-26,,,0.0,,
1908-07-27,,,0.0,,
1908-07-28,,,0.0,,
1908-07-29,,,25.0,,
1908-07-30,,,0.0,,
1908-07-31,,,51.0,,
1908-08-01,,,0.0,,
1908-08-02,,,0.0,,
1908-08-03,,,0.0,,
1908-08-04,,,0.0,,
1908-08-05,,,0.0,,
1908-08-06,,,76.0,,
1908-08-07,,,0.0,,
1908-08-08,,,64.0,,
1908-08-09,,,0.0,,
1908-08-10,,,51.0,,
1908-08-11,,,114.0,,
1908-08-12,,,0.0,,
1908-08-13,,,0.0,,
1908-08-14,,,0.0,,
1908-08-15,,,0.0,,
1908-08-16,,,0.0,,
1908-08-17,,,0.0,,
1908-08-18,,,0.0,,
1908-08-19,,,81.0,,
1908-08-20,,,51.0,,
1908-08-21,,,0.0,,
1908-08-22,,,152.0,,
1908-08-23,,,0.0,,
1908-08-24,,,251.0,,
1908-08-25,,,0.0,,
1908-08-26,,,152.0,,
1908-08-27,,,102.0,,
1908-08-28,,,0.0,,
1908-08-29,,,0.0,,
1908-08-30,,,0.0,,
1908-08-31,,,0.0,,
1908-09-01,,,0.0,,
1908-09-02,,,0.0,,
1908-09-03,,,0.0,,
1908-09-04,,,0.0,,
1908-09-05,,,251.0,,
1908-09-06,,,180.0,,
1908-09-07,,,0.0,,
1908-09-08,,,0.0,,
1908-09-09,,,0.0,,
1908-09-10,,,0.0,,
1908-09-11,,,0.0,,
1908-09-12,,,0.0,,
1908-09-13,,,0.0,,
1908-09-14,,,0.0,,
1908-09-15,,,0.0,,
1908-09-16,,,0.0,,
1908-09-17,,,0.0,,
1908-09-18,,,0.0,,
1908-09-19,,,0.0,,
1908-09-20,,,0.0,,
1908-09-21,,,0.0,,
1908-09-22,,,0.0,,
1908-09-23,,,0.0,,
1908-09-24,,,0.0,,
1908-09-25,,,0.0,,
1908-09-26,,,0.0,,
1908-09-27,,,0.0,,
1908-09-28,,,0.0,,
1908-09-29,,,51.0,,
1908-09-30,,,0.0,,
1908-10-01,,,0.0,,
1908-10-02,,,0.0,,
1908-10-03,,,0.0,,
1908-10-04,,,0.0,,
1908-10-05,,,0.0,,
1908-10-06,,,0.0,,
1908-10-07,,,0.0,,
1908-10-08,,,0.0,,
1908-10-09,,,0.0,,
1908-10-10,,,229.0,,
1908-10-11,,,249.0,,
1908-10-12,,,0.0,,
1908-10-13,,,0.0,,
1908-10-14,,,0.0,,
1908-10-15,,,0.0,,
1908-10-16,,,0.0,,
1908-10-17,,,0.0,,
1908-10-18,,,0.0,,
1908-10-19,,,0.0,,
1908-10-20,,,0.0,,
1908-10-21,,,0.0,,
1908-10-22,,,0.0,,
1908-10-23,,,0.0,,
1908-10-24,,,0.0,,
1908-10-25,,,0.0,,
1908-10-26,,,0.0,,
1908-10-27,,,0.0,,
1908-10-28,,,0.0,,
1908-10-29,,,229.0,,
1908-10-30,,,152.0,,
1908-10-31,,,0.0,,
1908-11-01,,,0.0,,
1908-11-02,,,127.0,,
1908-11-03,,,0.0,,
1908-11-04,,,0.0,,
1908-11-05,,,0.0,,
1908-11-06,,,0.0,,
1908-11-07,,,0.0,,
1908-11-08,,,0.0,,
1908-11-09,,,0.0,,
1908-11-10,,,0.0,,
1908-11-11,,,0.0,,
1908-11-12,,,152.0,,
1908-11-13,,,127.0,,
1908-11-14,,,0.0,,
1908-11-15,,,0.0,,
1908-11-16,,,0.0,,
1908-11-17,,,0.0,,
1908-11-18,,,0.0,,
1908-11-19,,,0.0,,
1908-11-20,,,0.0,,
1908-11-21,,,0.0,,
1908-11-22,,,0.0,,
1908-11-23,,,0.0,,
1908-11-24,,,102.0,,
1908-11-25,,,0.0,,
1908-11-26,,,0.0,,
1908-11-27,,,0.0,,
1908-11-28,,,0.0,,
1908-11-29,,,0.0,,
1908-11-30,,,25.0,,
1908-12-01,,,0.0,,
1908-12-02,,,318.0,,
1908-12-03,,,0.0,,
1908-12-04,,,0.0,,
1908-12-05,,,46.0,,
1908-12-06,,,0.0,,
1908-12-07,,,279.0,,
1908-12-08,,,0.0,,
1908-12-09,,,0.0,,
1908-12-10,,,0.0,,
1908-12-11,,,0.0,,
1908-12-12,,,201.0,,
1908-12-13,,,0.0,,
1908-12-14,,,0.0,,
1908-12-15,,,0.0,,
1908-12-16,,,0.0,,
1908-12-17,,,0.0,,
1908-12-18,,,0.0,,
1908-12-19,,,30.0,,
1908-12-20,,,0.0,,
1908-12-21,,,91.0,,
1908-12-22,,,0.0,,
1908-12-23,,,330.0,,
1908-12-24,,,0.0,,
1908-12-25,,,0.0,,
1908-12-26,,,25.0,,0.0
1908-12-27,,,0.0,,
1908-12-28,,,0.0,,
1908-12-29,,,0.0,,
1908-12-30,,,102.0,,
1908-12-31,,,0.0,,
1909-01-01,,,0.0,,0.0
1909-01-02,,,0.0,,0.0
1909-01-03,,,0.0,,0.0
1909-01-04,,,0.0,,0.0
1909-01-05,,,0.0,,0.0
1909-01-06,,,0.0,,0.0
1909-01-07,,,0.0,,0.0
1909-01-08,,,0.0,,0.0
1909-01-09,,,0.0,,0.0
1909-01-10,,,0.0,,0.0
1909-01-11,,,0.0,,0.0
1909-01-12,,,25.0,,0.0
1909-01-13,,,229.0,,0.0
1909-01-14,,,152.0,,0.0
1909-01-15,,,203.0,,0.0
1909-01-16,,,76.0,,0.0
1909-01-17,,,0.0,,0.0
1909-01-18,,,0.0,,0.0
1909-01-19,,,0.0,,0.0
1909-01-20,,,0.0,,0.0
1909-01-21,,,0.0,,0.0
1909-01-22,,,0.0,,0.0
1909-01-23,,,0.0,,0.0
1909-01-24,,,0.0,,0.0
1909-01-25,,,0.0,,0.0
1909-01-26,,,0.0,,0.0
1909-01-27,,,0.0,,0.0
1909-01-28,,,0.0,,0.0
1909-01-29,,,102.0,,0.0
1909-01-30,,,51.0,,51.0
1909-01-31,,,13.0,,13.0
1909-02-01,,,0.0,,0.0
1909-02-02,,,0.0,,0.0
1909-02-03,,,0.0,,0.0
1909-02-04,,,0.0,,0.0
1909-02-05,,,0.0,,0.0
1909-02-06,,,251.0,,0.0
1909-02-07,,,0.0,,0.0
1909-02-08,,,25.0,,0.0
1909-02-09,,,0.0,,0.0
1909-02-10,,,569.0,,0.0
1909-02-11,,,0.0,,0.0
1909-02-12,,,0.0,,0.0
1909-02-13,,,191.0,,0.0
1909-02-14,,,0.0,,0.0
1909-02-15,,,152.0,,0.0
1909-02-16,,,394.0,,0.0
1909-02-17,,,20.0,,0.0
1909-02-18,,,0.0,,0.0
1909-02-19,,,89.0,,0.0
1909-02-20,,,0.0,,0.0
1909-02-21,,,0.0,,0.0
1909-02-22,,,274.0,,0.0
1909-02-23,,,224.0,,0.0
1909-02-24,,,165.0,,0.0
1909-02-25,,,25.0,,0.0
1909-02-26,,,0.0,,0.0
1909-02-27,,,0.0,,0.0
1909-02-28,,,0.0,,0.0
1909-03-01,,,0.0,,
1909-03-02,,,25.0,,
1909-03-03,,,0.0,,
1909-03-04,,,0.0,,0.0
1909-03-05,,,0.0,,
1909-03-06,,,305.0,,
1909-03-07,,,0.0,,
1909-03-08,,,51.0,,
1909-03-09,,,0.0,,
1909-03-10,,,483.0,,
1909-03-11,,,0.0,,
1909-03-12,,,0.0,,
1909-03-13,,,630.0,,
1909-03-14,,,152.0,,
1909-03-15,,,0.0,,
1909-03-16,,,0.0,,
1909-03-17,,,0.0,,
1909-03-18,,,0.0,,
1909-03-19,,,0.0,,
1909-03-20,,,147.0,,
1909-03-21,,,0.0,,
1909-03-22,,,25.0,,
1909-03-23,,,0.0,,
1909-03-24,,,0.0,,
1909-03-25,,,356.0,,
1909-03-26,,,0.0,,
1909-03-27,,,0.0,,
1909-03-28,,,262.0,,
1909-03-29,,,0.0,,
1909-03-30,,,0.0,,
1909-03-31,,,0.0,,
1909-04-01,,,0.0,,
1909-04-02,,,0.0,,
1909-04-03,,,0.0,,
1909-04-04,,,0.0,,
1909-04-05,,,0.0,,
1909-04-06,,,0.0,,
1909-04-07,,,64.0,,
1909-04-08,,,51.0,,
1909-04-09,,,229.0,,
1909-04-10,,,0.0,,
1909-04-11,,,0.0,,
1909-04-12,,,0.0,,
1909-04-13,,,64.0,,
1909-04-14,,,0.0,,
1909-04-15,,,0.0,,
1909-04-16,,,0.0,,
1909-04-17,,,0.0,,
1909-04-18,,,0.0,,
1909-04-19,,,0.0,,
1909-04-20,,,0.0,,
1909-04-21,,,0.0,,
1909-04-22,,,0.0,,
1909-04-23,,,0.0,,
1909-04-24,,,152.0,,
1909-04-25,,,203.0,,
1909-04-26,,,0.0,,
1909-04-27,,,0.0,,
1909-04-28,,,0.0,,
1909-04-29,,,0.0,,
1909-04-30,,,102.0,,
1909-05-01,,,612.0,,
1909-05-02,,,0.0,,
1909-05-03,,,0.0,,
1909-05-04,,,0.0,,
1909-05-05,,,0.0,,
1909-05-06,,,0.0,,
1909-05-07,,,0.0,,
1909-05-08,,,0.0,,
1909-05-09,,,0.0,,
1909-05-10,,,127.0,,
1909-05-11,,,0.0,,
1909-05-12,,,0.0,,
1909-05-13,,,0.0,,
1909-05-14,,,0.0,,
1909-05-15,,,244.0,,
1909-05-16,,,0.0,,
1909-05-17,,,0.0,,
1909-05-18,,,0.0,,
1909-05-19,,,315.0,,
1909-05-20,,,229.0,,
1909-05-21,,,356.0,,
1909-05-22,,,422.0,,
1909-05-23,,,0.0,,
1909-05-24,,,0.0,,
1909-05-25,,,0.0,,
1909-05-26,,,0.0,,
1909-05-27,,,114.0,,
1909-05-28,,,0.0,,
1909-05-29,,,0.0,,
1909-05-30,,,0.0,,
1909-05-31,,,241.0,,
1909-06-01,,,0.0,,
1909-06-02,,,0.0,,
1909-06-03,,,0.0,,
1909-06-04,,,498.0,,
1909-06-05,,,0.0,,
1909-06-06,,,152.0,,
1909-06-07,,,0.0,,
1909-06-08,,,51.0,,
1909-06-09,,,127.0,,
1909-06-10,,,0.0,,
1909-06-11,,,229.0,,
1909-06-12,,,0.0,,
1909-06-13,,,102.0,,
1909-06-14,,,0.0,,
1909-06-15,,,13.0,,
1909-06-16,,,0.0,,
1909-06-17,,,0.0,,
1909-06-18,,,127.0,,
1909-06-19,,,0.0,,
1909-06-20,,,0.0,,
1909-06-21,,,0.0,,
1909-06-22,,,25.0,,
1909-06-23,,,0.0,,
1909-06-24,,,25.0,,
1909-06-25,,,51.0,,
1909-06-26,,,25.0,,
1909-06-27,,,38.0,,
1909-06-28,,,102.0,,
1909-06-29,,,51.0,,
1909-06-30,,,23.0,,
1909-07-01,,,0.0,,
1909-07-02,,,0.0,,
1909-07-03,,,0.0,,
1909-07-04,,,0.0,,
1909-07-05,,,0.0,,
1909-07-06,,,0.0,,
1909-07-07,,,0.0,,
1909-07-08,,,310.0,,
1909-07-09,,,251.0,,
1909-07-10,,,102.0,,
1909-07-11,,,0.0,,
1909-07-12,,,0.0,,
1909-07-13,,,0.0,,
1909-07-14,,,0.0,,
1909-07-15,,,249.0,,
1909-07-16,,,0.0,,
1909-07-17,,,0.0,,
1909-07-18,,,0.0,,
1909-07-19,,,0.0,,
1909-07-20,,,91.0,,
1909-07-21,,,0.0,,
1909-07-22,,,0.0,,
1909-07-23,,,251.0,,
1909-07-24,,,0.0,,
1909-07-25,,,0.0,,
1909-07-26,,,0.0,,
1909-07-27,,,56.0,,
1909-07-28,,,0.0,,
1909-07-29,,,0.0,,
1909-07-30,,,0.0,,
1909-07-31,,,122.0,,
1909-08-01,,,0.0,,
1909-08-02,,,51.0,,
1909-08-03,,,0.0,,
1909-08-04,,,76.0,,
1909-08-05,,,127.0,,
1909-08-06,,,0.0,,
1909-08-07,,,0.0,,
1909-08-08,,,127.0,,
1909-08-09,,,0.0,,
1909-08-10,,,0.0,,
1909-08-11,,,0.0,,
1909-08-12,,,251.0,,
1909-08-13,,,155.0,,
1909-08-14,,,0.0,,
1909-08-15,,,0.0,,
1909-08-16,,,0.0,,
1909-08-17,,,173.0,,
1909-08-18,,,0.0,,
1909-08-19,,,0.0,,
1909-08-20,,,0.0,,
1909-08-21,,,0.0,,
1909-08-22,,,0.0,,
1909-08-23,,,0.0,,
1909-08-24,,,0.0,,
1909-08-25,,,0.0,,
1909-08-26,,,0.0,,
1909-08-27,,,0.0,,
1909-08-28,,,0.0,,
1909-08-29,,,0.0,,
1909-08-30,,,0.0,,
1909-08-31,,,25.0,,
1909-09-01,,,0.0,,
1909-09-02,,,0.0,,
1909-09-03,,,0.0,,
1909-09-04,,,0.0,,
1909-09-05,,,0.0,,
1909-09-06,,,0.0,,
1909-09-07,,,0.0,,
1909-09-08,,,0.0,,
1909-09-09,,,76.0,,
1909-09-10,,,0.0,,
1909-09-11,,,330.0,,
1909-09-12,,,51.0,,
1909-09-13,,,0.0,,
1909-09-14,,,91.0,,
1909-09-15,,,0.0,,
1909-09-16,,,152.0,,
1909-09-17,,,0.0,,
1909-09-18,,,25.0,,
1909-09-19,,,0.0,,
1909-09-20,,,0.0,,
1909-09-21,,,76.0,,
1909-09-22,,,117.0,,
1909-09-23,,,0.0,,
1909-09-24,,,0.0,,
1909-09-25,,,0.0,,
1909-09-26,,,0.0,,
1909-09-27,,,0.0,,
1909-09-28,,,0.0,,
1909-09-29,,,0.0,,
1909-09-30,,,0.0,,
1909-10-01,,,0.0,,
1909-10-02,,,0.0,,
1909-10-03,,,0.0,,
1909-10-04,,,0.0,,
1909-10-05,,,180.0,,
1909-10-06,,,198.0,,
1909-10-07,,,0.0,,
1909-10-08,,,0.0,,
1909-10-09,,,0.0,,
1909-10-10,,,0.0,,
1909-10-11,,,0.0,,
1909-10-12,,,0.0,,
1909-10-13,,,0.0,,
1909-10-14,,,508.0,,
1909-10-15,,,251.0,,
1909-10-16,,,124.0,,
1909-10-17,,,0.0,,
1909-10-18,,,0.0,,
1909-10-19,,,0.0,,
1909-10-20,,,0.0,,
1909-10-21,,,0.0,,
1909-10-22,,,0.0,,
1909-10-23,,,0.0,,
1909-10-24,,,0.0,,
1909-10-25,,,0.0,,
1909-10-26,,,0.0,,
1909-10-27,,,0.0,,
1909-10-28,,,0.0,,
1909-10-29,,,0.0,,
1909-10-30,,,0.0,,
1909-10-31,,,0.0,,
1909-11-01,,,0.0,,
1909-11-02,,,0.0,,
1909-11-03,,,0.0,,
1909-11-04,,,0.0,,
1909-11-05,,,0.0,,
1909-11-06,,,0.0,,
1909-11-07,,,0.0,,
1909-11-08,,,0.0,,
1909-11-09,,,0.0,,
1909-11-10,,,0.0,,
1909-11-11,,,0.0,,
1909-11-12,,,0.0,,
1909-11-13,,,0.0,,
1909-11-14,,,51.0,,
1909-11-15,,,0.0,,
1909-11-16,,,0.0,,
1909-11-17,,,127.0,,
1909-11-18,,,0.0,,
1909-11-19,,,0.0,,
1909-11-20,,,0.0,,
1909-11-21,,,0.0,,
1909-11-22,,,0.0,,
1909-11-23,,,0.0,,
1909-11-24,,,0.0,,
1909-11-25,,,0.0,,
1909-11-26,,,0.0,,
1909-11-27,,,0.0,,
1909-11-28,,,0.0,,
1909-11-29,,,0.0,,
1909-11-30,,,0.0,,
1909-12-01,,,0.0,,0.0
1909-12-02,,,0.0,,0.0
1909-12-03,,,191.0,,0.0
1909-12-04,,,0.0,,0.0
1909-12-05,,,0.0,,0.0
1909-12-06,,,0.0,,0.0
1909-12-07,,,498.0,,0.0
1909-12-08,,,0.0,,0.0
1909-12-09,,,0.0,,0.0
1909-12-10,,,0.0,,0.0
1909-12-11,,,0.0,,0.0
1909-12-12,,,0.0,,0.0
1909-12-13,,,51.0,,0.0
1909-12-14,,,0.0,,0.0
1909-12-15,,,0.0,,0.0
1909-12-16,,,0.0,,0.0
1909-12-17,,,0.0,,0.0
1909-12-18,,,0.0,,0.0
1909-12-19,,,0.0,,0.0
1909-12-20,,,152.0,,152.0
1909-12-21,,,0.0,,0.0
1909-12-22,,,0.0,,0.0
1909-12-23,,,0.0,,0.0
1909-12-24,,,0.0,,0.0
1909-12-25,,,102.0,,102.0
1909-12-26,,,0.0,,0.0
1909-12-27,,,0.0,,0.0
1909-12-28,,,0.0,,0.0
1909-12-29,,,51.0,,51.0
1909-12-30,,,0.0,,0.0
1909-12-31,,,0.0,,0.0
1910-01-01,,,102.0,,0.0
1910-01-02,,,0.0,,0.0
1910-01-03,,,0.0,,0.0
1910-01-04,,,0.0,,0.0
1910-01-05,,,0.0,,0.0
1910-01-06,,,0.0,,0.0
1910-01-07,,,249.0,,0.0
1910-01-08,,,0.0,,0.0
1910-01-09,,,0.0,,0.0
1910-01-10,,,0.0,,0.0
1910-01-11,,,0.0,,0.0
1910-01-12,,,127.0,,0.0
1910-01-13,,,0.0,,0.0
1910-01-14,,,0.0,,0.0
1910-01-15,,,0.0,,0.0
1910-01-16,,,0.0,,0.0
1910-01-17,,,0.0,,0.0
1910-01-18,,,0.0,,0.0
1910-01-19,,,76.0,,0.0
1910-01-20,,,51.0,,0.0
1910-01-21,,,249.0,,25.0
1910-01-22,,,102.0,,102.0
1910-01-23,,,51.0,,51.0
1910-01-24,,,0.0,,0.0
1910-01-25,,,0.0,,0.0
1910-01-26,,,0.0,,0.0
1910-01-27,,,0.0,,0.0
1910-01-28,,,0.0,,0.0
1910-01-29,,,102.0,,0.0
1910-01-30,,,0.0,,0.0
1910-01-31,,,0.0,,0.0
1910-02-01,,,0.0,,0.0
1910-02-02,,,0.0,,0.0
1910-02-03,,,76.0,,0.0
1910-02-04,,,0.0,,0.0
1910-02-05,,,0.0,,0.0
1910-02-06,,,0.0,,0.0
1910-02-07,,,0.0,,0.0
1910-02-08,,,0.0,,0.0
1910-02-09,,,51.0,,0.0
1910-02-10,,,76.0,,0.0
1910-02-11,,,64.0,,51.0
1910-02-12,,,64.0,,64.0
1910-02-13,,,0.0,,0.0
1910-02-14,,,0.0,,0.0
1910-02-15,,,0.0,,0.0
1910-02-16,,,0.0,,0.0
1910-02-17,,,0.0,,0.0
1910-02-18,,,229.0,,0.0
1910-02-19,,,165.0,,13.0
1910-02-20,,,0.0,,0.0
1910-02-21,,,0.0,,0.0
1910-02-22,,,0.0,,0.0
1910-02-23,,,0.0,,0.0
1910-02-24,,,0.0,,0.0
1910-02-25,,,0.0,,0.0
1910-02-26,,,0.0,,0.0
1910-02-27,,,0.0,,0.0
1910-02-28,,,0.0,,0.0
1910-03-01,,,262.0,,
1910-03-02,,,208.0,,
1910-03-03,,,0.0,,
1910-03-04,,,0.0,,
1910-03-05,,,0.0,,
1910-03-06,,,0.0,,
1910-03-07,,,0.0,,
1910-03-08,,,0.0,,
1910-03-09,,,0.0,,
1910-03-10,,,51.0,,
1910-03-11,,,127.0,,
1910-03-12,,,25.0,,
1910-03-13,,,0.0,,
1910-03-14,,,0.0,,
1910-03-15,,,0.0,,
1910-03-16,,,0.0,,
1910-03-17,,,0.0,,
1910-03-18,,,0.0,,
1910-03-19,,,0.0,,
1910-03-20,,,0.0,,
1910-03-21,,,0.0,,
1910-03-22,,,0.0,,
1910-03-23,,,0.0,,
1910-03-24,,,0.0,,
1910-03-25,,,0.0,,
1910-03-26,,,0.0,,
1910-03-27,,,0.0,,
1910-03-28,,,0.0,,
1910-03-29,,,0.0,,
1910-03-30,,,0.0,,
1910-03-31,,,0.0,,
1910-04-01,,,0.0,,0.0
1910-04-02,,,0.0,,0.0
1910-04-03,,,0.0,,0.0
1910-04-04,,,0.0,,0.0
1910-04-05,,,0.0,,0.0
1910-04-06,,,0.0,,0.0
1910-04-07,,,135.0,,0.0
1910-04-08,,,0.0,,0.0
1910-04-09,,,0.0,,0.0
1910-04-10,,,0.0,,0.0
1910-04-11,,,0.0,,0.0
1910-04-12,,,0.0,,0.0
1910-04-13,,,0.0,,0.0
1910-04-14,,,0.0,,0.0
1910-04-15,,,0.0,,0.0
1910-04-16,,,432.0,,0.0
1910-04-17,,,259.0,,0.0
1910-04-18,,,0.0,,0.0
1910-04-19,,,0.0,,0.0
1910-04-20,,,0.0,,0.0
1910-04-21,,,0.0,,0.0
1910-04-22,,,51.0,,0.0
1910-04-23,,,13.0,,0.0
1910-04-24,,,0.0,,0.0
1910-04-25,,,0.0,,0.0
1910-04-26,,,25.0,,25.0
1910-04-27,,,0.0,,0.0
1910-04-28,,,51.0,,0.0
1910-04-29,,,0.0,,0.0
1910-04-30,,,0.0,,0.0
1910-05-01,,,0.0,,
1910-05-02,,,0.0,,
1910-05-03,,,0.0,,
1910-05-04,,,0.0,,
1910-05-05,,,0.0,,
1910-05-06,,,0.0,,
1910-05-07,,,127.0,,
1910-05-08,,,650.0,,
1910-05-09,,,193.0,,
1910-05-10,,,0.0,,
1910-05-11,,,0.0,,
1910-05-12,,,0.0,,
1910-05-13,,,0.0,,
1910-05-14,,,0.0,,
1910-05-15,,,0.0,,
1910-05-16,,,79.0,,
1910-05-17,,,251.0,,
1910-05-18,,,0.0,,
1910-05-19,,,0.0,,
1910-05-20,,,249.0,,
1910-05-21,,,251.0,,
1910-05-22,,,81.0,,
1910-05-23,,,0.0,,
1910-05-24,,,251.0,,
1910-05-25,,,191.0,,
1910-05-26,,,51.0,,
1910-05-27,,,0.0,,
1910-05-28,,,25.0,,
1910-05-29,,,0.0,,
1910-05-30,,,0.0,,
1910-05-31,,,0.0,,
1910-06-01,,,0.0,,
1910-06-02,,,0.0,,
1910-06-03,,,249.0,,
1910-06-04,,,0.0,,
1910-06-05,,,330.0,,
1910-06-06,,,191.0,,
1910-06-07,,,0.0,,
1910-06-08,,,0.0,,
1910-06-09,,,0.0,,
1910-06-10,,,208.0,,
1910-06-11,,,152.0,,
1910-06-12,,,46.0,,
1910-06-13,,,165.0,,
1910-06-14,,,0.0,,
1910-06-15,,,251.0,,
1910-06-16,,,25.0,,
1910-06-17,,,0.0,,
1910-06-18,,,0.0,,
1910-06-19,,,0.0,,
1910-06-20,,,64.0,,
1910-06-21,,,0.0,,
1910-06-22,,,0.0,,
1910-06-23,,,0.0,,
1910-06-24,,,0.0,,
1910-06-25,,,0.0,,
1910-06-26,,,0.0,,
1910-06-27,,,0.0,,
1910-06-28,,,0.0,,
1910-06-29,,,432.0,,
1910-06-30,,,127.0,,
1910-07-01,,,127.0,,
1910-07-02,,,152.0,,
1910-07-03,,,89.0,,
1910-07-04,,,251.0,,
1910-07-05,,,71.0,,
1910-07-06,,,0.0,,
1910-07-07,,,249.0,,
1910-07-08,,,236.0,,
1910-07-09,,,0.0,,
1910-07-10,,,0.0,,
1910-07-11,,,343.0,,
1910-07-12,,,216.0,,
1910-07-13,,,0.0,,
1910-07-14,,,76.0,,
1910-07-15,,,251.0,,
1910-07-16,,,104.0,,
1910-07-17,,,0.0,,
1910-07-18,,,0.0,,
1910-07-19,,,0.0,,
1910-07-20,,,0.0,,
1910-07-21,,,0.0,,
1910-07-22,,,0.0,,
1910-07-23,,,0.0,,
1910-07-24,,,0.0,,
1910-07-25,,,51.0,,
1910-07-26,,,122.0,,
1910-07-27,,,0.0,,
1910-07-28,,,508.0,,
1910-07-29,,,0.0,,
1910-07-30,,,18.0,,
1910-07-31,,,0.0,,
1910-08-01,,,0.0,,
1910-08-02,,,0.0,,
1910-08-03,,,0.0,,
1910-08-04,,,0.0,,
1910-08-05,,,0.0,,
1910-08-06,,,165.0,,
1910-08-07,,,0.0,,
1910-08-08,,,249.0,,
1910-08-09,,,0.0,,
1910-08-10,,,0.0,,
1910-08-11,,,0.0,,
1910-08-12,,,0.0,,
1910-08-13,,,0.0,,
1910-08-14,,,0.0,,
1910-08-15,,,0.0,,
1910-08-16,,,0.0,,
1910-08-17,,,0.0,,
1910-08-18,,,127.0,,
1910-08-19,,,0.0,,
1910-08-20,,,76.0,,
1910-08-21,,,249.0,,
1910-08-22,,,191.0,,
1910-08-23,,,102.0,,
1910-08-24,,,0.0,,
1910-08-25,,,0.0,,
1910-08-26,,,0.0,,
1910-08-27,,,102.0,,
1910-08-28,,,251.0,,
1910-08-29,,,0.0,,
1910-08-30,,,0.0,,
1910-08-31,,,76.0,,
1910-09-01,,,371.0,,
1910-09-02,,,51.0,,
1910-09-03,,,0.0,,
1910-09-04,,,0.0,,
1910-09-05,,,0.0,,
1910-09-06,,,0.0,,
1910-09-07,,,0.0,,
1910-09-08,,,0.0,,
1910-09-09,,,0.0,,
1910-09-10,,,0.0,,
1910-09-11,,,0.0,,
1910-09-12,,,0.0,,
1910-09-13,,,0.0,,
1910-09-14,,,0.0,,
1910-09-15,,,0.0,,
1910-09-16,,,0.0,,
1910-09-17,,,0.0,,
1910-09-18,,,0.0,,
1910-09-19,,,0.0,,
1910-09-20,,,0.0,,
1910-09-21,,,0.0,,
1910-09-22,,,0.0,,
1910-09-23,,,0.0,,
1910-09-24,,,0.0,,
1910-09-25,,,0.0,,
1910-09-26,,,356.0,,
1910-09-27,,,0.0,,
1910-09-28,,,76.0,,
1910-09-29,,,51.0,,
1910-09-30,,,0.0,,
1910-10-01,,,0.0,,0.0
1910-10-02,,,0.0,,0.0
1910-10-03,,,0.0,,0.0
1910-10-04,,,0.0,,0.0
1910-10-05,,,25.0,,0.0
1910-10-06,,,0.0,,0.0
1910-10-07,,,249.0,,0.0
1910-10-08,,,36.0,,0.0
1910-10-09,,,51.0,,0.0
1910-10-10,,,0.0,,0.0
1910-10-11,,,0.0,,0.0
1910-10-12,,,0.0,,0.0
1910-10-13,,,0.0,,0.0
1910-10-14,,,0.0,,0.0
1910-10-15,,,0.0,,0.0
1910-10-16,,,0.0,,0.0
1910-10-17,,,0.0,,0.0
1910-10-18,,,0.0,,0.0
1910-10-19,,,0.0,,0.0
1910-10-20,,,0.0,,0.0
1910-10-21,,,0.0,,0.0
1910-10-22,,,25.0,,0.0
1910-10-23,,,0.0,,0.0
1910-10-24,,,0.0,,0.0
1910-10-25,,,0.0,,0.0
1910-10-26,,,0.0,,0.0
1910-10-27,,,0.0,,0.0
1910-10-28,,,0.0,,0.0
1910-10-29,,,13.0,,13.0
1910-10-30,,,0.0,,0.0
1910-10-31,,,0.0,,0.0
1910-11-01,,,0.0,,
1910-11-02,,,0.0,,
1910-11-03,,,0.0,,
1910-11-04,,,0.0,,
1910-11-05,,,0.0,,
1910-11-06,,,0.0,,
1910-11-07,,,0.0,,
1910-11-08,,,0.0,,
1910-11-09,,,102.0,,
1910-11-10,,,0.0,,
1910-11-11,,,0.0,,
1910-11-12,,,0.0,,
1910-11-13,,,0.0,,
1910-11-14,,,0.0,,
1910-11-15,,,25.0,,
1910-11-16,,,0.0,,
1910-11-17,,,0.0,,
1910-11-18,,,0.0,,
1910-11-19,,,0.0,,
1910-11-20,,,0.0,,
1910-11-21,,,0.0,,
1910-11-22,,,0.0,,
1910-11-23,,,0.0,,
1910-11-24,,,0.0,,
1910-11-25,,,0.0,,
1910-11-26,,,0.0,,
1910-11-27,,,102.0,,
1910-11-28,,,152.0,,
1910-11-29,,,0.0,,
1910-11-30,,,0.0,,0.0
1910-12-01,,,0.0,,0.0
1910-12-02,,,13.0,,13.0
1910-12-03,,,0.0,,0.0
1910-12-04,,,25.0,,25.0
1910-12-05,,,249.0,,0.0
1910-12-06,,,851.0,,0.0
1910-12-07,,,25.0,,25.0
1910-12-08,,,0.0,,0.0
1910-12-09,,,0.0,,0.0
1910-12-10,,,0.0,,0.0
1910-12-11,,,0.0,,0.0
1910-12-12,,,0.0,,0.0
1910-12-13,,,0.0,,0.0
1910-12-14,,,0.0,,0.0
1910-12-15,,,0.0,,0.0
1910-12-16,,,51.0,,0.0
1910-12-17,,,0.0,,0.0
1910-12-18,,,0.0,,0.0
1910-12-19,,,0.0,,0.0
1910-12-20,,,0.0,,0.0
1910-12-21,,,0.0,,0.0
1910-12-22,,,0.0,,0.0
1910-12-23,,,0.0,,0.0
1910-12-24,,,216.0,,0.0
1910-12-25,,,0.0,,0.0
1910-12-26,,,0.0,,0.0
1910-12-27,,,0.0,,0.0
1910-12-28,,,0.0,,0.0
1910-12-29,,,0.0,,0.0
1910-12-30,,,203.0,,0.0
1910-12-31,,,0.0,,0.0
1911-01-01,,,206.0,,0.0
1911-01-02,,,251.0,,0.0
1911-01-03,,,325.0,,0.0
1911-01-04,,,25.0,,25.0
1911-01-05,,,0.0,,0.0
1911-01-06,,,0.0,,0.0
1911-01-07,,,0.0,,0.0
1911-01-08,,,76.0,,0.0
1911-01-09,,,0.0,,0.0
1911-01-10,,,0.0,,0.0
1911-01-11,,,102.0,,0.0
1911-01-12,,,0.0,,0.0
1911-01-13,,,0.0,,0.0
1911-01-14,,,0.0,,0.0
1911-01-15,,,122.0,,0.0
1911-01-16,,,0.0,,0.0
1911-01-17,,,51.0,,0.0
1911-01-18,,,25.0,,0.0
1911-01-19,,,0.0,,0.0
1911-01-20,,,0.0,,0.0
1911-01-21,,,0.0,,0.0
1911-01-22,,,0.0,,0.0
1911-01-23,,,76.0,,0.0
1911-01-24,,,25.0,,0.0
1911-01-25,,,0.0,,0.0
1911-01-26,,,0.0,,0.0
1911-01-27,,,0.0,,0.0
1911-01-28,,,0.0,,0.0
1911-01-29,,,251.0,,0.0
1911-01-30,,,0.0,,0.0
1911-01-31,,,102.0,,0.0
1911-02-01,,,0.0,,0.0
1911-02-02,,,0.0,,0.0
1911-02-03,,,0.0,,0.0
1911-02-04,,,0.0,,0.0
1911-02-05,,,0.0,,0.0
1911-02-06,,,0.0,,0.0
1911-02-07,,,0.0,,0.0
1911-02-08,,,356.0,,0.0
1911-02-09,,,279.0,,0.0
1911-02-10,,,0.0,,0.0
1911-02-11,,,0.0,,0.0
1911-02-12,,,51.0,,51.0
1911-02-13,,,0.0,,0.0
1911-02-14,,,0.0,,0.0
1911-02-15,,,0.0,,0.0
1911-02-16,,,0.0,,0.0
1911-02-17,,,0.0,,0.0
1911-02-18,,,0.0,,0.0
1911-02-19,,,0.0,,0.0
1911-02-20,,,0.0,,0.0
1911-02-21,,,51.0,,0.0
1911-02-22,,,0.0,,0.0
1911-02-23,,,0.0,,0.0
1911-02-24,,,0.0,,0.0
1911-02-25,,,0.0,,0.0
1911-02-26,,,0.0,,0.0
1911-02-27,,,76.0,,0.0
1911-02-28,,,0.0,,0.0
1911-03-01,,,0.0,,
1911-03-02,,,0.0,,
1911-03-03,,,0.0,,
1911-03-04,,,0.0,,
1911-03-05,,,0.0,,
1911-03-06,,,0.0,,
1911-03-07,,,0.0,,
1911-03-08,,,0.0,,
1911-03-09,,,0.0,,
1911-03-10,,,28.0,,
1911-03-11,,,0.0,,
1911-03-12,,,0.0,,
1911-03-13,,,0.0,,
1911-03-14,,,0.0,,
1911-03-15,,,0.0,,
1911-03-16,,,0.0,,
1911-03-17,,,0.0,,
1911-03-18,,,0.0,,
1911-03-19,,,5.0,,
1911-03-20,,,170.0,,
1911-03-21,,,0.0,,
1911-03-22,,,0.0,,
1911-03-23,,,36.0,,
1911-03-24,,,0.0,,
1911-03-25,,,0.0,,
1911-03-26,,,157.0,,
1911-03-27,,,224.0,,
1911-03-28,,,0.0,,
1911-03-29,,,25.0,,
1911-03-30,,,28.0,,
1911-03-31,,,3.0,,
1911-04-01,,,3.0,,
1911-04-02,,,0.0,,
1911-04-03,,,0.0,,
1911-04-04,,,43.0,,
1911-04-05,,,541.0,,
1911-04-06,,,175.0,,
1911-04-07,,,0.0,,
1911-04-08,,,307.0,,
1911-04-09,,,168.0,,
1911-04-10,,,0.0,,
1911-04-11,,,0.0,,
1911-04-12,,,89.0,,
1911-04-13,,,0.0,,
1911-04-14,,,0.0,,
1911-04-15,,,86.0,,
1911-04-16,,,8.0,,
1911-04-17,,,0.0,,
1911-04-18,,,0.0,,
1911-04-19,,,147.0,,
1911-04-20,,,239.0,,
1911-04-21,,,0.0,,
1911-04-22,,,0.0,,
1911-04-23,,,0.0,,
1911-04-24,,,0.0,,
1911-04-25,,,0.0,,
1911-04-26,,,0.0,,
1911-04-27,,,0.0,,
1911-04-28,,,5.0,,
1911-04-29,,,20.0,,
1911-04-30,,,25.0,,
1911-05-01,,,23.0,,
1911-05-02,,,64.0,,
1911-05-03,,,0.0,,
1911-05-04,,,0.0,,
1911-05-05,,,0.0,,
1911-05-06,,,0.0,,
1911-05-07,,,0.0,,
1911-05-08,,,0.0,,
1911-05-09,,,0.0,,
1911-05-10,,,0.0,,
1911-05-11,,,0.0,,
1911-05-12,,,0.0,,
1911-05-13,,,0.0,,
1911-05-14,,,0.0,,
1911-05-15,,,0.0,,
1911-05-16,,,0.0,,
1911-05-17,,,0.0,,
1911-05-18,,,5.0,,
1911-05-19,,,0.0,,
1911-05-20,,,0.0,,
1911-05-21,,,124.0,,
1911-05-22,,,0.0,,
1911-05-23,,,130.0,,
1911-05-24,,,76.0,,
1911-05-25,,,0.0,,
1911-05-26,,,0.0,,
1911-05-27,,,0.0,,
1911-05-28,,,0.0,,
1911-05-29,,,0.0,,
1911-05-30,,,0.0,,
1911-05-31,,,0.0,,
1911-06-01,,,0.0,,
1911-06-02,,,0.0,,
1911-06-03,,,0.0,,
1911-06-04,,,5.0,,
1911-06-05,,,13.0,,
1911-06-06,,,30.0,,
1911-06-07,,,0.0,,
1911-06-08,,,5.0,,
1911-06-09,,,0.0,,
1911-06-10,,,0.0,,
1911-06-11,,,0.0,,
1911-06-12,,,0.0,,
1911-06-13,,,0.0,,
1911-06-14,,,0.0,,
1911-06-15,,,0.0,,
1911-06-16,,,0.0,,
1911-06-17,,,0.0,,
1911-06-18,,,114.0,,
1911-06-19,,,0.0,,
1911-06-20,,,135.0,,
1911-06-21,,,28.0,,
1911-06-22,,,20.0,,
1911-06-23,,,38.0,,
1911-06-24,,,0.0,,
1911-06-25,,,3.0,,
1911-06-26,,,0.0,,
1911-06-27,,,8.0,,
1911-06-28,,,3.0,,
1911-06-29,,,0.0,,
1911-06-30,,,0.0,,
1911-07-01,,,0.0,,
1911-07-02,,,0.0,,
1911-07-03,,,0.0,,
1911-07-04,,,41.0,,
1911-07-05,,,89.0,,
1911-07-06,,,36.0,,
1911-07-07,,,0.0,,
1911-07-08,,,5.0,,
1911-07-09,,,0.0,,
1911-07-10,,,97.0,,
1911-07-11,,,122.0,,
1911-07-12,,,89.0,,
1911-07-13,,,3.0,,
1911-07-14,,,300.0,,
1911-07-15,,,3.0,,
1911-07-16,,,89.0,,
1911-07-17,,,236.0,,
1911-07-18,,,0.0,,
1911-07-19,,,0.0,,
1911-07-20,,,0.0,,
1911-07-21,,,102.0,,
1911-07-22,,,279.0,,
1911-07-23,,,0.0,,
1911-07-24,,,18.0,,
1911-07-25,,,145.0,,
1911-07-26,,,0.0,,
1911-07-27,,,0.0,,
1911-07-28,,,0.0,,
1911-07-29,,,0.0,,
1911-07-30,,,0.0,,
1911-07-31,,,23.0,,
1911-08-01,,,8.0,,
1911-08-02,,,13.0,,
1911-08-03,,,119.0,,
1911-08-04,,,58.0,,
1911-08-05,,,0.0,,
1911-08-06,,,0.0,,
1911-08-07,,,0.0,,
1911-08-08,,,208.0,,
1911-08-09,,,0.0,,
1911-08-10,,,0.0,,
1911-08-11,,,119.0,,
1911-08-12,,,0.0,,
1911-08-13,,,102.0,,
1911-08-14,,,0.0,,
1911-08-15,,,157.0,,
1911-08-16,,,20.0,,
1911-08-17,,,3.0,,
1911-08-18,,,0.0,,
1911-08-19,,,102.0,,
1911-08-20,,,0.0,,
1911-08-21,,,0.0,,
1911-08-22,,,5.0,,
1911-08-23,,,0.0,,
1911-08-24,,,0.0,,
1911-08-25,,,0.0,,
1911-08-26,,,0.0,,
1911-08-27,,,43.0,,
1911-08-28,,,0.0,,
1911-08-29,,,0.0,,
1911-08-30,,,15.0,,
1911-08-31,,,71.0,,
1911-09-01,,,3.0,,
1911-09-02,,,0.0,,
1911-09-03,,,114.0,,
1911-09-04,,,76.0,,
1911-09-05,,,0.0,,
1911-09-06,,,417.0,,
1911-09-07,,,3.0,,
1911-09-08,,,0.0,,
1911-09-09,,,0.0,,
1911-09-10,,,0.0,,
1911-09-11,,,97.0,,
1911-09-12,,,38.0,,
1911-09-13,,,0.0,,
1911-09-14,,,30.0,,
1911-09-15,,,20.0,,
1911-09-16,,,0.0,,
1911-09-17,,,0.0,,
1911-09-18,,,18.0,,
1911-09-19,,,206.0,,
1911-09-20,,,8.0,,
1911-09-21,,,3.0,,
1911-09-22,,,25.0,,
1911-09-23,,,0.0,,
1911-09-24,,,5.0,,
1911-09-25,,,3.0,,
1911-09-26,,,0.0,,
1911-09-27,,,0.0,,
1911-09-28,,,0.0,,
1911-09-29,,,0.0,,
1911-09-30,,,0.0,,
1911-10-01,,,86.0,,
1911-10-02,,,0.0,,
1911-10-03,,,178.0,,
1911-10-04,,,25.0,,
1911-10-05,,,0.0,,
1911-10-06,,,0.0,,
1911-10-07,,,0.0,,
1911-10-08,,,0.0,,
1911-10-09,,,3.0,,
1911-10-10,,,254.0,,
1911-10-11,,,127.0,,
1911-10-12,,,0.0,,
1911-10-13,,,0.0,,
1911-10-14,,,0.0,,
1911-10-15,,,0.0,,
1911-10-16,,,0.0,,
1911-10-17,,,254.0,,
1911-10-18,,,356.0,,
1911-10-19,,,0.0,,
1911-10-20,,,0.0,,
1911-10-21,,,0.0,,
1911-10-22,,,0.0,,
1911-10-23,,,25.0,,
1911-10-24,,,0.0,,
1911-10-25,,,0.0,,
1911-10-26,,,0.0,,
1911-10-27,,,0.0,,
1911-10-28,,,3.0,,
1911-10-29,,,0.0,,
1911-10-30,,,0.0,,
1911-10-31,,,0.0,,
1911-11-01,,,3.0,,0.0
1911-11-02,,,0.0,,0.0
1911-11-03,,,0.0,,0.0
1911-11-04,,,0.0,,0.0
1911-11-05,,,23.0,,0.0
1911-11-06,,,8.0,,0.0
1911-11-07,,,290.0,,0.0
1911-11-08,,,3.0,,0.0
1911-11-09,,,254.0,,0.0
1911-11-10,,,0.0,,0.0
1911-11-11,,,0.0,,0.0
1911-11-12,,,15.0,,0.0
1911-11-13,,,208.0,,0.0
1911-11-14,,,0.0,,0.0
1911-11-15,,,0.0,,0.0
1911-11-16,,,0.0,,0.0
1911-11-17,,,0.0,,0.0
1911-11-18,,,221.0,,0.0
1911-11-19,,,0.0,,0.0
1911-11-20,,,0.0,,0.0
1911-11-21,,,0.0,,0.0
1911-11-22,,,0.0,,0.0
1911-11-23,,,0.0,,0.0
1911-11-24,,,99.0,,0.0
1911-11-25,,,3.0,,0.0
1911-11-26,,,0.0,,0.0
1911-11-27,,,0.0,,0.0
1911-11-28,,,13.0,,0.0
1911-11-29,,,0.0,,0.0
1911-11-30,,,0.0,,0.0
1911-12-01,,,0.0,,0.0
1911-12-02,,,0.0,,0.0
1911-12-03,,,0.0,,0.0
1911-12-04,,,0.0,,0.0
1911-12-05,,,0.0,,0.0
1911-12-06,,,0.0,,0.0
1911-12-07,,,0.0,,0.0
1911-12-08,,,0.0,,0.0
1911-12-09,,,0.0,,0.0
1911-12-10,,,0.0,,0.0
1911-12-11,,,0.0,,0.0
1911-12-12,,,0.0,,0.0
1911-12-13,,,0.0,,0.0
1911-12-14,,,23.0,,0.0
1911-12-15,,,58.0,,0.0
1911-12-16,,,97.0,,0.0
1911-12-17,,,0.0,,0.0
1911-12-18,,,0.0,,0.0
1911-12-19,,,0.0,,0.0
1911-12-20,,,81.0,,0.0
1911-12-21,,,135.0,,0.0
1911-12-22,,,155.0,,0.0
1911-12-23,,,180.0,,0.0
1911-12-24,,,53.0,,0.0
1911-12-25,,,38.0,,0.0
1911-12-26,,,160.0,,0.0
1911-12-27,,,135.0,,0.0
1911-12-28,,,0.0,,0.0
1911-12-29,,,0.0,,0.0
1911-12-30,,,0.0,,0.0
1911-12-31,,,284.0,,0.0
1912-01-01,,,8.0,,
1912-01-02,,,0.0,,
1912-01-03,,,84.0,,
1912-01-04,,,0.0,,
1912-01-05,,,0.0,,
1912-01-06,,,0.0,,
1912-01-07,,,64.0,,56.0
1912-01-08,,,8.0,,
1912-01-09,,,201.0,,
1912-01-10,,,0.0,,
1912-01-11,,,0.0,,
1912-01-12,,,0.0,,
1912-01-13,,,36.0,,38.0
1912-01-14,,,0.0,,
1912-01-15,,,0.0,,0.0
1912-01-16,,,3.0,,
1912-01-17,,,0.0,,
1912-01-18,,,0.0,,
1912-01-19,,,97.0,,
1912-01-20,,,0.0,,
1912-01-21,,,0.0,,
1912-01-22,,,0.0,,
1912-01-23,,,0.0,,
1912-01-24,,,0.0,,
1912-01-25,,,0.0,,
1912-01-26,,,0.0,,
1912-01-27,,,0.0,,
1912-01-28,,,0.0,,
1912-01-29,,,381.0,,
1912-01-30,,,130.0,,
1912-01-31,,,0.0,,0.0
1912-02-01,,,56.0,,
1912-02-02,,,102.0,,8.0
1912-02-03,,,0.0,,0.0
1912-02-04,,,36.0,,5.0
1912-02-05,,,0.0,,
1912-02-06,,,0.0,,
1912-02-07,,,0.0,,
1912-02-08,,,0.0,,
1912-02-09,,,0.0,,
1912-02-10,,,0.0,,0.0
1912-02-11,,,84.0,,76.0
1912-02-12,,,0.0,,
1912-02-13,,,0.0,,
1912-02-14,,,0.0,,0.0
1912-02-15,,,417.0,,0.0
1912-02-16,,,15.0,,
1912-02-17,,,0.0,,
1912-02-18,,,28.0,,
1912-02-19,,,0.0,,
1912-02-20,,,0.0,,
1912-02-21,,,282.0,,
1912-02-22,,,3.0,,13.0
1912-02-23,,,0.0,,
1912-02-24,,,0.0,,
1912-02-25,,,89.0,,
1912-02-26,,,206.0,,
1912-02-27,,,183.0,,
1912-02-28,,,0.0,,
1912-02-29,,,0.0,,
1912-03-01,,,0.0,,
1912-03-02,,,0.0,,
1912-03-03,,,0.0,,
1912-03-04,,,107.0,,
1912-03-05,,,0.0,,
1912-03-06,,,155.0,,
1912-03-09,,,84.0,,
1912-03-10,,,0.0,,
1912-03-11,,,0.0,,
1912-03-12,,,236.0,,
1912-03-15,,,508.0,,
1912-03-16,,,8.0,,
1912-03-17,,,0.0,,
1912-03-18,,,0.0,,
1912-03-19,,,0.0,,
1912-03-20,,,0.0,,
1912-03-21,,,0.0,,
1912-03-22,,,33.0,,
1912-03-27,,,3.0,,
1912-03-28,,,0.0,,
1912-03-29,,,681.0,,
1912-03-30,,,0.0,,
1912-03-31,,,0.0,,
1912-04-01,,,51.0,,
1912-04-02,,,102.0,,
1912-04-03,,,0.0,,
1912-04-04,,,0.0,,
1912-04-05,,,0.0,,
1912-04-06,,,0.0,,
1912-04-07,,,104.0,,
1912-04-08,,,0.0,,
1912-04-09,,,0.0,,
1912-04-10,,,0.0,,
1912-04-11,,,0.0,,
1912-04-12,,,0.0,,
1912-04-13,,,0.0,,
1912-04-14,,,0.0,,
1912-04-15,,,0.0,,
1912-04-16,,,178.0,,
1912-04-17,,,234.0,,
1912-04-18,,,142.0,,
1912-04-19,,,0.0,,
1912-04-20,,,51.0,,
1912-04-21,,,0.0,,
1912-04-22,,,419.0,,
1912-04-23,,,0.0,,
1912-04-24,,,0.0,,
1912-04-25,,,0.0,,
1912-04-26,,,0.0,,
1912-04-27,,,429.0,,
1912-04-28,,,15.0,,
1912-04-29,,,58.0,,
1912-04-30,,,15.0,,
1912-05-01,,,0.0,,
1912-05-02,,,0.0,,
1912-05-03,,,0.0,,
1912-05-04,,,53.0,,
1912-05-05,,,43.0,,
1912-05-06,,,15.0,,
1912-05-07,,,155.0,,
1912-05-08,,,15.0,,
1912-05-09,,,0.0,,
1912-05-10,,,0.0,,
1912-05-11,,,0.0,,
1912-05-12,,,0.0,,
1912-05-13,,,0.0,,
1912-05-14,,,0.0,,
1912-05-15,,,8.0,,
1912-05-16,,,58.0,,
1912-05-17,,,13.0,,
1912-05-18,,,0.0,,
1912-05-19,,,0.0,,
1912-05-20,,,0.0,,
1912-05-21,,,0.0,,
1912-05-22,,,0.0,,
1912-05-23,,,0.0,,
1912-05-24,,,0.0,,
1912-05-25,,,0.0,,
1912-05-26,,,0.0,,
1912-05-27,,,0.0,,
1912-05-28,,,0.0,,
1912-05-29,,,508.0,,
1912-05-30,,,0.0,,
1912-05-31,,,0.0,,
1912-06-01,,,0.0,,
1912-06-02,,,0.0,,
1912-06-03,,,0.0,,
1912-06-04,,,13.0,,
1912-06-05,,,0.0,,
1912-06-06,,,292.0,,
1912-06-07,,,292.0,,
1912-06-08,,,0.0,,
1912-06-09,,,0.0,,
1912-06-10,,,0.0,,
1912-06-11,,,0.0,,
1912-06-12,,,0.0,,
1912-06-13,,,203.0,,
1912-06-14,,,330.0,,
1912-06-15,,,0.0,,
1912-06-16,,,0.0,,
1912-06-17,,,0.0,,
1912-06-18,,,0.0,,
1912-06-19,,,13.0,,
1912-06-20,,,0.0,,
1912-06-21,,,0.0,,
1912-06-22,,,0.0,,
1912-06-23,,,0.0,,
1912-06-24,,,0.0,,
1912-06-25,,,300.0,,
1912-06-26,,,99.0,,
1912-06-27,,,0.0,,
1912-06-28,,,0.0,,
1912-06-29,,,0.0,,
1912-06-30,,,8.0,,
1912-07-01,,,0.0,,
1912-07-02,,,0.0,,
1912-07-03,,,0.0,,
1912-07-04,,,284.0,,
1912-07-05,,,18.0,,
1912-07-06,,,196.0,,
1912-07-07,,,0.0,,
1912-07-08,,,0.0,,
1912-07-09,,,46.0,,
1912-07-10,,,178.0,,
1912-07-11,,,25.0,,
1912-07-12,,,150.0,,
1912-07-13,,,3.0,,
1912-07-14,,,0.0,,
1912-07-15,,,0.0,,
1912-07-16,,,0.0,,
1912-07-17,,,0.0,,
1912-07-18,,,0.0,,
1912-07-19,,,107.0,,
1912-07-20,,,0.0,,
1912-07-21,,,51.0,,
1912-07-22,,,0.0,,
1912-07-23,,,0.0,,
1912-07-24,,,0.0,,
1912-07-25,,,13.0,,
1912-07-26,,,0.0,,
1912-07-27,,,0.0,,
1912-07-28,,,0.0,,
1912-07-29,,,0.0,,
1912-07-30,,,0.0,,
1912-07-31,,,0.0,,
1912-08-01,,,236.0,,
1912-08-02,,,0.0,,
1912-08-03,,,41.0,,
1912-08-04,,,0.0,,
1912-08-05,,,0.0,,
1912-08-06,,,0.0,,
1912-08-07,,,0.0,,
1912-08-08,,,0.0,,
1912-08-09,,,175.0,,
1912-08-10,,,239.0,,
1912-08-11,,,0.0,,
1912-08-12,,,0.0,,
1912-08-13,,,0.0,,
1912-08-14,,,0.0,,
1912-08-15,,,64.0,,
1912-08-16,,,0.0,,
1912-08-17,,,0.0,,
1912-08-18,,,251.0,,
1912-08-19,,,0.0,,
1912-08-20,,,0.0,,
1912-08-21,,,13.0,,
1912-08-22,,,160.0,,
1912-08-23,,,0.0,,
1912-08-24,,,0.0,,
1912-08-25,,,0.0,,
1912-08-26,,,0.0,,
1912-08-27,,,0.0,,
1912-08-28,,,0.0,,
1912-08-29,,,0.0,,
1912-08-30,,,0.0,,
1912-08-31,,,0.0,,
1912-09-01,,,0.0,,
1912-09-02,,,0.0,,
1912-09-03,,,0.0,,
1912-09-04,,,0.0,,
1912-09-05,,,0.0,,
1912-09-06,,,0.0,,
1912-09-07,,,18.0,,
1912-09-08,,,102.0,,
1912-09-09,,,69.0,,
1912-09-10,,,0.0,,
1912-09-11,,,5.0,,
1912-09-12,,,0.0,,
1912-09-13,,,0.0,,
1912-09-14,,,0.0,,
1912-09-15,,,0.0,,
1912-09-16,,,30.0,,
1912-09-17,,,0.0,,
1912-09-18,,,5.0,,
1912-09-19,,,274.0,,
1912-09-20,,,0.0,,
1912-09-21,,,0.0,,
1912-09-22,,,163.0,,
1912-09-23,,,508.0,,
1912-09-24,,,0.0,,
1912-09-25,,,0.0,,
1912-09-26,,,86.0,,
1912-09-27,,,18.0,,
1912-09-28,,,0.0,,
1912-09-29,,,36.0,,
1912-09-30,,,0.0,,
1912-10-01,,,0.0,,
1912-10-02,,,0.0,,
1912-10-03,,,0.0,,
1912-10-04,,,48.0,,
1912-10-05,,,0.0,,
1912-10-06,,,0.0,,
1912-10-07,,,0.0,,
1912-10-08,,,0.0,,
1912-10-09,,,0.0,,
1912-10-10,,,0.0,,
1912-10-11,,,0.0,,
1912-10-12,,,0.0,,
1912-10-13,,,0.0,,
1912-10-14,,,180.0,,
1912-10-15,,,155.0,,
1912-10-16,,,0.0,,
1912-10-17,,,0.0,,
1912-10-18,,,0.0,,
1912-10-19,,,361.0,,
1912-10-20,,,0.0,,
1912-10-21,,,0.0,,
1912-10-22,,,0.0,,
1912-10-23,,,0.0,,
1912-10-24,,,0.0,,
1912-10-25,,,0.0,,
1912-10-26,,,0.0,,
1912-10-27,,,0.0,,
1912-10-28,,,0.0,,
1912-10-29,,,0.0,,
1912-10-30,,,0.0,,
1912-10-31,,,0.0,,
1912-11-01,,,130.0,,0.0
1912-11-02,,,0.0,,0.0
1912-11-03,,,0.0,,0.0
1912-11-04,,,0.0,,0.0
1912-11-05,,,0.0,,0.0
1912-11-06,,,5.0,,0.0
1912-11-07,,,254.0,,0.0
1912-11-08,,,0.0,,0.0
1912-11-09,,,0.0,,0.0
1912-11-10,,,0.0,,0.0
1912-11-11,,,0.0,,0.0
1912-11-12,,,0.0,,0.0
1912-11-13,,,0.0,,0.0
1912-11-14,,,48.0,,0.0
1912-11-15,,,0.0,,0.0
1912-11-16,,,0.0,,0.0
1912-11-17,,,0.0,,0.0
1912-11-18,,,0.0,,0.0
1912-11-19,,,0.0,,0.0
1912-11-20,,,0.0,,0.0
1912-11-21,,,0.0,,0.0
1912-11-22,,,0.0,,0.0
1912-11-23,,,0.0,,0.0
1912-11-24,,,0.0,,0.0
1912-11-25,,,0.0,,0.0
1912-11-26,,,0.0,,0.0
1912-11-27,,,0.0,,0.0
1912-11-28,,,25.0,,51.0
1912-11-29,,,0.0,,0.0
1912-11-30,,,0.0,,0.0
1912-12-01,,,0.0,,
1912-12-02,,,33.0,,
1912-12-03,,,58.0,,
1912-12-04,,,48.0,,
1912-12-05,,,284.0,,
1912-12-06,,,94.0,,
1912-12-07,,,0.0,,
1912-12-08,,,0.0,,
1912-12-09,,,5.0,,
1912-12-10,,,0.0,,
1912-12-11,,,23.0,,
1912-12-12,,,8.0,,
1912-12-13,,,0.0,,
1912-12-14,,,0.0,,
1912-12-15,,,0.0,,
1912-12-16,,,0.0,,
1912-12-17,,,0.0,,
1912-12-18,,,130.0,,
1912-12-19,,,5.0,,
1912-12-20,,,0.0,,
1912-12-21,,,0.0,,
1912-12-22,,,0.0,,
1912-12-23,,,5.0,,
1912-12-24,,,178.0,,
1912-12-25,,,0.0,,
1912-12-26,,,0.0,,
1912-12-27,,,86.0,,
1912-12-28,,,0.0,,
1912-12-29,,,0.0,,
1912-12-30,,,152.0,,
1912-12-31,,,10.0,,
1913-01-01,,,0.0,,
1913-01-02,,,0.0,,
1913-01-03,,,218.0,,41.0
1913-01-04,,,0.0,,
1913-01-05,,,0.0,,
1913-01-06,,,0.0,,
1913-01-07,,,0.0,,
1913-01-08,,,104.0,,
1913-01-09,,,0.0,,
1913-01-10,,,0.0,,
1913-01-11,,,36.0,,
1913-01-12,,,211.0,,
1913-01-13,,,0.0,,
1913-01-14,,,0.0,,
1913-01-15,,,0.0,,
1913-01-16,,,0.0,,
1913-01-17,,,0.0,,
1913-01-18,,,221.0,,
1913-01-19,,,23.0,,
1913-01-20,,,0.0,,
1913-01-21,,,107.0,,
1913-01-22,,,0.0,,
1913-01-23,,,0.0,,
1913-01-24,,,168.0,,
1913-01-25,,,175.0,,
1913-01-26,,,0.0,,
1913-01-27,,,269.0,,
1913-01-28,,,15.0,,
1913-01-29,,,0.0,,
1913-01-30,,,0.0,,
1913-01-31,,,8.0,,
1913-02-01,,,140.0,,
1913-02-02,,,0.0,,
1913-02-03,,,86.0,,
1913-02-04,,,76.0,,
1913-02-05,,,0.0,,
1913-02-06,,,0.0,,
1913-02-07,,,0.0,,
1913-02-08,,,0.0,,
1913-02-09,,,0.0,,
1913-02-10,,,0.0,,
1913-02-11,,,262.0,,
1913-02-12,,,185.0,,
1913-02-13,,,0.0,,
1913-02-14,,,0.0,,
1913-02-15,,,0.0,,
1913-02-16,,,0.0,,
1913-02-17,,,0.0,,
1913-02-18,,,0.0,,
1913-02-19,,,0.0,,
1913-02-20,,,183.0,,
1913-02-21,,,13.0,,
1913-02-22,,,33.0,,
1913-02-23,,,0.0,,
1913-02-24,,,0.0,,
1913-02-25,,,0.0,,
1913-02-26,,,0.0,,
1913-02-27,,,523.0,,
1913-02-28,,,127.0,,
1913-03-01,,,0.0,,
1913-03-02,,,0.0,,
1913-03-03,,,0.0,,
1913-03-04,,,0.0,,
1913-03-05,,,18.0,,
1913-03-06,,,0.0,,
1913-03-07,,,0.0,,
1913-03-08,,,0.0,,
1913-03-09,,,0.0,,
1913-03-10,,,300.0,,
1913-03-11,,,38.0,,
1913-03-12,,,0.0,,
1913-03-13,,,0.0,,
1913-03-14,,,508.0,,
1913-03-15,,,157.0,,
1913-03-16,,,0.0,,
1913-03-17,,,0.0,,
1913-03-18,,,0.0,,
1913-03-19,,,0.0,,
1913-03-20,,,0.0,,
1913-03-21,,,193.0,,
1913-03-22,,,33.0,,
1913-03-23,,,0.0,,
1913-03-24,,,0.0,,
1913-03-25,,,0.0,,
1913-03-26,,,5.0,,
1913-03-27,,,505.0,,
1913-03-28,,,0.0,,
1913-03-29,,,0.0,,
1913-03-30,,,53.0,,
1913-03-31,,,33.0,,
1913-04-01,,,0.0,,
1913-04-02,,,0.0,,
1913-04-03,,,10.0,,
1913-04-04,,,18.0,,
1913-04-05,,,8.0,,
1913-04-06,,,0.0,,
1913-04-07,,,0.0,,
1913-04-08,,,0.0,,
1913-04-09,,,0.0,,
1913-04-10,,,0.0,,
1913-04-11,,,36.0,,
1913-04-12,,,25.0,,
1913-04-13,,,0.0,,
1913-04-14,,,13.0,,
1913-04-15,,,30.0,,
1913-04-16,,,0.0,,
1913-04-17,,,0.0,,
1913-04-18,,,0.0,,
1913-04-19,,,0.0,,
1913-04-20,,,0.0,,
1913-04-21,,,0.0,,
1913-04-22,,,0.0,,
1913-04-23,,,0.0,,
1913-04-24,,,0.0,,
1913-04-25,,,0.0,,
1913-04-26,,,3.0,,
1913-04-27,,,20.0,,
1913-04-28,,,56.0,,
1913-04-29,,,0.0,,
1913-04-30,,,0.0,,
1913-05-01,,,0.0,,
1913-05-02,,,0.0,,
1913-05-03,,,0.0,,
1913-05-04,,,0.0,,
1913-05-05,,,0.0,,
1913-05-06,,,0.0,,
1913-05-07,,,5.0,,
1913-05-08,,,36.0,,
1913-05-09,,,64.0,,
1913-05-10,,,0.0,,
1913-05-11,,,0.0,,
1913-05-12,,,0.0,,
1913-05-13,,,0.0,,
1913-05-14,,,0.0,,
1913-05-15,,,0.0,,
1913-05-16,,,36.0,,
1913-05-17,,,211.0,,
1913-05-18,,,0.0,,
1913-05-19,,,0.0,,
1913-05-20,,,43.0,,
1913-05-21,,,0.0,,
1913-05-22,,,0.0,,
1913-05-23,,,508.0,,
1913-05-24,,,206.0,,
1913-05-25,,,0.0,,
1913-05-26,,,0.0,,
1913-05-27,,,104.0,,
1913-05-28,,,18.0,,
1913-05-29,,,0.0,,
1913-05-30,,,0.0,,
1913-05-31,,,114.0,,
1913-06-01,,,0.0,,
1913-06-02,,,43.0,,
1913-06-03,,,0.0,,
1913-06-04,,,8.0,,
1913-06-05,,,0.0,,
1913-06-06,,,384.0,,
1913-06-07,,,66.0,,
1913-06-08,,,386.0,,
1913-06-09,,,264.0,,
1913-06-10,,,13.0,,
1913-06-11,,,0.0,,
1913-06-12,,,0.0,,
1913-06-13,,,0.0,,
1913-06-14,,,0.0,,
1913-06-15,,,0.0,,
1913-06-16,,,0.0,,
1913-06-17,,,0.0,,
1913-06-18,,,0.0,,
1913-06-19,,,64.0,,
1913-06-20,,,0.0,,
1913-06-21,,,0.0,,
1913-06-22,,,0.0,,
1913-06-23,,,0.0,,
1913-06-24,,,0.0,,
1913-06-25,,,0.0,,
1913-06-26,,,0.0,,
1913-06-27,,,0.0,,
1913-06-28,,,0.0,,
1913-06-29,,,0.0,,
1913-06-30,,,13.0,,
1913-07-01,,,0.0,,
1913-07-02,,,0.0,,
1913-07-03,,,0.0,,
1913-07-04,,,0.0,,
1913-07-05,,,64.0,,
1913-07-06,,,0.0,,
1913-07-07,,,0.0,,
1913-07-08,,,0.0,,
1913-07-09,,,0.0,,
1913-07-10,,,0.0,,
1913-07-11,,,28.0,,
1913-07-12,,,485.0,,
1913-07-13,,,81.0,,
1913-07-14,,,0.0,,
1913-07-15,,,0.0,,
1913-07-16,,,0.0,,
1913-07-17,,,0.0,,
1913-07-18,,,0.0,,
1913-07-19,,,0.0,,
1913-07-20,,,0.0,,
1913-07-21,,,0.0,,
1913-07-22,,,0.0,,
1913-07-23,,,0.0,,
1913-07-24,,,0.0,,
1913-07-25,,,66.0,,
1913-07-26,,,0.0,,
1913-07-27,,,310.0,,
1913-07-28,,,41.0,,
1913-07-29,,,0.0,,
1913-07-30,,,340.0,,
1913-07-31,,,28.0,,
1913-08-01,,,0.0,,
1913-08-02,,,46.0,,
1913-08-03,,,0.0,,
1913-08-04,,,0.0,,
1913-08-05,,,0.0,,
1913-08-06,,,0.0,,
1913-08-07,,,0.0,,
1913-08-08,,,99.0,,
1913-08-09,,,99.0,,
1913-08-10,,,0.0,,
1913-08-11,,,0.0,,
1913-08-12,,,0.0,,
1913-08-13,,,0.0,,
1913-08-14,,,36.0,,
1913-08-15,,,0.0,,
1913-08-16,,,152.0,,
1913-08-17,,,0.0,,
1913-08-18,,,0.0,,
1913-08-19,,,0.0,,
1913-08-20,,,0.0,,
1913-08-21,,,23.0,,
1913-08-22,,,0.0,,
1913-08-23,,,13.0,,
1913-08-24,,,0.0,,
1913-08-25,,,0.0,,
1913-08-26,,,0.0,,
1913-08-27,,,0.0,,
1913-08-28,,,0.0,,
1913-08-29,,,0.0,,
1913-08-30,,,79.0,,
1913-08-31,,,0.0,,
1913-09-01,,,0.0,,
1913-09-02,,,0.0,,
1913-09-03,,,0.0,,
1913-09-04,,,0.0,,
1913-09-05,,,38.0,,
1913-09-06,,,18.0,,
1913-09-07,,,0.0,,
1913-09-08,,,0.0,,
1913-09-09,,,0.0,,
1913-09-10,,,203.0,,
1913-09-11,,,0.0,,
1913-09-12,,,0.0,,
1913-09-13,,,0.0,,
1913-09-14,,,122.0,,
1913-09-15,,,25.0,,
1913-09-16,,,13.0,,
1913-09-17,,,0.0,,
1913-09-18,,,76.0,,
1913-09-19,,,84.0,,
1913-09-20,,,0.0,,
1913-09-21,,,127.0,,
1913-09-22,,,0.0,,
1913-09-23,,,0.0,,
1913-09-24,,,0.0,,
1913-09-25,,,0.0,,
1913-09-26,,,0.0,,
1913-09-27,,,0.0,,
1913-09-28,,,0.0,,
1913-09-29,,,94.0,,
1913-09-30,,,277.0,,
1913-10-01,,,0.0,,0.0
1913-10-02,,,0.0,,0.0
1913-10-03,,,0.0,,0.0
1913-10-04,,,0.0,,0.0
1913-10-05,,,0.0,,0.0
1913-10-06,,,0.0,,0.0
1913-10-07,,,0.0,,0.0
1913-10-08,,,0.0,,0.0
1913-10-09,,,0.0,,0.0
1913-10-10,,,0.0,,0.0
1913-10-11,,,0.0,,0.0
1913-10-12,,,38.0,,0.0
1913-10-13,,,0.0,,0.0
1913-10-14,,,0.0,,0.0
1913-10-15,,,0.0,,0.0
1913-10-16,,,0.0,,0.0
1913-10-17,,,0.0,,0.0
1913-10-18,,,124.0,,0.0
1913-10-19,,,109.0,,0.0
1913-10-20,,,246.0,,0.0
1913-10-21,,,28.0,,0.0
1913-10-22,,,0.0,,0.0
1913-10-23,,,0.0,,0.0
1913-10-24,,,30.0,,0.0
1913-10-25,,,74.0,,0.0
1913-10-26,,,18.0,,0.0
1913-10-27,,,0.0,,0.0
1913-10-28,,,135.0,,0.0
1913-10-29,,,0.0,,0.0
1913-10-30,,,0.0,,0.0
1913-10-31,,,0.0,,0.0
1913-11-01,,,0.0,,0.0
1913-11-02,,,0.0,,0.0
1913-11-03,,,0.0,,0.0
1913-11-04,,,0.0,,0.0
1913-11-05,,,0.0,,0.0
1913-11-06,,,0.0,,0.0
1913-11-07,,,0.0,,0.0
1913-11-08,,,188.0,,0.0
1913-11-09,,,15.0,,0.0
1913-11-10,,,25.0,,0.0
1913-11-11,,,0.0,,0.0
1913-11-12,,,0.0,,0.0
1913-11-13,,,0.0,,0.0
1913-11-14,,,0.0,,0.0
1913-11-15,,,0.0,,0.0
1913-11-16,,,0.0,,0.0
1913-11-17,,,132.0,,0.0
1913-11-18,,,0.0,,0.0
1913-11-19,,,0.0,,0.0
1913-11-20,,,0.0,,0.0
1913-11-21,,,0.0,,0.0
1913-11-22,,,0.0,,0.0
1913-11-23,,,0.0,,0.0
1913-11-24,,,0.0,,0.0
1913-11-25,,,0.0,,0.0
1913-11-26,,,0.0,,0.0
1913-11-27,,,0.0,,0.0
1913-11-28,,,0.0,,0.0
1913-11-29,,,0.0,,0.0
1913-11-30,,,23.0,,0.0
1913-12-01,,,239.0,,0.0
1913-12-02,,,0.0,,0.0
1913-12-03,,,0.0,,0.0
1913-12-04,,,0.0,,0.0
1913-12-05,,,0.0,,0.0
1913-12-06,,,0.0,,0.0
1913-12-07,,,163.0,,0.0
1913-12-08,,,0.0,,0.0
1913-12-09,,,0.0,,0.0
1913-12-10,,,0.0,,0.0
1913-12-11,,,0.0,,0.0
1913-12-12,,,0.0,,0.0
1913-12-13,,,0.0,,0.0
1913-12-14,,,0.0,,0.0
1913-12-15,,,38.0,,0.0
1913-12-16,,,0.0,,0.0
1913-12-17,,,0.0,,0.0
1913-12-18,,,0.0,,0.0
1913-12-19,,,0.0,,0.0
1913-12-20,,,0.0,,0.0
1913-12-21,,,0.0,,0.0
1913-12-22,,,0.0,,0.0
1913-12-23,,,86.0,,0.0
1913-12-24,,,13.0,,0.0
1913-12-25,,,0.0,,0.0
1913-12-26,,,74.0,,0.0
1913-12-27,,,0.0,,0.0
1913-12-28,,,0.0,,0.0
1913-12-29,,,239.0,,0.0
1913-12-30,,,18.0,,0.0
1913-12-31,,,53.0,,0.0
1914-01-01,,,36.0,,0.0
1914-01-02,,,0.0,,0.0
1914-01-03,,,28.0,,41.0
1914-01-04,,,0.0,,0.0
1914-01-05,,,33.0,,8.0
1914-01-06,,,0.0,,0.0
1914-01-07,,,0.0,,0.0
1914-01-08,,,0.0,,0.0
1914-01-09,,,0.0,,0.0
1914-01-10,,,0.0,,0.0
1914-01-11,,,0.0,,0.0
1914-01-12,,,0.0,,0.0
1914-01-13,,,0.0,,0.0
1914-01-14,,,0.0,,0.0
1914-01-15,,,0.0,,0.0
1914-01-16,,,0.0,,0.0
1914-01-17,,,0.0,,0.0
1914-01-18,,,0.0,,0.0
1914-01-19,,,0.0,,0.0
1914-01-20,,,0.0,,0.0
1914-01-21,,,28.0,,0.0
1914-01-22,,,0.0,,0.0
1914-01-23,,,0.0,,0.0
1914-01-24,,,0.0,,0.0
1914-01-25,,,178.0,,0.0
1914-01-26,,,0.0,,0.0
1914-01-27,,,0.0,,0.0
1914-01-28,,,0.0,,0.0
1914-01-29,,,0.0,,0.0
1914-01-30,,,0.0,,0.0
1914-01-31,,,152.0,,0.0
1914-02-01,,,0.0,,0.0
1914-02-02,,,0.0,,0.0
1914-02-03,,,0.0,,0.0
1914-02-04,,,0.0,,0.0
1914-02-05,,,23.0,,0.0
1914-02-06,,,180.0,,0.0
1914-02-07,,,163.0,,0.0
1914-02-08,,,0.0,,0.0
1914-02-09,,,0.0,,0.0
1914-02-10,,,0.0,,0.0
1914-02-11,,,64.0,,0.0
1914-02-12,,,0.0,,0.0
1914-02-13,,,61.0,,0.0
1914-02-14,,,94.0,,0.0
1914-02-15,,,0.0,,0.0
1914-02-16,,,0.0,,0.0
1914-02-17,,,0.0,,0.0
1914-02-18,,,0.0,,0.0
1914-02-19,,,201.0,,0.0
1914-02-20,,,56.0,,0.0
1914-02-21,,,0.0,,0.0
1914-02-22,,,0.0,,0.0
1914-02-23,,,76.0,,0.0
1914-02-24,,,46.0,,0.0
1914-02-25,,,0.0,,0.0
1914-02-26,,,51.0,,51.0
1914-02-27,,,0.0,,0.0
1914-02-28,,,0.0,,0.0
1914-03-01,,,30.0,,0.0
1914-03-02,,,0.0,,0.0
1914-03-03,,,0.0,,0.0
1914-03-04,,,0.0,,0.0
1914-03-05,,,0.0,,0.0
1914-03-06,,,86.0,,0.0
1914-03-07,,,25.0,,0.0
1914-03-08,,,20.0,,20.0
1914-03-09,,,13.0,,13.0
1914-03-10,,,0.0,,0.0
1914-03-11,,,0.0,,0.0
1914-03-12,,,249.0,,0.0
1914-03-13,,,0.0,,0.0
1914-03-14,,,0.0,,0.0
1914-03-15,,,0.0,,0.0
1914-03-16,,,0.0,,0.0
1914-03-17,,,0.0,,0.0
1914-03-18,,,51.0,,0.0
1914-03-19,,,0.0,,0.0
1914-03-20,,,155.0,,0.0
1914-03-21,,,0.0,,0.0
1914-03-22,,,5.0,,5.0
1914-03-23,,,0.0,,0.0
1914-03-24,,,0.0,,0.0
1914-03-25,,,0.0,,0.0
1914-03-26,,,51.0,,0.0
1914-03-27,,,48.0,,0.0
1914-03-28,,,107.0,,0.0
1914-03-29,,,28.0,,0.0
1914-03-30,,,15.0,,0.0
1914-03-31,,,170.0,,0.0
1914-04-01,,,10.0,,0.0
1914-04-02,,,76.0,,0.0
1914-04-03,,,0.0,,0.0
1914-04-04,,,0.0,,0.0
1914-04-05,,,0.0,,0.0
1914-04-06,,,0.0,,0.0
1914-04-07,,,0.0,,0.0
1914-04-08,,,122.0,,0.0
1914-04-09,,,0.0,,0.0
1914-04-10,,,0.0,,0.0
1914-04-11,,,0.0,,0.0
1914-04-12,,,79.0,,0.0
1914-04-13,,,0.0,,0.0
1914-04-14,,,376.0,,0.0
1914-04-15,,,137.0,,0.0
1914-04-16,,,28.0,,0.0
1914-04-17,,,0.0,,0.0
1914-04-18,,,0.0,,0.0
1914-04-19,,,0.0,,0.0
1914-04-20,,,307.0,,0.0
1914-04-21,,,0.0,,0.0
1914-04-22,,,0.0,,0.0
1914-04-23,,,0.0,,0.0
1914-04-24,,,0.0,,0.0
1914-04-25,,,0.0,,0.0
1914-04-26,,,0.0,,0.0
1914-04-27,,,0.0,,0.0
1914-04-28,,,0.0,,0.0
1914-04-29,,,0.0,,0.0
1914-04-30,,,211.0,,0.0
1914-05-01,,,0.0,,0.0
1914-05-02,,,0.0,,0.0
1914-05-03,,,0.0,,0.0
1914-05-04,,,13.0,,0.0
1914-05-05,,,170.0,,0.0
1914-05-06,,,23.0,,0.0
1914-05-07,,,0.0,,0.0
1914-05-08,,,102.0,,0.0
1914-05-09,,,0.0,,0.0
1914-05-10,,,0.0,,0.0
1914-05-11,,,0.0,,0.0
1914-05-12,,,0.0,,0.0
1914-05-13,,,0.0,,0.0
1914-05-14,,,0.0,,0.0
1914-05-15,,,0.0,,0.0
1914-05-16,,,0.0,,0.0
1914-05-17,,,0.0,,0.0
1914-05-18,,,0.0,,0.0
1914-05-19,,,0.0,,0.0
1914-05-20,,,0.0,,0.0
1914-05-21,,,0.0,,0.0
1914-05-22,,,0.0,,0.0
1914-05-23,,,0.0,,0.0
1914-05-24,,,0.0,,0.0
1914-05-25,,,0.0,,0.0
1914-05-26,,,0.0,,0.0
1914-05-27,,,0.0,,0.0
1914-05-28,,,0.0,,0.0
1914-05-29,,,0.0,,0.0
1914-05-30,,,0.0,,0.0
1914-05-31,,,0.0,,0.0
1914-06-01,,,0.0,,0.0
1914-06-02,,,0.0,,0.0
1914-06-03,,,0.0,,0.0
1914-06-04,,,0.0,,0.0
1914-06-05,,,267.0,,0.0
1914-06-06,,,0.0,,0.0
1914-06-07,,,8.0,,0.0
1914-06-08,,,178.0,,0.0
1914-06-09,,,0.0,,0.0
1914-06-10,,,0.0,,0.0
1914-06-11,,,0.0,,0.0
1914-06-12,,,0.0,,0.0
1914-06-13,,,15.0,,0.0
1914-06-14,,,0.0,,0.0
1914-06-15,,,0.0,,0.0
1914-06-16,,,0.0,,0.0
1914-06-17,,,41.0,,0.0
1914-06-18,,,13.0,,0.0
1914-06-19,,,185.0,,0.0
1914-06-20,,,0.0,,0.0
1914-06-21,,,0.0,,0.0
1914-06-22,,,0.0,,0.0
1914-06-23,,,0.0,,0.0
1914-06-24,,,0.0,,0.0
1914-06-25,,,0.0,,0.0
1914-06-26,,,0.0,,0.0
1914-06-27,,,0.0,,0.0
1914-06-28,,,0.0,,0.0
1914-06-29,,,0.0,,0.0
1914-06-30,,,0.0,,0.0
1914-07-01,,,0.0,,0.0
1914-07-02,,,69.0,,0.0
1914-07-03,,,0.0,,0.0
1914-07-04,,,0.0,,0.0
1914-07-05,,,0.0,,0.0
1914-07-06,,,0.0,,0.0
1914-07-07,,,0.0,,0.0
1914-07-08,,,0.0,,0.0
1914-07-09,,,0.0,,0.0
1914-07-10,,,0.0,,0.0
1914-07-11,,,0.0,,0.0
1914-07-12,,,0.0,,0.0
1914-07-13,,,10.0,,0.0
1914-07-14,,,0.0,,0.0
1914-07-15,,,267.0,,0.0
1914-07-16,,,119.0,,0.0
1914-07-17,,,130.0,,0.0
1914-07-18,,,315.0,,0.0
1914-07-19,,,0.0,,0.0
1914-07-20,,,0.0,,0.0
1914-07-21,,,0.0,,0.0
1914-07-22,,,0.0,,0.0
1914-07-23,,,0.0,,0.0
1914-07-24,,,0.0,,0.0
1914-07-25,,,0.0,,0.0
1914-07-26,,,0.0,,0.0
1914-07-27,,,0.0,,0.0
1914-07-28,,,0.0,,0.0
1914-07-29,,,170.0,,0.0
1914-07-30,,,0.0,,0.0
1914-07-31,,,0.0,,0.0
1914-08-01,,,0.0,,0.0
1914-08-02,,,0.0,,0.0
1914-08-03,,,43.0,,0.0
1914-08-04,,,15.0,,0.0
1914-08-05,,,236.0,,0.0
1914-08-06,,,0.0,,0.0
1914-08-07,,,150.0,,0.0
1914-08-08,,,0.0,,0.0
1914-08-09,,,356.0,,0.0
1914-08-10,,,46.0,,0.0
1914-08-11,,,13.0,,0.0
1914-08-12,,,79.0,,0.0
1914-08-13,,,0.0,,0.0
1914-08-14,,,127.0,,0.0
1914-08-15,,,38.0,,0.0
1914-08-16,,,0.0,,0.0
1914-08-17,,,0.0,,0.0
1914-08-18,,,0.0,,0.0
1914-08-19,,,0.0,,0.0
1914-08-20,,,0.0,,0.0
1914-08-21,,,33.0,,0.0
1914-08-22,,,0.0,,0.0
1914-08-23,,,0.0,,0.0
1914-08-24,,,0.0,,0.0
1914-08-25,,,48.0,,0.0
1914-08-26,,,0.0,,0.0
1914-08-27,,,25.0,,0.0
1914-08-28,,,155.0,,0.0
1914-08-29,,,117.0,,0.0
1914-08-30,,,0.0,,0.0
1914-08-31,,,0.0,,0.0
1914-09-01,,,0.0,,0.0
1914-09-02,,,0.0,,0.0
1914-09-03,,,0.0,,0.0
1914-09-04,,,0.0,,0.0
1914-09-05,,,0.0,,0.0
1914-09-06,,,0.0,,0.0
1914-09-07,,,0.0,,0.0
1914-09-08,,,0.0,,0.0
1914-09-09,,,109.0,,0.0
1914-09-10,,,0.0,,0.0
1914-09-11,,,0.0,,0.0
1914-09-12,,,127.0,,0.0
1914-09-13,,,0.0,,0.0
1914-09-14,,,0.0,,0.0
1914-09-15,,,0.0,,0.0
1914-09-16,,,0.0,,0.0
1914-09-17,,,0.0,,0.0
1914-09-18,,,25.0,,0.0
1914-09-19,,,8.0,,0.0
1914-09-20,,,0.0,,0.0
1914-09-21,,,0.0,,0.0
1914-09-22,,,130.0,,0.0
1914-09-23,,,0.0,,0.0
1914-09-24,,,18.0,,0.0
1914-09-25,,,117.0,,0.0
1914-09-26,,,0.0,,0.0
1914-09-27,,,0.0,,0.0
1914-09-28,,,0.0,,0.0
1914-09-29,,,0.0,,0.0
1914-09-30,,,0.0,,0.0
1914-10-01,,,0.0,,0.0
1914-10-02,,,0.0,,0.0
1914-10-03,,,340.0,,0.0
1914-10-04,,,10.0,,0.0
1914-10-05,,,0.0,,0.0
1914-10-06,,,10.0,,0.0
1914-10-07,,,0.0,,0.0
1914-10-08,,,0.0,,0.0
1914-10-09,,,0.0,,0.0
1914-10-10,,,0.0,,0.0
1914-10-11,,,191.0,,0.0
1914-10-12,,,0.0,,0.0
1914-10-13,,,0.0,,0.0
1914-10-14,,,25.0,,0.0
1914-10-15,,,406.0,,0.0
1914-10-16,,,483.0,,0.0
1914-10-17,,,0.0,,0.0
1914-10-18,,,25.0,,0.0
1914-10-19,,,0.0,,0.0
1914-10-20,,,0.0,,0.0
1914-10-21,,,0.0,,0.0
1914-10-22,,,0.0,,0.0
1914-10-23,,,0.0,,0.0
1914-10-24,,,0.0,,0.0
1914-10-25,,,0.0,,0.0
1914-10-26,,,0.0,,0.0
1914-10-27,,,0.0,,0.0
1914-10-28,,,0.0,,0.0
1914-10-29,,,0.0,,0.0
1914-10-30,,,0.0,,0.0
1914-10-31,,,25.0,,0.0
1914-11-01,,,0.0,,0.0
1914-11-02,,,0.0,,0.0
1914-11-03,,,0.0,,0.0
1914-11-04,,,0.0,,0.0
1914-11-05,,,0.0,,0.0
1914-11-06,,,0.0,,0.0
1914-11-07,,,0.0,,0.0
1914-11-08,,,0.0,,0.0
1914-11-09,,,320.0,,0.0
1914-11-10,,,0.0,,0.0
1914-11-11,,,0.0,,0.0
1914-11-12,,,0.0,,0.0
1914-11-13,,,0.0,,0.0
1914-11-14,,,0.0,,0.0
1914-11-15,,,132.0,,0.0
1914-11-16,,,86.0,,0.0
1914-11-17,,,0.0,,0.0
1914-11-18,,,0.0,,0.0
1914-11-19,,,0.0,,0.0
1914-11-20,,,28.0,,0.0
1914-11-21,,,0.0,,0.0
1914-11-22,,,0.0,,0.0
1914-11-23,,,0.0,,0.0
1914-11-24,,,0.0,,0.0
1914-11-25,,,0.0,,0.0
1914-11-26,,,0.0,,0.0
1914-11-27,,,0.0,,0.0
1914-11-28,,,0.0,,0.0
1914-11-29,,,64.0,,0.0
1914-11-30,,,318.0,,0.0
1914-12-01,,,0.0,,0.0
1914-12-02,,,0.0,,0.0
1914-12-03,,,224.0,,0.0
1914-12-04,,,427.0,,0.0
1914-12-05,,,102.0,,0.0
1914-12-06,,,20.0,,0.0
1914-12-07,,,8.0,,0.0
1914-12-08,,,0.0,,0.0
1914-12-09,,,0.0,,0.0
1914-12-10,,,18.0,,0.0
1914-12-11,,,0.0,,0.0
1914-12-12,,,0.0,,0.0
1914-12-13,,,69.0,,8.0
1914-12-14,,,99.0,,0.0
1914-12-15,,,0.0,,0.0
1914-12-16,,,0.0,,0.0
1914-12-17,,,0.0,,0.0
1914-12-18,,,0.0,,0.0
1914-12-19,,,0.0,,0.0
1914-12-20,,,94.0,,0.0
1914-12-21,,,25.0,,0.0
1914-12-22,,,0.0,,0.0
1914-12-23,,,0.0,,0.0
1914-12-24,,,33.0,,0.0
1914-12-25,,,508.0,,0.0
1914-12-26,,,157.0,,0.0
1914-12-27,,,0.0,,0.0
1914-12-28,,,0.0,,0.0
1914-12-29,,,203.0,,0.0
1914-12-30,,,10.0,,0.0
1914-12-31,,,0.0,,0.0
1915-01-01,,,0.0,,0.0
1915-01-02,,,0.0,,0.0
1915-01-03,,,0.0,,0.0
1915-01-04,,,0.0,,0.0
1915-01-05,,,0.0,,0.0
1915-01-06,,,152.0,,0.0
1915-01-07,,,160.0,,0.0
1915-01-08,,,0.0,,0.0
1915-01-09,,,0.0,,0.0
1915-01-10,,,0.0,,0.0
1915-01-11,,,25.0,,0.0
1915-01-12,,,188.0,,0.0
1915-01-13,,,8.0,,8.0
1915-01-14,,,0.0,,0.0
1915-01-15,,,51.0,,0.0
1915-01-16,,,0.0,,0.0
1915-01-17,,,163.0,,0.0
1915-01-18,,,15.0,,0.0
1915-01-19,,,76.0,,0.0
1915-01-20,,,18.0,,18.0
1915-01-21,,,0.0,,0.0
1915-01-22,,,0.0,,0.0
1915-01-23,,,18.0,,0.0
1915-01-24,,,254.0,,0.0
1915-01-25,,,69.0,,0.0
1915-01-26,,,0.0,,
1915-01-27,,,0.0,,0.0
1915-01-28,,,0.0,,0.0
1915-01-29,,,0.0,,0.0
1915-01-30,,,0.0,,0.0
1915-01-31,,,0.0,,0.0
1915-02-01,,,429.0,,0.0
1915-02-02,,,53.0,,0.0
1915-02-03,,,18.0,,0.0
1915-02-04,,,0.0,,0.0
1915-02-05,,,0.0,,0.0
1915-02-06,,,170.0,,0.0
1915-02-07,,,152.0,,0.0
1915-02-08,,,0.0,,0.0
1915-02-09,,,0.0,,0.0
1915-02-10,,,0.0,,0.0
1915-02-11,,,0.0,,0.0
1915-02-12,,,0.0,,0.0
1915-02-13,,,0.0,,0.0
1915-02-14,,,0.0,,0.0
1915-02-15,,,259.0,,0.0
1915-02-16,,,0.0,,0.0
1915-02-17,,,0.0,,0.0
1915-02-18,,,0.0,,0.0
1915-02-19,,,0.0,,0.0
1915-02-20,,,0.0,,0.0
1915-02-21,,,0.0,,0.0
1915-02-22,,,0.0,,0.0
1915-02-23,,,0.0,,0.0
1915-02-24,,,328.0,,0.0
1915-02-25,,,0.0,,0.0
1915-02-26,,,0.0,,0.0
1915-02-27,,,0.0,,0.0
1915-02-28,,,18.0,,0.0
1915-03-01,,,64.0,,0.0
1915-03-02,,,0.0,,0.0
1915-03-03,,,0.0,,0.0
1915-03-04,,,0.0,,0.0
1915-03-05,,,323.0,,0.0
1915-03-06,,,0.0,,0.0
1915-03-07,,,69.0,,0.0
1915-03-08,,,0.0,,0.0
1915-03-09,,,0.0,,0.0
1915-03-10,,,0.0,,0.0
1915-03-11,,,0.0,,0.0
1915-03-12,,,0.0,,0.0
1915-03-13,,,0.0,,0.0
1915-03-14,,,0.0,,0.0
1915-03-15,,,0.0,,0.0
1915-03-16,,,117.0,,0.0
1915-03-17,,,79.0,,79.0
1915-03-18,,,0.0,,0.0
1915-03-19,,,10.0,,0.0
1915-03-20,,,5.0,,0.0
1915-03-21,,,15.0,,15.0
1915-03-22,,,13.0,,13.0
1915-03-23,,,33.0,,33.0
1915-03-24,,,0.0,,0.0
1915-03-25,,,0.0,,0.0
1915-03-26,,,0.0,,0.0
1915-03-27,,,25.0,,0.0
1915-03-28,,,0.0,,0.0
1915-03-29,,,0.0,,0.0
1915-03-30,,,58.0,,0.0
1915-03-31,,,152.0,,0.0
1915-04-01,,,0.0,,0.0
1915-04-02,,,0.0,,0.0
1915-04-03,,,25.0,,0.0
1915-04-04,,,0.0,,0.0
1915-04-05,,,0.0,,0.0
1915-04-06,,,0.0,,0.0
1915-04-07,,,0.0,,0.0
1915-04-08,,,0.0,,0.0
1915-04-09,,,0.0,,0.0
1915-04-10,,,0.0,,0.0
1915-04-11,,,23.0,,0.0
1915-04-12,,,0.0,,0.0
1915-04-13,,,0.0,,0.0
1915-04-14,,,0.0,,0.0
1915-04-15,,,0.0,,0.0
1915-04-16,,,0.0,,0.0
1915-04-17,,,0.0,,0.0
1915-04-18,,,0.0,,0.0
1915-04-19,,,0.0,,0.0
1915-04-20,,,0.0,,0.0
1915-04-21,,,0.0,,0.0
1915-04-22,,,5.0,,0.0
1915-04-23,,,0.0,,0.0
1915-04-24,,,0.0,,0.0
1915-04-25,,,0.0,,0.0
1915-04-26,,,0.0,,0.0
1915-04-27,,,0.0,,0.0
1915-04-28,,,0.0,,0.0
1915-04-29,,,23.0,,0.0
1915-04-30,,,0.0,,0.0
1915-05-01,,,10.0,,0.0
1915-05-02,,,0.0,,0.0
1915-05-03,,,71.0,,0.0
1915-05-04,,,18.0,,0.0
1915-05-05,,,0.0,,0.0
1915-05-06,,,0.0,,0.0
1915-05-07,,,312.0,,0.0
1915-05-08,,,381.0,,0.0
1915-05-09,,,0.0,,0.0
1915-05-10,,,0.0,,0.0
1915-05-11,,,0.0,,0.0
1915-05-12,,,104.0,,0.0
1915-05-13,,,64.0,,0.0
1915-05-14,,,0.0,,0.0
1915-05-15,,,0.0,,0.0
1915-05-16,,,0.0,,0.0
1915-05-17,,,28.0,,0.0
1915-05-18,,,0.0,,0.0
1915-05-19,,,0.0,,0.0
1915-05-20,,,0.0,,0.0
1915-05-21,,,0.0,,0.0
1915-05-22,,,0.0,,0.0
1915-05-23,,,30.0,,0.0
1915-05-24,,,8.0,,0.0
1915-05-25,,,51.0,,0.0
1915-05-26,,,124.0,,0.0
1915-05-27,,,64.0,,0.0
1915-05-28,,,23.0,,0.0
1915-05-29,,,0.0,,0.0
1915-05-30,,,0.0,,0.0
1915-05-31,,,86.0,,0.0
1915-06-01,,,109.0,,0.0
1915-06-02,,,10.0,,0.0
1915-06-03,,,0.0,,0.0
1915-06-04,,,0.0,,0.0
1915-06-05,,,0.0,,0.0
1915-06-06,,,127.0,,0.0
1915-06-07,,,30.0,,0.0
1915-06-08,,,287.0,,0.0
1915-06-09,,,0.0,,0.0
1915-06-10,,,0.0,,0.0
1915-06-11,,,0.0,,0.0
1915-06-12,,,20.0,,0.0
1915-06-13,,,36.0,,0.0
1915-06-14,,,0.0,,0.0
1915-06-15,,,183.0,,0.0
1915-06-16,,,66.0,,0.0
1915-06-17,,,0.0,,0.0
1915-06-18,,,18.0,,0.0
1915-06-19,,,0.0,,0.0
1915-06-20,,,0.0,,0.0
1915-06-21,,,0.0,,0.0
1915-06-22,,,0.0,,0.0
1915-06-23,,,0.0,,0.0
1915-06-24,,,0.0,,0.0
1915-06-25,,,13.0,,0.0
1915-06-26,,,0.0,,0.0
1915-06-27,,,0.0,,0.0
1915-06-28,,,79.0,,0.0
1915-06-29,,,0.0,,0.0
1915-06-30,,,117.0,,0.0
1915-07-01,,,91.0,,0.0
1915-07-02,,,56.0,,0.0
1915-07-03,,,46.0,,0.0
1915-07-04,,,23.0,,0.0
1915-07-05,,,483.0,,0.0
1915-07-06,,,36.0,,0.0
1915-07-07,,,0.0,,0.0
1915-07-08,,,0.0,,0.0
1915-07-09,,,15.0,,0.0
1915-07-10,,,0.0,,0.0
1915-07-11,,,,,0.0
1915-07-12,,,0.0,,0.0
1915-07-13,,,23.0,,0.0
1915-07-14,,,0.0,,0.0
1915-07-15,,,0.0,,0.0
1915-07-16,,,0.0,,0.0
1915-07-17,,,0.0,,0.0
1915-07-18,,,0.0,,0.0
1915-07-19,,,0.0,,0.0
1915-07-20,,,0.0,,0.0
1915-07-21,,,117.0,,0.0
1915-07-22,,,0.0,,0.0
1915-07-23,,,0.0,,0.0
1915-07-24,,,0.0,,0.0
1915-07-25,,,0.0,,0.0
1915-07-26,,,0.0,,0.0
1915-07-27,,,0.0,,0.0
1915-07-28,,,0.0,,0.0
1915-07-29,,,0.0,,0.0
1915-07-30,,,0.0,,0.0
1915-07-31,,,0.0,,0.0
1915-08-01,,,0.0,,0.0
1915-08-02,,,0.0,,0.0
1915-08-03,,,0.0,,0.0
1915-08-04,,,119.0,,0.0
1915-08-05,,,0.0,,0.0
1915-08-06,,,0.0,,0.0
1915-08-07,,,0.0,,0.0
1915-08-08,,,0.0,,0.0
1915-08-09,,,10.0,,0.0
1915-08-10,,,36.0,,0.0
1915-08-11,,,0.0,,0.0
1915-08-12,,,48.0,,0.0
1915-08-13,,,127.0,,0.0
1915-08-14,,,0.0,,0.0
1915-08-15,,,36.0,,0.0
1915-08-16,,,0.0,,0.0
1915-08-17,,,0.0,,0.0
1915-08-18,,,28.0,,0.0
1915-08-19,,,15.0,,0.0
1915-08-20,,,343.0,,0.0
1915-08-21,,,84.0,,0.0
1915-08-22,,,0.0,,0.0
1915-08-23,,,0.0,,0.0
1915-08-24,,,0.0,,0.0
1915-08-25,,,127.0,,0.0
1915-08-26,,,0.0,,0.0
1915-08-27,,,43.0,,0.0
1915-08-28,,,89.0,,0.0
1915-08-29,,,0.0,,0.0
1915-08-30,,,107.0,,0.0
1915-08-31,,,0.0,,0.0
1915-09-01,,,8.0,,0.0
1915-09-02,,,0.0,,0.0
1915-09-03,,,5.0,,0.0
1915-09-04,,,20.0,,0.0
1915-09-05,,,175.0,,0.0
1915-09-06,,,25.0,,0.0
1915-09-07,,,0.0,,0.0
1915-09-08,,,0.0,,0.0
1915-09-09,,,0.0,,0.0
1915-09-10,,,0.0,,0.0
1915-09-11,,,0.0,,0.0
1915-09-12,,,0.0,,0.0
1915-09-13,,,0.0,,0.0
1915-09-14,,,168.0,,0.0
1915-09-15,,,0.0,,0.0
1915-09-16,,,0.0,,0.0
1915-09-17,,,0.0,,0.0
1915-09-18,,,0.0,,0.0
1915-09-19,,,0.0,,0.0
1915-09-20,,,0.0,,0.0
1915-09-21,,,391.0,,0.0
1915-09-22,,,0.0,,0.0
1915-09-23,,,0.0,,0.0
1915-09-24,,,0.0,,0.0
1915-09-25,,,0.0,,0.0
1915-09-26,,,0.0,,0.0
1915-09-27,,,0.0,,0.0
1915-09-28,,,0.0,,0.0
1915-09-29,,,5.0,,0.0
1915-09-30,,,213.0,,0.0
1915-10-01,,,295.0,,0.0
1915-10-02,,,5.0,,0.0
1915-10-03,,,0.0,,0.0
1915-10-04,,,0.0,,0.0
1915-10-05,,,483.0,,0.0
1915-10-06,,,5.0,,0.0
1915-10-07,,,18.0,,0.0
1915-10-08,,,0.0,,0.0
1915-10-09,,,0.0,,0.0
1915-10-10,,,0.0,,0.0
1915-10-11,,,0.0,,0.0
1915-10-12,,,0.0,,0.0
1915-10-13,,,0.0,,0.0
1915-10-14,,,5.0,,0.0
1915-10-15,,,188.0,,0.0
1915-10-16,,,8.0,,0.0
1915-10-17,,,0.0,,0.0
1915-10-18,,,0.0,,0.0
1915-10-19,,,58.0,,0.0
1915-10-20,,,114.0,,0.0
1915-10-21,,,0.0,,0.0
1915-10-22,,,71.0,,0.0
1915-10-23,,,,,0.0
1915-10-24,,,0.0,,0.0
1915-10-25,,,0.0,,0.0
1915-10-26,,,0.0,,0.0
1915-10-27,,,0.0,,0.0
1915-10-28,,,0.0,,0.0
1915-10-29,,,0.0,,0.0
1915-10-30,,,0.0,,0.0
1915-10-31,,,0.0,,0.0
1915-11-01,,,0.0,,0.0
1915-11-02,,,0.0,,0.0
1915-11-03,,,0.0,,0.0
1915-11-04,,,0.0,,0.0
1915-11-05,,,0.0,,0.0
1915-11-06,,,0.0,,0.0
1915-11-07,,,0.0,,0.0
1915-11-08,,,0.0,,0.0
1915-11-09,,,13.0,,0.0
1915-11-10,,,0.0,,0.0
1915-11-11,,,0.0,,0.0
1915-11-12,,,0.0,,0.0
1915-11-13,,,51.0,,0.0
1915-11-14,,,137.0,,0.0
1915-11-15,,,274.0,,0.0
1915-11-16,,,0.0,,0.0
1915-11-17,,,0.0,,0.0
1915-11-18,,,0.0,,0.0
1915-11-19,,,102.0,,0.0
1915-11-20,,,36.0,,0.0
1915-11-21,,,0.0,,0.0
1915-11-22,,,0.0,,0.0
1915-11-23,,,0.0,,0.0
1915-11-24,,,0.0,,0.0
1915-11-25,,,0.0,,0.0
1915-11-26,,,0.0,,0.0
1915-11-27,,,33.0,,0.0
1915-11-28,,,0.0,,0.0
1915-11-29,,,23.0,,0.0
1915-11-30,,,0.0,,0.0
1915-12-01,,,0.0,,0.0
1915-12-02,,,0.0,,0.0
1915-12-03,,,0.0,,0.0
1915-12-04,,,0.0,,0.0
1915-12-05,,,0.0,,0.0
1915-12-06,,,0.0,,0.0
1915-12-07,,,0.0,,0.0
1915-12-08,,,0.0,,0.0
1915-12-09,,,0.0,,0.0
1915-12-10,,,0.0,,0.0
1915-12-11,,,28.0,,0.0
1915-12-12,,,188.0,,0.0
1915-12-13,,,28.0,,0.0
1915-12-14,,,5.0,,0.0
1915-12-15,,,0.0,,0.0
1915-12-16,,,208.0,,0.0
1915-12-17,,,5.0,,0.0
1915-12-18,,,516.0,,0.0
1915-12-19,,,0.0,,0.0
1915-12-20,,,0.0,,0.0
1915-12-21,,,0.0,,0.0
1915-12-22,,,0.0,,0.0
1915-12-23,,,0.0,,0.0
1915-12-24,,,0.0,,0.0
1915-12-25,,,10.0,,0.0
1915-12-26,,,145.0,,0.0
1915-12-27,,,0.0,,0.0
1915-12-28,,,0.0,,0.0
1915-12-29,,,505.0,,0.0
1915-12-30,,,0.0,,0.0
1915-12-31,,,0.0,,0.0
1916-01-01,,,61.0,,0.0
1916-01-02,,,64.0,,0.0
1916-01-03,,,48.0,,0.0
1916-01-04,,,0.0,,0.0
1916-01-05,,,0.0,,0.0
1916-01-06,,,119.0,,0.0
1916-01-07,,,28.0,,0.0
1916-01-08,,,66.0,,0.0
1916-01-09,,,0.0,,0.0
1916-01-10,,,0.0,,0.0
1916-01-11,,,36.0,,0.0
1916-01-12,,,10.0,,0.0
1916-01-13,,,292.0,,0.0
1916-01-14,,,0.0,,0.0
1916-01-15,,,0.0,,0.0
1916-01-16,,,66.0,,0.0
1916-01-17,,,64.0,,0.0
1916-01-18,,,0.0,,0.0
1916-01-19,,,0.0,,0.0
1916-01-20,,,0.0,,0.0
1916-01-21,,,0.0,,0.0
1916-01-22,,,274.0,,0.0
1916-01-23,,,36.0,,0.0
1916-01-24,,,0.0,,0.0
1916-01-25,,,0.0,,0.0
1916-01-26,,,0.0,,0.0
1916-01-27,,,0.0,,0.0
1916-01-28,,,0.0,,0.0
1916-01-29,,,8.0,,0.0
1916-01-30,,,0.0,,0.0
1916-01-31,,,0.0,,0.0
1916-02-01,,,368.0,,0.0
1916-02-02,,,386.0,,0.0
1916-02-03,,,5.0,,0.0
1916-02-04,,,0.0,,0.0
1916-02-05,,,0.0,,0.0
1916-02-06,,,0.0,,0.0
1916-02-07,,,5.0,,0.0
1916-02-08,,,0.0,,0.0
1916-02-09,,,0.0,,0.0
1916-02-10,,,91.0,,0.0
1916-02-11,,,0.0,,0.0
1916-02-12,,,0.0,,0.0
1916-02-13,,,18.0,,0.0
1916-02-14,,,15.0,,0.0
1916-02-15,,,0.0,,0.0
1916-02-16,,,0.0,,0.0
1916-02-17,,,0.0,,0.0
1916-02-18,,,0.0,,0.0
1916-02-19,,,0.0,,0.0
1916-02-20,,,0.0,,0.0
1916-02-21,,,0.0,,0.0
1916-02-22,,,0.0,,0.0
1916-02-23,,,28.0,,0.0
1916-02-24,,,318.0,,0.0
1916-02-25,,,5.0,,0.0
1916-02-26,,,0.0,,0.0
1916-02-27,,,13.0,,13.0
1916-02-28,,,0.0,,0.0
1916-02-29,,,229.0,,127.0
1916-03-01,,,0.0,,0.0
1916-03-02,,,135.0,,0.0
1916-03-03,,,8.0,,0.0
1916-03-04,,,0.0,,0.0
1916-03-05,,,0.0,,0.0
1916-03-06,,,0.0,,0.0
1916-03-07,,,76.0,,0.0
1916-03-08,,,0.0,,0.0
1916-03-09,,,0.0,,0.0
1916-03-10,,,0.0,,0.0
1916-03-11,,,10.0,,0.0
1916-03-12,,,0.0,,0.0
1916-03-13,,,0.0,,0.0
1916-03-14,,,0.0,,0.0
1916-03-15,,,58.0,,0.0
1916-03-16,,,0.0,,0.0
1916-03-17,,,0.0,,0.0
1916-03-18,,,0.0,,0.0
1916-03-19,,,0.0,,0.0
1916-03-20,,,0.0,,0.0
1916-03-21,,,41.0,,0.0
1916-03-22,,,0.0,,0.0
1916-03-23,,,0.0,,0.0
1916-03-24,,,0.0,,0.0
1916-03-25,,,0.0,,0.0
1916-03-26,,,94.0,,0.0
1916-03-27,,,216.0,,0.0
1916-03-28,,,30.0,,0.0
1916-03-29,,,0.0,,0.0
1916-03-30,,,0.0,,0.0
1916-03-31,,,0.0,,0.0
1916-04-01,,,0.0,,0.0
1916-04-02,,,0.0,,0.0
1916-04-03,,,94.0,,0.0
1916-04-04,,,10.0,,0.0
1916-04-05,,,0.0,,0.0
1916-04-06,,,23.0,,0.0
1916-04-07,,,0.0,,0.0
1916-04-08,,,119.0,,0.0
1916-04-09,,,23.0,,0.0
1916-04-10,,,0.0,,0.0
1916-04-11,,,10.0,,0.0
1916-04-12,,,0.0,,0.0
1916-04-13,,,0.0,,0.0
1916-04-14,,,0.0,,0.0
1916-04-15,,,0.0,,0.0
1916-04-16,,,0.0,,0.0
1916-04-17,,,38.0,,0.0
1916-04-18,,,0.0,,0.0
1916-04-19,,,0.0,,0.0
1916-04-20,,,0.0,,0.0
1916-04-21,,,160.0,,0.0
1916-04-22,,,5.0,,0.0
1916-04-23,,,0.0,,0.0
1916-04-24,,,0.0,,0.0
1916-04-25,,,41.0,,0.0
1916-04-26,,,0.0,,0.0
1916-04-27,,,15.0,,0.0
1916-04-28,,,0.0,,0.0
1916-04-29,,,0.0,,0.0
1916-04-30,,,0.0,,0.0
1916-05-01,,,0.0,,0.0
1916-05-02,,,0.0,,0.0
1916-05-03,,,0.0,,0.0
1916-05-04,,,23.0,,0.0
1916-05-05,,,0.0,,0.0
1916-05-06,,,0.0,,0.0
1916-05-07,,,0.0,,0.0
1916-05-08,,,0.0,,0.0
1916-05-09,,,0.0,,0.0
1916-05-10,,,0.0,,0.0
1916-05-11,,,0.0,,0.0
1916-05-12,,,0.0,,0.0
1916-05-13,,,0.0,,0.0
1916-05-14,,,157.0,,0.0
1916-05-15,,,0.0,,0.0
1916-05-16,,,0.0,,0.0
1916-05-17,,,0.0,,0.0
1916-05-18,,,0.0,,0.0
1916-05-19,,,25.0,,0.0
1916-05-20,,,0.0,,0.0
1916-05-21,,,0.0,,0.0
1916-05-22,,,366.0,,0.0
1916-05-23,,,371.0,,0.0
1916-05-24,,,119.0,,0.0
1916-05-25,,,0.0,,0.0
1916-05-26,,,0.0,,0.0
1916-05-27,,,0.0,,0.0
1916-05-28,,,0.0,,0.0
1916-05-29,,,0.0,,0.0
1916-05-30,,,89.0,,0.0
1916-05-31,,,53.0,,0.0
1916-06-01,,,0.0,,0.0
1916-06-02,,,0.0,,0.0
1916-06-03,,,28.0,,0.0
1916-06-04,,,,,0.0
1916-06-05,,,0.0,,0.0
1916-06-06,,,0.0,,0.0
1916-06-07,,,150.0,,0.0
1916-06-08,,,0.0,,0.0
1916-06-09,,,3.0,,0.0
1916-06-10,,,0.0,,0.0
1916-06-11,,,104.0,,0.0
1916-06-12,,,249.0,,0.0
1916-06-13,,,0.0,,0.0
1916-06-14,,,0.0,,0.0
1916-06-15,,,498.0,,0.0
1916-06-16,,,114.0,,0.0
1916-06-17,,,48.0,,0.0
1916-06-18,,,0.0,,0.0
1916-06-19,,,0.0,,0.0
1916-06-20,,,20.0,,0.0
1916-06-21,,,0.0,,0.0
1916-06-22,,,8.0,,0.0
1916-06-23,,,0.0,,0.0
1916-06-24,,,0.0,,0.0
1916-06-25,,,117.0,,0.0
1916-06-26,,,28.0,,0.0
1916-06-27,,,0.0,,0.0
1916-06-28,,,0.0,,0.0
1916-06-29,,,0.0,,0.0
1916-06-30,,,0.0,,0.0
1916-07-01,,,0.0,,0.0
1916-07-02,,,23.0,,0.0
1916-07-03,,,0.0,,0.0
1916-07-04,,,0.0,,0.0
1916-07-05,,,28.0,,0.0
1916-07-06,,,0.0,,0.0
1916-07-07,,,0.0,,0.0
1916-07-08,,,277.0,,0.0
1916-07-09,,,378.0,,0.0
1916-07-10,,,320.0,,0.0
1916-07-11,,,147.0,,0.0
1916-07-12,,,165.0,,0.0
1916-07-13,,,0.0,,0.0
1916-07-14,,,51.0,,0.0
1916-07-15,,,18.0,,0.0
1916-07-16,,,,,0.0
1916-07-17,,,229.0,,0.0
1916-07-18,,,124.0,,0.0
1916-07-19,,,15.0,,0.0
1916-07-20,,,102.0,,0.0
1916-07-21,,,287.0,,0.0
1916-07-22,,,13.0,,0.0
1916-07-23,,,58.0,,0.0
1916-07-24,,,38.0,,0.0
1916-07-25,,,33.0,,0.0
1916-07-26,,,94.0,,0.0
1916-07-27,,,150.0,,0.0
1916-07-28,,,46.0,,0.0
1916-07-29,,,0.0,,0.0
1916-07-30,,,0.0,,0.0
1916-07-31,,,0.0,,0.0
1916-08-01,,,0.0,,0.0
1916-08-02,,,58.0,,0.0
1916-08-03,,,48.0,,0.0
1916-08-04,,,0.0,,0.0
1916-08-05,,,226.0,,0.0
1916-08-06,,,58.0,,0.0
1916-08-07,,,10.0,,0.0
1916-08-08,,,325.0,,0.0
1916-08-09,,,0.0,,0.0
1916-08-10,,,135.0,,0.0
1916-08-11,,,84.0,,0.0
1916-08-12,,,0.0,,0.0
1916-08-13,,,13.0,,0.0
1916-08-14,,,246.0,,0.0
1916-08-15,,,0.0,,0.0
1916-08-16,,,8.0,,0.0
1916-08-17,,,0.0,,0.0
1916-08-18,,,0.0,,0.0
1916-08-19,,,0.0,,0.0
1916-08-20,,,0.0,,0.0
1916-08-21,,,244.0,,0.0
1916-08-22,,,0.0,,0.0
1916-08-23,,,0.0,,0.0
1916-08-24,,,48.0,,0.0
1916-08-25,,,0.0,,0.0
1916-08-26,,,0.0,,0.0
1916-08-27,,,0.0,,0.0
1916-08-28,,,0.0,,0.0
1916-08-29,,,0.0,,0.0
1916-08-30,,,0.0,,0.0
1916-08-31,,,,,0.0
1916-09-01,,,0.0,,0.0
1916-09-02,,,0.0,,0.0
1916-09-03,,,107.0,,0.0
1916-09-04,,,0.0,,0.0
1916-09-05,,,0.0,,0.0
1916-09-06,,,0.0,,0.0
1916-09-07,,,0.0,,0.0
1916-09-08,,,0.0,,0.0
1916-09-09,,,48.0,,0.0
1916-09-10,,,5.0,,0.0
1916-09-11,,,0.0,,0.0
1916-09-12,,,0.0,,0.0
1916-09-13,,,0.0,,0.0
1916-09-14,,,30.0,,0.0
1916-09-15,,,51.0,,0.0
1916-09-16,,,0.0,,0.0
1916-09-17,,,0.0,,0.0
1916-09-18,,,0.0,,0.0
1916-09-19,,,0.0,,0.0
1916-09-20,,,0.0,,0.0
1916-09-21,,,0.0,,0.0
1916-09-22,,,0.0,,0.0
1916-09-23,,,13.0,,0.0
1916-09-24,,,0.0,,0.0
1916-09-25,,,0.0,,0.0
1916-09-26,,,0.0,,0.0
1916-09-27,,,0.0,,0.0
1916-09-28,,,0.0,,0.0
1916-09-29,,,274.0,,0.0
1916-09-30,,,0.0,,0.0
1916-10-01,,,0.0,,0.0
1916-10-02,,,0.0,,0.0
1916-10-03,,,0.0,,0.0
1916-10-04,,,0.0,,0.0
1916-10-05,,,0.0,,0.0
1916-10-06,,,0.0,,0.0
1916-10-07,,,0.0,,0.0
1916-10-08,,,0.0,,0.0
1916-10-09,,,0.0,,0.0
1916-10-10,,,76.0,,0.0
1916-10-11,,,0.0,,0.0
1916-10-12,,,0.0,,0.0
1916-10-13,,,0.0,,0.0
1916-10-14,,,0.0,,0.0
1916-10-15,,,0.0,,0.0
1916-10-16,,,13.0,,0.0
1916-10-17,,,0.0,,0.0
1916-10-18,,,20.0,,0.0
1916-10-19,,,264.0,,0.0
1916-10-20,,,13.0,,0.0
1916-10-21,,,0.0,,0.0
1916-10-22,,,0.0,,0.0
1916-10-23,,,0.0,,0.0
1916-10-24,,,0.0,,0.0
1916-10-25,,,0.0,,0.0
1916-10-26,,,0.0,,0.0
1916-10-27,,,0.0,,0.0
1916-10-28,,,0.0,,0.0
1916-10-29,,,0.0,,0.0
1916-10-30,,,297.0,,0.0
1916-10-31,,,0.0,,0.0
1916-11-01,,,13.0,,0.0
1916-11-02,,,0.0,,0.0
1916-11-03,,,0.0,,0.0
1916-11-04,,,0.0,,0.0
1916-11-05,,,0.0,,0.0
1916-11-06,,,0.0,,0.0
1916-11-07,,,0.0,,0.0
1916-11-08,,,0.0,,0.0
1916-11-09,,,0.0,,0.0
1916-11-10,,,86.0,,0.0
1916-11-11,,,0.0,,0.0
1916-11-12,,,18.0,,0.0
1916-11-13,,,79.0,,0.0
1916-11-14,,,150.0,,0.0
1916-11-15,,,30.0,,0.0
1916-11-16,,,0.0,,0.0
1916-11-17,,,0.0,,0.0
1916-11-18,,,0.0,,0.0
1916-11-19,,,0.0,,0.0
1916-11-20,,,0.0,,0.0
1916-11-21,,,0.0,,0.0
1916-11-22,,,0.0,,0.0
1916-11-23,,,246.0,,0.0
1916-11-24,,,25.0,,0.0
1916-11-25,,,0.0,,0.0
1916-11-26,,,0.0,,0.0
1916-11-27,,,0.0,,0.0
1916-11-28,,,0.0,,0.0
1916-11-29,,,170.0,,0.0
1916-11-30,,,69.0,,0.0
1916-12-01,,,0.0,,0.0
1916-12-02,,,0.0,,0.0
1916-12-03,,,0.0,,0.0
1916-12-04,,,0.0,,0.0
1916-12-05,,,64.0,,0.0
1916-12-06,,,0.0,,0.0
1916-12-07,,,0.0,,0.0
1916-12-08,,,254.0,,0.0
1916-12-09,,,251.0,,0.0
1916-12-10,,,0.0,,0.0
1916-12-11,,,0.0,,0.0
1916-12-12,,,51.0,,0.0
1916-12-13,,,0.0,,0.0
1916-12-14,,,,,0.0
1916-12-15,,,76.0,,76.0
1916-12-16,,,0.0,,0.0
1916-12-17,,,0.0,,0.0
1916-12-18,,,84.0,,0.0
1916-12-19,,,41.0,,0.0
1916-12-20,,,0.0,,
1916-12-21,,,23.0,,0.0
1916-12-22,,,64.0,,0.0
1916-12-23,,,0.0,,0.0
1916-12-24,,,0.0,,0.0
1916-12-25,,,0.0,,0.0
1916-12-26,,,0.0,,0.0
1916-12-27,,,0.0,,0.0
1916-12-28,,,292.0,,0.0
1916-12-29,,,180.0,,0.0
1916-12-30,,,0.0,,0.0
1916-12-31,,,0.0,,0.0
1917-01-01,,,91.0,,0.0
1917-01-02,,,56.0,,0.0
1917-01-03,,,46.0,,0.0
1917-01-04,,,290.0,,0.0
1917-01-05,,,33.0,,0.0
1917-01-06,,,157.0,,0.0
1917-01-07,,,0.0,,0.0
1917-01-08,,,0.0,,0.0
1917-01-09,,,0.0,,0.0
1917-01-10,,,0.0,,0.0
1917-01-11,,,8.0,,0.0
1917-01-12,,,0.0,,0.0
1917-01-13,,,0.0,,0.0
1917-01-14,,,267.0,,0.0
1917-01-15,,,25.0,,0.0
1917-01-16,,,254.0,,0.0
1917-01-17,,,5.0,,0.0
1917-01-18,,,58.0,,0.0
1917-01-19,,,119.0,,0.0
1917-01-20,,,15.0,,0.0
1917-01-21,,,28.0,,0.0
1917-01-22,,,249.0,,0.0
1917-01-23,,,0.0,,0.0
1917-01-24,,,0.0,,0.0
1917-01-25,,,28.0,,0.0
1917-01-26,,,0.0,,0.0
1917-01-27,,,0.0,,0.0
1917-01-28,,,15.0,,0.0
1917-01-29,,,206.0,,0.0
1917-01-30,,,20.0,,0.0
1917-01-31,,,0.0,,0.0
1917-02-01,,,371.0,,0.0
1917-02-02,,,5.0,,5.0
1917-02-03,,,0.0,,0.0
1917-02-04,,,0.0,,0.0
1917-02-05,,,15.0,,15.0
1917-02-06,,,0.0,,0.0
1917-02-07,,,0.0,,0.0
1917-02-08,,,36.0,,0.0
1917-02-09,,,15.0,,0.0
1917-02-10,,,0.0,,0.0
1917-02-11,,,0.0,,0.0
1917-02-12,,,0.0,,0.0
1917-02-13,,,0.0,,0.0
1917-02-14,,,0.0,,0.0
1917-02-15,,,145.0,,0.0
1917-02-16,,,20.0,,0.0
1917-02-17,,,0.0,,0.0
1917-02-18,,,376.0,,0.0
1917-02-19,,,122.0,,0.0
1917-02-20,,,406.0,,0.0
1917-02-21,,,28.0,,0.0
1917-02-22,,,76.0,,0.0
1917-02-23,,,0.0,,0.0
1917-02-24,,,180.0,,0.0
1917-02-25,,,0.0,,0.0
1917-02-26,,,0.0,,0.0
1917-02-27,,,0.0,,0.0
1917-02-28,,,0.0,,0.0
1917-03-01,,,493.0,,
1917-03-02,,,257.0,,
1917-03-03,,,409.0,,
1917-03-04,,,508.0,,
1917-03-05,,,76.0,,
1917-03-06,,,0.0,,
1917-03-07,,,0.0,,
1917-03-08,,,61.0,,
1917-03-09,,,0.0,,
1917-03-10,,,0.0,,
1917-03-11,,,0.0,,
1917-03-12,,,0.0,,
1917-03-13,,,36.0,,
1917-03-14,,,86.0,,
1917-03-15,,,33.0,,
1917-03-16,,,8.0,,
1917-03-17,,,300.0,,
1917-03-18,,,0.0,,
1917-03-19,,,0.0,,
1917-03-20,,,10.0,,
1917-03-21,,,356.0,,
1917-03-22,,,20.0,,
1917-03-23,,,229.0,,
1917-03-24,,,508.0,,
1917-03-25,,,0.0,,
1917-03-26,,,0.0,,
1917-03-27,,,508.0,,
1917-03-28,,,0.0,,
1917-03-29,,,,,25.0
1917-03-30,,,0.0,,
1917-03-31,,,0.0,,
1917-04-01,,,0.0,,
1917-04-02,,,43.0,,
1917-04-03,,,0.0,,
1917-04-04,,,0.0,,
1917-04-05,,,376.0,,
1917-04-06,,,112.0,,
1917-04-07,,,0.0,,
1917-04-08,,,64.0,,
1917-04-09,,,30.0,,
1917-04-10,,,0.0,,
1917-04-11,,,0.0,,
1917-04-12,,,0.0,,
1917-04-13,,,86.0,,
1917-04-14,,,0.0,,
1917-04-15,,,0.0,,
1917-04-16,,,0.0,,
1917-04-17,,,0.0,,
1917-04-18,,,0.0,,
1917-04-19,,,0.0,,
1917-04-20,,,0.0,,
1917-04-21,,,0.0,,
1917-04-22,,,0.0,,
1917-04-23,,,0.0,,
1917-04-24,,,0.0,,
1917-04-25,,,0.0,,
1917-04-26,,,81.0,,
1917-04-27,,,0.0,,
1917-04-28,,,0.0,,
1917-04-29,,,5.0,,
1917-04-30,,,79.0,,
1917-05-01,,,64.0,,
1917-05-02,,,0.0,,
1917-05-03,,,0.0,,
1917-05-04,,,165.0,,
1917-05-05,,,36.0,,
1917-05-06,,,0.0,,
1917-05-07,,,0.0,,
1917-05-08,,,46.0,,
1917-05-09,,,0.0,,
1917-05-10,,,0.0,,
1917-05-11,,,0.0,,
1917-05-12,,,13.0,,
1917-05-13,,,0.0,,
1917-05-14,,,0.0,,
1917-05-15,,,0.0,,
1917-05-16,,,0.0,,
1917-05-17,,,0.0,,
1917-05-18,,,0.0,,
1917-05-19,,,0.0,,
1917-05-20,,,0.0,,
1917-05-21,,,0.0,,
1917-05-22,,,0.0,,
1917-05-23,,,107.0,,
1917-05-24,,,0.0,,
1917-05-25,,,0.0,,
1917-05-26,,,8.0,,
1917-05-27,,,38.0,,
1917-05-28,,,66.0,,
1917-05-29,,,0.0,,
1917-05-30,,,0.0,,
1917-05-31,,,0.0,,
1917-06-01,,,130.0,,
1917-06-02,,,0.0,,
1917-06-03,,,0.0,,
1917-06-04,,,81.0,,
1917-06-05,,,0.0,,
1917-06-06,,,0.0,,
1917-06-07,,,318.0,,
1917-06-08,,,25.0,,
1917-06-09,,,213.0,,
1917-06-10,,,236.0,,
1917-06-11,,,0.0,,
1917-06-12,,,0.0,,
1917-06-13,,,0.0,,
1917-06-14,,,48.0,,
1917-06-15,,,25.0,,
1917-06-16,,,0.0,,
1917-06-17,,,0.0,,
1917-06-18,,,0.0,,
1917-06-19,,,0.0,,
1917-06-20,,,130.0,,
1917-06-21,,,0.0,,
1917-06-22,,,15.0,,
1917-06-23,,,0.0,,
1917-06-24,,,0.0,,
1917-06-25,,,0.0,,
1917-06-26,,,0.0,,
1917-06-27,,,0.0,,
1917-06-28,,,0.0,,
1917-06-29,,,46.0,,
1917-06-30,,,0.0,,
1917-07-01,,,0.0,,
1917-07-02,,,0.0,,
1917-07-03,,,20.0,,
1917-07-04,,,0.0,,
1917-07-05,,,0.0,,
1917-07-06,,,8.0,,
1917-07-07,,,0.0,,
1917-07-08,,,0.0,,
1917-07-09,,,0.0,,
1917-07-10,,,0.0,,
1917-07-11,,,33.0,,
1917-07-12,,,8.0,,
1917-07-13,,,0.0,,
1917-07-14,,,0.0,,
1917-07-15,,,64.0,,
1917-07-17,,,46.0,,
1917-07-18,,,36.0,,
1917-07-19,,,140.0,,
1917-07-20,,,0.0,,
1917-07-21,,,46.0,,
1917-07-22,,,231.0,,
1917-07-23,,,635.0,,
1917-07-24,,,0.0,,
1917-07-25,,,0.0,,
1917-07-26,,,18.0,,
1917-07-27,,,38.0,,
1917-07-29,,,0.0,,
1917-07-30,,,0.0,,
1917-07-31,,,0.0,,
1917-08-01,,,0.0,,
1917-08-02,,,28.0,,
1917-08-03,,,0.0,,
1917-08-04,,,28.0,,
1917-08-05,,,0.0,,
1917-08-06,,,0.0,,
1917-08-07,,,25.0,,
1917-08-08,,,8.0,,
1917-08-09,,,279.0,,
1917-08-10,,,155.0,,
1917-08-11,,,0.0,,
1917-08-12,,,0.0,,
1917-08-13,,,0.0,,
1917-08-14,,,0.0,,
1917-08-15,,,312.0,,
1917-08-16,,,51.0,,
1917-08-17,,,76.0,,
1917-08-18,,,0.0,,
1917-08-19,,,0.0,,
1917-08-20,,,30.0,,
1917-08-21,,,0.0,,
1917-08-22,,,0.0,,
1917-08-23,,,0.0,,
1917-08-24,,,0.0,,
1917-08-25,,,0.0,,
1917-08-26,,,0.0,,
1917-08-27,,,0.0,,
1917-08-28,,,0.0,,
1917-08-29,,,0.0,,
1917-08-30,,,0.0,,
1917-08-31,,,76.0,,
1917-09-01,,,150.0,,
1917-09-02,,,3.0,,
1917-09-03,,,10.0,,
1917-09-04,,,132.0,,
1917-09-05,,,0.0,,
1917-09-06,,,0.0,,
1917-09-07,,,0.0,,
1917-09-08,,,0.0,,
1917-09-09,,,8.0,,
1917-09-10,,,15.0,,
1917-09-11,,,0.0,,
1917-09-12,,,0.0,,
1917-09-13,,,0.0,,
1917-09-14,,,0.0,,
1917-09-15,,,0.0,,
1917-09-16,,,23.0,,
1917-09-17,,,18.0,,
1917-09-18,,,0.0,,
1917-09-19,,,0.0,,
1917-09-20,,,0.0,,
1917-09-21,,,0.0,,
1917-09-22,,,61.0,,
1917-09-23,,,18.0,,
1917-09-24,,,3.0,,
1917-09-25,,,0.0,,
1917-09-26,,,0.0,,
1917-09-27,,,0.0,,
1917-09-28,,,452.0,,
1917-09-29,,,15.0,,
1917-09-30,,,0.0,,
1917-10-01,,,0.0,,
1917-10-02,,,0.0,,
1917-10-03,,,0.0,,
1917-10-04,,,0.0,,
1917-10-05,,,10.0,,
1917-10-06,,,0.0,,
1917-10-07,,,0.0,,
1917-10-08,,,0.0,,
1917-10-09,,,28.0,,
1917-10-10,,,0.0,,
1917-10-11,,,0.0,,
1917-10-12,,,0.0,,
1917-10-13,,,0.0,,
1917-10-14,,,0.0,,
1917-10-15,,,0.0,,
1917-10-16,,,0.0,,
1917-10-17,,,0.0,,
1917-10-18,,,0.0,,
1917-10-19,,,175.0,,
1917-10-20,,,104.0,,
1917-10-21,,,0.0,,
1917-10-22,,,0.0,,
1917-10-23,,,0.0,,
1917-10-24,,,0.0,,
1917-10-25,,,0.0,,
1917-10-26,,,0.0,,
1917-10-27,,,0.0,,
1917-10-28,,,0.0,,
1917-10-29,,,0.0,,
1917-10-30,,,244.0,,
1917-10-31,,,0.0,,
1917-11-01,,,0.0,,
1917-11-02,,,15.0,,15.0
1917-11-03,,,0.0,,
1917-11-04,,,0.0,,
1917-11-05,,,0.0,,
1917-11-06,,,0.0,,
1917-11-07,,,0.0,,
1917-11-08,,,0.0,,
1917-11-09,,,0.0,,
1917-11-10,,,0.0,,
1917-11-11,,,0.0,,
1917-11-12,,,38.0,,
1917-11-13,,,0.0,,
1917-11-14,,,0.0,,
1917-11-15,,,0.0,,
1917-11-16,,,0.0,,
1917-11-17,,,0.0,,
1917-11-18,,,0.0,,
1917-11-19,,,0.0,,
1917-11-20,,,0.0,,
1917-11-21,,,25.0,,
1917-11-22,,,0.0,,
1917-11-23,,,0.0,,0.0
1917-11-24,,,0.0,,0.0
1917-11-25,,,0.0,,
1917-11-26,,,0.0,,
1917-11-27,,,0.0,,
1917-11-28,,,0.0,,
1917-11-29,,,61.0,,
1917-11-30,,,8.0,,
1917-12-01,,,99.0,,0.0
1917-12-02,,,0.0,,0.0
1917-12-03,,,0.0,,0.0
1917-12-04,,,28.0,,0.0
1917-12-05,,,0.0,,0.0
1917-12-06,,,0.0,,0.0
1917-12-07,,,0.0,,0.0
1917-12-08,,,,,0.0
1917-12-09,,,,,0.0
1917-12-10,,,0.0,,0.0
1917-12-11,,,0.0,,0.0
1917-12-12,,,130.0,,130.0
1917-12-13,,,0.0,,0.0
1917-12-14,,,0.0,,0.0
1917-12-15,,,0.0,,0.0
1917-12-16,,,0.0,,0.0
1917-12-17,,,0.0,,0.0
1917-12-18,,,0.0,,0.0
1917-12-19,,,0.0,,0.0
1917-12-20,,,0.0,,0.0
1917-12-21,,,0.0,,0.0
1917-12-22,,,0.0,,0.0
1917-12-23,,,0.0,,0.0
1917-12-24,,,0.0,,0.0
1917-12-25,,,0.0,,0.0
1917-12-26,,,41.0,,0.0
1917-12-27,,,0.0,,0.0
1917-12-28,,,0.0,,0.0
1917-12-29,,,5.0,,5.0
1917-12-30,,,0.0,,0.0
1917-12-31,,,28.0,,28.0
1918-01-01,,,0.0,,0.0
1918-01-02,,,25.0,,25.0
1918-01-03,,,5.0,,5.0
1918-01-04,,,0.0,,0.0
1918-01-05,,,0.0,,0.0
1918-01-06,,,109.0,,0.0
1918-01-07,,,20.0,,0.0
1918-01-08,,,0.0,,0.0
1918-01-09,,,,,20.0
1918-01-10,,,0.0,,0.0
1918-01-11,,,135.0,,0.0
1918-01-12,,,284.0,,0.0
1918-01-13,,,0.0,,0.0
1918-01-14,,,0.0,,0.0
1918-01-15,,,76.0,,0.0
1918-01-16,,,0.0,,0.0
1918-01-17,,,13.0,,13.0
1918-01-18,,,0.0,,0.0
1918-01-19,,,0.0,,0.0
1918-01-20,,,,,61.0
1918-01-21,,,0.0,,0.0
1918-01-22,,,170.0,,0.0
1918-01-23,,,0.0,,0.0
1918-01-24,,,0.0,,0.0
1918-01-25,,,0.0,,0.0
1918-01-26,,,0.0,,0.0
1918-01-27,,,175.0,,0.0
1918-01-28,,,305.0,,0.0
1918-01-29,,,320.0,,0.0
1918-01-30,,,185.0,,0.0
1918-01-31,,,173.0,,0.0
1918-02-01,,,0.0,,
1918-02-02,,,61.0,,
1918-02-03,,,104.0,,
1918-02-04,,,0.0,,
1918-02-05,,,0.0,,
1918-02-06,,,0.0,,
1918-02-07,,,91.0,,
1918-02-08,,,0.0,,
1918-02-09,,,0.0,,
1918-02-10,,,112.0,,
1918-02-11,,,0.0,,
1918-02-12,,,0.0,,
1918-02-13,,,3.0,,
1918-02-14,,,0.0,,
1918-02-15,,,173.0,,
1918-02-16,,,234.0,,
1918-02-17,,,333.0,,
1918-02-18,,,0.0,,
1918-02-19,,,66.0,,
1918-02-20,,,152.0,,
1918-02-21,,,0.0,,
1918-02-22,,,0.0,,
1918-02-23,,,0.0,,
1918-02-24,,,0.0,,
1918-02-25,,,0.0,,
1918-02-26,,,69.0,,
1918-02-27,,,0.0,,
1918-02-28,,,0.0,,
1918-03-01,,,0.0,,
1918-03-02,,,0.0,,
1918-03-03,,,0.0,,
1918-03-04,,,0.0,,
1918-03-05,,,0.0,,
1918-03-06,,,0.0,,
1918-03-07,,,140.0,,
1918-03-08,,,0.0,,
1918-03-09,,,0.0,,
1918-03-10,,,89.0,,
1918-03-11,,,0.0,,
1918-03-12,,,0.0,,
1918-03-13,,,28.0,,
1918-03-14,,,0.0,,
1918-03-15,,,18.0,,
1918-03-16,,,0.0,,
1918-03-17,,,0.0,,
1918-03-18,,,0.0,,
1918-03-19,,,0.0,,
1918-03-20,,,64.0,,
1918-03-21,,,53.0,,
1918-03-22,,,0.0,,
1918-03-23,,,0.0,,
1918-03-24,,,119.0,,
1918-03-25,,,20.0,,
1918-03-26,,,0.0,,
1918-03-27,,,0.0,,
1918-03-28,,,0.0,,
1918-03-29,,,0.0,,
1918-03-30,,,0.0,,
1918-03-31,,,0.0,,
1918-04-01,,,0.0,,0.0
1918-04-02,,,51.0,,0.0
1918-04-03,,,0.0,,0.0
1918-04-04,,,74.0,,0.0
1918-04-05,,,0.0,,0.0
1918-04-06,,,0.0,,0.0
1918-04-07,,,102.0,,0.0
1918-04-08,,,216.0,,0.0
1918-04-09,,,112.0,,0.0
1918-04-10,,,0.0,,0.0
1918-04-11,,,0.0,,0.0
1918-04-12,,,36.0,,0.0
1918-04-13,,,0.0,,0.0
1918-04-14,,,0.0,,0.0
1918-04-15,,,0.0,,0.0
1918-04-16,,,5.0,,0.0
1918-04-17,,,137.0,,0.0
1918-04-18,,,99.0,,0.0
1918-04-19,,,0.0,,0.0
1918-04-20,,,0.0,,0.0
1918-04-21,,,107.0,,0.0
1918-04-22,,,0.0,,0.0
1918-04-23,,,13.0,,0.0
1918-04-24,,,0.0,,0.0
1918-04-25,,,0.0,,0.0
1918-04-26,,,239.0,,0.0
1918-04-27,,,0.0,,0.0
1918-04-28,,,0.0,,0.0
1918-04-29,,,33.0,,0.0
1918-04-30,,,104.0,,0.0
1918-05-01,,,114.0,,
1918-05-02,,,0.0,,
1918-05-03,,,0.0,,
1918-05-04,,,0.0,,
1918-05-05,,,0.0,,
1918-05-06,,,0.0,,
1918-05-07,,,0.0,,
1918-05-08,,,165.0,,
1918-05-09,,,13.0,,
1918-05-10,,,0.0,,
1918-05-11,,,0.0,,
1918-05-12,,,0.0,,
1918-05-13,,,13.0,,
1918-05-14,,,315.0,,
1918-05-15,,,0.0,,
1918-05-16,,,0.0,,
1918-05-17,,,0.0,,
1918-05-18,,,5.0,,
1918-05-19,,,122.0,,
1918-05-20,,,28.0,,
1918-05-21,,,23.0,,
1918-05-22,,,104.0,,
1918-05-23,,,97.0,,
1918-05-24,,,0.0,,
1918-05-25,,,0.0,,
1918-05-26,,,13.0,,
1918-05-27,,,0.0,,
1918-05-28,,,0.0,,
1918-05-29,,,0.0,,
1918-05-30,,,0.0,,
1918-05-31,,,0.0,,
1918-06-01,,,0.0,,
1918-06-02,,,0.0,,
1918-06-03,,,0.0,,
1918-06-04,,,25.0,,
1918-06-05,,,0.0,,
1918-06-06,,,53.0,,
1918-06-07,,,69.0,,
1918-06-08,,,13.0,,
1918-06-09,,,0.0,,
1918-06-10,,,0.0,,
1918-06-11,,,0.0,,
1918-06-12,,,0.0,,
1918-06-13,,,373.0,,
1918-06-14,,,0.0,,
1918-06-15,,,0.0,,
1918-06-16,,,0.0,,
1918-06-17,,,0.0,,
1918-06-18,,,246.0,,
1918-06-19,,,0.0,,
1918-06-20,,,81.0,,
1918-06-21,,,152.0,,
1918-06-22,,,102.0,,
1918-06-23,,,0.0,,
1918-06-24,,,0.0,,
1918-06-25,,,0.0,,
1918-06-26,,,122.0,,
1918-06-27,,,0.0,,
1918-06-28,,,0.0,,
1918-06-29,,,0.0,,
1918-06-30,,,279.0,,
1918-07-01,,,147.0,,
1918-07-02,,,0.0,,
1918-07-03,,,0.0,,
1918-07-04,,,0.0,,
1918-07-05,,,0.0,,
1918-07-06,,,0.0,,
1918-07-07,,,0.0,,
1918-07-08,,,10.0,,
1918-07-09,,,23.0,,
1918-07-10,,,0.0,,
1918-07-11,,,0.0,,
1918-07-12,,,0.0,,
1918-07-13,,,0.0,,
1918-07-14,,,0.0,,
1918-07-15,,,0.0,,
1918-07-16,,,0.0,,
1918-07-17,,,0.0,,
1918-07-18,,,28.0,,
1918-07-19,,,142.0,,
1918-07-20,,,0.0,,
1918-07-21,,,15.0,,
1918-07-22,,,0.0,,
1918-07-23,,,0.0,,
1918-07-24,,,124.0,,
1918-07-25,,,0.0,,
1918-07-26,,,0.0,,
1918-07-27,,,236.0,,
1918-07-28,,,0.0,,
1918-07-29,,,160.0,,
1918-07-30,,,20.0,,
1918-07-31,,,137.0,,
1918-08-01,,,0.0,,
1918-08-02,,,0.0,,
1918-08-03,,,0.0,,
1918-08-04,,,0.0,,
1918-08-05,,,0.0,,
1918-08-06,,,0.0,,
1918-08-07,,,0.0,,
1918-08-08,,,0.0,,
1918-08-09,,,0.0,,
1918-08-10,,,0.0,,
1918-08-11,,,122.0,,
1918-08-12,,,0.0,,
1918-08-13,,,0.0,,
1918-08-14,,,0.0,,
1918-08-15,,,0.0,,
1918-08-16,,,0.0,,
1918-08-17,,,15.0,,
1918-08-18,,,0.0,,
1918-08-19,,,0.0,,
1918-08-20,,,53.0,,
1918-08-21,,,0.0,,
1918-08-22,,,0.0,,
1918-08-23,,,0.0,,
1918-08-24,,,66.0,,
1918-08-25,,,0.0,,
1918-08-26,,,0.0,,
1918-08-27,,,0.0,,
1918-08-28,,,33.0,,
1918-08-29,,,10.0,,
1918-08-30,,,0.0,,
1918-08-31,,,0.0,,
1918-09-01,,,0.0,,
1918-09-02,,,0.0,,
1918-09-03,,,0.0,,
1918-09-04,,,0.0,,
1918-09-05,,,8.0,,
1918-09-06,,,48.0,,
1918-09-07,,,5.0,,
1918-09-08,,,23.0,,
1918-09-09,,,38.0,,
1918-09-10,,,0.0,,
1918-09-11,,,0.0,,
1918-09-12,,,0.0,,
1918-09-13,,,33.0,,
1918-09-14,,,0.0,,
1918-09-15,,,0.0,,
1918-09-16,,,0.0,,
1918-09-17,,,0.0,,
1918-09-18,,,160.0,,
1918-09-19,,,0.0,,
1918-09-20,,,353.0,,
1918-09-21,,,81.0,,
1918-09-22,,,0.0,,
1918-09-23,,,0.0,,
1918-09-24,,,0.0,,
1918-09-25,,,0.0,,
1918-09-26,,,0.0,,
1918-09-27,,,173.0,,
1918-09-28,,,66.0,,
1918-09-29,,,25.0,,
1918-09-30,,,0.0,,
1918-10-01,,,0.0,,
1918-10-02,,,0.0,,
1918-10-03,,,0.0,,
1918-10-04,,,0.0,,
1918-10-05,,,0.0,,
1918-10-06,,,0.0,,
1918-10-07,,,0.0,,
1918-10-08,,,0.0,,
1918-10-09,,,0.0,,
1918-10-10,,,0.0,,
1918-10-11,,,0.0,,
1918-10-12,,,74.0,,
1918-10-13,,,15.0,,
1918-10-14,,,0.0,,
1918-10-15,,,0.0,,
1918-10-16,,,0.0,,
1918-10-17,,,0.0,,
1918-10-18,,,0.0,,
1918-10-19,,,5.0,,
1918-10-20,,,104.0,,
1918-10-21,,,33.0,,
1918-10-22,,,0.0,,
1918-10-23,,,0.0,,
1918-10-24,,,0.0,,
1918-10-25,,,447.0,,
1918-10-26,,,0.0,,
1918-10-27,,,203.0,,
1918-10-28,,,10.0,,
1918-10-29,,,94.0,,
1918-10-30,,,782.0,,
1918-10-31,,,89.0,,
1918-11-01,,,38.0,,
1918-11-02,,,0.0,,
1918-11-03,,,0.0,,
1918-11-04,,,0.0,,
1918-11-05,,,0.0,,
1918-11-06,,,0.0,,
1918-11-07,,,0.0,,
1918-11-08,,,0.0,,
1918-11-09,,,0.0,,
1918-11-10,,,0.0,,
1918-11-11,,,0.0,,
1918-11-12,,,0.0,,
1918-11-13,,,0.0,,
1918-11-14,,,0.0,,
1918-11-15,,,0.0,,
1918-11-16,,,94.0,,
1918-11-17,,,114.0,,
1918-11-18,,,99.0,,
1918-11-19,,,18.0,,
1918-11-20,,,0.0,,
1918-11-21,,,0.0,,
1918-11-22,,,56.0,,
1918-11-23,,,0.0,,
1918-11-24,,,10.0,,
1918-11-25,,,0.0,,
1918-11-26,,,0.0,,
1918-11-27,,,8.0,,
1918-11-28,,,330.0,,
1918-11-29,,,0.0,,
1918-11-30,,,0.0,,
1918-12-01,,,0.0,,
1918-12-02,,,0.0,,
1918-12-03,,,0.0,,
1918-12-04,,,0.0,,
1918-12-05,,,0.0,,
1918-12-06,,,0.0,,
1918-12-07,,,0.0,,
1918-12-08,,,0.0,,
1918-12-09,,,0.0,,
1918-12-10,,,30.0,,
1918-12-11,,,114.0,,
1918-12-12,,,36.0,,
1918-12-13,,,0.0,,
1918-12-14,,,97.0,,
1918-12-15,,,287.0,,
1918-12-16,,,61.0,,
1918-12-17,,,0.0,,
1918-12-18,,,0.0,,
1918-12-19,,,0.0,,
1918-12-20,,,0.0,,
1918-12-21,,,104.0,,
1918-12-22,,,511.0,,
1918-12-23,,,0.0,,
1918-12-24,,,30.0,,
1918-12-25,,,0.0,,
1918-12-26,,,0.0,,
1918-12-27,,,0.0,,
1918-12-28,,,0.0,,0.0
1918-12-29,,,0.0,,
1918-12-30,,,0.0,,
1918-12-31,,,0.0,,
1919-01-01,,,239.0,,
1919-01-02,,,386.0,,
1919-01-03,,,191.0,,0.0
1919-01-04,,,0.0,,
1919-01-05,,,0.0,,
1919-01-06,,,8.0,,8.0
1919-01-07,,,0.0,,
1919-01-08,,,15.0,,
1919-01-09,,,0.0,,0.0
1919-01-10,,,0.0,,
1919-01-11,,,0.0,,
1919-01-12,,,0.0,,
1919-01-13,,,0.0,,
1919-01-14,,,0.0,,
1919-01-15,,,10.0,,
1919-01-16,,,0.0,,
1919-01-17,,,69.0,,
1919-01-18,,,188.0,,
1919-01-19,,,0.0,,
1919-01-20,,,0.0,,
1919-01-21,,,0.0,,
1919-01-22,,,0.0,,
1919-01-23,,,218.0,,
1919-01-24,,,74.0,,
1919-01-25,,,0.0,,
1919-01-26,,,229.0,,
1919-01-27,,,0.0,,
1919-01-28,,,0.0,,
1919-01-29,,,0.0,,
1919-01-31,,,25.0,,
1919-02-01,,,0.0,,
1919-02-02,,,0.0,,
1919-02-03,,,0.0,,
1919-02-04,,,102.0,,
1919-02-05,,,0.0,,
1919-02-06,,,0.0,,
1919-02-07,,,0.0,,
1919-02-08,,,20.0,,
1919-02-09,,,0.0,,0.0
1919-02-10,,,13.0,,13.0
1919-02-11,,,0.0,,
1919-02-12,,,0.0,,
1919-02-13,,,69.0,,
1919-02-14,,,147.0,,
1919-02-15,,,30.0,,0.0
1919-02-16,,,13.0,,0.0
1919-02-17,,,0.0,,
1919-02-18,,,0.0,,
1919-02-19,,,0.0,,
1919-02-20,,,0.0,,
1919-02-21,,,201.0,,
1919-02-22,,,239.0,,
1919-02-23,,,58.0,,
1919-02-24,,,0.0,,
1919-02-25,,,152.0,,
1919-02-26,,,15.0,,
1919-02-27,,,0.0,,
1919-02-28,,,0.0,,
1919-03-01,,,69.0,,
1919-03-02,,,0.0,,
1919-03-03,,,10.0,,
1919-03-04,,,0.0,,
1919-03-05,,,137.0,,
1919-03-06,,,437.0,,
1919-03-07,,,0.0,,
1919-03-08,,,0.0,,
1919-03-09,,,307.0,,
1919-03-10,,,0.0,,
1919-03-11,,,0.0,,
1919-03-12,,,0.0,,
1919-03-13,,,0.0,,
1919-03-14,,,0.0,,
1919-03-15,,,48.0,,
1919-03-16,,,0.0,,
1919-03-17,,,0.0,,
1919-03-18,,,124.0,,
1919-03-19,,,0.0,,
1919-03-20,,,0.0,,
1919-03-21,,,0.0,,
1919-03-22,,,0.0,,
1919-03-23,,,0.0,,
1919-03-24,,,0.0,,
1919-03-25,,,0.0,,
1919-03-26,,,0.0,,
1919-03-27,,,226.0,,
1919-03-28,,,0.0,,
1919-03-29,,,0.0,,
1919-03-30,,,0.0,,
1919-03-31,,,0.0,,
1919-04-01,,,0.0,,
1919-04-02,,,0.0,,
1919-04-03,,,0.0,,
1919-04-04,,,0.0,,
1919-04-05,,,99.0,,
1919-04-06,,,0.0,,
1919-04-07,,,0.0,,
1919-04-08,,,0.0,,
1919-04-09,,,0.0,,
1919-04-10,,,0.0,,
1919-04-11,,,312.0,,
1919-04-12,,,0.0,,
1919-04-13,,,0.0,,
1919-04-14,,,0.0,,
1919-04-15,,,0.0,,
1919-04-16,,,343.0,,
1919-04-17,,,15.0,,
1919-04-18,,,0.0,,
1919-04-19,,,0.0,,
1919-04-20,,,0.0,,
1919-04-21,,,0.0,,
1919-04-22,,,0.0,,
1919-04-23,,,0.0,,
1919-04-24,,,0.0,,
1919-04-25,,,0.0,,
1919-04-26,,,0.0,,
1919-04-27,,,0.0,,
1919-04-28,,,0.0,,
1919-04-29,,,0.0,,
1919-04-30,,,36.0,,
1919-05-01,,,157.0,,
1919-05-02,,,33.0,,
1919-05-03,,,0.0,,
1919-05-04,,,0.0,,
1919-05-05,,,5.0,,
1919-05-06,,,30.0,,
1919-05-07,,,142.0,,
1919-05-08,,,508.0,,
1919-05-09,,,0.0,,
1919-05-10,,,30.0,,
1919-05-11,,,0.0,,
1919-05-12,,,0.0,,
1919-05-13,,,0.0,,
1919-05-14,,,127.0,,
1919-05-15,,,0.0,,
1919-05-16,,,0.0,,
1919-05-17,,,25.0,,
1919-05-18,,,43.0,,
1919-05-19,,,0.0,,
1919-05-20,,,,,
1919-05-21,,,0.0,,
1919-05-22,,,0.0,,
1919-05-23,,,25.0,,
1919-05-24,,,25.0,,
1919-05-25,,,0.0,,
1919-05-26,,,41.0,,
1919-05-27,,,43.0,,
1919-05-28,,,0.0,,
1919-05-29,,,140.0,,
1919-05-30,,,0.0,,
1919-05-31,,,23.0,,
1919-06-01,,,0.0,,
1919-06-02,,,0.0,,
1919-06-03,,,0.0,,
1919-06-04,,,0.0,,
1919-06-05,,,0.0,,
1919-06-06,,,0.0,,
1919-06-07,,,0.0,,
1919-06-08,,,0.0,,
1919-06-09,,,0.0,,
1919-06-10,,,0.0,,
1919-06-11,,,155.0,,
1919-06-12,,,0.0,,
1919-06-13,,,0.0,,
1919-06-14,,,0.0,,
1919-06-15,,,0.0,,
1919-06-16,,,48.0,,
1919-06-17,,,53.0,,
1919-06-18,,,356.0,,
1919-06-19,,,66.0,,
1919-06-20,,,0.0,,
1919-06-21,,,36.0,,
1919-06-22,,,30.0,,
1919-06-23,,,48.0,,
1919-06-24,,,257.0,,
1919-06-25,,,358.0,,
1919-06-26,,,41.0,,
1919-06-27,,,391.0,,
1919-06-28,,,20.0,,
1919-06-29,,,46.0,,
1919-06-30,,,0.0,,
1919-07-01,,,0.0,,
1919-07-02,,,0.0,,
1919-07-03,,,0.0,,
1919-07-04,,,0.0,,
1919-07-05,,,0.0,,
1919-07-06,,,373.0,,
1919-07-07,,,10.0,,
1919-07-08,,,0.0,,
1919-07-09,,,0.0,,
1919-07-10,,,0.0,,
1919-07-11,,,0.0,,
1919-07-12,,,0.0,,
1919-07-13,,,0.0,,
1919-07-14,,,0.0,,
1919-07-15,,,0.0,,
1919-07-16,,,0.0,,
1919-07-17,,,20.0,,
1919-07-18,,,251.0,,
1919-07-19,,,76.0,,
1919-07-20,,,0.0,,
1919-07-21,,,0.0,,
1919-07-22,,,0.0,,
1919-07-23,,,0.0,,
1919-07-24,,,0.0,,
1919-07-25,,,0.0,,
1919-07-26,,,127.0,,
1919-07-27,,,0.0,,
1919-07-28,,,0.0,,
1919-07-29,,,0.0,,
1919-07-30,,,0.0,,
1919-07-31,,,0.0,,
1919-08-01,,,10.0,,
1919-08-02,,,69.0,,
1919-08-03,,,0.0,,
1919-08-04,,,0.0,,
1919-08-05,,,0.0,,
1919-08-06,,,64.0,,
1919-08-07,,,0.0,,
1919-08-08,,,0.0,,
1919-08-09,,,0.0,,
1919-08-10,,,20.0,,
1919-08-11,,,0.0,,
1919-08-12,,,508.0,,
1919-08-13,,,140.0,,
1919-08-14,,,0.0,,
1919-08-15,,,25.0,,
1919-08-16,,,0.0,,
1919-08-17,,,46.0,,
1919-08-18,,,10.0,,
1919-08-19,,,0.0,,
1919-08-20,,,0.0,,
1919-08-21,,,0.0,,
1919-08-22,,,157.0,,
1919-08-23,,,0.0,,
1919-08-24,,,104.0,,
1919-08-25,,,25.0,,
1919-08-26,,,0.0,,
1919-08-27,,,0.0,,
1919-08-28,,,0.0,,
1919-08-29,,,10.0,,
1919-08-30,,,119.0,,
1919-08-31,,,119.0,,
1919-09-01,,,0.0,,
1919-09-02,,,0.0,,
1919-09-03,,,0.0,,
1919-09-04,,,0.0,,
1919-09-05,,,0.0,,
1919-09-06,,,0.0,,
1919-09-07,,,0.0,,
1919-09-08,,,0.0,,
1919-09-09,,,0.0,,
1919-09-10,,,0.0,,
1919-09-11,,,0.0,,
1919-09-12,,,213.0,,
1919-09-13,,,0.0,,
1919-09-14,,,0.0,,
1919-09-15,,,0.0,,
1919-09-16,,,0.0,,
1919-09-17,,,0.0,,
1919-09-18,,,0.0,,
1919-09-19,,,0.0,,
1919-09-20,,,0.0,,
1919-09-21,,,0.0,,
1919-09-22,,,33.0,,
1919-09-23,,,8.0,,
1919-09-24,,,0.0,,
1919-09-25,,,0.0,,
1919-09-26,,,0.0,,
1919-09-27,,,0.0,,
1919-09-28,,,0.0,,
1919-09-29,,,0.0,,
1919-09-30,,,0.0,,
1919-10-01,,,0.0,,
1919-10-02,,,5.0,,
1919-10-03,,,5.0,,
1919-10-04,,,114.0,,
1919-10-05,,,0.0,,
1919-10-06,,,5.0,,
1919-10-07,,,76.0,,
1919-10-08,,,0.0,,
1919-10-09,,,102.0,,
1919-10-10,,,0.0,,
1919-10-11,,,0.0,,
1919-10-12,,,36.0,,
1919-10-13,,,163.0,,
1919-10-14,,,109.0,,
1919-10-15,,,0.0,,
1919-10-16,,,0.0,,
1919-10-17,,,201.0,,
1919-10-18,,,43.0,,
1919-10-19,,,15.0,,
1919-10-20,,,0.0,,
1919-10-21,,,0.0,,
1919-10-22,,,272.0,,
1919-10-23,,,508.0,,
1919-10-24,,,224.0,,
1919-10-25,,,0.0,,
1919-10-26,,,0.0,,
1919-10-27,,,0.0,,
1919-10-28,,,0.0,,
1919-10-29,,,0.0,,
1919-10-30,,,0.0,,
1919-10-31,,,0.0,,
1919-11-01,,,0.0,,
1919-11-02,,,114.0,,
1919-11-03,,,0.0,,
1919-11-04,,,0.0,,
1919-11-05,,,0.0,,
1919-11-06,,,0.0,,
1919-11-07,,,0.0,,
1919-11-08,,,0.0,,
1919-11-09,,,0.0,,
1919-11-10,,,0.0,,
1919-11-11,,,163.0,,
1919-11-12,,,66.0,,
1919-11-13,,,0.0,,
1919-11-14,,,0.0,,
1919-11-15,,,0.0,,
1919-11-16,,,0.0,,
1919-11-17,,,0.0,,
1919-11-18,,,0.0,,
1919-11-19,,,0.0,,
1919-11-20,,,0.0,,
1919-11-21,,,0.0,,
1919-11-22,,,5.0,,
1919-11-23,,,0.0,,
1919-11-24,,,0.0,,
1919-11-25,,,0.0,,
1919-11-26,,,64.0,,
1919-11-27,,,18.0,,
1919-11-28,,,0.0,,
1919-11-29,,,15.0,,
1919-11-30,,,130.0,,
1919-12-01,,,0.0,,
1919-12-02,,,0.0,,
1919-12-03,,,0.0,,
1919-12-04,,,0.0,,
1919-12-05,,,69.0,,
1919-12-06,,,33.0,,
1919-12-07,,,76.0,,
1919-12-08,,,119.0,,
1919-12-09,,,424.0,,
1919-12-10,,,107.0,,
1919-12-11,,,0.0,,
1919-12-12,,,0.0,,
1919-12-13,,,0.0,,
1919-12-14,,,201.0,,
1919-12-15,,,0.0,,
1919-12-16,,,0.0,,
1919-12-17,,,0.0,,
1919-12-18,,,0.0,,
1919-12-19,,,91.0,,
1919-12-20,,,0.0,,
1919-12-21,,,0.0,,
1919-12-22,,,0.0,,
1919-12-23,,,0.0,,
1919-12-24,,,0.0,,
1919-12-25,,,0.0,,
1919-12-26,,,0.0,,
1919-12-27,,,0.0,,
1919-12-28,,,0.0,,
1919-12-29,,,0.0,,
1919-12-30,,,0.0,,
1919-12-31,,,0.0,,
1920-01-01,,,25.0,,
1920-01-02,,,0.0,,
1920-01-03,,,0.0,,
1920-01-04,,,0.0,,
1920-01-05,,,0.0,,
1920-01-06,,,0.0,,
1920-01-07,,,56.0,,
1920-01-08,,,91.0,,
1920-01-09,,,74.0,,
1920-01-10,,,0.0,,
1920-01-11,,,0.0,,
1920-01-12,,,0.0,,
1920-01-13,,,0.0,,
1920-01-14,,,0.0,,
1920-01-15,,,0.0,,
1920-01-16,,,147.0,,
1920-01-17,,,310.0,,
1920-01-18,,,0.0,,
1920-01-19,,,0.0,,
1920-01-20,,,0.0,,
1920-01-21,,,10.0,,
1920-01-22,,,137.0,,
1920-01-23,,,53.0,,
1920-01-24,,,478.0,,
1920-01-25,,,99.0,,
1920-01-26,,,145.0,,
1920-01-27,,,25.0,,
1920-01-28,,,89.0,,
1920-01-29,,,0.0,,
1920-01-30,,,0.0,,
1920-01-31,,,0.0,,
1920-02-01,,,0.0,,
1920-02-02,,,0.0,,
1920-02-03,,,155.0,,
1920-02-04,,,142.0,,
1920-02-05,,,0.0,,
1920-02-06,,,0.0,,
1920-02-07,,,0.0,,
1920-02-08,,,0.0,,
1920-02-09,,,0.0,,
1920-02-10,,,25.0,,
1920-02-11,,,43.0,,
1920-02-12,,,0.0,,
1920-02-13,,,122.0,,
1920-02-14,,,0.0,,
1920-02-15,,,0.0,,
1920-02-16,,,0.0,,
1920-02-17,,,0.0,,
1920-02-18,,,0.0,,
1920-02-19,,,36.0,,0.0
1920-02-20,,,0.0,,0.0
1920-02-21,,,0.0,,
1920-02-22,,,386.0,,
1920-02-23,,,81.0,,
1920-02-24,,,36.0,,
1920-02-25,,,0.0,,
1920-02-26,,,0.0,,
1920-02-27,,,0.0,,
1920-02-28,,,0.0,,
1920-02-29,,,25.0,,25.0
1920-03-01,,,0.0,,
1920-03-02,,,0.0,,
1920-03-03,,,0.0,,
1920-03-04,,,0.0,,
1920-03-05,,,239.0,,0.0
1920-03-06,,,0.0,,0.0
1920-03-07,,,0.0,,
1920-03-08,,,0.0,,0.0
1920-03-09,,,0.0,,
1920-03-10,,,0.0,,
1920-03-11,,,43.0,,
1920-03-12,,,178.0,,
1920-03-13,,,165.0,,0.0
1920-03-14,,,0.0,,0.0
1920-03-15,,,0.0,,
1920-03-16,,,20.0,,
1920-03-17,,,165.0,,
1920-03-18,,,0.0,,
1920-03-19,,,142.0,,
1920-03-20,,,81.0,,
1920-03-21,,,0.0,,
1920-03-22,,,0.0,,
1920-03-23,,,0.0,,
1920-03-24,,,0.0,,
1920-03-25,,,0.0,,
1920-03-26,,,196.0,,
1920-03-27,,,0.0,,
1920-03-28,,,152.0,,
1920-03-29,,,386.0,,
1920-03-30,,,0.0,,
1920-03-31,,,0.0,,
1920-04-01,,,155.0,,
1920-04-02,,,508.0,,
1920-04-03,,,0.0,,
1920-04-04,,,373.0,,
1920-04-05,,,0.0,,
1920-04-06,,,0.0,,0.0
1920-04-07,,,36.0,,
1920-04-08,,,0.0,,
1920-04-09,,,140.0,,
1920-04-10,,,15.0,,
1920-04-11,,,0.0,,
1920-04-12,,,0.0,,
1920-04-13,,,53.0,,
1920-04-14,,,0.0,,
1920-04-15,,,0.0,,
1920-04-16,,,0.0,,
1920-04-17,,,163.0,,
1920-04-18,,,0.0,,
1920-04-19,,,0.0,,
1920-04-20,,,0.0,,
1920-04-21,,,163.0,,
1920-04-22,,,0.0,,
1920-04-23,,,13.0,,
1920-04-24,,,0.0,,
1920-04-25,,,0.0,,
1920-04-26,,,127.0,,
1920-04-27,,,117.0,,
1920-04-28,,,0.0,,
1920-04-29,,,0.0,,
1920-04-30,,,0.0,,
1920-05-01,,,0.0,,
1920-05-02,,,0.0,,
1920-05-03,,,66.0,,
1920-05-04,,,0.0,,
1920-05-05,,,0.0,,
1920-05-06,,,0.0,,
1920-05-07,,,0.0,,
1920-05-08,,,84.0,,
1920-05-09,,,0.0,,
1920-05-10,,,0.0,,
1920-05-11,,,0.0,,
1920-05-12,,,0.0,,
1920-05-13,,,274.0,,
1920-05-14,,,0.0,,
1920-05-15,,,0.0,,
1920-05-16,,,0.0,,
1920-05-17,,,0.0,,
1920-05-18,,,25.0,,
1920-05-19,,,112.0,,
1920-05-20,,,0.0,,
1920-05-21,,,0.0,,
1920-05-22,,,15.0,,
1920-05-23,,,0.0,,
1920-05-24,,,0.0,,
1920-05-25,,,10.0,,
1920-05-26,,,56.0,,
1920-05-27,,,0.0,,
1920-05-28,,,0.0,,
1920-05-29,,,0.0,,
1920-05-30,,,0.0,,
1920-05-31,,,0.0,,
1920-06-01,,,0.0,,
1920-06-02,,,18.0,,
1920-06-03,,,0.0,,
1920-06-04,,,196.0,,
1920-06-05,,,69.0,,
1920-06-06,,,0.0,,
1920-06-07,,,0.0,,
1920-06-08,,,0.0,,
1920-06-09,,,0.0,,
1920-06-10,,,0.0,,
1920-06-11,,,0.0,,
1920-06-12,,,0.0,,
1920-06-13,,,0.0,,
1920-06-14,,,0.0,,
1920-06-15,,,0.0,,
1920-06-16,,,0.0,,
1920-06-17,,,8.0,,
1920-06-18,,,43.0,,
1920-06-19,,,18.0,,
1920-06-20,,,414.0,,
1920-06-21,,,61.0,,
1920-06-22,,,0.0,,
1920-06-23,,,119.0,,
1920-06-24,,,71.0,,
1920-06-25,,,0.0,,
1920-06-26,,,0.0,,
1920-06-27,,,0.0,,
1920-06-28,,,109.0,,
1920-06-29,,,0.0,,
1920-06-30,,,0.0,,
1920-07-01,,,0.0,,
1920-07-02,,,109.0,,
1920-07-03,,,86.0,,
1920-07-04,,,13.0,,
1920-07-05,,,0.0,,
1920-07-06,,,0.0,,
1920-07-07,,,0.0,,
1920-07-08,,,0.0,,
1920-07-09,,,0.0,,
1920-07-10,,,0.0,,
1920-07-11,,,30.0,,
1920-07-12,,,25.0,,
1920-07-13,,,0.0,,
1920-07-14,,,0.0,,
1920-07-15,,,8.0,,
1920-07-16,,,46.0,,
1920-07-17,,,10.0,,
1920-07-18,,,302.0,,
1920-07-19,,,414.0,,
1920-07-20,,,58.0,,
1920-07-21,,,0.0,,
1920-07-22,,,0.0,,
1920-07-23,,,8.0,,
1920-07-24,,,0.0,,
1920-07-25,,,0.0,,
1920-07-26,,,0.0,,
1920-07-27,,,0.0,,
1920-07-28,,,0.0,,
1920-07-29,,,0.0,,
1920-07-30,,,0.0,,
1920-07-31,,,0.0,,
1920-08-01,,,0.0,,
1920-08-02,,,0.0,,
1920-08-03,,,0.0,,
1920-08-04,,,0.0,,
1920-08-05,,,0.0,,
1920-08-06,,,10.0,,
1920-08-07,,,0.0,,
1920-08-08,,,0.0,,
1920-08-09,,,384.0,,
1920-08-10,,,465.0,,
1920-08-11,,,272.0,,
1920-08-12,,,234.0,,
1920-08-13,,,76.0,,
1920-08-14,,,508.0,,
1920-08-15,,,137.0,,
1920-08-16,,,79.0,,
1920-08-17,,,69.0,,
1920-08-18,,,25.0,,
1920-08-19,,,338.0,,
1920-08-20,,,508.0,,
1920-08-21,,,13.0,,
1920-08-22,,,277.0,,
1920-08-23,,,15.0,,
1920-08-24,,,0.0,,
1920-08-25,,,0.0,,
1920-08-26,,,0.0,,
1920-08-27,,,0.0,,
1920-08-28,,,137.0,,
1920-08-29,,,0.0,,
1920-08-30,,,0.0,,
1920-08-31,,,0.0,,
1920-09-01,,,112.0,,
1920-09-02,,,0.0,,
1920-09-03,,,10.0,,
1920-09-04,,,13.0,,
1920-09-05,,,8.0,,
1920-09-06,,,36.0,,
1920-09-07,,,0.0,,
1920-09-08,,,0.0,,
1920-09-09,,,213.0,,
1920-09-10,,,239.0,,
1920-09-11,,,0.0,,
1920-09-12,,,0.0,,
1920-09-13,,,305.0,,
1920-09-14,,,0.0,,
1920-09-15,,,0.0,,
1920-09-16,,,28.0,,
1920-09-17,,,0.0,,
1920-09-18,,,0.0,,
1920-09-19,,,0.0,,
1920-09-20,,,0.0,,
1920-09-21,,,0.0,,
1920-09-22,,,0.0,,
1920-09-23,,,0.0,,
1920-09-24,,,0.0,,
1920-09-25,,,145.0,,
1920-09-26,,,0.0,,
1920-09-27,,,0.0,,
1920-09-28,,,0.0,,
1920-09-29,,,0.0,,
1920-09-30,,,0.0,,
1920-10-01,,,0.0,,
1920-10-02,,,0.0,,
1920-10-03,,,0.0,,
1920-10-04,,,0.0,,
1920-10-05,,,0.0,,
1920-10-06,,,0.0,,
1920-10-07,,,0.0,,
1920-10-08,,,0.0,,
1920-10-09,,,0.0,,
1920-10-10,,,0.0,,
1920-10-11,,,0.0,,
1920-10-12,,,0.0,,
1920-10-13,,,0.0,,
1920-10-14,,,0.0,,
1920-10-15,,,0.0,,
1920-10-16,,,0.0,,
1920-10-17,,,0.0,,
1920-10-18,,,0.0,,
1920-10-19,,,0.0,,
1920-10-20,,,0.0,,
1920-10-21,,,0.0,,
1920-10-22,,,0.0,,
1920-10-23,,,0.0,,
1920-10-24,,,0.0,,
1920-10-25,,,0.0,,
1920-10-26,,,0.0,,
1920-10-27,,,132.0,,
1920-10-28,,,10.0,,
1920-10-29,,,0.0,,
1920-10-30,,,0.0,,
1920-10-31,,,0.0,,
1920-11-01,,,0.0,,
1920-11-02,,,30.0,,
1920-11-03,,,74.0,,
1920-11-04,,,0.0,,
1920-11-05,,,0.0,,
1920-11-06,,,0.0,,
1920-11-07,,,0.0,,
1920-11-08,,,0.0,,
1920-11-09,,,0.0,,
1920-11-10,,,5.0,,
1920-11-11,,,18.0,,
1920-11-12,,,0.0,,
1920-11-13,,,0.0,,
1920-11-14,,,0.0,,
1920-11-15,,,137.0,,
1920-11-16,,,396.0,,
1920-11-17,,,56.0,,
1920-11-18,,,0.0,,
1920-11-19,,,0.0,,
1920-11-20,,,0.0,,
1920-11-21,,,0.0,,
1920-11-22,,,51.0,,
1920-11-23,,,20.0,,
1920-11-24,,,0.0,,
1920-11-25,,,0.0,,
1920-11-26,,,0.0,,
1920-11-27,,,0.0,,
1920-11-28,,,191.0,,
1920-11-29,,,0.0,,
1920-11-30,,,0.0,,
1920-12-01,,,69.0,,
1920-12-02,,,30.0,,
1920-12-03,,,0.0,,
1920-12-04,,,0.0,,
1920-12-05,,,160.0,,
1920-12-06,,,0.0,,
1920-12-07,,,0.0,,
1920-12-08,,,20.0,,
1920-12-09,,,25.0,,
1920-12-10,,,0.0,,
1920-12-11,,,0.0,,
1920-12-12,,,208.0,,
1920-12-13,,,56.0,,
1920-12-14,,,511.0,,
1920-12-15,,,0.0,,
1920-12-16,,,0.0,,
1920-12-17,,,0.0,,
1920-12-18,,,0.0,,
1920-12-19,,,0.0,,
1920-12-20,,,0.0,,
1920-12-21,,,86.0,,
1920-12-22,,,574.0,,
1920-12-23,,,0.0,,
1920-12-24,,,0.0,,
1920-12-25,,,0.0,,
1920-12-26,,,0.0,,
1920-12-27,,,310.0,,
1920-12-28,,,0.0,,
1920-12-29,,,0.0,,
1920-12-30,,,0.0,,
1920-12-31,,,0.0,,
1921-01-01,,,8.0,,
1921-01-02,,,33.0,,
1921-01-03,,,10.0,,
1921-01-04,,,0.0,,
1921-01-05,,,0.0,,
1921-01-06,,,0.0,,
1921-01-07,,,0.0,,
1921-01-08,,,0.0,,
1921-01-09,,,249.0,,
1921-01-10,,,137.0,,
1921-01-11,,,0.0,,
1921-01-12,,,5.0,,
1921-01-13,,,0.0,,
1921-01-14,,,264.0,,
1921-01-15,,,13.0,,
1921-01-16,,,0.0,,
1921-01-17,,,0.0,,
1921-01-18,,,0.0,,
1921-01-19,,,0.0,,
1921-01-20,,,0.0,,
1921-01-21,,,0.0,,
1921-01-22,,,0.0,,
1921-01-23,,,0.0,,
1921-01-24,,,0.0,,
1921-01-25,,,0.0,,
1921-01-26,,,119.0,,
1921-01-27,,,119.0,,119.0
1921-01-28,,,0.0,,
1921-01-29,,,0.0,,
1921-01-30,,,28.0,,
1921-01-31,,,10.0,,
1921-02-01,,,0.0,,
1921-02-02,,,15.0,,15.0
1921-02-03,,,0.0,,
1921-02-04,,,0.0,,
1921-02-05,,,0.0,,
1921-02-06,,,119.0,,
1921-02-07,,,0.0,,
1921-02-08,,,221.0,,
1921-02-09,,,312.0,,
1921-02-10,,,450.0,,
1921-02-11,,,145.0,,
1921-02-12,,,5.0,,
1921-02-13,,,8.0,,
1921-02-14,,,0.0,,
1921-02-15,,,0.0,,
1921-02-16,,,0.0,,
1921-02-17,,,13.0,,
1921-02-18,,,0.0,,
1921-02-19,,,0.0,,
1921-02-20,,,295.0,,
1921-02-21,,,0.0,,
1921-02-22,,,5.0,,5.0
1921-02-23,,,64.0,,
1921-02-24,,,8.0,,
1921-02-25,,,28.0,,28.0
1921-02-26,,,0.0,,
1921-02-27,,,48.0,,
1921-02-28,,,0.0,,
1921-03-01,,,0.0,,
1921-03-02,,,0.0,,
1921-03-03,,,0.0,,
1921-03-04,,,0.0,,
1921-03-05,,,0.0,,
1921-03-06,,,0.0,,
1921-03-07,,,0.0,,
1921-03-08,,,0.0,,
1921-03-09,,,0.0,,
1921-03-10,,,25.0,,
1921-03-11,,,0.0,,
1921-03-12,,,0.0,,
1921-03-13,,,0.0,,
1921-03-14,,,0.0,,
1921-03-15,,,0.0,,
1921-03-16,,,0.0,,
1921-03-17,,,41.0,,
1921-03-18,,,43.0,,
1921-03-19,,,0.0,,
1921-03-20,,,0.0,,
1921-03-21,,,0.0,,
1921-03-22,,,0.0,,
1921-03-23,,,15.0,,
1921-03-24,,,224.0,,
1921-03-25,,,157.0,,
1921-03-26,,,15.0,,
1921-03-27,,,0.0,,
1921-03-28,,,0.0,,
1921-03-29,,,48.0,,
1921-03-30,,,0.0,,
1921-03-31,,,15.0,,
1921-04-01,,,221.0,,
1921-04-02,,,0.0,,
1921-04-03,,,0.0,,
1921-04-04,,,0.0,,
1921-04-05,,,0.0,,
1921-04-06,,,0.0,,
1921-04-07,,,0.0,,
1921-04-08,,,0.0,,
1921-04-09,,,0.0,,
1921-04-10,,,0.0,,
1921-04-11,,,0.0,,
1921-04-12,,,0.0,,
1921-04-13,,,0.0,,
1921-04-14,,,53.0,,
1921-04-15,,,33.0,,
1921-04-16,,,5.0,,
1921-04-17,,,508.0,,
1921-04-18,,,0.0,,
1921-04-19,,,0.0,,
1921-04-20,,,0.0,,
1921-04-21,,,0.0,,
1921-04-22,,,0.0,,
1921-04-23,,,295.0,,
1921-04-24,,,0.0,,
1921-04-25,,,0.0,,
1921-04-26,,,0.0,,
1921-04-27,,,114.0,,
1921-04-28,,,66.0,,
1921-04-29,,,0.0,,
1921-04-30,,,0.0,,
1921-05-01,,,0.0,,
1921-05-02,,,0.0,,
1921-05-03,,,94.0,,
1921-05-04,,,15.0,,
1921-05-05,,,0.0,,
1921-05-06,,,0.0,,
1921-05-07,,,0.0,,
1921-05-08,,,0.0,,
1921-05-09,,,0.0,,
1921-05-10,,,0.0,,
1921-05-11,,,168.0,,
1921-05-12,,,157.0,,
1921-05-13,,,142.0,,
1921-05-14,,,53.0,,
1921-05-15,,,0.0,,
1921-05-16,,,0.0,,
1921-05-17,,,0.0,,
1921-05-18,,,0.0,,
1921-05-19,,,0.0,,
1921-05-20,,,0.0,,
1921-05-21,,,94.0,,
1921-05-22,,,104.0,,
1921-05-23,,,0.0,,
1921-05-24,,,0.0,,
1921-05-25,,,0.0,,
1921-05-26,,,0.0,,
1921-05-27,,,0.0,,
1921-05-28,,,206.0,,
1921-05-29,,,0.0,,
1921-05-30,,,0.0,,
1921-05-31,,,0.0,,
1921-06-01,,,53.0,,
1921-06-02,,,0.0,,
1921-06-03,,,0.0,,
1921-06-04,,,15.0,,
1921-06-05,,,0.0,,
1921-06-06,,,193.0,,
1921-06-07,,,0.0,,
1921-06-08,,,0.0,,
1921-06-09,,,18.0,,
1921-06-10,,,0.0,,
1921-06-11,,,0.0,,
1921-06-12,,,0.0,,
1921-06-13,,,0.0,,
1921-06-14,,,0.0,,
1921-06-15,,,0.0,,
1921-06-16,,,0.0,,
1921-06-17,,,0.0,,
1921-06-18,,,0.0,,
1921-06-19,,,0.0,,
1921-06-20,,,38.0,,
1921-06-21,,,163.0,,
1921-06-22,,,0.0,,
1921-06-23,,,61.0,,
1921-06-24,,,0.0,,
1921-06-25,,,0.0,,
1921-06-26,,,99.0,,
1921-06-27,,,0.0,,
1921-06-28,,,5.0,,
1921-06-29,,,0.0,,
1921-06-30,,,25.0,,
1921-07-01,,,0.0,,
1921-07-02,,,28.0,,
1921-07-03,,,10.0,,
1921-07-04,,,20.0,,
1921-07-05,,,0.0,,
1921-07-06,,,0.0,,
1921-07-07,,,0.0,,
1921-07-08,,,0.0,,
1921-07-09,,,0.0,,
1921-07-10,,,38.0,,
1921-07-11,,,0.0,,
1921-07-12,,,79.0,,
1921-07-13,,,13.0,,
1921-07-14,,,140.0,,
1921-07-15,,,15.0,,
1921-07-16,,,333.0,,
1921-07-17,,,15.0,,
1921-07-18,,,5.0,,
1921-07-19,,,0.0,,
1921-07-20,,,58.0,,
1921-07-21,,,152.0,,
1921-07-22,,,28.0,,
1921-07-23,,,23.0,,
1921-07-24,,,0.0,,
1921-07-25,,,0.0,,
1921-07-26,,,218.0,,
1921-07-27,,,0.0,,
1921-07-28,,,0.0,,
1921-07-29,,,0.0,,
1921-07-30,,,0.0,,
1921-07-31,,,508.0,,
1921-08-01,,,0.0,,
1921-08-02,,,0.0,,
1921-08-03,,,0.0,,
1921-08-04,,,0.0,,
1921-08-05,,,0.0,,
1921-08-06,,,41.0,,
1921-08-07,,,0.0,,
1921-08-08,,,267.0,,
1921-08-09,,,0.0,,
1921-08-10,,,0.0,,
1921-08-11,,,0.0,,
1921-08-12,,,0.0,,
1921-08-13,,,25.0,,
1921-08-14,,,229.0,,
1921-08-15,,,272.0,,
1921-08-16,,,163.0,,
1921-08-17,,,191.0,,
1921-08-18,,,15.0,,
1921-08-19,,,13.0,,
1921-08-20,,,0.0,,
1921-08-21,,,0.0,,
1921-08-22,,,0.0,,
1921-08-23,,,0.0,,
1921-08-24,,,0.0,,
1921-08-25,,,145.0,,
1921-08-26,,,0.0,,
1921-08-27,,,165.0,,
1921-08-28,,,0.0,,
1921-08-29,,,0.0,,
1921-08-30,,,0.0,,
1921-08-31,,,0.0,,
1921-09-01,,,0.0,,
1921-09-02,,,0.0,,
1921-09-03,,,0.0,,
1921-09-04,,,0.0,,
1921-09-05,,,0.0,,
1921-09-06,,,0.0,,
1921-09-07,,,0.0,,
1921-09-08,,,0.0,,
1921-09-09,,,0.0,,
1921-09-10,,,0.0,,
1921-09-11,,,13.0,,
1921-09-12,,,135.0,,
1921-09-13,,,46.0,,
1921-09-14,,,0.0,,
1921-09-15,,,0.0,,
1921-09-16,,,71.0,,
1921-09-17,,,0.0,,
1921-09-18,,,0.0,,
1921-09-19,,,0.0,,
1921-09-20,,,0.0,,
1921-09-21,,,0.0,,
1921-09-22,,,127.0,,
1921-09-23,,,0.0,,
1921-09-24,,,0.0,,
1921-09-25,,,0.0,,
1921-09-26,,,508.0,,
1921-09-27,,,64.0,,
1921-09-28,,,38.0,,
1921-09-29,,,0.0,,
1921-09-30,,,122.0,,
1921-10-01,,,8.0,,
1921-10-02,,,0.0,,
1921-10-03,,,114.0,,
1921-10-04,,,33.0,,
1921-10-05,,,0.0,,
1921-10-06,,,0.0,,
1921-10-07,,,0.0,,
1921-10-08,,,25.0,,
1921-10-09,,,0.0,,
1921-10-10,,,0.0,,
1921-10-11,,,0.0,,
1921-10-12,,,0.0,,
1921-10-13,,,0.0,,
1921-10-14,,,0.0,,
1921-10-15,,,0.0,,
1921-10-16,,,0.0,,
1921-10-17,,,0.0,,
1921-10-18,,,0.0,,
1921-10-19,,,0.0,,
1921-10-20,,,8.0,,
1921-10-21,,,0.0,,
1921-10-22,,,0.0,,
1921-10-23,,,0.0,,
1921-10-24,,,0.0,,
1921-10-25,,,0.0,,
1921-10-26,,,0.0,,
1921-10-27,,,0.0,,
1921-10-28,,,89.0,,
1921-10-29,,,0.0,,
1921-10-30,,,102.0,,
1921-10-31,,,0.0,,
1921-11-01,,,114.0,,
1921-11-02,,,335.0,,
1921-11-03,,,0.0,,
1921-11-04,,,0.0,,
1921-11-05,,,0.0,,
1921-11-06,,,0.0,,
1921-11-07,,,0.0,,
1921-11-08,,,0.0,,
1921-11-09,,,51.0,,
1921-11-10,,,25.0,,
1921-11-11,,,0.0,,
1921-11-12,,,0.0,,
1921-11-13,,,0.0,,
1921-11-14,,,267.0,,
1921-11-15,,,119.0,,
1921-11-16,,,15.0,,
1921-11-17,,,279.0,,
1921-11-18,,,0.0,,
1921-11-19,,,8.0,,
1921-11-20,,,76.0,,
1921-11-21,,,0.0,,
1921-11-22,,,0.0,,
1921-11-23,,,0.0,,
1921-11-24,,,0.0,,
1921-11-25,,,25.0,,
1921-11-26,,,38.0,,
1921-11-27,,,305.0,,
1921-11-28,,,267.0,,
1921-11-29,,,41.0,,
1921-11-30,,,0.0,,
1921-12-01,,,0.0,,
1921-12-02,,,246.0,,
1921-12-03,,,28.0,,
1921-12-04,,,81.0,,
1921-12-05,,,5.0,,
1921-12-06,,,0.0,,
1921-12-07,,,0.0,,
1921-12-08,,,0.0,,
1921-12-09,,,8.0,,
1921-12-10,,,0.0,,
1921-12-11,,,0.0,,
1921-12-12,,,0.0,,
1921-12-13,,,0.0,,
1921-12-14,,,0.0,,
1921-12-15,,,0.0,,
1921-12-16,,,0.0,,
1921-12-17,,,0.0,,
1921-12-18,,,145.0,,
1921-12-19,,,0.0,,
1921-12-20,,,0.0,,
1921-12-21,,,15.0,,
1921-12-22,,,0.0,,
1921-12-23,,,0.0,,
1921-12-24,,,0.0,,
1921-12-25,,,508.0,,
1921-12-26,,,0.0,,
1921-12-27,,,0.0,,
1921-12-28,,,0.0,,
1921-12-29,,,58.0,,
1921-12-30,,,0.0,,
1921-12-31,,,0.0,,
1922-01-01,,,0.0,,
1922-01-02,,,0.0,,
1922-01-03,,,0.0,,
1922-01-04,,,0.0,,
1922-01-05,,,84.0,,
1922-01-06,,,30.0,,
1922-01-07,,,0.0,,
1922-01-08,,,196.0,,
1922-01-09,,,81.0,,
1922-01-10,,,0.0,,
1922-01-11,,,221.0,,
1922-01-12,,,8.0,,
1922-01-13,,,15.0,,
1922-01-14,,,8.0,,
1922-01-15,,,0.0,,
1922-01-16,,,84.0,,
1922-01-17,,,25.0,,
1922-01-18,,,0.0,,
1922-01-19,,,150.0,,
1922-01-20,,,518.0,,
1922-01-21,,,531.0,,
1922-01-22,,,86.0,,
1922-01-23,,,0.0,,
1922-01-24,,,20.0,,
1922-01-25,,,0.0,,
1922-01-26,,,0.0,,
1922-01-27,,,86.0,,
1922-01-28,,,0.0,,
1922-01-29,,,0.0,,
1922-01-30,,,0.0,,
1922-01-31,,,0.0,,
1922-02-01,,,0.0,,0.0
1922-02-02,,,79.0,,0.0
1922-02-03,,,0.0,,0.0
1922-02-04,,,0.0,,0.0
1922-02-05,,,234.0,,0.0
1922-02-06,,,0.0,,0.0
1922-02-07,,,51.0,,0.0
1922-02-08,,,0.0,,0.0
1922-02-09,,,0.0,,0.0
1922-02-10,,,25.0,,0.0
1922-02-11,,,0.0,,0.0
1922-02-12,,,0.0,,0.0
1922-02-13,,,15.0,,0.0
1922-02-14,,,124.0,,0.0
1922-02-15,,,414.0,,0.0
1922-02-16,,,30.0,,0.0
1922-02-17,,,0.0,,0.0
1922-02-18,,,0.0,,0.0
1922-02-19,,,15.0,,0.0
1922-02-20,,,0.0,,0.0
1922-02-21,,,0.0,,0.0
1922-02-22,,,0.0,,0.0
1922-02-23,,,0.0,,0.0
1922-02-24,,,56.0,,0.0
1922-02-25,,,0.0,,0.0
1922-02-26,,,0.0,,0.0
1922-02-27,,,178.0,,0.0
1922-02-28,,,3.0,,0.0
1922-03-01,,,122.0,,
1922-03-02,,,432.0,,
1922-03-03,,,3.0,,
1922-03-04,,,10.0,,
1922-03-05,,,0.0,,
1922-03-06,,,0.0,,
1922-03-07,,,191.0,,
1922-03-08,,,0.0,,
1922-03-09,,,0.0,,
1922-03-10,,,508.0,,
1922-03-11,,,218.0,,
1922-03-12,,,0.0,,
1922-03-13,,,0.0,,
1922-03-14,,,0.0,,
1922-03-15,,,277.0,,
1922-03-16,,,0.0,,
1922-03-17,,,0.0,,
1922-03-18,,,0.0,,
1922-03-19,,,0.0,,
1922-03-20,,,450.0,,
1922-03-21,,,0.0,,
1922-03-22,,,0.0,,
1922-03-23,,,0.0,,
1922-03-24,,,0.0,,
1922-03-25,,,0.0,,
1922-03-26,,,0.0,,
1922-03-27,,,150.0,,
1922-03-28,,,99.0,,
1922-03-29,,,13.0,,
1922-03-30,,,0.0,,
1922-03-31,,,178.0,,
1922-04-01,,,157.0,,
1922-04-02,,,0.0,,
1922-04-03,,,0.0,,
1922-04-04,,,0.0,,
1922-04-05,,,0.0,,
1922-04-06,,,20.0,,
1922-04-07,,,0.0,,
1922-04-08,,,0.0,,
1922-04-09,,,0.0,,
1922-04-10,,,91.0,,
1922-04-11,,,102.0,,
1922-04-12,,,0.0,,
1922-04-13,,,0.0,,
1922-04-14,,,0.0,,
1922-04-15,,,15.0,,
1922-04-16,,,38.0,,
1922-04-17,,,5.0,,
1922-04-18,,,356.0,,
1922-04-19,,,119.0,,
1922-04-20,,,76.0,,
1922-04-21,,,0.0,,
1922-04-22,,,8.0,,
1922-04-23,,,0.0,,
1922-04-24,,,0.0,,
1922-04-25,,,0.0,,
1922-04-26,,,117.0,,
1922-04-27,,,117.0,,
1922-04-28,,,0.0,,
1922-04-29,,,119.0,,
1922-04-30,,,0.0,,
1922-05-01,,,0.0,,
1922-05-02,,,0.0,,
1922-05-03,,,140.0,,
1922-05-04,,,196.0,,
1922-05-05,,,13.0,,
1922-05-06,,,76.0,,
1922-05-07,,,28.0,,
1922-05-08,,,0.0,,
1922-05-09,,,0.0,,
1922-05-10,,,0.0,,
1922-05-11,,,86.0,,
1922-05-12,,,8.0,,
1922-05-13,,,0.0,,
1922-05-14,,,0.0,,
1922-05-15,,,0.0,,
1922-05-16,,,0.0,,
1922-05-17,,,117.0,,
1922-05-18,,,89.0,,
1922-05-19,,,36.0,,
1922-05-20,,,0.0,,
1922-05-21,,,0.0,,
1922-05-22,,,8.0,,
1922-05-23,,,53.0,,
1922-05-24,,,15.0,,
1922-05-25,,,142.0,,
1922-05-26,,,61.0,,
1922-05-27,,,0.0,,
1922-05-28,,,13.0,,
1922-05-29,,,0.0,,
1922-05-30,,,0.0,,
1922-05-31,,,25.0,,
1922-06-01,,,48.0,,
1922-06-02,,,178.0,,
1922-06-03,,,69.0,,
1922-06-04,,,0.0,,
1922-06-05,,,122.0,,
1922-06-06,,,5.0,,
1922-06-07,,,0.0,,
1922-06-08,,,74.0,,
1922-06-09,,,0.0,,
1922-06-10,,,107.0,,
1922-06-11,,,0.0,,
1922-06-12,,,0.0,,
1922-06-13,,,0.0,,
1922-06-14,,,343.0,,
1922-06-15,,,13.0,,
1922-06-16,,,0.0,,
1922-06-17,,,0.0,,
1922-06-18,,,0.0,,
1922-06-19,,,0.0,,
1922-06-20,,,284.0,,
1922-06-21,,,0.0,,
1922-06-22,,,0.0,,
1922-06-23,,,0.0,,
1922-06-24,,,0.0,,
1922-06-25,,,0.0,,
1922-06-26,,,0.0,,
1922-06-27,,,0.0,,
1922-06-28,,,0.0,,
1922-06-29,,,221.0,,
1922-06-30,,,5.0,,
1922-07-01,,,0.0,,
1922-07-02,,,201.0,,
1922-07-03,,,13.0,,
1922-07-04,,,330.0,,
1922-07-05,,,5.0,,
1922-07-06,,,0.0,,
1922-07-07,,,0.0,,
1922-07-08,,,0.0,,
1922-07-09,,,66.0,,
1922-07-10,,,0.0,,
1922-07-11,,,33.0,,
1922-07-12,,,0.0,,
1922-07-13,,,0.0,,
1922-07-14,,,112.0,,
1922-07-15,,,0.0,,
1922-07-16,,,157.0,,
1922-07-17,,,0.0,,
1922-07-18,,,0.0,,
1922-07-19,,,208.0,,
1922-07-20,,,38.0,,
1922-07-21,,,0.0,,
1922-07-22,,,183.0,,
1922-07-23,,,0.0,,
1922-07-24,,,0.0,,
1922-07-25,,,5.0,,
1922-07-26,,,0.0,,
1922-07-27,,,5.0,,
1922-07-28,,,0.0,,
1922-07-29,,,0.0,,
1922-07-30,,,0.0,,
1922-07-31,,,41.0,,
1922-08-01,,,0.0,,
1922-08-02,,,201.0,,
1922-08-03,,,13.0,,
1922-08-04,,,330.0,,
1922-08-05,,,5.0,,
1922-08-06,,,0.0,,
1922-08-07,,,0.0,,
1922-08-08,,,0.0,,
1922-08-09,,,66.0,,
1922-08-10,,,0.0,,
1922-08-11,,,0.0,,
1922-08-12,,,33.0,,
1922-08-13,,,0.0,,
1922-08-14,,,112.0,,
1922-08-15,,,0.0,,
1922-08-16,,,157.0,,
1922-08-17,,,0.0,,
1922-08-18,,,0.0,,
1922-08-19,,,208.0,,
1922-08-20,,,38.0,,
1922-08-21,,,0.0,,
1922-08-22,,,183.0,,
1922-08-23,,,0.0,,
1922-08-24,,,0.0,,
1922-08-25,,,5.0,,
1922-08-26,,,508.0,,
1922-08-27,,,5.0,,
1922-08-28,,,0.0,,
1922-08-29,,,0.0,,
1922-08-30,,,0.0,,
1922-08-31,,,0.0,,
1922-09-01,,,0.0,,
1922-09-02,,,28.0,,
1922-09-03,,,0.0,,
1922-09-04,,,0.0,,
1922-09-05,,,25.0,,
1922-09-06,,,0.0,,
1922-09-07,,,0.0,,
1922-09-08,,,0.0,,
1922-09-09,,,0.0,,
1922-09-10,,,0.0,,
1922-09-11,,,249.0,,
1922-09-12,,,91.0,,
1922-09-13,,,0.0,,
1922-09-14,,,0.0,,
1922-09-15,,,0.0,,
1922-09-16,,,18.0,,
1922-09-17,,,0.0,,
1922-09-18,,,20.0,,
1922-09-19,,,0.0,,
1922-09-20,,,0.0,,
1922-09-21,,,0.0,,
1922-09-22,,,0.0,,
1922-09-23,,,0.0,,
1922-09-24,,,0.0,,
1922-09-25,,,0.0,,
1922-09-26,,,8.0,,
1922-09-27,,,0.0,,
1922-09-28,,,0.0,,
1922-09-29,,,20.0,,
1922-09-30,,,43.0,,
1922-10-01,,,0.0,,
1922-10-02,,,0.0,,
1922-10-03,,,0.0,,
1922-10-04,,,0.0,,
1922-10-05,,,0.0,,
1922-10-06,,,28.0,,
1922-10-07,,,112.0,,
1922-10-08,,,201.0,,
1922-10-09,,,0.0,,
1922-10-10,,,0.0,,
1922-10-11,,,0.0,,
1922-10-12,,,0.0,,
1922-10-13,,,0.0,,
1922-10-14,,,0.0,,
1922-10-15,,,0.0,,
1922-10-16,,,0.0,,
1922-10-17,,,89.0,,
1922-10-18,,,0.0,,
1922-10-19,,,0.0,,
1922-10-20,,,0.0,,
1922-10-21,,,0.0,,
1922-10-22,,,0.0,,
1922-10-23,,,0.0,,
1922-10-24,,,206.0,,
1922-10-25,,,0.0,,
1922-10-26,,,0.0,,
1922-10-27,,,0.0,,
1922-10-28,,,0.0,,
1922-10-29,,,0.0,,
1922-10-30,,,0.0,,
1922-10-31,,,0.0,,
1922-11-01,,,0.0,,
1922-11-02,,,0.0,,
1922-11-03,,,3.0,,
1922-11-04,,,0.0,,
1922-11-05,,,0.0,,
1922-11-06,,,0.0,,
1922-11-07,,,56.0,,
1922-11-08,,,0.0,,
1922-11-09,,,0.0,,
1922-11-10,,,0.0,,
1922-11-11,,,0.0,,
1922-11-12,,,0.0,,
1922-11-13,,,0.0,,
1922-11-14,,,0.0,,
1922-11-15,,,20.0,,
1922-11-16,,,127.0,,
1922-11-17,,,0.0,,
1922-11-18,,,0.0,,
1922-11-19,,,51.0,,
1922-11-20,,,0.0,,
1922-11-21,,,0.0,,
1922-11-22,,,0.0,,
1922-11-23,,,0.0,,
1922-11-24,,,0.0,,
1922-11-25,,,0.0,,
1922-11-26,,,0.0,,
1922-11-27,,,8.0,,
1922-11-28,,,102.0,,0.0
1922-11-29,,,0.0,,
1922-11-30,,,0.0,,
1922-12-01,,,0.0,,
1922-12-02,,,249.0,,
1922-12-03,,,559.0,,
1922-12-04,,,102.0,,
1922-12-05,,,0.0,,
1922-12-06,,,0.0,,
1922-12-07,,,0.0,,
1922-12-08,,,56.0,,
1922-12-09,,,114.0,,
1922-12-10,,,58.0,,
1922-12-11,,,0.0,,
1922-12-12,,,69.0,,
1922-12-13,,,66.0,,
1922-12-14,,,25.0,,
1922-12-15,,,368.0,,
1922-12-16,,,71.0,,
1922-12-17,,,508.0,,
1922-12-18,,,38.0,,
1922-12-19,,,0.0,,
1922-12-20,,,0.0,,
1922-12-21,,,0.0,,
1922-12-22,,,0.0,,
1922-12-23,,,0.0,,
1922-12-24,,,0.0,,
1922-12-25,,,0.0,,
1922-12-26,,,0.0,,
1922-12-27,,,0.0,,
1922-12-28,,,137.0,,
1922-12-29,,,30.0,,
1922-12-30,,,0.0,,
1922-12-31,,,0.0,,
1923-01-01,,,404.0,,
1923-01-02,,,0.0,,
1923-01-03,,,25.0,,
1923-01-04,,,0.0,,
1923-01-05,,,0.0,,
1923-01-06,,,20.0,,
1923-01-07,,,5.0,,
1923-01-08,,,0.0,,
1923-01-09,,,0.0,,
1923-01-10,,,0.0,,
1923-01-11,,,0.0,,
1923-01-12,,,0.0,,
1923-01-13,,,0.0,,
1923-01-14,,,0.0,,
1923-01-15,,,191.0,,
1923-01-16,,,0.0,,
1923-01-17,,,0.0,,
1923-01-18,,,0.0,,
1923-01-19,,,25.0,,
1923-01-20,,,30.0,,
1923-01-21,,,0.0,,
1923-01-22,,,119.0,,
1923-01-23,,,147.0,,
1923-01-24,,,290.0,,
1923-01-25,,,0.0,,
1923-01-26,,,0.0,,
1923-01-27,,,36.0,,
1923-01-28,,,122.0,,
1923-01-29,,,0.0,,
1923-01-30,,,71.0,,
1923-01-31,,,117.0,,
1923-02-01,,,0.0,,0.0
1923-02-02,,,132.0,,0.0
1923-02-03,,,97.0,,0.0
1923-02-04,,,102.0,,0.0
1923-02-05,,,264.0,,0.0
1923-02-06,,,0.0,,0.0
1923-02-07,,,5.0,,0.0
1923-02-08,,,0.0,,0.0
1923-02-09,,,0.0,,0.0
1923-02-10,,,117.0,,0.0
1923-02-11,,,36.0,,0.0
1923-02-12,,,36.0,,0.0
1923-02-13,,,452.0,,0.0
1923-02-14,,,0.0,,0.0
1923-02-15,,,0.0,,0.0
1923-02-16,,,0.0,,0.0
1923-02-17,,,0.0,,0.0
1923-02-18,,,53.0,,3.0
1923-02-19,,,0.0,,0.0
1923-02-20,,,0.0,,0.0
1923-02-21,,,0.0,,0.0
1923-02-22,,,0.0,,0.0
1923-02-23,,,0.0,,0.0
1923-02-24,,,0.0,,0.0
1923-02-25,,,0.0,,0.0
1923-02-26,,,0.0,,0.0
1923-02-27,,,246.0,,0.0
1923-02-28,,,0.0,,0.0
1923-03-01,,,13.0,,
1923-03-02,,,0.0,,
1923-03-03,,,0.0,,
1923-03-04,,,38.0,,
1923-03-05,,,51.0,,
1923-03-06,,,15.0,,
1923-03-07,,,335.0,,
1923-03-08,,,0.0,,
1923-03-09,,,0.0,,
1923-03-10,,,0.0,,
1923-03-11,,,224.0,,
1923-03-12,,,38.0,,
1923-03-13,,,445.0,,
1923-03-14,,,0.0,,
1923-03-15,,,0.0,,
1923-03-16,,,51.0,,
1923-03-17,,,356.0,,
1923-03-18,,,0.0,,
1923-03-19,,,119.0,,
1923-03-20,,,0.0,,
1923-03-21,,,0.0,,
1923-03-22,,,0.0,,
1923-03-23,,,56.0,,
1923-03-24,,,109.0,,
1923-03-25,,,0.0,,
1923-03-26,,,0.0,,
1923-03-27,,,0.0,,
1923-03-28,,,0.0,,
1923-03-29,,,0.0,,
1923-03-30,,,0.0,,
1923-03-31,,,0.0,,
1923-04-01,,,0.0,,
1923-04-02,,,0.0,,
1923-04-03,,,0.0,,
1923-04-04,,,119.0,,
1923-04-05,,,165.0,,
1923-04-06,,,0.0,,
1923-04-07,,,0.0,,
1923-04-08,,,142.0,,
1923-04-09,,,0.0,,
1923-04-10,,,0.0,,
1923-04-11,,,0.0,,
1923-04-12,,,0.0,,
1923-04-13,,,74.0,,
1923-04-14,,,432.0,,
1923-04-15,,,0.0,,
1923-04-16,,,0.0,,
1923-04-17,,,0.0,,
1923-04-18,,,20.0,,
1923-04-19,,,0.0,,
1923-04-20,,,0.0,,
1923-04-21,,,71.0,,
1923-04-22,,,61.0,,
1923-04-23,,,0.0,,
1923-04-24,,,147.0,,
1923-04-25,,,0.0,,
1923-04-26,,,0.0,,
1923-04-27,,,25.0,,
1923-04-28,,,122.0,,
1923-04-29,,,51.0,,
1923-04-30,,,10.0,,
1923-05-01,,,0.0,,
1923-05-02,,,0.0,,
1923-05-03,,,0.0,,
1923-05-04,,,61.0,,
1923-05-05,,,8.0,,
1923-05-06,,,25.0,,
1923-05-07,,,0.0,,
1923-05-08,,,193.0,,
1923-05-09,,,38.0,,
1923-05-10,,,0.0,,
1923-05-11,,,0.0,,
1923-05-12,,,0.0,,
1923-05-13,,,241.0,,
1923-05-14,,,8.0,,
1923-05-15,,,0.0,,
1923-05-16,,,236.0,,
1923-05-17,,,0.0,,
1923-05-18,,,0.0,,
1923-05-19,,,0.0,,
1923-05-20,,,94.0,,
1923-05-21,,,109.0,,
1923-05-22,,,0.0,,
1923-05-23,,,0.0,,
1923-05-24,,,94.0,,
1923-05-25,,,81.0,,
1923-05-26,,,66.0,,
1923-05-27,,,102.0,,
1923-05-28,,,84.0,,
1923-05-29,,,241.0,,
1923-05-30,,,20.0,,
1923-05-31,,,165.0,,
1923-06-01,,,0.0,,
1923-06-02,,,0.0,,
1923-06-03,,,0.0,,
1923-06-04,,,0.0,,
1923-06-05,,,183.0,,
1923-06-06,,,69.0,,
1923-06-07,,,38.0,,
1923-06-08,,,297.0,,
1923-06-09,,,0.0,,
1923-06-10,,,0.0,,
1923-06-11,,,152.0,,
1923-06-12,,,218.0,,
1923-06-13,,,0.0,,
1923-06-14,,,0.0,,
1923-06-15,,,0.0,,
1923-06-16,,,0.0,,
1923-06-17,,,0.0,,
1923-06-18,,,132.0,,
1923-06-19,,,0.0,,
1923-06-20,,,0.0,,
1923-06-21,,,97.0,,
1923-06-22,,,0.0,,
1923-06-23,,,0.0,,
1923-06-24,,,64.0,,
1923-06-25,,,97.0,,
1923-06-26,,,5.0,,
1923-06-27,,,18.0,,
1923-06-28,,,508.0,,
1923-06-29,,,51.0,,
1923-06-30,,,0.0,,
1923-07-01,,,0.0,,
1923-07-02,,,0.0,,
1923-07-03,,,61.0,,
1923-07-04,,,0.0,,
1923-07-05,,,0.0,,
1923-07-06,,,0.0,,
1923-07-07,,,0.0,,
1923-07-08,,,76.0,,
1923-07-09,,,208.0,,
1923-07-10,,,0.0,,
1923-07-11,,,0.0,,
1923-07-12,,,0.0,,
1923-07-13,,,0.0,,
1923-07-14,,,165.0,,
1923-07-15,,,0.0,,
1923-07-16,,,0.0,,
1923-07-17,,,457.0,,
1923-07-18,,,99.0,,
1923-07-19,,,0.0,,
1923-07-20,,,0.0,,
1923-07-21,,,0.0,,
1923-07-22,,,0.0,,
1923-07-23,,,74.0,,
1923-07-24,,,0.0,,
1923-07-25,,,23.0,,
1923-07-26,,,0.0,,
1923-07-27,,,0.0,,
1923-07-28,,,48.0,,
1923-07-29,,,480.0,,
1923-07-30,,,15.0,,
1923-07-31,,,0.0,,
1923-08-01,,,0.0,,
1923-08-02,,,0.0,,
1923-08-03,,,0.0,,
1923-08-04,,,13.0,,
1923-08-05,,,0.0,,
1923-08-06,,,0.0,,
1923-08-07,,,185.0,,
1923-08-08,,,0.0,,
1923-08-09,,,180.0,,
1923-08-10,,,0.0,,
1923-08-11,,,41.0,,
1923-08-12,,,0.0,,
1923-08-13,,,119.0,,
1923-08-14,,,8.0,,
1923-08-15,,,0.0,,
1923-08-16,,,0.0,,
1923-08-17,,,0.0,,
1923-08-18,,,216.0,,
1923-08-19,,,0.0,,
1923-08-20,,,0.0,,
1923-08-21,,,0.0,,
1923-08-22,,,0.0,,
1923-08-23,,,378.0,,
1923-08-24,,,0.0,,
1923-08-25,,,0.0,,
1923-08-26,,,0.0,,
1923-08-27,,,0.0,,
1923-08-28,,,23.0,,
1923-08-29,,,36.0,,
1923-08-30,,,0.0,,
1923-08-31,,,0.0,,
1923-09-01,,,0.0,,
1923-09-02,,,0.0,,
1923-09-03,,,0.0,,
1923-09-04,,,119.0,,
1923-09-05,,,0.0,,
1923-09-06,,,0.0,,
1923-09-07,,,15.0,,
1923-09-08,,,8.0,,
1923-09-09,,,0.0,,
1923-09-10,,,0.0,,
1923-09-11,,,0.0,,
1923-09-12,,,0.0,,
1923-09-13,,,0.0,,
1923-09-14,,,0.0,,
1923-09-15,,,0.0,,
1923-09-16,,,0.0,,
1923-09-17,,,0.0,,
1923-09-18,,,0.0,,
1923-09-19,,,0.0,,
1923-09-20,,,0.0,,
1923-09-21,,,0.0,,
1923-09-22,,,0.0,,
1923-09-23,,,0.0,,
1923-09-24,,,0.0,,
1923-09-25,,,0.0,,
1923-09-26,,,0.0,,
1923-09-27,,,18.0,,
1923-09-28,,,18.0,,
1923-09-29,,,0.0,,
1923-09-30,,,0.0,,
1923-10-01,,,0.0,,
1923-10-02,,,0.0,,
1923-10-03,,,0.0,,
1923-10-04,,,0.0,,
1923-10-05,,,0.0,,
1923-10-06,,,0.0,,
1923-10-07,,,0.0,,
1923-10-08,,,0.0,,
1923-10-09,,,0.0,,
1923-10-10,,,0.0,,
1923-10-11,,,0.0,,
1923-10-12,,,0.0,,
1923-10-13,,,0.0,,
1923-10-14,,,0.0,,
1923-10-15,,,0.0,,
1923-10-16,,,0.0,,
1923-10-17,,,0.0,,
1923-10-18,,,0.0,,
1923-10-19,,,51.0,,
1923-10-20,,,5.0,,
1923-10-21,,,0.0,,
1923-10-22,,,58.0,,
1923-10-23,,,0.0,,
1923-10-24,,,0.0,,
1923-10-25,,,0.0,,
1923-10-26,,,0.0,,
1923-10-27,,,0.0,,
1923-10-28,,,0.0,,
1923-10-29,,,0.0,,
1923-10-30,,,0.0,,
1923-10-31,,,56.0,,
1923-11-01,,,0.0,,
1923-11-02,,,0.0,,
1923-11-03,,,5.0,,
1923-11-04,,,163.0,,
1923-11-05,,,0.0,,
1923-11-06,,,0.0,,
1923-11-07,,,20.0,,
1923-11-08,,,0.0,,
1923-11-09,,,0.0,,
1923-11-10,,,0.0,,
1923-11-11,,,0.0,,
1923-11-12,,,0.0,,
1923-11-13,,,0.0,,
1923-11-14,,,0.0,,
1923-11-15,,,0.0,,
1923-11-16,,,0.0,,
1923-11-17,,,0.0,,
1923-11-18,,,0.0,,
1923-11-19,,,0.0,,
1923-11-20,,,0.0,,
1923-11-21,,,0.0,,
1923-11-22,,,0.0,,
1923-11-23,,,330.0,,
1923-11-24,,,0.0,,
1923-11-25,,,0.0,,
1923-11-26,,,0.0,,
1923-11-27,,,175.0,,
1923-11-28,,,0.0,,
1923-11-29,,,25.0,,
1923-11-30,,,58.0,,
1923-12-01,,,0.0,,
1923-12-02,,,0.0,,
1923-12-03,,,10.0,,
1923-12-04,,,28.0,,
1923-12-05,,,312.0,,
1923-12-06,,,170.0,,
1923-12-07,,,0.0,,
1923-12-08,,,0.0,,
1923-12-09,,,0.0,,
1923-12-10,,,15.0,,
1923-12-11,,,58.0,,
1923-12-12,,,0.0,,
1923-12-13,,,0.0,,
1923-12-14,,,160.0,,
1923-12-15,,,0.0,,
1923-12-16,,,130.0,,
1923-12-17,,,0.0,,
1923-12-18,,,0.0,,
1923-12-19,,,0.0,,
1923-12-20,,,0.0,,
1923-12-21,,,0.0,,
1923-12-22,,,0.0,,
1923-12-23,,,201.0,,
1923-12-24,,,0.0,,
1923-12-25,,,0.0,,
1923-12-26,,,0.0,,
1923-12-27,,,53.0,,
1923-12-28,,,130.0,,
1923-12-29,,,5.0,,
1923-12-30,,,0.0,,
1923-12-31,,,5.0,,
1924-01-01,,,198.0,,0.0
1924-01-02,,,216.0,,0.0
1924-01-03,,,112.0,,0.0
1924-01-04,,,91.0,,0.0
1924-01-05,,,0.0,,0.0
1924-01-06,,,0.0,,0.0
1924-01-07,,,0.0,,0.0
1924-01-08,,,0.0,,0.0
1924-01-09,,,0.0,,0.0
1924-01-10,,,0.0,,0.0
1924-01-11,,,264.0,,0.0
1924-01-12,,,0.0,,0.0
1924-01-13,,,0.0,,0.0
1924-01-14,,,0.0,,0.0
1924-01-15,,,0.0,,0.0
1924-01-16,,,315.0,,0.0
1924-01-17,,,25.0,,0.0
1924-01-18,,,0.0,,0.0
1924-01-19,,,0.0,,0.0
1924-01-20,,,8.0,,0.0
1924-01-21,,,0.0,,0.0
1924-01-22,,,0.0,,0.0
1924-01-23,,,0.0,,0.0
1924-01-24,,,51.0,,0.0
1924-01-25,,,185.0,,0.0
1924-01-26,,,0.0,,0.0
1924-01-27,,,0.0,,0.0
1924-01-28,,,0.0,,0.0
1924-01-29,,,0.0,,0.0
1924-01-30,,,48.0,,0.0
1924-01-31,,,0.0,,0.0
1924-02-01,,,30.0,,0.0
1924-02-02,,,0.0,,0.0
1924-02-03,,,0.0,,0.0
1924-02-04,,,0.0,,0.0
1924-02-05,,,48.0,,0.0
1924-02-06,,,0.0,,0.0
1924-02-07,,,0.0,,0.0
1924-02-08,,,0.0,,0.0
1924-02-09,,,0.0,,0.0
1924-02-10,,,13.0,,13.0
1924-02-11,,,0.0,,0.0
1924-02-12,,,109.0,,0.0
1924-02-13,,,0.0,,0.0
1924-02-14,,,0.0,,0.0
1924-02-15,,,0.0,,0.0
1924-02-16,,,0.0,,0.0
1924-02-17,,,0.0,,0.0
1924-02-18,,,36.0,,0.0
1924-02-19,,,61.0,,0.0
1924-02-20,,,267.0,,0.0
1924-02-21,,,0.0,,0.0
1924-02-22,,,0.0,,0.0
1924-02-23,,,0.0,,0.0
1924-02-24,,,20.0,,0.0
1924-02-25,,,15.0,,0.0
1924-02-26,,,64.0,,0.0
1924-02-27,,,343.0,,0.0
1924-02-28,,,0.0,,0.0
1924-02-29,,,0.0,,0.0
1924-03-01,,,0.0,,
1924-03-02,,,41.0,,
1924-03-03,,,0.0,,
1924-03-04,,,0.0,,
1924-03-05,,,343.0,,
1924-03-06,,,201.0,,
1924-03-07,,,0.0,,
1924-03-08,,,0.0,,
1924-03-09,,,0.0,,
1924-03-10,,,109.0,,
1924-03-11,,,8.0,,8.0
1924-03-12,,,18.0,,18.0
1924-03-13,,,0.0,,
1924-03-14,,,76.0,,76.0
1924-03-15,,,5.0,,5.0
1924-03-16,,,0.0,,
1924-03-17,,,0.0,,
1924-03-18,,,0.0,,
1924-03-19,,,0.0,,
1924-03-20,,,18.0,,
1924-03-21,,,137.0,,
1924-03-22,,,0.0,,
1924-03-23,,,0.0,,
1924-03-24,,,13.0,,
1924-03-25,,,0.0,,
1924-03-26,,,0.0,,
1924-03-27,,,0.0,,
1924-03-28,,,13.0,,
1924-03-29,,,0.0,,
1924-03-30,,,97.0,,
1924-03-31,,,0.0,,
1924-04-01,,,0.0,,
1924-04-02,,,0.0,,
1924-04-03,,,0.0,,
1924-04-04,,,94.0,,
1924-04-05,,,168.0,,
1924-04-06,,,28.0,,
1924-04-07,,,0.0,,
1924-04-08,,,0.0,,
1924-04-09,,,0.0,,
1924-04-10,,,79.0,,
1924-04-11,,,109.0,,
1924-04-12,,,122.0,,
1924-04-13,,,0.0,,
1924-04-14,,,0.0,,
1924-04-15,,,284.0,,
1924-04-16,,,10.0,,
1924-04-17,,,0.0,,
1924-04-18,,,572.0,,
1924-04-19,,,15.0,,
1924-04-20,,,0.0,,
1924-04-21,,,0.0,,
1924-04-22,,,20.0,,
1924-04-23,,,0.0,,
1924-04-24,,,0.0,,
1924-04-25,,,0.0,,
1924-04-26,,,0.0,,
1924-04-27,,,178.0,,
1924-04-28,,,28.0,,
1924-04-29,,,13.0,,
1924-04-30,,,503.0,,
1924-05-01,,,25.0,,
1924-05-02,,,0.0,,
1924-05-03,,,0.0,,
1924-05-04,,,0.0,,
1924-05-05,,,0.0,,
1924-05-06,,,0.0,,
1924-05-07,,,10.0,,
1924-05-08,,,20.0,,
1924-05-09,,,38.0,,
1924-05-10,,,76.0,,
1924-05-11,,,277.0,,
1924-05-12,,,8.0,,
1924-05-13,,,0.0,,
1924-05-14,,,0.0,,
1924-05-15,,,20.0,,
1924-05-16,,,0.0,,
1924-05-17,,,0.0,,
1924-05-18,,,0.0,,
1924-05-19,,,0.0,,
1924-05-20,,,0.0,,
1924-05-21,,,0.0,,
1924-05-22,,,0.0,,
1924-05-23,,,0.0,,
1924-05-24,,,0.0,,
1924-05-25,,,64.0,,
1924-05-26,,,8.0,,
1924-05-27,,,422.0,,
1924-05-28,,,46.0,,
1924-05-29,,,122.0,,
1924-05-30,,,74.0,,
1924-05-31,,,0.0,,
1924-06-01,,,0.0,,
1924-06-02,,,58.0,,
1924-06-03,,,0.0,,
1924-06-04,,,81.0,,
1924-06-05,,,0.0,,
1924-06-06,,,0.0,,
1924-06-07,,,0.0,,
1924-06-08,,,0.0,,
1924-06-09,,,0.0,,
1924-06-10,,,15.0,,
1924-06-11,,,358.0,,
1924-06-12,,,0.0,,
1924-06-13,,,0.0,,
1924-06-14,,,43.0,,
1924-06-15,,,0.0,,
1924-06-16,,,43.0,,
1924-06-17,,,0.0,,
1924-06-18,,,0.0,,
1924-06-19,,,0.0,,
1924-06-20,,,0.0,,
1924-06-21,,,0.0,,
1924-06-22,,,0.0,,
1924-06-23,,,0.0,,
1924-06-24,,,8.0,,
1924-06-25,,,0.0,,
1924-06-26,,,102.0,,
1924-06-27,,,28.0,,
1924-06-28,,,0.0,,
1924-06-29,,,0.0,,
1924-06-30,,,178.0,,
1924-07-01,,,0.0,,
1924-07-02,,,0.0,,
1924-07-03,,,0.0,,
1924-07-04,,,0.0,,
1924-07-05,,,84.0,,
1924-07-06,,,30.0,,
1924-07-07,,,30.0,,
1924-07-08,,,18.0,,
1924-07-09,,,0.0,,
1924-07-10,,,0.0,,
1924-07-11,,,0.0,,
1924-07-12,,,0.0,,
1924-07-13,,,117.0,,
1924-07-14,,,30.0,,
1924-07-15,,,81.0,,
1924-07-16,,,0.0,,
1924-07-17,,,0.0,,
1924-07-18,,,0.0,,
1924-07-19,,,0.0,,
1924-07-20,,,0.0,,
1924-07-21,,,0.0,,
1924-07-22,,,0.0,,
1924-07-23,,,0.0,,
1924-07-24,,,20.0,,
1924-07-25,,,0.0,,
1924-07-26,,,0.0,,
1924-07-27,,,0.0,,
1924-07-28,,,0.0,,
1924-07-29,,,0.0,,
1924-07-30,,,0.0,,
1924-07-31,,,0.0,,
1924-08-01,,,41.0,,
1924-08-02,,,0.0,,
1924-08-03,,,76.0,,
1924-08-04,,,0.0,,
1924-08-05,,,0.0,,
1924-08-06,,,99.0,,
1924-08-07,,,76.0,,
1924-08-08,,,74.0,,
1924-08-09,,,0.0,,
1924-08-10,,,0.0,,
1924-08-11,,,0.0,,
1924-08-12,,,142.0,,
1924-08-13,,,0.0,,
1924-08-14,,,0.0,,
1924-08-15,,,0.0,,
1924-08-16,,,0.0,,
1924-08-17,,,13.0,,
1924-08-18,,,0.0,,
1924-08-19,,,0.0,,
1924-08-20,,,0.0,,
1924-08-21,,,0.0,,
1924-08-22,,,0.0,,
1924-08-23,,,0.0,,
1924-08-24,,,0.0,,
1924-08-25,,,0.0,,
1924-08-26,,,163.0,,
1924-08-27,,,0.0,,
1924-08-28,,,0.0,,
1924-08-29,,,0.0,,
1924-08-30,,,0.0,,
1924-08-31,,,0.0,,
1924-09-01,,,5.0,,
1924-09-02,,,0.0,,
1924-09-03,,,89.0,,
1924-09-04,,,0.0,,
1924-09-05,,,0.0,,
1924-09-06,,,0.0,,
1924-09-07,,,0.0,,
1924-09-08,,,0.0,,
1924-09-09,,,340.0,,
1924-09-10,,,0.0,,
1924-09-11,,,0.0,,
1924-09-12,,,0.0,,
1924-09-13,,,0.0,,
1924-09-14,,,0.0,,
1924-09-15,,,0.0,,
1924-09-16,,,0.0,,
1924-09-17,,,15.0,,
1924-09-18,,,0.0,,
1924-09-19,,,41.0,,
1924-09-20,,,99.0,,
1924-09-21,,,152.0,,
1924-09-22,,,193.0,,
1924-09-23,,,66.0,,
1924-09-24,,,0.0,,
1924-09-25,,,23.0,,
1924-09-26,,,71.0,,
1924-09-27,,,23.0,,
1924-09-28,,,0.0,,
1924-09-29,,,178.0,,
1924-09-30,,,51.0,,
1924-10-01,,,0.0,,
1924-10-02,,,0.0,,
1924-10-03,,,0.0,,
1924-10-04,,,0.0,,
1924-10-05,,,0.0,,
1924-10-06,,,0.0,,
1924-10-07,,,0.0,,
1924-10-08,,,0.0,,
1924-10-09,,,0.0,,
1924-10-10,,,0.0,,
1924-10-11,,,0.0,,
1924-10-12,,,0.0,,
1924-10-13,,,0.0,,
1924-10-14,,,0.0,,
1924-10-15,,,0.0,,
1924-10-16,,,0.0,,
1924-10-17,,,0.0,,
1924-10-18,,,0.0,,
1924-10-19,,,0.0,,
1924-10-20,,,0.0,,
1924-10-21,,,0.0,,
1924-10-22,,,0.0,,
1924-10-23,,,0.0,,
1924-10-24,,,0.0,,
1924-10-25,,,0.0,,
1924-10-26,,,8.0,,
1924-10-27,,,147.0,,
1924-10-28,,,0.0,,
1924-10-29,,,0.0,,
1924-10-30,,,0.0,,
1924-10-31,,,0.0,,
1924-11-01,,,0.0,,
1924-11-02,,,0.0,,
1924-11-03,,,0.0,,
1924-11-04,,,0.0,,
1924-11-05,,,0.0,,
1924-11-06,,,0.0,,
1924-11-07,,,0.0,,
1924-11-08,,,0.0,,
1924-11-09,,,0.0,,
1924-11-10,,,0.0,,
1924-11-11,,,0.0,,
1924-11-12,,,0.0,,
1924-11-13,,,0.0,,
1924-11-14,,,0.0,,
1924-11-15,,,0.0,,
1924-11-16,,,0.0,,
1924-11-17,,,0.0,,
1924-11-18,,,0.0,,
1924-11-19,,,0.0,,
1924-11-20,,,0.0,,
1924-11-22,,,130.0,,
1924-11-23,,,0.0,,
1924-11-24,,,0.0,,
1924-11-25,,,0.0,,
1924-11-26,,,0.0,,
1924-11-27,,,0.0,,
1924-11-28,,,0.0,,
1924-11-29,,,0.0,,
1924-11-30,,,0.0,,
1924-12-01,,,0.0,,
1924-12-02,,,0.0,,
1924-12-03,,,0.0,,
1924-12-04,,,150.0,,
1924-12-05,,,5.0,,
1924-12-06,,,86.0,,
1924-12-07,,,259.0,,
1924-12-08,,,363.0,,
1924-12-09,,,0.0,,
1924-12-10,,,0.0,,
1924-12-11,,,0.0,,
1924-12-12,,,0.0,,
1924-12-13,,,0.0,,
1924-12-14,,,0.0,,
1924-12-15,,,0.0,,
1924-12-16,,,20.0,,
1924-12-17,,,0.0,,
1924-12-18,,,0.0,,
1924-12-19,,,0.0,,
1924-12-20,,,0.0,,
1924-12-21,,,0.0,,
1924-12-22,,,0.0,,
1924-12-24,,,292.0,,
1924-12-25,,,84.0,,
1924-12-26,,,0.0,,
1924-12-27,,,0.0,,
1924-12-28,,,0.0,,
1924-12-29,,,0.0,,
1924-12-30,,,150.0,,
1924-12-31,,,109.0,,
1925-01-01,,,378.0,,0.0
1925-01-02,,,20.0,,0.0
1925-01-03,,,0.0,,0.0
1925-01-04,,,5.0,,0.0
1925-01-05,,,0.0,,0.0
1925-01-06,,,0.0,,0.0
1925-01-07,,,0.0,,0.0
1925-01-08,,,28.0,,0.0
1925-01-09,,,201.0,,0.0
1925-01-10,,,353.0,,0.0
1925-01-11,,,249.0,,0.0
1925-01-12,,,30.0,,0.0
1925-01-13,,,0.0,,0.0
1925-01-14,,,0.0,,0.0
1925-01-15,,,0.0,,0.0
1925-01-16,,,86.0,,0.0
1925-01-17,,,185.0,,0.0
1925-01-18,,,229.0,,0.0
1925-01-19,,,135.0,,0.0
1925-01-20,,,64.0,,0.0
1925-01-21,,,0.0,,0.0
1925-01-22,,,0.0,,0.0
1925-01-23,,,0.0,,0.0
1925-01-24,,,0.0,,0.0
1925-01-25,,,0.0,,0.0
1925-01-26,,,0.0,,0.0
1925-01-27,,,25.0,,0.0
1925-01-28,,,30.0,,0.0
1925-01-29,,,25.0,,0.0
1925-01-30,,,0.0,,0.0
1925-01-31,,,0.0,,0.0
1925-02-01,,,0.0,,0.0
1925-02-02,,,5.0,,0.0
1925-02-03,,,51.0,,0.0
1925-02-04,,,0.0,,0.0
1925-02-05,,,0.0,,0.0
1925-02-06,,,0.0,,0.0
1925-02-07,,,0.0,,0.0
1925-02-08,,,0.0,,0.0
1925-02-09,,,51.0,,0.0
1925-02-10,,,43.0,,0.0
1925-02-11,,,30.0,,0.0
1925-02-12,,,10.0,0.0,8.0
1925-02-13,,,0.0,,0.0
1925-02-14,,,0.0,,0.0
1925-02-15,,,41.0,,0.0
1925-02-16,,,18.0,,0.0
1925-02-17,,,0.0,,0.0
1925-02-18,,,0.0,,0.0
1925-02-19,,,0.0,,0.0
1925-02-20,,,0.0,,0.0
1925-02-21,,,0.0,,0.0
1925-02-22,,,10.0,,0.0
1925-02-23,,,64.0,,0.0
1925-02-24,,,0.0,,0.0
1925-02-25,,,0.0,,0.0
1925-02-26,,,48.0,,0.0
1925-02-27,,,0.0,,0.0
1925-02-28,,,0.0,,0.0
1925-03-01,,,28.0,,0.0
1925-03-02,,,8.0,,0.0
1925-03-03,,,0.0,,0.0
1925-03-04,,,0.0,,0.0
1925-03-05,,,76.0,,76.0
1925-03-06,,,0.0,,0.0
1925-03-07,,,0.0,,0.0
1925-03-08,,,0.0,,0.0
1925-03-09,,,0.0,,0.0
1925-03-10,,,0.0,,0.0
1925-03-11,,,0.0,,0.0
1925-03-12,,,0.0,,0.0
1925-03-13,,,0.0,,0.0
1925-03-14,,,0.0,,0.0
1925-03-15,,,51.0,,0.0
1925-03-16,,,0.0,,0.0
1925-03-17,,,264.0,,0.0
1925-03-18,,,0.0,,0.0
1925-03-19,,,193.0,,0.0
1925-03-20,,,0.0,,0.0
1925-03-21,,,0.0,,0.0
1925-03-22,,,0.0,,0.0
1925-03-23,,,0.0,,0.0
1925-03-24,,,0.0,,0.0
1925-03-25,,,0.0,,0.0
1925-03-26,,,0.0,,0.0
1925-03-27,,,155.0,,0.0
1925-03-28,,,13.0,,0.0
1925-03-29,,,0.0,,0.0
1925-03-30,,,0.0,,0.0
1925-03-31,,,0.0,,0.0
1925-04-01,,,0.0,,
1925-04-02,,,0.0,,
1925-04-03,,,0.0,,
1925-04-04,,,0.0,,
1925-04-05,,,112.0,,
1925-04-06,,,33.0,,
1925-04-07,,,0.0,,
1925-04-08,,,0.0,,
1925-04-09,,,0.0,,
1925-04-10,,,109.0,,
1925-04-11,,,41.0,,
1925-04-12,,,0.0,,
1925-04-13,,,0.0,,
1925-04-14,,,0.0,,
1925-04-15,,,8.0,,
1925-04-16,,,0.0,,
1925-04-17,,,0.0,,
1925-04-18,,,89.0,,
1925-04-19,,,0.0,,
1925-04-20,,,0.0,,
1925-04-21,,,0.0,,
1925-04-22,,,0.0,,
1925-04-23,,,0.0,,
1925-04-24,,,0.0,,
1925-04-25,,,0.0,,
1925-04-26,,,0.0,,
1925-04-27,,,109.0,,
1925-04-28,,,259.0,,
1925-04-29,,,20.0,,
1925-04-30,,,0.0,,
1925-05-01,,,8.0,,
1925-05-02,,,0.0,,
1925-05-03,,,0.0,,
1925-05-04,,,0.0,,
1925-05-05,,,53.0,,
1925-05-06,,,0.0,,
1925-05-07,,,0.0,,
1925-05-08,,,0.0,,
1925-05-09,,,0.0,,
1925-05-10,,,0.0,,
1925-05-11,,,234.0,,
1925-05-12,,,10.0,,
1925-05-13,,,147.0,,
1925-05-14,,,0.0,,
1925-05-15,,,0.0,,
1925-05-16,,,0.0,,
1925-05-17,,,0.0,,
1925-05-18,,,51.0,,
1925-05-19,,,0.0,,
1925-05-20,,,5.0,,
1925-05-21,,,0.0,,
1925-05-22,,,0.0,,
1925-05-23,,,0.0,,
1925-05-24,,,0.0,,
1925-05-25,,,8.0,,
1925-05-26,,,0.0,,
1925-05-27,,,0.0,,
1925-05-28,,,0.0,,
1925-05-29,,,0.0,,
1925-05-30,,,0.0,,
1925-05-31,,,0.0,,
1925-06-01,,,0.0,,
1925-06-02,,,0.0,,
1925-06-03,,,0.0,,
1925-06-04,,,0.0,,
1925-06-05,,,0.0,,
1925-06-06,,,0.0,,
1925-06-07,,,193.0,,
1925-06-08,,,20.0,,
1925-06-09,,,160.0,,
1925-06-10,,,0.0,,
1925-06-11,,,0.0,,
1925-06-12,,,0.0,,
1925-06-13,,,0.0,,
1925-06-14,,,0.0,,
1925-06-15,,,0.0,,
1925-06-16,,,0.0,,
1925-06-17,,,206.0,,
1925-06-18,,,0.0,,
1925-06-19,,,147.0,,
1925-06-20,,,0.0,,
1925-06-21,,,0.0,,
1925-06-22,,,0.0,,
1925-06-23,,,0.0,,
1925-06-24,,,30.0,,
1925-06-25,,,51.0,,
1925-06-26,,,0.0,,
1925-06-27,,,0.0,,
1925-06-28,,,0.0,,
1925-06-29,,,0.0,,
1925-06-30,,,25.0,,
1925-07-01,,,0.0,,
1925-07-02,,,0.0,,
1925-07-03,,,0.0,,
1925-07-04,,,0.0,,
1925-07-05,,,0.0,,
1925-07-06,,,0.0,,
1925-07-07,,,20.0,,
1925-07-08,,,170.0,,
1925-07-09,,,58.0,,
1925-07-10,,,0.0,,
1925-07-11,,,5.0,,
1925-07-12,,,0.0,,
1925-07-13,,,56.0,,
1925-07-14,,,0.0,,
1925-07-15,,,0.0,,
1925-07-16,,,0.0,,
1925-07-17,,,0.0,,
1925-07-18,,,0.0,,
1925-07-19,,,0.0,,
1925-07-20,,,0.0,,
1925-07-21,,,0.0,,
1925-07-22,,,43.0,,
1925-07-23,,,0.0,,
1925-07-24,,,0.0,,
1925-07-25,,,0.0,,
1925-07-26,,,0.0,,
1925-07-27,,,0.0,,
1925-07-28,,,0.0,,
1925-07-29,,,0.0,,
1925-07-30,,,0.0,,
1925-07-31,,,53.0,,
1925-08-01,,,43.0,,
1925-08-02,,,0.0,,
1925-08-03,,,0.0,,
1925-08-04,,,0.0,,
1925-08-05,,,508.0,,
1925-08-06,,,0.0,,
1925-08-07,,,0.0,,
1925-08-08,,,0.0,,
1925-08-09,,,13.0,,
1925-08-10,,,0.0,,
1925-08-11,,,0.0,,
1925-08-12,,,0.0,,
1925-08-13,,,0.0,,
1925-08-14,,,0.0,,
1925-08-15,,,0.0,,
1925-08-16,,,0.0,,
1925-08-17,,,155.0,,
1925-08-18,,,0.0,,
1925-08-19,,,0.0,,
1925-08-20,,,0.0,,
1925-08-21,,,0.0,,
1925-08-22,,,0.0,,
1925-08-23,,,0.0,,
1925-08-24,,,0.0,,
1925-08-25,,,0.0,,
1925-08-26,,,0.0,,
1925-08-27,,,0.0,,
1925-08-28,,,0.0,,
1925-08-29,,,0.0,,
1925-08-30,,,0.0,,
1925-08-31,,,0.0,,
1925-09-01,,,46.0,,
1925-09-02,,,0.0,,
1925-09-03,,,0.0,,
1925-09-04,,,0.0,,
1925-09-05,,,0.0,,
1925-09-06,,,0.0,,
1925-09-07,,,0.0,,
1925-09-08,,,0.0,,
1925-09-09,,,0.0,,
1925-09-10,,,0.0,,
1925-09-11,,,0.0,,
1925-09-12,,,0.0,,
1925-09-13,,,10.0,,
1925-09-14,,,0.0,,
1925-09-15,,,0.0,,
1925-09-16,,,0.0,,
1925-09-17,,,13.0,,
1925-09-18,,,0.0,,
1925-09-19,,,0.0,,
1925-09-20,,,0.0,,
1925-09-21,,,0.0,,
1925-09-22,,,0.0,,
1925-09-23,,,0.0,,
1925-09-24,,,5.0,,
1925-09-25,,,0.0,,
1925-09-26,,,5.0,,
1925-09-27,,,10.0,,
1925-09-28,,,0.0,,
1925-09-29,,,89.0,,
1925-09-30,,,0.0,,
1925-10-01,,,0.0,,
1925-10-02,,,0.0,,
1925-10-03,,,196.0,,
1925-10-04,,,0.0,,
1925-10-05,,,109.0,,
1925-10-06,,,0.0,,
1925-10-07,,,10.0,,
1925-10-08,,,61.0,,
1925-10-09,,,25.0,,
1925-10-10,,,0.0,,
1925-10-11,,,0.0,,
1925-10-12,,,0.0,,
1925-10-13,,,127.0,,
1925-10-14,,,107.0,,
1925-10-15,,,201.0,,
1925-10-16,,,20.0,,
1925-10-17,,,69.0,,
1925-10-18,,,147.0,,
1925-10-19,,,0.0,,
1925-10-20,,,0.0,,
1925-10-21,,,0.0,,
1925-10-22,,,0.0,,
1925-10-23,,,0.0,,
1925-10-24,,,381.0,,
1925-10-25,,,404.0,,
1925-10-26,,,0.0,,
1925-10-27,,,0.0,,
1925-10-28,,,0.0,,
1925-10-29,,,0.0,,
1925-10-30,,,0.0,,
1925-10-31,,,48.0,,
1925-11-01,,,48.0,,
1925-11-02,,,102.0,,
1925-11-03,,,0.0,,
1925-11-04,,,0.0,,
1925-11-05,,,0.0,,
1925-11-06,,,36.0,,
1925-11-07,,,0.0,,
1925-11-08,,,381.0,,
1925-11-09,,,0.0,,
1925-11-10,,,0.0,,
1925-11-11,,,0.0,,
1925-11-12,,,46.0,,
1925-11-13,,,155.0,,
1925-11-14,,,0.0,,
1925-11-15,,,0.0,,
1925-11-16,,,69.0,,
1925-11-17,,,0.0,,
1925-11-18,,,0.0,,
1925-11-19,,,0.0,,
1925-11-20,,,48.0,,
1925-11-21,,,0.0,,
1925-11-22,,,0.0,,
1925-11-23,,,0.0,,
1925-11-24,,,0.0,,
1925-11-25,,,0.0,,
1925-11-26,,,102.0,,
1925-11-27,,,241.0,,
1925-11-28,,,25.0,,
1925-11-29,,,0.0,,
1925-11-30,,,0.0,,
1925-12-01,,,0.0,,
1925-12-02,,,0.0,,
1925-12-03,,,0.0,,
1925-12-04,,,0.0,,
1925-12-05,,,97.0,,
1925-12-06,,,0.0,,
1925-12-07,,,0.0,,
1925-12-08,,,0.0,,
1925-12-09,,,0.0,,
1925-12-10,,,0.0,,
1925-12-11,,,0.0,,
1925-12-12,,,25.0,,
1925-12-13,,,0.0,,
1925-12-14,,,61.0,,
1925-12-15,,,147.0,,
1925-12-16,,,71.0,,
1925-12-17,,,0.0,,
1925-12-18,,,0.0,,
1925-12-19,,,0.0,,
1925-12-20,,,203.0,,
1925-12-21,,,8.0,,
1925-12-22,,,0.0,,
1925-12-23,,,5.0,,0.0
1925-12-24,,,0.0,,
1925-12-25,,,0.0,,
1925-12-26,,,0.0,,
1925-12-27,,,0.0,,
1925-12-28,,,0.0,,
1925-12-29,,,0.0,,
1925-12-30,,,0.0,,
1925-12-31,,,0.0,,
1926-01-01,,,0.0,,0.0
1926-01-02,,,0.0,,0.0
1926-01-03,,,48.0,,0.0
1926-01-04,,,178.0,,0.0
1926-01-05,,,236.0,,0.0
1926-01-06,,,0.0,,0.0
1926-01-07,,,0.0,,0.0
1926-01-08,,,132.0,25.0,132.0
1926-01-09,,,0.0,,0.0
1926-01-10,,,0.0,,0.0
1926-01-11,,,0.0,,0.0
1926-01-12,,,0.0,,0.0
1926-01-13,,,0.0,,0.0
1926-01-14,,,5.0,,5.0
1926-01-15,,,0.0,,0.0
1926-01-16,,,0.0,,0.0
1926-01-17,,,8.0,,0.0
1926-01-18,,,503.0,,0.0
1926-01-19,,,0.0,,0.0
1926-01-20,,,0.0,,0.0
1926-01-21,,,0.0,,0.0
1926-01-22,,,173.0,,0.0
1926-01-23,,,0.0,,0.0
1926-01-24,,,0.0,,0.0
1926-01-25,,,25.0,25.0,25.0
1926-01-26,,,0.0,,0.0
1926-01-27,,,10.0,,10.0
1926-01-28,,,0.0,,0.0
1926-01-29,,,0.0,,0.0
1926-01-30,,,0.0,,0.0
1926-01-31,,,97.0,,0.0
1926-02-01,,,71.0,,0.0
1926-02-02,,,0.0,,0.0
1926-02-03,,,152.0,,0.0
1926-02-04,,,13.0,,0.0
1926-02-05,,,0.0,,0.0
1926-02-06,,,0.0,,0.0
1926-02-07,,,0.0,,0.0
1926-02-08,,,0.0,,0.0
1926-02-09,,,0.0,,0.0
1926-02-10,,,0.0,,0.0
1926-02-11,,,10.0,,10.0
1926-02-12,,,0.0,,0.0
1926-02-13,,,15.0,,0.0
1926-02-14,,,122.0,,0.0
1926-02-15,,,0.0,,0.0
1926-02-16,,,0.0,,0.0
1926-02-17,,,0.0,,0.0
1926-02-18,,,99.0,,0.0
1926-02-19,,,305.0,,0.0
1926-02-20,,,13.0,,0.0
1926-02-21,,,0.0,,0.0
1926-02-22,,,0.0,,0.0
1926-02-23,,,0.0,,0.0
1926-02-24,,,0.0,,0.0
1926-02-25,,,152.0,,0.0
1926-02-26,,,0.0,,0.0
1926-02-27,,,5.0,,0.0
1926-02-28,,,3.0,,3.0
1926-03-01,,,0.0,,0.0
1926-03-02,,,23.0,,0.0
1926-03-03,,,0.0,,0.0
1926-03-04,,,0.0,,0.0
1926-03-05,,,0.0,,0.0
1926-03-06,,,0.0,,0.0
1926-03-07,,,409.0,,0.0
1926-03-08,,,0.0,,0.0
1926-03-09,,,0.0,,0.0
1926-03-10,,,0.0,,0.0
1926-03-11,,,140.0,,0.0
1926-03-12,,,13.0,,13.0
1926-03-13,,,25.0,,0.0
1926-03-14,,,0.0,,0.0
1926-03-15,,,8.0,,8.0
1926-03-16,,,0.0,,0.0
1926-03-17,,,0.0,,0.0
1926-03-18,,,0.0,,0.0
1926-03-19,,,0.0,,0.0
1926-03-20,,,0.0,,0.0
1926-03-21,,,0.0,,0.0
1926-03-22,,,0.0,,0.0
1926-03-23,,,81.0,,0.0
1926-03-24,,,0.0,,0.0
1926-03-25,,,0.0,,0.0
1926-03-26,,,46.0,,0.0
1926-03-27,,,0.0,,0.0
1926-03-28,,,0.0,,0.0
1926-03-29,,,0.0,,0.0
1926-03-30,,,0.0,,0.0
1926-03-31,,,246.0,,0.0
1926-04-01,,,0.0,,
1926-04-02,,,0.0,,
1926-04-03,,,0.0,,
1926-04-04,,,0.0,,
1926-04-05,,,0.0,,
1926-04-06,,,0.0,,
1926-04-07,,,0.0,,
1926-04-08,,,361.0,,
1926-04-09,,,18.0,,
1926-04-10,,,0.0,,
1926-04-11,,,18.0,,
1926-04-12,,,18.0,,
1926-04-13,,,119.0,,
1926-04-14,,,0.0,,
1926-04-15,,,0.0,,
1926-04-16,,,8.0,,
1926-04-17,,,0.0,,
1926-04-18,,,0.0,,
1926-04-19,,,0.0,,
1926-04-20,,,0.0,,
1926-04-21,,,0.0,,
1926-04-22,,,0.0,,
1926-04-23,,,58.0,,
1926-04-24,,,25.0,,
1926-04-25,,,0.0,,
1926-04-26,,,0.0,,
1926-04-27,,,0.0,,
1926-04-28,,,15.0,,
1926-04-29,,,0.0,,
1926-04-30,,,0.0,,
1926-05-01,,,0.0,,
1926-05-02,,,0.0,,
1926-05-03,,,185.0,,
1926-05-04,,,104.0,,
1926-05-05,,,0.0,,
1926-05-06,,,0.0,,
1926-05-07,,,0.0,,
1926-05-08,,,0.0,,
1926-05-09,,,0.0,,
1926-05-10,,,5.0,,
1926-05-11,,,0.0,,
1926-05-12,,,81.0,,
1926-05-13,,,25.0,,
1926-05-14,,,10.0,,
1926-05-15,,,43.0,,
1926-05-16,,,254.0,,
1926-05-17,,,0.0,,
1926-05-18,,,0.0,,
1926-05-19,,,0.0,,
1926-05-20,,,94.0,,
1926-05-21,,,0.0,,
1926-05-22,,,0.0,,
1926-05-23,,,0.0,,
1926-05-24,,,0.0,,
1926-05-25,,,0.0,,
1926-05-26,,,0.0,,
1926-05-27,,,0.0,,
1926-05-28,,,0.0,,
1926-05-29,,,51.0,,
1926-05-30,,,0.0,,
1926-05-31,,,0.0,,
1926-06-01,,,51.0,,
1926-06-02,,,0.0,,
1926-06-03,,,0.0,,
1926-06-04,,,25.0,,
1926-06-05,,,5.0,,
1926-06-06,,,0.0,,
1926-06-07,,,5.0,,
1926-06-08,,,0.0,,
1926-06-09,,,0.0,,
1926-06-10,,,0.0,,
1926-06-11,,,0.0,,
1926-06-12,,,0.0,,
1926-06-13,,,0.0,,
1926-06-14,,,0.0,,
1926-06-15,,,386.0,,
1926-06-16,,,0.0,,
1926-06-17,,,0.0,,
1926-06-18,,,102.0,,
1926-06-19,,,0.0,,
1926-06-20,,,241.0,,
1926-06-21,,,0.0,,
1926-06-22,,,0.0,,
1926-06-23,,,163.0,,
1926-06-24,,,0.0,,
1926-06-25,,,0.0,,
1926-06-26,,,135.0,,
1926-06-27,,,0.0,,
1926-06-28,,,0.0,,
1926-06-29,,,25.0,,
1926-06-30,,,0.0,,
1926-07-01,,,0.0,,
1926-07-02,,,0.0,,
1926-07-03,,,0.0,,
1926-07-04,,,0.0,,
1926-07-05,,,0.0,,
1926-07-06,,,0.0,,
1926-07-07,,,0.0,,
1926-07-08,,,211.0,,
1926-07-09,,,25.0,,
1926-07-10,,,0.0,,
1926-07-11,,,20.0,,
1926-07-12,,,0.0,,
1926-07-13,,,0.0,,
1926-07-14,,,0.0,,
1926-07-15,,,0.0,,
1926-07-16,,,0.0,,
1926-07-17,,,0.0,,
1926-07-18,,,0.0,,
1926-07-19,,,0.0,,
1926-07-20,,,0.0,,
1926-07-21,,,0.0,,
1926-07-22,,,91.0,,
1926-07-23,,,8.0,,
1926-07-24,,,325.0,,
1926-07-25,,,0.0,,
1926-07-26,,,8.0,,
1926-07-27,,,185.0,,
1926-07-28,,,10.0,,
1926-07-29,,,38.0,,
1926-07-30,,,43.0,,
1926-07-31,,,64.0,,
1926-08-01,,,213.0,,
1926-08-02,,,33.0,,
1926-08-03,,,86.0,,
1926-08-04,,,178.0,,
1926-08-05,,,127.0,,
1926-08-06,,,10.0,,
1926-08-07,,,0.0,,
1926-08-08,,,0.0,,
1926-08-09,,,0.0,,
1926-08-10,,,0.0,,
1926-08-11,,,25.0,,
1926-08-12,,,51.0,,
1926-08-13,,,0.0,,
1926-08-14,,,0.0,,
1926-08-15,,,117.0,,
1926-08-16,,,0.0,,
1926-08-17,,,152.0,,
1926-08-18,,,13.0,,
1926-08-19,,,33.0,,
1926-08-20,,,244.0,,
1926-08-21,,,297.0,,
1926-08-22,,,66.0,,
1926-08-23,,,13.0,,
1926-08-24,,,76.0,,
1926-08-25,,,168.0,,
1926-08-26,,,36.0,,
1926-08-27,,,0.0,,
1926-08-28,,,0.0,,
1926-08-29,,,0.0,,
1926-08-30,,,0.0,,
1926-08-31,,,0.0,,
1926-09-01,,,0.0,,
1926-09-02,,,0.0,,
1926-09-03,,,0.0,,
1926-09-04,,,0.0,,
1926-09-05,,,38.0,,
1926-09-06,,,0.0,,
1926-09-07,,,28.0,,
1926-09-08,,,0.0,,
1926-09-09,,,0.0,,
1926-09-10,,,58.0,,
1926-09-11,,,0.0,,
1926-09-12,,,0.0,,
1926-09-13,,,0.0,,
1926-09-14,,,0.0,,
1926-09-15,,,91.0,,
1926-09-16,,,5.0,,
1926-09-17,,,0.0,,
1926-09-18,,,0.0,,
1926-09-19,,,0.0,,
1926-09-20,,,0.0,,
1926-09-21,,,0.0,,
1926-09-22,,,0.0,,
1926-09-23,,,0.0,,
1926-09-24,,,0.0,,
1926-09-25,,,0.0,,
1926-09-26,,,0.0,,
1926-09-27,,,0.0,,
1926-09-28,,,0.0,,
1926-09-29,,,0.0,,
1926-09-30,,,0.0,,
1926-10-01,,,0.0,,
1926-10-02,,,53.0,,
1926-10-03,,,0.0,,
1926-10-04,,,0.0,,
1926-10-05,,,0.0,,
1926-10-06,,,124.0,,
1926-10-07,,,0.0,,
1926-10-08,,,0.0,,
1926-10-09,,,0.0,,
1926-10-10,,,0.0,,
1926-10-11,,,152.0,,
1926-10-12,,,8.0,,
1926-10-13,,,180.0,,
1926-10-14,,,0.0,,
1926-10-15,,,0.0,,
1926-10-16,,,0.0,,
1926-10-17,,,0.0,,
1926-10-18,,,0.0,,
1926-10-19,,,0.0,,
1926-10-20,,,0.0,,
1926-10-21,,,0.0,,
1926-10-22,,,0.0,,
1926-10-23,,,0.0,,
1926-10-24,,,25.0,,
1926-10-25,,,53.0,,
1926-10-26,,,0.0,,
1926-10-27,,,8.0,,
1926-10-28,,,0.0,,
1926-10-29,,,0.0,,
1926-10-30,,,0.0,,
1926-10-31,,,51.0,,
1926-11-01,,,0.0,,
1926-11-02,,,0.0,,
1926-11-03,,,0.0,,
1926-11-04,,,0.0,,
1926-11-05,,,0.0,,
1926-11-06,,,0.0,,
1926-11-07,,,0.0,,
1926-11-08,,,0.0,,
1926-11-09,,,234.0,,
1926-11-10,,,0.0,,
1926-11-11,,,0.0,,
1926-11-12,,,0.0,,
1926-11-13,,,0.0,,
1926-11-14,,,0.0,,
1926-11-15,,,0.0,,
1926-11-16,,,338.0,,
1926-11-17,,,20.0,,
1926-11-18,,,58.0,,
1926-11-19,,,0.0,,
1926-11-20,,,0.0,,
1926-11-21,,,3.0,,
1926-11-22,,,0.0,,
1926-11-23,,,0.0,,
1926-11-24,,,13.0,,
1926-11-25,,,23.0,,
1926-11-26,,,86.0,,
1926-11-27,,,211.0,,
1926-11-28,,,0.0,,
1926-11-29,,,0.0,,
1926-11-30,,,66.0,,
1926-12-01,,,0.0,,
1926-12-02,,,0.0,,
1926-12-03,,,0.0,,
1926-12-04,,,0.0,,
1926-12-05,,,0.0,,
1926-12-06,,,5.0,,
1926-12-07,,,0.0,,
1926-12-08,,,71.0,,
1926-12-09,,,241.0,,
1926-12-10,,,43.0,,
1926-12-11,,,28.0,,
1926-12-12,,,15.0,,
1926-12-13,,,356.0,,
1926-12-14,,,46.0,,
1926-12-15,,,64.0,,
1926-12-16,,,0.0,,
1926-12-17,,,0.0,,
1926-12-18,,,0.0,,
1926-12-19,,,0.0,,
1926-12-20,,,0.0,,
1926-12-21,,,25.0,,
1926-12-22,,,137.0,,
1926-12-23,,,0.0,,
1926-12-24,,,208.0,,
1926-12-25,,,406.0,,
1926-12-26,,,155.0,,
1926-12-27,,,0.0,,
1926-12-28,,,282.0,,
1926-12-29,,,229.0,,
1926-12-30,,,0.0,,
1926-12-31,,,0.0,,
1927-01-01,,,0.0,,0.0
1927-01-02,,,0.0,,0.0
1927-01-03,,,0.0,,0.0
1927-01-04,,,0.0,,0.0
1927-01-05,,,0.0,,0.0
1927-01-06,,,0.0,,0.0
1927-01-07,,,0.0,,0.0
1927-01-08,,,0.0,,0.0
1927-01-09,,,0.0,,0.0
1927-01-10,,,15.0,,0.0
1927-01-11,,,3.0,,3.0
1927-01-12,,,0.0,,0.0
1927-01-13,,,0.0,,0.0
1927-01-14,,,130.0,,0.0
1927-01-15,,,3.0,,3.0
1927-01-16,,,0.0,,0.0
1927-01-17,,,0.0,,0.0
1927-01-18,,,3.0,,0.0
1927-01-19,,,0.0,,0.0
1927-01-20,,,0.0,,0.0
1927-01-21,,,0.0,,0.0
1927-01-22,,,13.0,,0.0
1927-01-23,,,0.0,,0.0
1927-01-24,,,3.0,,0.0
1927-01-25,,,0.0,,0.0
1927-01-26,,,41.0,,0.0
1927-01-27,,,38.0,,0.0
1927-01-28,,,3.0,,0.0
1927-01-29,,,157.0,,0.0
1927-01-30,,,0.0,,0.0
1927-01-31,,,53.0,,0.0
1927-02-01,,,0.0,,
1927-02-02,,,51.0,,
1927-02-03,,,0.0,,
1927-02-04,,,0.0,,
1927-02-05,,,0.0,,
1927-02-06,,,0.0,,
1927-02-07,,,122.0,,
1927-02-08,,,0.0,,
1927-02-09,,,10.0,,
1927-02-10,,,8.0,,
1927-02-11,,,0.0,,
1927-02-12,,,58.0,,
1927-02-13,,,234.0,,
1927-02-14,,,152.0,,
1927-02-15,,,0.0,,
1927-02-16,,,0.0,,
1927-02-17,,,0.0,,
1927-02-18,,,13.0,,
1927-02-19,,,51.0,,
1927-02-20,,,25.0,,
1927-02-21,,,0.0,,0.0
1927-02-22,,,0.0,,
1927-02-23,,,203.0,,
1927-02-24,,,163.0,,
1927-02-25,,,0.0,,
1927-02-26,,,109.0,,
1927-02-27,,,0.0,,
1927-02-28,,,0.0,,
1927-03-01,,,64.0,,64.0
1927-03-02,,,163.0,,163.0
1927-03-03,,,0.0,,0.0
1927-03-04,,,0.0,,0.0
1927-03-05,,,0.0,,0.0
1927-03-06,,,53.0,,0.0
1927-03-07,,,53.0,,0.0
1927-03-08,,,508.0,,0.0
1927-03-09,,,251.0,,0.0
1927-03-10,,,0.0,,0.0
1927-03-11,,,0.0,,0.0
1927-03-12,,,0.0,,0.0
1927-03-13,,,0.0,,0.0
1927-03-14,,,163.0,,0.0
1927-03-15,,,0.0,,0.0
1927-03-16,,,0.0,,0.0
1927-03-17,,,0.0,,0.0
1927-03-18,,,0.0,,0.0
1927-03-19,,,0.0,,0.0
1927-03-20,,,0.0,,0.0
1927-03-21,,,0.0,,0.0
1927-03-22,,,25.0,,0.0
1927-03-23,,,0.0,,0.0
1927-03-24,,,0.0,,0.0
1927-03-25,,,64.0,,0.0
1927-03-26,,,0.0,,0.0
1927-03-27,,,0.0,,0.0
1927-03-28,,,0.0,,0.0
1927-03-29,,,0.0,,0.0
1927-03-30,,,38.0,,0.0
1927-03-31,,,114.0,,0.0
1927-04-01,,,191.0,,
1927-04-02,,,0.0,,
1927-04-03,,,0.0,,
1927-04-04,,,0.0,,
1927-04-05,,,0.0,,
1927-04-06,,,196.0,,
1927-04-07,,,0.0,,
1927-04-08,,,0.0,,
1927-04-09,,,64.0,,
1927-04-10,,,64.0,,
1927-04-11,,,46.0,,
1927-04-12,,,8.0,,
1927-04-13,,,5.0,,
1927-04-14,,,0.0,,
1927-04-15,,,0.0,,
1927-04-16,,,0.0,,
1927-04-17,,,0.0,,
1927-04-18,,,0.0,,
1927-04-19,,,0.0,,
1927-04-20,,,0.0,,
1927-04-21,,,0.0,,
1927-04-22,,,287.0,,
1927-04-23,,,0.0,,
1927-04-24,,,0.0,,
1927-04-25,,,0.0,,
1927-04-26,,,0.0,,
1927-04-27,,,0.0,,
1927-04-28,,,0.0,,
1927-04-29,,,0.0,,
1927-04-30,,,18.0,,
1927-05-01,,,97.0,,
1927-05-02,,,0.0,,
1927-05-03,,,0.0,,
1927-05-04,,,10.0,,
1927-05-05,,,0.0,,
1927-05-06,,,163.0,,
1927-05-07,,,20.0,,
1927-05-08,,,0.0,,
1927-05-09,,,0.0,,
1927-05-10,,,0.0,,
1927-05-11,,,0.0,,
1927-05-12,,,0.0,,
1927-05-13,,,0.0,,
1927-05-14,,,46.0,,
1927-05-15,,,0.0,,
1927-05-16,,,0.0,,
1927-05-17,,,0.0,,
1927-05-18,,,0.0,,
1927-05-19,,,0.0,,
1927-05-20,,,0.0,,
1927-05-21,,,18.0,,
1927-05-22,,,0.0,,
1927-05-23,,,0.0,,
1927-05-24,,,97.0,,
1927-05-25,,,51.0,,
1927-05-26,,,38.0,,
1927-05-27,,,0.0,,
1927-05-28,,,0.0,,
1927-05-29,,,130.0,,
1927-05-30,,,76.0,,
1927-05-31,,,127.0,,
1927-06-01,,,84.0,,
1927-06-02,,,0.0,,
1927-06-03,,,28.0,,
1927-06-04,,,193.0,,
1927-06-05,,,0.0,,
1927-06-06,,,0.0,,
1927-06-07,,,76.0,,
1927-06-08,,,3.0,,
1927-06-09,,,0.0,,
1927-06-10,,,10.0,,
1927-06-11,,,25.0,,
1927-06-12,,,13.0,,
1927-06-13,,,38.0,,
1927-06-14,,,84.0,,
1927-06-15,,,160.0,,
1927-06-16,,,46.0,,
1927-06-17,,,109.0,,
1927-06-18,,,124.0,,
1927-06-19,,,15.0,,
1927-06-20,,,0.0,,
1927-06-21,,,0.0,,
1927-06-22,,,114.0,,
1927-06-23,,,320.0,,
1927-06-24,,,8.0,,
1927-06-25,,,0.0,,
1927-06-26,,,5.0,,
1927-06-27,,,0.0,,
1927-06-28,,,0.0,,
1927-06-29,,,0.0,,
1927-06-30,,,0.0,,
1927-07-01,,,0.0,,
1927-07-02,,,0.0,,
1927-07-03,,,13.0,,
1927-07-04,,,0.0,,
1927-07-05,,,0.0,,
1927-07-06,,,0.0,,
1927-07-07,,,5.0,,
1927-07-08,,,5.0,,
1927-07-09,,,33.0,,
1927-07-10,,,368.0,,
1927-07-11,,,216.0,,
1927-07-12,,,175.0,,
1927-07-13,,,0.0,,
1927-07-14,,,168.0,,
1927-07-15,,,51.0,,
1927-07-16,,,0.0,,
1927-07-17,,,18.0,,
1927-07-18,,,0.0,,
1927-07-19,,,10.0,,
1927-07-20,,,0.0,,
1927-07-21,,,0.0,,
1927-07-22,,,8.0,,
1927-07-23,,,498.0,,
1927-07-24,,,0.0,,
1927-07-25,,,0.0,,
1927-07-26,,,0.0,,
1927-07-27,,,0.0,,
1927-07-28,,,0.0,,
1927-07-29,,,0.0,,
1927-07-30,,,8.0,,
1927-07-31,,,0.0,,
1927-08-01,,,155.0,,
1927-08-02,,,0.0,,
1927-08-03,,,0.0,,
1927-08-04,,,97.0,,
1927-08-05,,,109.0,,
1927-08-06,,,0.0,,
1927-08-07,,,0.0,,
1927-08-08,,,0.0,,
1927-08-09,,,109.0,,
1927-08-10,,,0.0,,
1927-08-11,,,69.0,,
1927-08-12,,,74.0,,
1927-08-13,,,25.0,,
1927-08-14,,,46.0,,
1927-08-15,,,38.0,,
1927-08-16,,,0.0,,
1927-08-17,,,0.0,,
1927-08-18,,,5.0,,
1927-08-19,,,0.0,,
1927-08-20,,,5.0,,
1927-08-21,,,0.0,,
1927-08-22,,,0.0,,
1927-08-23,,,0.0,,
1927-08-24,,,0.0,,
1927-08-25,,,0.0,,
1927-08-26,,,0.0,,
1927-08-27,,,0.0,,
1927-08-28,,,117.0,,
1927-08-29,,,0.0,,
1927-08-30,,,0.0,,
1927-08-31,,,99.0,,
1927-09-01,,,0.0,,
1927-09-02,,,0.0,,
1927-09-03,,,18.0,,
1927-09-04,,,41.0,,
1927-09-05,,,53.0,,
1927-09-06,,,0.0,,
1927-09-07,,,0.0,,
1927-09-08,,,0.0,,
1927-09-09,,,30.0,,
1927-09-10,,,46.0,,
1927-09-11,,,0.0,,
1927-09-12,,,0.0,,
1927-09-13,,,0.0,,
1927-09-14,,,0.0,,
1927-09-15,,,0.0,,
1927-09-16,,,0.0,,
1927-09-17,,,0.0,,
1927-09-18,,,0.0,,
1927-09-19,,,99.0,,
1927-09-20,,,53.0,,
1927-09-21,,,0.0,,
1927-09-22,,,0.0,,
1927-09-23,,,0.0,,
1927-09-24,,,0.0,,
1927-09-25,,,0.0,,
1927-09-26,,,0.0,,
1927-09-27,,,0.0,,
1927-09-28,,,0.0,,
1927-09-29,,,0.0,,
1927-09-30,,,0.0,,
1927-10-01,,,0.0,,
1927-10-02,,,0.0,,
1927-10-03,,,0.0,,
1927-10-04,,,56.0,,
1927-10-05,,,0.0,,
1927-10-06,,,0.0,,
1927-10-07,,,0.0,,
1927-10-08,,,33.0,,
1927-10-09,,,208.0,,
1927-10-10,,,0.0,,
1927-10-11,,,0.0,,
1927-10-12,,,127.0,,
1927-10-13,,,185.0,,
1927-10-14,,,0.0,,
1927-10-15,,,0.0,,
1927-10-16,,,0.0,,
1927-10-17,,,0.0,,
1927-10-18,,,0.0,,
1927-10-19,,,0.0,,
1927-10-20,,,0.0,,
1927-10-21,,,0.0,,
1927-10-22,,,0.0,,
1927-10-23,,,0.0,,
1927-10-24,,,0.0,,
1927-10-25,,,0.0,,
1927-10-26,,,0.0,,
1927-10-27,,,0.0,,
1927-10-28,,,0.0,,
1927-10-29,,,0.0,,
1927-10-30,,,0.0,,
1927-10-31,,,0.0,,
1927-11-01,,,0.0,,
1927-11-02,,,0.0,,
1927-11-03,,,338.0,,
1927-11-04,,,0.0,,
1927-11-05,,,0.0,,
1927-11-06,,,25.0,,
1927-11-07,,,0.0,,
1927-11-08,,,10.0,,
1927-11-09,,,218.0,,
1927-11-10,,,0.0,,
1927-11-11,,,0.0,,
1927-11-12,,,0.0,,
1927-11-13,,,0.0,,
1927-11-14,,,0.0,,
1927-11-15,,,0.0,,
1927-11-16,,,10.0,,
1927-11-17,,,188.0,,
1927-11-18,,,0.0,,
1927-11-19,,,0.0,,
1927-11-20,,,0.0,,
1927-11-21,,,0.0,,
1927-11-22,,,0.0,,
1927-11-23,,,0.0,,
1927-11-24,,,0.0,,
1927-11-25,,,10.0,,
1927-11-26,,,0.0,,
1927-11-27,,,0.0,,
1927-11-28,,,0.0,,
1927-11-29,,,0.0,,
1927-11-30,,,0.0,,
1927-12-01,,,229.0,,
1927-12-02,,,229.0,,
1927-12-03,,,335.0,,
1927-12-04,,,30.0,,
1927-12-05,,,0.0,,
1927-12-06,,,0.0,,
1927-12-07,,,0.0,,
1927-12-08,,,114.0,,
1927-12-09,,,0.0,,
1927-12-10,,,0.0,,
1927-12-11,,,0.0,,
1927-12-12,,,310.0,,
1927-12-13,,,23.0,,
1927-12-14,,,38.0,,
1927-12-15,,,246.0,,
1927-12-16,,,521.0,,
1927-12-17,,,0.0,,
1927-12-18,,,0.0,,
1927-12-19,,,0.0,,
1927-12-20,,,0.0,,
1927-12-21,,,0.0,,
1927-12-22,,,0.0,,
1927-12-23,,,0.0,,
1927-12-24,,,0.0,,
1927-12-25,,,0.0,,
1927-12-26,,,0.0,,
1927-12-27,,,0.0,,
1927-12-28,,,0.0,,
1927-12-29,,,259.0,,
1927-12-30,,,0.0,,
1927-12-31,,,399.0,,
1928-01-01,,,5.0,,0.0
1928-01-02,,,0.0,,0.0
1928-01-03,,,5.0,,5.0
1928-01-04,,,0.0,,0.0
1928-01-05,,,0.0,,0.0
1928-01-06,,,0.0,,0.0
1928-01-07,,,0.0,,0.0
1928-01-08,,,0.0,,0.0
1928-01-09,,,216.0,,0.0
1928-01-10,,,0.0,,0.0
1928-01-11,,,0.0,,0.0
1928-01-12,,,0.0,,0.0
1928-01-13,,,0.0,,0.0
1928-01-14,,,0.0,,0.0
1928-01-15,,,0.0,,0.0
1928-01-16,,,0.0,,0.0
1928-01-17,,,0.0,,0.0
1928-01-18,,,122.0,,0.0
1928-01-19,,,5.0,,0.0
1928-01-20,,,64.0,,0.0
1928-01-21,,,0.0,,0.0
1928-01-22,,,0.0,,0.0
1928-01-23,,,0.0,,0.0
1928-01-24,,,0.0,,0.0
1928-01-25,,,165.0,,0.0
1928-01-26,,,0.0,,0.0
1928-01-27,,,0.0,,0.0
1928-01-28,,,15.0,,15.0
1928-01-29,,,0.0,,0.0
1928-01-30,,,0.0,,0.0
1928-01-31,,,203.0,,0.0
1928-02-01,,,10.0,,0.0
1928-02-02,,,0.0,,0.0
1928-02-03,,,0.0,,0.0
1928-02-04,,,0.0,,0.0
1928-02-05,,,20.0,,0.0
1928-02-06,,,5.0,,0.0
1928-02-07,,,8.0,,0.0
1928-02-08,,,246.0,,0.0
1928-02-09,,,0.0,,0.0
1928-02-10,,,0.0,,0.0
1928-02-11,,,0.0,,0.0
1928-02-12,,,0.0,,0.0
1928-02-13,,,0.0,,0.0
1928-02-14,,,30.0,,0.0
1928-02-15,,,36.0,,0.0
1928-02-16,,,13.0,,0.0
1928-02-17,,,0.0,,0.0
1928-02-18,,,58.0,,0.0
1928-02-19,,,3.0,,3.0
1928-02-20,,,0.0,,0.0
1928-02-21,,,0.0,,0.0
1928-02-22,,,0.0,,0.0
1928-02-23,,,91.0,,0.0
1928-02-24,,,13.0,,0.0
1928-02-25,,,0.0,,0.0
1928-02-26,,,0.0,,0.0
1928-02-27,,,0.0,,0.0
1928-02-28,,,0.0,,0.0
1928-02-29,,,0.0,,0.0
1928-03-01,,,0.0,,
1928-03-02,,,0.0,,
1928-03-03,,,0.0,,
1928-03-04,,,36.0,,
1928-03-05,,,38.0,,
1928-03-06,,,0.0,,
1928-03-07,,,0.0,,
1928-03-08,,,0.0,,
1928-03-09,,,498.0,,
1928-03-10,,,0.0,,
1928-03-11,,,5.0,,
1928-03-12,,,0.0,,
1928-03-13,,,0.0,,
1928-03-14,,,287.0,,
1928-03-15,,,0.0,,
1928-03-16,,,8.0,,
1928-03-17,,,0.0,,
1928-03-18,,,185.0,,
1928-03-19,,,0.0,,
1928-03-20,,,0.0,,
1928-03-21,,,0.0,,
1928-03-22,,,0.0,,
1928-03-23,,,0.0,,
1928-03-24,,,0.0,,
1928-03-25,,,160.0,,
1928-03-26,,,132.0,,
1928-03-27,,,97.0,,
1928-03-28,,,0.0,,
1928-03-29,,,0.0,,
1928-03-30,,,508.0,,
1928-03-31,,,0.0,,
1928-04-01,,,0.0,,
1928-04-02,,,0.0,,
1928-04-03,,,0.0,,
1928-04-04,,,0.0,,
1928-04-05,,,0.0,,
1928-04-06,,,0.0,,
1928-04-07,,,208.0,,
1928-04-08,,,0.0,,
1928-04-09,,,0.0,,
1928-04-10,,,102.0,,
1928-04-11,,,163.0,,
1928-04-12,,,20.0,,
1928-04-13,,,0.0,,
1928-04-14,,,89.0,,
1928-04-15,,,99.0,,
1928-04-16,,,5.0,,
1928-04-17,,,0.0,,
1928-04-18,,,0.0,,
1928-04-19,,,0.0,,
1928-04-20,,,157.0,,
1928-04-21,,,20.0,,
1928-04-22,,,147.0,,
1928-04-23,,,99.0,,
1928-04-24,,,0.0,,
1928-04-25,,,0.0,,
1928-04-26,,,0.0,,
1928-04-27,,,71.0,,
1928-04-28,,,64.0,,0.0
1928-04-29,,,0.0,,
1928-04-30,,,0.0,,
1928-05-01,,,213.0,,
1928-05-02,,,0.0,,
1928-05-03,,,0.0,,
1928-05-04,,,0.0,,
1928-05-05,,,0.0,,
1928-05-06,,,0.0,,
1928-05-07,,,366.0,,
1928-05-08,,,244.0,,
1928-05-09,,,0.0,,
1928-05-10,,,0.0,,
1928-05-11,,,0.0,,
1928-05-12,,,0.0,,
1928-05-13,,,0.0,,
1928-05-14,,,0.0,,
1928-05-15,,,0.0,,
1928-05-16,,,0.0,,
1928-05-17,,,25.0,,
1928-05-18,,,66.0,,
1928-05-19,,,10.0,,
1928-05-20,,,290.0,,
1928-05-21,,,140.0,,
1928-05-22,,,13.0,,
1928-05-23,,,157.0,,
1928-05-24,,,0.0,,
1928-05-25,,,0.0,,
1928-05-26,,,71.0,,
1928-05-27,,,0.0,,
1928-05-28,,,76.0,,
1928-05-29,,,0.0,,
1928-05-30,,,66.0,,
1928-05-31,,,0.0,,
1928-06-01,,,10.0,,
1928-06-02,,,191.0,,
1928-06-03,,,122.0,,
1928-06-04,,,150.0,,
1928-06-05,,,30.0,,
1928-06-06,,,183.0,,
1928-06-07,,,0.0,,
1928-06-08,,,0.0,,
1928-06-09,,,0.0,,
1928-06-10,,,5.0,,
1928-06-11,,,0.0,,
1928-06-12,,,178.0,,
1928-06-13,,,5.0,,
1928-06-14,,,279.0,,
1928-06-15,,,0.0,,
1928-06-16,,,0.0,,
1928-06-17,,,0.0,,
1928-06-18,,,0.0,,
1928-06-19,,,0.0,,
1928-06-20,,,0.0,,
1928-06-21,,,76.0,,
1928-06-22,,,46.0,,
1928-06-23,,,10.0,,
1928-06-24,,,97.0,,
1928-06-25,,,178.0,,
1928-06-26,,,76.0,,
1928-06-27,,,0.0,,
1928-06-28,,,3.0,,
1928-06-29,,,188.0,,
1928-06-30,,,185.0,,
1928-07-01,,,0.0,,
1928-07-02,,,0.0,,
1928-07-03,,,0.0,,
1928-07-04,,,0.0,,
1928-07-05,,,0.0,,
1928-07-06,,,15.0,,
1928-07-07,,,23.0,,
1928-07-08,,,0.0,,
1928-07-09,,,76.0,,
1928-07-10,,,25.0,,
1928-07-11,,,10.0,,
1928-07-12,,,0.0,,
1928-07-13,,,0.0,,
1928-07-14,,,191.0,,
1928-07-15,,,0.0,,
1928-07-16,,,0.0,,
1928-07-17,,,0.0,,
1928-07-18,,,0.0,,
1928-07-19,,,249.0,,
1928-07-20,,,0.0,,
1928-07-21,,,0.0,,
1928-07-22,,,51.0,,
1928-07-23,,,0.0,,
1928-07-24,,,0.0,,
1928-07-25,,,15.0,,
1928-07-26,,,279.0,,
1928-07-27,,,185.0,,
1928-07-28,,,38.0,,
1928-07-29,,,0.0,,
1928-07-30,,,0.0,,
1928-07-31,,,0.0,,
1928-08-01,,,0.0,,
1928-08-02,,,0.0,,
1928-08-03,,,0.0,,
1928-08-04,,,10.0,,
1928-08-05,,,0.0,,
1928-08-06,,,28.0,,
1928-08-07,,,112.0,,
1928-08-08,,,0.0,,
1928-08-09,,,0.0,,
1928-08-10,,,295.0,,
1928-08-11,,,0.0,,
1928-08-12,,,0.0,,
1928-08-13,,,0.0,,
1928-08-14,,,71.0,,
1928-08-15,,,122.0,,
1928-08-16,,,254.0,,
1928-08-17,,,20.0,,
1928-08-18,,,3.0,,
1928-08-19,,,104.0,,
1928-08-20,,,28.0,,
1928-08-21,,,0.0,,
1928-08-22,,,0.0,,
1928-08-23,,,0.0,,
1928-08-24,,,0.0,,
1928-08-25,,,211.0,,
1928-08-26,,,467.0,,
1928-08-27,,,0.0,,
1928-08-28,,,0.0,,
1928-08-29,,,20.0,,
1928-08-30,,,0.0,,
1928-08-31,,,89.0,,
1928-09-01,,,20.0,,
1928-09-02,,,399.0,,
1928-09-03,,,508.0,,
1928-09-04,,,0.0,,
1928-09-05,,,170.0,,
1928-09-06,,,152.0,,
1928-09-07,,,0.0,,
1928-09-08,,,0.0,,
1928-09-09,,,0.0,,
1928-09-10,,,0.0,,
1928-09-11,,,0.0,,
1928-09-12,,,0.0,,
1928-09-13,,,0.0,,
1928-09-14,,,0.0,,
1928-09-15,,,0.0,,
1928-09-16,,,0.0,,
1928-09-17,,,58.0,,
1928-09-18,,,0.0,,
1928-09-19,,,0.0,,
1928-09-20,,,0.0,,
1928-09-21,,,0.0,,
1928-09-22,,,0.0,,
1928-09-23,,,0.0,,
1928-09-24,,,0.0,,
1928-09-25,,,0.0,,
1928-09-26,,,0.0,,
1928-09-27,,,0.0,,
1928-09-28,,,0.0,,
1928-09-29,,,0.0,,
1928-09-30,,,23.0,,
1928-10-01,,,0.0,,
1928-10-02,,,0.0,,
1928-10-03,,,0.0,,
1928-10-04,,,3.0,,
1928-10-05,,,76.0,,
1928-10-06,,,38.0,,
1928-10-07,,,0.0,,
1928-10-08,,,0.0,,
1928-10-09,,,0.0,,
1928-10-10,,,25.0,,
1928-10-11,,,0.0,,
1928-10-12,,,0.0,,
1928-10-13,,,0.0,,
1928-10-14,,,0.0,,
1928-10-15,,,0.0,,
1928-10-16,,,5.0,,
1928-10-17,,,160.0,,
1928-10-18,,,94.0,,
1928-10-19,,,0.0,,
1928-10-20,,,0.0,,
1928-10-21,,,0.0,,
1928-10-22,,,0.0,,
1928-10-23,,,267.0,,
1928-10-24,,,0.0,,
1928-10-25,,,0.0,,
1928-10-26,,,0.0,,
1928-10-27,,,0.0,,
1928-10-28,,,5.0,,
1928-10-29,,,0.0,,
1928-10-30,,,8.0,,
1928-10-31,,,8.0,,
1928-11-01,,,0.0,,
1928-11-02,,,0.0,,
1928-11-03,,,0.0,,
1928-11-04,,,81.0,,
1928-11-05,,,0.0,,
1928-11-06,,,0.0,,
1928-11-07,,,0.0,,
1928-11-08,,,76.0,,
1928-11-09,,,0.0,,
1928-11-10,,,3.0,,
1928-11-11,,,5.0,,
1928-11-12,,,0.0,,
1928-11-13,,,0.0,,
1928-11-14,,,0.0,,
1928-11-15,,,0.0,,
1928-11-16,,,0.0,,
1928-11-17,,,0.0,,
1928-11-18,,,13.0,,
1928-11-19,,,107.0,,
1928-11-20,,,218.0,,
1928-11-21,,,0.0,,
1928-11-22,,,0.0,,
1928-11-23,,,0.0,,
1928-11-24,,,0.0,,
1928-11-25,,,0.0,,
1928-11-26,,,0.0,,
1928-11-27,,,0.0,,
1928-11-28,,,0.0,,
1928-11-29,,,0.0,,
1928-11-30,,,0.0,,
1928-12-01,,,191.0,,0.0
1928-12-02,,,13.0,,0.0
1928-12-03,,,0.0,,0.0
1928-12-04,,,0.0,,0.0
1928-12-05,,,13.0,,0.0
1928-12-06,,,0.0,,0.0
1928-12-07,,,0.0,,0.0
1928-12-08,,,0.0,,0.0
1928-12-09,,,0.0,,0.0
1928-12-10,,,0.0,,0.0
1928-12-11,,,0.0,,0.0
1928-12-12,,,0.0,,0.0
1928-12-13,,,5.0,,0.0
1928-12-14,,,28.0,,0.0
1928-12-15,,,0.0,,0.0
1928-12-16,,,0.0,,0.0
1928-12-17,,,0.0,,0.0
1928-12-18,,,140.0,,0.0
1928-12-19,,,0.0,,0.0
1928-12-20,,,0.0,,0.0
1928-12-21,,,0.0,,0.0
1928-12-22,,,0.0,,0.0
1928-12-23,,,0.0,,0.0
1928-12-24,,,0.0,,0.0
1928-12-25,,,0.0,,0.0
1928-12-26,,,0.0,,0.0
1928-12-27,,,66.0,,0.0
1928-12-28,,,0.0,,0.0
1928-12-29,,,0.0,,0.0
1928-12-30,,,13.0,,0.0
1928-12-31,,,0.0,,0.0
1929-01-01,,,94.0,,0.0
1929-01-02,,,51.0,,0.0
1929-01-03,,,0.0,,0.0
1929-01-04,,,0.0,,0.0
1929-01-05,,,0.0,,0.0
1929-01-06,,,178.0,,0.0
1929-01-07,,,0.0,,0.0
1929-01-08,,,0.0,,0.0
1929-01-09,,,0.0,,0.0
1929-01-10,,,262.0,,0.0
1929-01-11,,,0.0,,0.0
1929-01-12,,,0.0,,0.0
1929-01-13,,,0.0,,0.0
1929-01-14,,,0.0,,0.0
1929-01-15,,,0.0,,0.0
1929-01-16,,,28.0,,0.0
1929-01-17,,,61.0,,0.0
1929-01-18,,,478.0,,0.0
1929-01-19,,,147.0,,0.0
1929-01-20,,,0.0,,0.0
1929-01-21,,,0.0,,0.0
1929-01-22,,,89.0,,0.0
1929-01-23,,,33.0,,0.0
1929-01-24,,,127.0,,0.0
1929-01-25,,,127.0,,0.0
1929-01-26,,,0.0,,0.0
1929-01-27,,,64.0,,0.0
1929-01-28,,,46.0,,0.0
1929-01-29,,,0.0,,0.0
1929-01-30,,,0.0,,0.0
1929-01-31,,,0.0,,0.0
1929-02-01,,,0.0,,0.0
1929-02-02,,,0.0,,0.0
1929-02-03,,,0.0,,0.0
1929-02-04,,,0.0,,0.0
1929-02-05,,,61.0,,61.0
1929-02-06,,,135.0,,0.0
1929-02-07,,,76.0,,0.0
1929-02-08,,,0.0,,0.0
1929-02-09,,,76.0,,0.0
1929-02-10,,,61.0,,0.0
1929-02-11,,,0.0,,0.0
1929-02-12,,,0.0,,0.0
1929-02-13,,,0.0,,0.0
1929-02-14,,,0.0,,0.0
1929-02-15,,,13.0,,0.0
1929-02-16,,,102.0,,0.0
1929-02-17,,,28.0,,0.0
1929-02-18,,,0.0,,0.0
1929-02-19,,,0.0,,0.0
1929-02-20,,,86.0,,0.0
1929-02-21,,,173.0,,0.0
1929-02-22,,,0.0,,0.0
1929-02-23,,,0.0,,0.0
1929-02-24,,,0.0,,0.0
1929-02-25,,,0.0,,0.0
1929-02-26,,,122.0,,0.0
1929-02-27,,,254.0,,0.0
1929-02-28,,,371.0,,0.0
1929-03-01,,,0.0,,0.0
1929-03-02,,,91.0,,0.0
1929-03-03,,,0.0,,0.0
1929-03-04,,,132.0,,0.0
1929-03-05,,,338.0,,0.0
1929-03-06,,,48.0,,0.0
1929-03-07,,,0.0,,0.0
1929-03-08,,,0.0,,0.0
1929-03-09,,,66.0,,0.0
1929-03-10,,,0.0,,0.0
1929-03-11,,,0.0,,0.0
1929-03-12,,,0.0,,0.0
1929-03-13,,,28.0,,0.0
1929-03-14,,,417.0,,0.0
1929-03-15,,,198.0,,0.0
1929-03-16,,,0.0,,0.0
1929-03-17,,,0.0,,0.0
1929-03-18,,,0.0,,0.0
1929-03-19,,,0.0,,0.0
1929-03-20,,,0.0,,0.0
1929-03-21,,,0.0,,0.0
1929-03-22,,,160.0,,0.0
1929-03-23,,,175.0,,0.0
1929-03-24,,,109.0,,0.0
1929-03-25,,,0.0,,0.0
1929-03-26,,,0.0,,0.0
1929-03-27,,,36.0,,0.0
1929-03-28,,,38.0,,0.0
1929-03-29,,,89.0,,0.0
1929-03-30,,,0.0,,0.0
1929-03-31,,,0.0,,0.0
1929-04-01,,,0.0,,
1929-04-02,,,51.0,,
1929-04-03,,,0.0,,
1929-04-04,,,5.0,,
1929-04-05,,,5.0,,
1929-04-06,,,0.0,,
1929-04-07,,,0.0,,
1929-04-08,,,0.0,,
1929-04-09,,,0.0,,
1929-04-10,,,8.0,,
1929-04-11,,,173.0,,
1929-04-12,,,114.0,,
1929-04-13,,,0.0,,
1929-04-14,,,0.0,,
1929-04-15,,,155.0,,
1929-04-16,,,216.0,,
1929-04-17,,,0.0,,
1929-04-18,,,0.0,,
1929-04-19,,,0.0,,
1929-04-20,,,0.0,,
1929-04-21,,,25.0,,
1929-04-22,,,152.0,,
1929-04-23,,,0.0,,
1929-04-24,,,0.0,,
1929-04-25,,,229.0,,
1929-04-26,,,0.0,,
1929-04-27,,,0.0,,
1929-04-28,,,140.0,,
1929-04-29,,,305.0,,
1929-04-30,,,0.0,,
1929-05-01,,,213.0,,
1929-05-02,,,183.0,,
1929-05-03,,,99.0,,
1929-05-04,,,0.0,,
1929-05-05,,,173.0,,
1929-05-06,,,0.0,,
1929-05-07,,,508.0,,
1929-05-08,,,0.0,,
1929-05-09,,,178.0,,
1929-05-10,,,0.0,,
1929-05-11,,,0.0,,
1929-05-12,,,0.0,,
1929-05-13,,,0.0,,
1929-05-14,,,0.0,,
1929-05-15,,,218.0,,
1929-05-16,,,51.0,,
1929-05-17,,,114.0,,
1929-05-18,,,53.0,,
1929-05-19,,,508.0,,
1929-05-20,,,391.0,,
1929-05-21,,,109.0,,
1929-05-22,,,0.0,,
1929-05-23,,,0.0,,
1929-05-24,,,0.0,,
1929-05-25,,,0.0,,
1929-05-26,,,0.0,,
1929-05-27,,,30.0,,
1929-05-28,,,28.0,,
1929-05-29,,,0.0,,
1929-05-30,,,0.0,,
1929-05-31,,,0.0,,
1929-06-01,,,0.0,,0.0
1929-06-02,,,0.0,,0.0
1929-06-03,,,305.0,,0.0
1929-06-04,,,0.0,,0.0
1929-06-05,,,0.0,,0.0
1929-06-06,,,0.0,,0.0
1929-06-07,,,0.0,,0.0
1929-06-08,,,0.0,,0.0
1929-06-09,,,127.0,,0.0
1929-06-10,,,0.0,,0.0
1929-06-11,,,0.0,,0.0
1929-06-12,,,0.0,,0.0
1929-06-13,,,51.0,,0.0
1929-06-14,,,0.0,,0.0
1929-06-15,,,28.0,,0.0
1929-06-16,,,0.0,,0.0
1929-06-17,,,0.0,,0.0
1929-06-18,,,0.0,,0.0
1929-06-19,,,20.0,,0.0
1929-06-20,,,0.0,,0.0
1929-06-21,,,0.0,,0.0
1929-06-22,,,0.0,,0.0
1929-06-23,,,99.0,,0.0
1929-06-24,,,221.0,,0.0
1929-06-25,,,76.0,,0.0
1929-06-26,,,109.0,,0.0
1929-06-27,,,279.0,,0.0
1929-06-28,,,74.0,,0.0
1929-06-29,,,86.0,,0.0
1929-06-30,,,0.0,,0.0
1929-07-01,,,0.0,,
1929-07-02,,,5.0,,
1929-07-03,,,28.0,,
1929-07-04,,,0.0,,
1929-07-05,,,5.0,,
1929-07-06,,,0.0,,
1929-07-07,,,5.0,,
1929-07-08,,,0.0,,
1929-07-09,,,0.0,,
1929-07-10,,,89.0,,
1929-07-11,,,0.0,,
1929-07-12,,,0.0,,
1929-07-13,,,391.0,,
1929-07-14,,,0.0,,
1929-07-15,,,5.0,,
1929-07-16,,,0.0,,
1929-07-17,,,36.0,,
1929-07-18,,,0.0,,
1929-07-19,,,48.0,,
1929-07-20,,,0.0,,
1929-07-21,,,0.0,,
1929-07-22,,,0.0,,
1929-07-23,,,0.0,,
1929-07-24,,,0.0,,
1929-07-25,,,0.0,,
1929-07-26,,,0.0,,
1929-07-27,,,130.0,,
1929-07-28,,,5.0,,
1929-07-29,,,0.0,,
1929-07-30,,,5.0,,
1929-07-31,,,5.0,,
1929-08-01,,,267.0,,0.0
1929-08-02,,,0.0,,0.0
1929-08-03,,,0.0,,0.0
1929-08-04,,,0.0,,0.0
1929-08-05,,,0.0,,0.0
1929-08-06,,,0.0,,0.0
1929-08-07,,,0.0,,0.0
1929-08-08,,,0.0,,0.0
1929-08-09,,,0.0,,0.0
1929-08-10,,,0.0,,0.0
1929-08-11,,,0.0,,0.0
1929-08-12,,,226.0,,0.0
1929-08-13,,,58.0,,0.0
1929-08-14,,,0.0,,0.0
1929-08-15,,,0.0,,0.0
1929-08-16,,,0.0,,0.0
1929-08-17,,,0.0,,0.0
1929-08-18,,,0.0,,0.0
1929-08-19,,,0.0,,0.0
1929-08-20,,,0.0,,0.0
1929-08-21,,,0.0,,0.0
1929-08-22,,,0.0,,0.0
1929-08-23,,,0.0,,0.0
1929-08-24,,,0.0,,0.0
1929-08-25,,,0.0,,0.0
1929-08-26,,,69.0,,0.0
1929-08-27,,,0.0,,0.0
1929-08-28,,,0.0,,0.0
1929-08-29,,,0.0,,0.0
1929-08-30,,,0.0,,0.0
1929-08-31,,,0.0,,0.0
1929-09-01,,,0.0,,
1929-09-02,,,0.0,,
1929-09-03,,,0.0,,
1929-09-04,,,0.0,,
1929-09-05,,,0.0,,
1929-09-06,,,0.0,,
1929-09-07,,,0.0,,
1929-09-08,,,89.0,,
1929-09-09,,,13.0,,
1929-09-10,,,114.0,,
1929-09-11,,,0.0,,
1929-09-12,,,0.0,,
1929-09-13,,,0.0,,
1929-09-14,,,99.0,,
1929-09-15,,,5.0,,
1929-09-16,,,3.0,,
1929-09-17,,,488.0,,
1929-09-18,,,0.0,,
1929-09-19,,,0.0,,
1929-09-20,,,0.0,,
1929-09-21,,,0.0,,
1929-09-22,,,0.0,,
1929-09-23,,,43.0,,
1929-09-24,,,5.0,,
1929-09-25,,,320.0,,
1929-09-26,,,508.0,,
1929-09-27,,,5.0,,
1929-09-28,,,36.0,,
1929-09-29,,,0.0,,
1929-09-30,,,0.0,,
1929-10-01,,,36.0,,
1929-10-02,,,48.0,,
1929-10-03,,,0.0,,
1929-10-04,,,0.0,,
1929-10-05,,,74.0,,
1929-10-06,,,51.0,,
1929-10-07,,,0.0,,
1929-10-08,,,0.0,,
1929-10-09,,,0.0,,
1929-10-10,,,0.0,,
1929-10-11,,,0.0,,
1929-10-12,,,0.0,,
1929-10-13,,,0.0,,
1929-10-14,,,0.0,,
1929-10-15,,,0.0,,
1929-10-16,,,0.0,,
1929-10-17,,,0.0,,
1929-10-18,,,0.0,,
1929-10-19,,,0.0,,
1929-10-20,,,0.0,,
1929-10-21,,,48.0,,
1929-10-22,,,94.0,,
1929-10-23,,,20.0,,
1929-10-24,,,0.0,,
1929-10-25,,,0.0,,
1929-10-26,,,0.0,,
1929-10-27,,,0.0,,
1929-10-28,,,8.0,,
1929-10-29,,,56.0,,
1929-10-30,,,5.0,,
1929-10-31,,,8.0,,
1929-11-01,,,0.0,,
1929-11-02,,,25.0,,
1929-11-03,,,455.0,,
1929-11-04,,,201.0,,
1929-11-05,,,0.0,,
1929-11-06,,,0.0,,
1929-11-07,,,0.0,,
1929-11-08,,,191.0,,
1929-11-09,,,0.0,,
1929-11-10,,,0.0,,
1929-11-11,,,76.0,,
1929-11-12,,,183.0,,
1929-11-13,,,196.0,,
1929-11-14,,,272.0,,
1929-11-15,,,310.0,,
1929-11-16,,,20.0,,
1929-11-17,,,170.0,,
1929-11-18,,,160.0,,
1929-11-19,,,0.0,,
1929-11-20,,,0.0,,
1929-11-21,,,0.0,,
1929-11-22,,,20.0,,
1929-11-23,,,102.0,,
1929-11-24,,,0.0,,
1929-11-25,,,0.0,,
1929-11-26,,,147.0,,
1929-11-27,,,20.0,,
1929-11-28,,,0.0,,
1929-11-29,,,0.0,,
1929-11-30,,,0.0,,
1929-12-01,,,0.0,,0.0
1929-12-02,,,188.0,,0.0
1929-12-03,,,33.0,,0.0
1929-12-04,,,0.0,,0.0
1929-12-05,,,0.0,,0.0
1929-12-06,,,0.0,,0.0
1929-12-07,,,0.0,,0.0
1929-12-08,,,30.0,,0.0
1929-12-09,,,0.0,,0.0
1929-12-10,,,0.0,,0.0
1929-12-11,,,0.0,,0.0
1929-12-12,,,0.0,,0.0
1929-12-13,,,0.0,,0.0
1929-12-14,,,10.0,,0.0
1929-12-15,,,0.0,,0.0
1929-12-16,,,0.0,,0.0
1929-12-17,,,0.0,,0.0
1929-12-18,,,33.0,,0.0
1929-12-19,,,91.0,,0.0
1929-12-20,,,0.0,,0.0
1929-12-21,,,0.0,,0.0
1929-12-22,,,51.0,51.0,51.0
1929-12-23,,,132.0,76.0,132.0
1929-12-24,,,0.0,,0.0
1929-12-25,,,0.0,,0.0
1929-12-26,,,0.0,,0.0
1929-12-27,,,0.0,,0.0
1929-12-28,,,71.0,,0.0
1929-12-29,,,0.0,,0.0
1929-12-30,,,0.0,,0.0
1929-12-31,,,0.0,,0.0
1930-01-01,,,0.0,,0.0
1930-01-02,,,0.0,,0.0
1930-01-03,,,124.0,,0.0
1930-01-04,,,0.0,,0.0
1930-01-05,,,0.0,,0.0
1930-01-06,,,0.0,,0.0
1930-01-07,,,0.0,,0.0
1930-01-08,,,0.0,,0.0
1930-01-09,,,0.0,,0.0
1930-01-10,,,0.0,,0.0
1930-01-11,,,0.0,,0.0
1930-01-12,,,0.0,,0.0
1930-01-13,,,0.0,,0.0
1930-01-14,,,0.0,,0.0
1930-01-15,,,302.0,,0.0
1930-01-16,,,0.0,,0.0
1930-01-17,,,0.0,,0.0
1930-01-18,,,28.0,0.0,28.0
1930-01-19,,,0.0,,0.0
1930-01-20,,,0.0,,0.0
1930-01-21,,,43.0,,0.0
1930-01-22,,,246.0,,0.0
1930-01-23,,,0.0,,0.0
1930-01-24,,,0.0,,0.0
1930-01-25,,,0.0,,0.0
1930-01-26,,,0.0,,0.0
1930-01-27,,,0.0,,0.0
1930-01-28,,,46.0,,0.0
1930-01-29,,,0.0,,0.0
1930-01-30,,,,178.0,221.0
1930-01-31,,,508.0,,0.0
1930-02-01,,,0.0,,
1930-02-02,,,0.0,,
1930-02-03,,,0.0,,
1930-02-04,,,246.0,,
1930-02-05,,,20.0,,
1930-02-06,,,0.0,,
1930-02-07,,,0.0,,
1930-02-08,,,0.0,,
1930-02-09,,,0.0,,
1930-02-10,,,0.0,,
1930-02-11,,,0.0,,
1930-02-12,,,0.0,,
1930-02-13,,,38.0,,
1930-02-14,,,241.0,,
1930-02-15,,,0.0,,
1930-02-16,,,13.0,,
1930-02-17,,,0.0,,
1930-02-18,,,0.0,,
1930-02-19,,,0.0,,
1930-02-20,,,0.0,,
1930-02-21,,,0.0,,
1930-02-22,,,0.0,,
1930-02-23,,,38.0,,
1930-02-24,,,28.0,,
1930-02-25,,,0.0,,
1930-02-26,,,0.0,,
1930-02-27,,,23.0,,
1930-02-28,,,0.0,,
1930-03-01,,,20.0,,0.0
1930-03-02,,,23.0,,0.0
1930-03-03,,,0.0,,0.0
1930-03-04,,,0.0,,0.0
1930-03-05,,,0.0,,0.0
1930-03-06,,,0.0,,0.0
1930-03-07,,,508.0,,0.0
1930-03-08,,,79.0,,0.0
1930-03-09,,,0.0,,0.0
1930-03-10,,,0.0,,0.0
1930-03-11,,,79.0,,0.0
1930-03-12,,,0.0,,0.0
1930-03-13,,,0.0,,0.0
1930-03-14,,,0.0,,0.0
1930-03-15,,,0.0,,0.0
1930-03-16,,,0.0,,0.0
1930-03-17,,,0.0,,0.0
1930-03-18,,,69.0,,0.0
1930-03-19,,,424.0,,0.0
1930-03-20,,,0.0,,0.0
1930-03-21,,,0.0,,0.0
1930-03-22,,,36.0,,0.0
1930-03-23,,,8.0,,0.0
1930-03-24,,,0.0,,0.0
1930-03-25,,,102.0,,0.0
1930-03-26,,,38.0,,0.0
1930-03-27,,,0.0,,0.0
1930-03-28,,,0.0,,0.0
1930-03-29,,,0.0,,0.0
1930-03-30,,,0.0,,0.0
1930-03-31,,,0.0,,0.0
1930-04-01,,,0.0,,
1930-04-02,,,0.0,,
1930-04-03,,,305.0,,
1930-04-04,,,38.0,,
1930-04-05,,,0.0,,
1930-04-06,,,114.0,,
1930-04-07,,,3.0,,
1930-04-08,,,0.0,,
1930-04-09,,,0.0,,
1930-04-10,,,0.0,,
1930-04-11,,,0.0,,
1930-04-12,,,0.0,,
1930-04-13,,,0.0,,
1930-04-14,,,0.0,,
1930-04-15,,,0.0,,
1930-04-16,,,0.0,,
1930-04-17,,,0.0,,
1930-04-18,,,33.0,,
1930-04-19,,,0.0,,
1930-04-20,,,0.0,,
1930-04-21,,,0.0,,
1930-04-22,,,0.0,,
1930-04-23,,,0.0,,
1930-04-24,,,0.0,,
1930-04-25,,,0.0,,
1930-04-26,,,0.0,,
1930-04-27,,,0.0,,
1930-04-28,,,0.0,,
1930-04-29,,,5.0,,
1930-04-30,,,0.0,,
1930-05-01,,,0.0,,
1930-05-02,,,0.0,,
1930-05-03,,,0.0,,
1930-05-04,,,0.0,,
1930-05-05,,,0.0,,
1930-05-06,,,91.0,,
1930-05-07,,,152.0,,
1930-05-08,,,0.0,,
1930-05-09,,,10.0,,
1930-05-10,,,23.0,,
1930-05-11,,,295.0,,
1930-05-12,,,0.0,,
1930-05-13,,,25.0,,
1930-05-14,,,340.0,,
1930-05-15,,,0.0,,
1930-05-16,,,0.0,,
1930-05-17,,,61.0,,
1930-05-18,,,86.0,,
1930-05-19,,,290.0,,
1930-05-20,,,28.0,,
1930-05-21,,,0.0,,
1930-05-22,,,0.0,,
1930-05-23,,,0.0,,
1930-05-24,,,25.0,,
1930-05-25,,,0.0,,
1930-05-26,,,0.0,,
1930-05-27,,,0.0,,
1930-05-28,,,0.0,,
1930-05-29,,,0.0,,
1930-05-30,,,13.0,,
1930-05-31,,,0.0,,
1930-06-01,,,0.0,,
1930-06-02,,,0.0,,
1930-06-03,,,0.0,,
1930-06-04,,,0.0,,
1930-06-05,,,23.0,,
1930-06-06,,,211.0,,
1930-06-07,,,15.0,,
1930-06-08,,,0.0,,
1930-06-09,,,13.0,,
1930-06-10,,,0.0,,
1930-06-11,,,0.0,,
1930-06-12,,,0.0,,
1930-06-13,,,0.0,,
1930-06-14,,,5.0,,
1930-06-15,,,0.0,,
1930-06-16,,,0.0,,
1930-06-17,,,13.0,,
1930-06-18,,,10.0,,
1930-06-19,,,0.0,,
1930-06-20,,,0.0,,
1930-06-21,,,0.0,,
1930-06-22,,,0.0,,
1930-06-23,,,0.0,,
1930-06-24,,,0.0,,
1930-06-25,,,122.0,,
1930-06-26,,,0.0,,
1930-06-27,,,0.0,,
1930-06-28,,,0.0,,
1930-06-29,,,0.0,,
1930-06-30,,,0.0,,
1930-07-01,,,0.0,,
1930-07-02,,,18.0,,
1930-07-03,,,0.0,,
1930-07-04,,,0.0,,
1930-07-05,,,0.0,,
1930-07-06,,,0.0,,
1930-07-07,,,0.0,,
1930-07-08,,,18.0,,
1930-07-09,,,0.0,,
1930-07-10,,,0.0,,
1930-07-11,,,551.0,,
1930-07-12,,,0.0,,
1930-07-13,,,13.0,,
1930-07-14,,,84.0,,
1930-07-15,,,13.0,,
1930-07-16,,,20.0,,
1930-07-17,,,0.0,,
1930-07-18,,,5.0,,
1930-07-19,,,18.0,,
1930-07-20,,,86.0,,
1930-07-21,,,0.0,,
1930-07-22,,,0.0,,
1930-07-23,,,185.0,,
1930-07-24,,,5.0,,
1930-07-25,,,0.0,,
1930-07-26,,,0.0,,
1930-07-27,,,0.0,,
1930-07-28,,,0.0,,
1930-07-29,,,15.0,,
1930-07-30,,,0.0,,
1930-07-31,,,0.0,,
1930-08-01,,,0.0,,
1930-08-02,,,0.0,,
1930-08-03,,,0.0,,
1930-08-04,,,0.0,,
1930-08-05,,,0.0,,
1930-08-06,,,0.0,,
1930-08-07,,,0.0,,
1930-08-08,,,0.0,,
1930-08-09,,,264.0,,
1930-08-10,,,472.0,,
1930-08-11,,,8.0,,
1930-08-12,,,0.0,,
1930-08-13,,,0.0,,
1930-08-14,,,0.0,,
1930-08-15,,,15.0,,
1930-08-16,,,0.0,,
1930-08-17,,,0.0,,
1930-08-18,,,15.0,,
1930-08-19,,,5.0,,
1930-08-20,,,0.0,,
1930-08-21,,,0.0,,
1930-08-22,,,122.0,,
1930-08-23,,,13.0,,
1930-08-24,,,0.0,,
1930-08-25,,,0.0,,
1930-08-26,,,0.0,,
1930-08-27,,,0.0,,
1930-08-28,,,0.0,,
1930-08-29,,,0.0,,
1930-08-30,,,0.0,,
1930-08-31,,,0.0,,
1930-09-01,,,0.0,,
1930-09-02,,,0.0,,
1930-09-03,,,0.0,,
1930-09-04,,,0.0,,
1930-09-05,,,173.0,,
1930-09-06,,,20.0,,
1930-09-07,,,0.0,,
1930-09-08,,,76.0,,
1930-09-09,,,0.0,,
1930-09-10,,,0.0,,
1930-09-11,,,201.0,,
1930-09-12,,,99.0,,
1930-09-13,,,112.0,,
1930-09-14,,,0.0,,
1930-09-15,,,0.0,,
1930-09-16,,,0.0,,
1930-09-17,,,23.0,,
1930-09-18,,,0.0,,
1930-09-19,,,404.0,,
1930-09-20,,,97.0,,
1930-09-21,,,8.0,,
1930-09-22,,,0.0,,
1930-09-23,,,0.0,,
1930-09-24,,,0.0,,
1930-09-25,,,3.0,,
1930-09-26,,,58.0,,
1930-09-27,,,191.0,,
1930-09-28,,,0.0,,
1930-09-29,,,0.0,,
1930-09-30,,,5.0,,
1930-10-01,,,0.0,,
1930-10-02,,,0.0,,
1930-10-03,,,0.0,,
1930-10-04,,,0.0,,
1930-10-05,,,0.0,,
1930-10-06,,,0.0,,
1930-10-07,,,0.0,,
1930-10-08,,,30.0,,
1930-10-09,,,208.0,,
1930-10-10,,,3.0,,
1930-10-11,,,51.0,,
1930-10-12,,,0.0,,
1930-10-13,,,3.0,,
1930-10-14,,,0.0,,
1930-10-15,,,0.0,,
1930-10-16,,,0.0,,
1930-10-17,,,0.0,,
1930-10-18,,,13.0,,
1930-10-19,,,0.0,,
1930-10-20,,,0.0,,
1930-10-21,,,0.0,,
1930-10-22,,,0.0,,
1930-10-23,,,0.0,,
1930-10-24,,,122.0,,
1930-10-25,,,0.0,,
1930-10-26,,,0.0,,
1930-10-27,,,0.0,,
1930-10-28,,,0.0,,
1930-10-29,,,175.0,,
1930-10-30,,,0.0,,
1930-10-31,,,8.0,,
1930-11-01,,,0.0,,0.0
1930-11-02,,,0.0,,0.0
1930-11-03,,,0.0,,0.0
1930-11-04,,,5.0,,0.0
1930-11-05,,,0.0,,0.0
1930-11-06,,,0.0,,0.0
1930-11-07,,,0.0,,0.0
1930-11-08,,,0.0,,0.0
1930-11-09,,,0.0,,0.0
1930-11-10,,,8.0,,0.0
1930-11-11,,,3.0,,0.0
1930-11-12,,,163.0,,0.0
1930-11-13,,,142.0,,0.0
1930-11-14,,,0.0,,0.0
1930-11-15,,,173.0,,0.0
1930-11-16,,,234.0,,0.0
1930-11-17,,,185.0,,0.0
1930-11-18,,,119.0,,0.0
1930-11-19,,,0.0,,0.0
1930-11-20,,,0.0,,0.0
1930-11-21,,,0.0,,0.0
1930-11-22,,,3.0,,0.0
1930-11-23,,,3.0,,0.0
1930-11-24,,,0.0,,0.0
1930-11-25,,,25.0,,0.0
1930-11-26,,,15.0,,15.0
1930-11-27,,,0.0,,0.0
1930-11-28,,,0.0,,0.0
1930-11-29,,,0.0,,0.0
1930-11-30,,,0.0,,0.0
1930-12-01,,,165.0,,0.0
1930-12-02,,,0.0,,0.0
1930-12-03,,,0.0,,0.0
1930-12-04,,,0.0,,0.0
1930-12-05,,,0.0,,0.0
1930-12-06,,,198.0,,0.0
1930-12-07,,,0.0,,0.0
1930-12-08,,,0.0,,0.0
1930-12-09,,,0.0,,0.0
1930-12-10,,,0.0,,0.0
1930-12-11,,,46.0,,0.0
1930-12-12,,,30.0,,0.0
1930-12-13,,,0.0,,0.0
1930-12-14,,,0.0,,0.0
1930-12-15,,,0.0,,0.0
1930-12-16,,,0.0,,0.0
1930-12-17,,,132.0,203.0,191.0
1930-12-18,,,0.0,,0.0
1930-12-19,,,0.0,,0.0
1930-12-20,,,23.0,,0.0
1930-12-21,,,0.0,,0.0
1930-12-22,,,0.0,,0.0
1930-12-23,,,0.0,,0.0
1930-12-24,,,0.0,,0.0
1930-12-25,,,0.0,,0.0
1930-12-26,,,150.0,,0.0
1930-12-27,,,51.0,,0.0
1930-12-28,,,0.0,,0.0
1930-12-29,,,0.0,,0.0
1930-12-30,,,0.0,,0.0
1930-12-31,,,0.0,,0.0
1931-01-01,,,0.0,,0.0
1931-01-02,,,0.0,,0.0
1931-01-03,,,0.0,,0.0
1931-01-04,,,0.0,,0.0
1931-01-05,,,213.0,,0.0
1931-01-06,,,71.0,,0.0
1931-01-07,,,0.0,,0.0
1931-01-08,,,97.0,330.0,97.0
1931-01-09,,,25.0,,25.0
1931-01-10,,,0.0,,0.0
1931-01-11,,,0.0,,0.0
1931-01-12,,,132.0,,0.0
1931-01-13,,,0.0,,0.0
1931-01-14,,,13.0,0.0,13.0
1931-01-15,,,0.0,,0.0
1931-01-16,,,0.0,,0.0
1931-01-17,,,0.0,,0.0
1931-01-18,,,41.0,,0.0
1931-01-19,,,8.0,,0.0
1931-01-20,,,0.0,,0.0
1931-01-21,,,0.0,,0.0
1931-01-22,,,0.0,,0.0
1931-01-23,,,0.0,,0.0
1931-01-24,,,0.0,,0.0
1931-01-25,,,0.0,,0.0
1931-01-26,,,0.0,,0.0
1931-01-27,,,0.0,,0.0
1931-01-28,,,0.0,,0.0
1931-01-29,,,0.0,,0.0
1931-01-30,,,0.0,,0.0
1931-01-31,,,,,0.0
1931-02-01,,,0.0,,0.0
1931-02-02,,,0.0,,0.0
1931-02-03,,,0.0,,0.0
1931-02-04,,,0.0,,0.0
1931-02-05,,,0.0,,0.0
1931-02-06,,,0.0,,0.0
1931-02-07,,,0.0,,0.0
1931-02-08,,,0.0,,0.0
1931-02-09,,,170.0,,0.0
1931-02-10,,,81.0,,0.0
1931-02-11,,,0.0,,0.0
1931-02-12,,,0.0,,0.0
1931-02-13,,,0.0,,0.0
1931-02-14,,,462.0,,0.0
1931-02-15,,,0.0,,0.0
1931-02-16,,,0.0,,0.0
1931-02-17,,,137.0,,0.0
1931-02-18,,,18.0,,0.0
1931-02-19,,,0.0,,0.0
1931-02-20,,,0.0,,0.0
1931-02-21,,,0.0,,0.0
1931-02-22,,,0.0,,0.0
1931-02-23,,,0.0,,0.0
1931-02-24,,,3.0,,0.0
1931-02-25,,,86.0,,0.0
1931-02-26,,,0.0,,0.0
1931-02-27,,,0.0,,0.0
1931-02-28,,,0.0,,0.0
1931-03-01,,,30.0,,0.0
1931-03-02,,,0.0,,0.0
1931-03-03,,,0.0,,0.0
1931-03-04,,,3.0,,3.0
1931-03-05,,,0.0,,0.0
1931-03-06,,,0.0,,0.0
1931-03-07,,,0.0,,0.0
1931-03-08,,,61.0,,0.0
1931-03-09,,,5.0,,5.0
1931-03-10,,,0.0,,0.0
1931-03-11,,,0.0,,0.0
1931-03-12,,,0.0,,0.0
1931-03-13,,,0.0,,0.0
1931-03-14,,,0.0,,0.0
1931-03-15,,,61.0,,0.0
1931-03-16,,,0.0,,0.0
1931-03-17,,,0.0,,0.0
1931-03-18,,,0.0,,0.0
1931-03-19,,,0.0,,0.0
1931-03-20,,,0.0,,0.0
1931-03-21,,,0.0,,0.0
1931-03-22,,,155.0,,0.0
1931-03-23,,,0.0,,0.0
1931-03-24,,,79.0,,0.0
1931-03-25,,,20.0,,0.0
1931-03-26,,,0.0,,0.0
1931-03-27,,,132.0,,0.0
1931-03-28,,,251.0,,0.0
1931-03-29,,,114.0,,0.0
1931-03-30,,,46.0,,0.0
1931-03-31,,,5.0,,0.0
1931-04-01,,,302.0,,0.0
1931-04-02,,,64.0,,0.0
1931-04-03,,,76.0,,0.0
1931-04-04,,,353.0,,0.0
1931-04-05,,,89.0,,0.0
1931-04-06,,,109.0,,0.0
1931-04-07,,,0.0,,0.0
1931-04-08,,,0.0,,0.0
1931-04-09,,,0.0,,0.0
1931-04-10,,,0.0,,0.0
1931-04-11,,,94.0,,0.0
1931-04-12,,,0.0,,0.0
1931-04-13,,,0.0,,0.0
1931-04-14,,,0.0,,0.0
1931-04-15,,,0.0,,0.0
1931-04-16,,,0.0,,0.0
1931-04-17,,,0.0,,0.0
1931-04-18,,,0.0,,0.0
1931-04-19,,,33.0,,0.0
1931-04-20,,,0.0,,0.0
1931-04-21,,,20.0,,0.0
1931-04-22,,,376.0,,0.0
1931-04-23,,,0.0,,0.0
1931-04-24,,,0.0,,0.0
1931-04-25,,,0.0,,0.0
1931-04-26,,,41.0,,0.0
1931-04-27,,,18.0,,0.0
1931-04-28,,,0.0,,0.0
1931-04-29,,,0.0,,0.0
1931-04-30,,,0.0,,0.0
1931-05-01,,,30.0,,0.0
1931-05-02,,,102.0,,0.0
1931-05-03,,,0.0,,0.0
1931-05-04,,,10.0,,0.0
1931-05-05,,,28.0,,0.0
1931-05-06,,,76.0,,0.0
1931-05-07,,,64.0,,0.0
1931-05-08,,,81.0,,0.0
1931-05-09,,,0.0,,0.0
1931-05-10,,,58.0,,0.0
1931-05-11,,,0.0,,0.0
1931-05-12,,,43.0,,0.0
1931-05-13,,,0.0,,0.0
1931-05-14,,,0.0,,0.0
1931-05-15,,,0.0,,0.0
1931-05-16,,,0.0,,0.0
1931-05-17,,,10.0,,0.0
1931-05-18,,,0.0,,0.0
1931-05-19,,,0.0,,0.0
1931-05-20,,,36.0,,0.0
1931-05-21,,,30.0,,0.0
1931-05-22,,,0.0,,0.0
1931-05-23,,,28.0,,0.0
1931-05-24,,,0.0,,0.0
1931-05-25,,,0.0,,0.0
1931-05-26,,,0.0,,0.0
1931-05-27,,,0.0,,0.0
1931-05-28,,,0.0,,0.0
1931-05-29,,,0.0,,0.0
1931-05-30,,,89.0,,0.0
1931-05-31,,,0.0,,0.0
1931-06-01,,,13.0,,
1931-06-02,,,0.0,,
1931-06-03,,,0.0,,
1931-06-04,,,0.0,,
1931-06-05,,,0.0,,
1931-06-06,,,0.0,,
1931-06-07,,,0.0,,
1931-06-08,,,13.0,,
1931-06-09,,,0.0,,
1931-06-10,,,0.0,,
1931-06-11,,,0.0,,
1931-06-12,,,0.0,,
1931-06-13,,,0.0,,
1931-06-14,,,157.0,,
1931-06-15,,,8.0,,
1931-06-16,,,0.0,,
1931-06-17,,,0.0,,
1931-06-18,,,0.0,,
1931-06-19,,,0.0,,
1931-06-20,,,23.0,,
1931-06-21,,,28.0,,
1931-06-22,,,25.0,,
1931-06-23,,,5.0,,
1931-06-24,,,0.0,,
1931-06-25,,,0.0,,
1931-06-26,,,203.0,,
1931-06-27,,,20.0,,
1931-06-28,,,0.0,,
1931-06-29,,,0.0,,
1931-06-30,,,160.0,,
1931-07-01,,,0.0,,
1931-07-02,,,0.0,,
1931-07-03,,,0.0,,
1931-07-04,,,0.0,,
1931-07-05,,,127.0,,
1931-07-06,,,419.0,,
1931-07-07,,,5.0,,
1931-07-08,,,0.0,,
1931-07-09,,,0.0,,
1931-07-10,,,3.0,,
1931-07-11,,,0.0,,
1931-07-12,,,0.0,,
1931-07-13,,,0.0,,
1931-07-14,,,66.0,,
1931-07-15,,,5.0,,
1931-07-16,,,0.0,,
1931-07-17,,,0.0,,
1931-07-18,,,0.0,,
1931-07-19,,,211.0,,
1931-07-20,,,0.0,,
1931-07-21,,,180.0,,
1931-07-22,,,269.0,,
1931-07-23,,,0.0,,
1931-07-24,,,8.0,,
1931-07-25,,,0.0,,
1931-07-26,,,0.0,,
1931-07-27,,,0.0,,
1931-07-28,,,10.0,,
1931-07-29,,,0.0,,
1931-07-30,,,0.0,,
1931-07-31,,,0.0,,
1931-08-01,,,41.0,,0.0
1931-08-02,,,61.0,,0.0
1931-08-03,,,0.0,,0.0
1931-08-04,,,0.0,,0.0
1931-08-05,,,23.0,,0.0
1931-08-06,,,20.0,,0.0
1931-08-07,,,81.0,,0.0
1931-08-08,,,0.0,,0.0
1931-08-09,,,0.0,,0.0
1931-08-10,,,58.0,,0.0
1931-08-11,,,25.0,,0.0
1931-08-12,,,0.0,,0.0
1931-08-13,,,13.0,,0.0
1931-08-14,,,0.0,,0.0
1931-08-15,,,23.0,,0.0
1931-08-16,,,0.0,,0.0
1931-08-17,,,0.0,,0.0
1931-08-18,,,61.0,,0.0
1931-08-19,,,36.0,,0.0
1931-08-20,,,0.0,,0.0
1931-08-21,,,175.0,,0.0
1931-08-22,,,0.0,,0.0
1931-08-23,,,5.0,,0.0
1931-08-24,,,0.0,,0.0
1931-08-25,,,0.0,,0.0
1931-08-26,,,0.0,,0.0
1931-08-27,,,112.0,,0.0
1931-08-28,,,0.0,,0.0
1931-08-29,,,183.0,,0.0
1931-08-30,,,0.0,,0.0
1931-08-31,,,0.0,,0.0
1931-09-01,,,0.0,,0.0
1931-09-02,,,15.0,,0.0
1931-09-03,,,211.0,,0.0
1931-09-04,,,8.0,,0.0
1931-09-05,,,0.0,,0.0
1931-09-06,,,0.0,,0.0
1931-09-07,,,0.0,,0.0
1931-09-08,,,0.0,,0.0
1931-09-09,,,0.0,,0.0
1931-09-10,,,0.0,,0.0
1931-09-11,,,0.0,,0.0
1931-09-12,,,0.0,,0.0
1931-09-13,,,0.0,,0.0
1931-09-14,,,0.0,,0.0
1931-09-15,,,0.0,,0.0
1931-09-16,,,0.0,,0.0
1931-09-17,,,0.0,,0.0
1931-09-18,,,0.0,,0.0
1931-09-19,,,0.0,,0.0
1931-09-20,,,0.0,,0.0
1931-09-21,,,0.0,,0.0
1931-09-22,,,0.0,,0.0
1931-09-23,,,0.0,,0.0
1931-09-24,,,8.0,,0.0
1931-09-25,,,0.0,,0.0
1931-09-26,,,30.0,,0.0
1931-09-27,,,0.0,,0.0
1931-09-28,,,0.0,,0.0
1931-09-29,,,0.0,,0.0
1931-09-30,,,0.0,,0.0
1931-10-01,,,0.0,,0.0
1931-10-02,,,0.0,,0.0
1931-10-03,,,0.0,,0.0
1931-10-04,,,0.0,,0.0
1931-10-05,,,0.0,,0.0
1931-10-06,,,0.0,,0.0
1931-10-07,,,0.0,,0.0
1931-10-08,,,3.0,,0.0
1931-10-09,,,0.0,,0.0
1931-10-10,,,0.0,,0.0
1931-10-11,,,0.0,,0.0
1931-10-12,,,0.0,,0.0
1931-10-13,,,0.0,,0.0
1931-10-14,,,0.0,,0.0
1931-10-15,,,0.0,,0.0
1931-10-16,,,0.0,,0.0
1931-10-17,,,0.0,,0.0
1931-10-18,,,0.0,,0.0
1931-10-19,,,0.0,,0.0
1931-10-20,,,0.0,,0.0
1931-10-21,,,0.0,,0.0
1931-10-22,,,0.0,,0.0
1931-10-23,,,0.0,,0.0
1931-10-24,,,0.0,,0.0
1931-10-25,,,5.0,,0.0
1931-10-26,,,0.0,,0.0
1931-10-27,,,0.0,,0.0
1931-10-28,,,10.0,,0.0
1931-10-29,,,508.0,,0.0
1931-10-30,,,0.0,,0.0
1931-10-31,,,0.0,,0.0
1931-11-01,,,0.0,,0.0
1931-11-02,,,0.0,,0.0
1931-11-03,,,0.0,,0.0
1931-11-04,,,0.0,,0.0
1931-11-05,,,0.0,,0.0
1931-11-06,,,0.0,,0.0
1931-11-07,,,0.0,,0.0
1931-11-08,,,0.0,,0.0
1931-11-09,,,0.0,,0.0
1931-11-10,,,0.0,,0.0
1931-11-11,,,0.0,,0.0
1931-11-12,,,0.0,,0.0
1931-11-13,,,0.0,,0.0
1931-11-14,,,0.0,,0.0
1931-11-15,,,0.0,,0.0
1931-11-16,,,0.0,,0.0
1931-11-17,,,0.0,,0.0
1931-11-18,,,41.0,,0.0
1931-11-19,,,132.0,,0.0
1931-11-20,,,0.0,,0.0
1931-11-21,,,5.0,,0.0
1931-11-22,,,5.0,,0.0
1931-11-23,,,0.0,,0.0
1931-11-24,,,0.0,,0.0
1931-11-25,,,0.0,,0.0
1931-11-26,,,0.0,,0.0
1931-11-27,,,0.0,,0.0
1931-11-28,,,89.0,,0.0
1931-11-29,,,5.0,,0.0
1931-11-30,,,231.0,,0.0
1931-12-01,,,216.0,,0.0
1931-12-02,,,10.0,,0.0
1931-12-03,,,13.0,,0.0
1931-12-04,,,513.0,,0.0
1931-12-05,,,3.0,,0.0
1931-12-06,,,0.0,,0.0
1931-12-07,,,0.0,,0.0
1931-12-08,,,0.0,,0.0
1931-12-09,,,419.0,,0.0
1931-12-10,,,5.0,,0.0
1931-12-11,,,0.0,,0.0
1931-12-12,,,20.0,,0.0
1931-12-13,,,15.0,,0.0
1931-12-14,,,533.0,,0.0
1931-12-15,,,23.0,,0.0
1931-12-16,,,0.0,,0.0
1931-12-17,,,84.0,,0.0
1931-12-18,,,89.0,,0.0
1931-12-19,,,0.0,,0.0
1931-12-20,,,13.0,,0.0
1931-12-21,,,74.0,,0.0
1931-12-22,,,234.0,,0.0
1931-12-23,,,0.0,,0.0
1931-12-24,,,0.0,,0.0
1931-12-25,,,58.0,,0.0
1931-12-26,,,0.0,,0.0
1931-12-27,,,0.0,,0.0
1931-12-28,,,10.0,,0.0
1931-12-29,,,0.0,,0.0
1931-12-30,,,0.0,,0.0
1931-12-31,,,208.0,,0.0
1932-01-01,,,163.0,,0.0
1932-01-02,,,0.0,,0.0
1932-01-03,,,0.0,,0.0
1932-01-04,,,0.0,,0.0
1932-01-05,,,0.0,,0.0
1932-01-06,,,345.0,,0.0
1932-01-07,,,8.0,,0.0
1932-01-08,,,28.0,,0.0
1932-01-09,,,20.0,,0.0
1932-01-10,,,0.0,,0.0
1932-01-11,,,0.0,,0.0
1932-01-12,,,0.0,,0.0
1932-01-13,,,193.0,,0.0
1932-01-14,,,10.0,,0.0
1932-01-15,,,0.0,,0.0
1932-01-16,,,0.0,,0.0
1932-01-17,,,15.0,,0.0
1932-01-18,,,0.0,,0.0
1932-01-19,,,0.0,,0.0
1932-01-20,,,0.0,,0.0
1932-01-21,,,0.0,,0.0
1932-01-22,,,0.0,,0.0
1932-01-23,,,0.0,,0.0
1932-01-24,,,145.0,,0.0
1932-01-25,,,0.0,,0.0
1932-01-26,,,0.0,,0.0
1932-01-27,,,249.0,,0.0
1932-01-28,,,0.0,,0.0
1932-01-29,,,137.0,,0.0
1932-01-30,,,505.0,,0.0
1932-01-31,,,0.0,,0.0
1932-02-01,,,0.0,,0.0
1932-02-02,,,69.0,,0.0
1932-02-03,,,378.0,,0.0
1932-02-04,,,5.0,,0.0
1932-02-05,,,89.0,,0.0
1932-02-06,,,0.0,,0.0
1932-02-07,,,0.0,,0.0
1932-02-08,,,0.0,,0.0
1932-02-09,,,132.0,,0.0
1932-02-10,,,0.0,,0.0
1932-02-11,,,0.0,,0.0
1932-02-12,,,264.0,,0.0
1932-02-13,,,0.0,,0.0
1932-02-14,,,0.0,,0.0
1932-02-15,,,183.0,,0.0
1932-02-16,,,185.0,,0.0
1932-02-17,,,109.0,,0.0
1932-02-18,,,28.0,,0.0
1932-02-19,,,28.0,,0.0
1932-02-20,,,20.0,,0.0
1932-02-21,,,74.0,,0.0
1932-02-22,,,224.0,,0.0
1932-02-23,,,0.0,,0.0
1932-02-24,,,0.0,,0.0
1932-02-25,,,0.0,,0.0
1932-02-26,,,0.0,,0.0
1932-02-27,,,0.0,,0.0
1932-02-28,,,0.0,,0.0
1932-02-29,,,0.0,,0.0
1932-03-01,,,0.0,,0.0
1932-03-02,,,0.0,,0.0
1932-03-03,,,18.0,,0.0
1932-03-04,,,302.0,,0.0
1932-03-05,,,3.0,,0.0
1932-03-06,,,97.0,,0.0
1932-03-07,,,0.0,,0.0
1932-03-08,,,0.0,,0.0
1932-03-09,,,3.0,,3.0
1932-03-10,,,0.0,,0.0
1932-03-11,,,0.0,,0.0
1932-03-12,,,0.0,,0.0
1932-03-13,,,0.0,,0.0
1932-03-14,,,0.0,,0.0
1932-03-15,,,0.0,,0.0
1932-03-16,,,0.0,,0.0
1932-03-17,,,38.0,,0.0
1932-03-18,,,0.0,,0.0
1932-03-19,,,0.0,,0.0
1932-03-20,,,0.0,,0.0
1932-03-21,,,0.0,,0.0
1932-03-22,,,155.0,,0.0
1932-03-23,,,0.0,,0.0
1932-03-24,,,0.0,,0.0
1932-03-25,,,0.0,,0.0
1932-03-26,,,0.0,,0.0
1932-03-27,,,0.0,,0.0
1932-03-28,,,132.0,,0.0
1932-03-29,,,0.0,,0.0
1932-03-30,,,0.0,,0.0
1932-03-31,,,495.0,,0.0
1932-04-01,,,102.0,,0.0
1932-04-02,,,0.0,,0.0
1932-04-03,,,0.0,,0.0
1932-04-04,,,0.0,,0.0
1932-04-05,,,0.0,,0.0
1932-04-06,,,0.0,,0.0
1932-04-07,,,0.0,,0.0
1932-04-08,,,69.0,,0.0
1932-04-09,,,33.0,,0.0
1932-04-10,,,0.0,,0.0
1932-04-11,,,91.0,,0.0
1932-04-12,,,5.0,,0.0
1932-04-13,,,0.0,,0.0
1932-04-14,,,0.0,,0.0
1932-04-15,,,0.0,,0.0
1932-04-16,,,0.0,,0.0
1932-04-17,,,0.0,,0.0
1932-04-18,,,46.0,,0.0
1932-04-19,,,0.0,,0.0
1932-04-20,,,0.0,,0.0
1932-04-21,,,0.0,,0.0
1932-04-22,,,8.0,,0.0
1932-04-23,,,0.0,,0.0
1932-04-24,,,58.0,,0.0
1932-04-25,,,15.0,,0.0
1932-04-26,,,518.0,,0.0
1932-04-27,,,0.0,,0.0
1932-04-28,,,0.0,,0.0
1932-04-29,,,0.0,,0.0
1932-04-30,,,69.0,,0.0
1932-05-01,,,490.0,,
1932-05-02,,,0.0,,
1932-05-03,,,0.0,,
1932-05-04,,,0.0,,
1932-05-05,,,0.0,,
1932-05-06,,,0.0,,
1932-05-07,,,0.0,,
1932-05-08,,,0.0,,
1932-05-09,,,94.0,,
1932-05-10,,,61.0,,
1932-05-11,,,0.0,,
1932-05-12,,,8.0,,
1932-05-13,,,0.0,,
1932-05-14,,,0.0,,
1932-05-15,,,0.0,,
1932-05-16,,,0.0,,
1932-05-17,,,8.0,,
1932-05-18,,,3.0,,
1932-05-19,,,10.0,,
1932-05-20,,,112.0,,
1932-05-21,,,20.0,,
1932-05-22,,,0.0,,
1932-05-23,,,69.0,,
1932-05-24,,,0.0,,
1932-05-25,,,0.0,,
1932-05-26,,,0.0,,
1932-05-27,,,0.0,,
1932-05-28,,,13.0,,
1932-05-29,,,0.0,,
1932-05-30,,,0.0,,
1932-05-31,,,0.0,,
1932-06-01,,,0.0,,
1932-06-02,,,0.0,,
1932-06-03,,,0.0,,
1932-06-04,,,0.0,,
1932-06-05,,,0.0,,
1932-06-06,,,183.0,,
1932-06-07,,,0.0,,
1932-06-08,,,5.0,,
1932-06-09,,,58.0,,
1932-06-10,,,8.0,,
1932-06-11,,,155.0,,
1932-06-12,,,10.0,,
1932-06-13,,,84.0,,
1932-06-14,,,15.0,,
1932-06-15,,,109.0,,
1932-06-16,,,33.0,,
1932-06-17,,,56.0,,
1932-06-18,,,0.0,,
1932-06-19,,,112.0,,
1932-06-20,,,0.0,,
1932-06-21,,,249.0,,
1932-06-22,,,0.0,,
1932-06-23,,,0.0,,
1932-06-24,,,0.0,,
1932-06-25,,,0.0,,
1932-06-26,,,262.0,,
1932-06-27,,,122.0,,
1932-06-28,,,69.0,,
1932-06-29,,,46.0,,
1932-06-30,,,0.0,,
1932-07-01,,,46.0,,0.0
1932-07-02,,,508.0,,0.0
1932-07-03,,,0.0,,0.0
1932-07-04,,,114.0,,0.0
1932-07-05,,,183.0,,0.0
1932-07-06,,,122.0,,0.0
1932-07-07,,,46.0,,0.0
1932-07-08,,,0.0,,0.0
1932-07-09,,,0.0,,0.0
1932-07-10,,,0.0,,0.0
1932-07-11,,,0.0,,0.0
1932-07-12,,,0.0,,0.0
1932-07-13,,,0.0,,0.0
1932-07-14,,,0.0,,0.0
1932-07-15,,,0.0,,0.0
1932-07-16,,,0.0,,0.0
1932-07-17,,,5.0,,0.0
1932-07-18,,,0.0,,0.0
1932-07-19,,,0.0,,0.0
1932-07-20,,,46.0,,0.0
1932-07-21,,,0.0,,0.0
1932-07-22,,,43.0,,0.0
1932-07-23,,,8.0,,0.0
1932-07-24,,,5.0,,0.0
1932-07-25,,,0.0,,0.0
1932-07-26,,,0.0,,0.0
1932-07-27,,,0.0,,0.0
1932-07-28,,,3.0,,0.0
1932-07-29,,,0.0,,0.0
1932-07-30,,,10.0,,0.0
1932-07-31,,,0.0,,0.0
1932-08-01,,,0.0,,
1932-08-02,,,36.0,,
1932-08-03,,,0.0,,
1932-08-04,,,0.0,,
1932-08-05,,,0.0,,
1932-08-06,,,0.0,,
1932-08-07,,,142.0,,
1932-08-08,,,0.0,,
1932-08-09,,,0.0,,
1932-08-10,,,0.0,,
1932-08-11,,,264.0,,
1932-08-12,,,0.0,,
1932-08-13,,,5.0,,
1932-08-14,,,10.0,,
1932-08-15,,,41.0,,
1932-08-16,,,122.0,,
1932-08-17,,,119.0,,
1932-08-18,,,330.0,,
1932-08-19,,,15.0,,
1932-08-20,,,0.0,,
1932-08-21,,,0.0,,
1932-08-22,,,43.0,,
1932-08-23,,,0.0,,
1932-08-24,,,0.0,,
1932-08-25,,,0.0,,
1932-08-26,,,0.0,,
1932-08-27,,,0.0,,
1932-08-28,,,0.0,,
1932-08-29,,,0.0,,
1932-08-30,,,0.0,,
1932-08-31,,,0.0,,
1932-09-01,,,0.0,,0.0
1932-09-02,,,0.0,,0.0
1932-09-03,,,0.0,,0.0
1932-09-04,,,89.0,,0.0
1932-09-05,,,23.0,,0.0
1932-09-06,,,0.0,,0.0
1932-09-07,,,0.0,,0.0
1932-09-08,,,0.0,,0.0
1932-09-09,,,0.0,,0.0
1932-09-10,,,0.0,,0.0
1932-09-11,,,0.0,,0.0
1932-09-12,,,0.0,,0.0
1932-09-13,,,0.0,,0.0
1932-09-14,,,0.0,,0.0
1932-09-15,,,0.0,,0.0
1932-09-16,,,0.0,,0.0
1932-09-17,,,13.0,,0.0
1932-09-18,,,0.0,,0.0
1932-09-19,,,0.0,,0.0
1932-09-20,,,0.0,,0.0
1932-09-21,,,429.0,,0.0
1932-09-22,,,0.0,,0.0
1932-09-23,,,0.0,,0.0
1932-09-24,,,0.0,,0.0
1932-09-25,,,0.0,,0.0
1932-09-26,,,5.0,,0.0
1932-09-27,,,56.0,,0.0
1932-09-28,,,76.0,,0.0
1932-09-29,,,0.0,,0.0
1932-09-30,,,0.0,,0.0
1932-10-01,,,0.0,,0.0
1932-10-02,,,0.0,,0.0
1932-10-03,,,0.0,,0.0
1932-10-04,,,0.0,,0.0
1932-10-05,,,424.0,,0.0
1932-10-06,,,114.0,,0.0
1932-10-07,,,0.0,,0.0
1932-10-08,,,0.0,,0.0
1932-10-09,,,0.0,,0.0
1932-10-10,,,0.0,,0.0
1932-10-11,,,8.0,,0.0
1932-10-12,,,0.0,,0.0
1932-10-13,,,0.0,,0.0
1932-10-14,,,0.0,,0.0
1932-10-15,,,0.0,,0.0
1932-10-16,,,424.0,,0.0
1932-10-17,,,127.0,,0.0
1932-10-18,,,30.0,,0.0
1932-10-19,,,13.0,,0.0
1932-10-20,,,0.0,,0.0
1932-10-21,,,0.0,,0.0
1932-10-22,,,0.0,,0.0
1932-10-23,,,0.0,,0.0
1932-10-24,,,0.0,,0.0
1932-10-25,,,0.0,,0.0
1932-10-26,,,8.0,,0.0
1932-10-27,,,201.0,,0.0
1932-10-28,,,0.0,,0.0
1932-10-29,,,0.0,,0.0
1932-10-30,,,0.0,,0.0
1932-10-31,,,0.0,,0.0
1932-11-01,,,305.0,,0.0
1932-11-02,,,0.0,,0.0
1932-11-03,,,0.0,,0.0
1932-11-04,,,0.0,,0.0
1932-11-05,,,0.0,,0.0
1932-11-06,,,0.0,,0.0
1932-11-07,,,0.0,,0.0
1932-11-08,,,0.0,,0.0
1932-11-09,,,272.0,,0.0
1932-11-10,,,0.0,,0.0
1932-11-11,,,20.0,,0.0
1932-11-12,,,0.0,,0.0
1932-11-13,,,0.0,,0.0
1932-11-14,,,0.0,,0.0
1932-11-15,,,0.0,,0.0
1932-11-16,,,0.0,,0.0
1932-11-17,,,74.0,,0.0
1932-11-18,,,0.0,,0.0
1932-11-19,,,269.0,,0.0
1932-11-20,,,0.0,,0.0
1932-11-21,,,0.0,,0.0
1932-11-22,,,0.0,,0.0
1932-11-23,,,0.0,,0.0
1932-11-24,,,28.0,,0.0
1932-11-25,,,15.0,,0.0
1932-11-26,,,432.0,,0.0
1932-11-27,,,0.0,,0.0
1932-11-28,,,0.0,,0.0
1932-11-29,,,0.0,,0.0
1932-11-30,,,0.0,,0.0
1932-12-01,,,0.0,,
1932-12-02,,,0.0,,
1932-12-03,,,0.0,,
1932-12-04,,,20.0,,
1932-12-05,,,20.0,,
1932-12-06,,,0.0,,
1932-12-07,,,43.0,,
1932-12-08,,,48.0,,
1932-12-09,,,0.0,,
1932-12-10,,,168.0,,
1932-12-11,,,305.0,,
1932-12-12,,,485.0,,
1932-12-13,,,102.0,,
1932-12-14,,,320.0,,
1932-12-15,,,53.0,,
1932-12-16,,,10.0,,
1932-12-17,,,462.0,,
1932-12-18,,,13.0,,
1932-12-19,,,0.0,,
1932-12-20,,,0.0,,
1932-12-21,,,0.0,,
1932-12-22,,,3.0,,
1932-12-23,,,0.0,,
1932-12-24,,,0.0,,
1932-12-25,,,147.0,,
1932-12-26,,,198.0,,
1932-12-27,,,104.0,,
1932-12-28,,,556.0,,
1932-12-29,,,76.0,,
1932-12-30,,,10.0,,
1932-12-31,,,152.0,,
1933-01-01,,,10.0,,0.0
1933-01-02,,,0.0,,0.0
1933-01-03,,,0.0,,0.0
1933-01-04,,,10.0,,0.0
1933-01-05,,,5.0,,0.0
1933-01-06,,,0.0,,0.0
1933-01-07,,,0.0,,0.0
1933-01-08,,,23.0,,0.0
1933-01-09,,,292.0,,0.0
1933-01-10,,,0.0,,0.0
1933-01-11,,,13.0,,0.0
1933-01-12,,,69.0,,0.0
1933-01-13,,,0.0,,0.0
1933-01-14,,,0.0,,0.0
1933-01-15,,,0.0,,0.0
1933-01-16,,,0.0,,0.0
1933-01-17,,,3.0,,0.0
1933-01-18,,,3.0,,0.0
1933-01-19,,,0.0,,0.0
1933-01-20,,,0.0,,0.0
1933-01-21,,,0.0,,0.0
1933-01-22,,,0.0,,0.0
1933-01-23,,,41.0,,0.0
1933-01-24,,,0.0,,0.0
1933-01-25,,,191.0,,0.0
1933-01-26,,,5.0,,0.0
1933-01-27,,,13.0,,0.0
1933-01-28,,,10.0,,0.0
1933-01-29,,,0.0,,0.0
1933-01-30,,,0.0,,0.0
1933-01-31,,,0.0,,0.0
1933-02-01,,,3.0,,
1933-02-02,,,18.0,,
1933-02-03,,,5.0,,
1933-02-04,,,69.0,,
1933-02-05,,,5.0,,
1933-02-06,,,0.0,,
1933-02-07,,,51.0,,
1933-02-08,,,498.0,,
1933-02-09,,,5.0,,
1933-02-10,,,0.0,,
1933-02-11,,,53.0,,
1933-02-12,,,0.0,,
1933-02-13,,,0.0,,
1933-02-14,,,216.0,,
1933-02-15,,,465.0,,
1933-02-16,,,3.0,,
1933-02-17,,,0.0,,
1933-02-18,,,86.0,,
1933-02-19,,,0.0,,
1933-02-20,,,335.0,,
1933-02-21,,,5.0,,
1933-02-22,,,0.0,,
1933-02-23,,,0.0,,
1933-02-24,,,0.0,,
1933-02-25,,,0.0,,
1933-02-26,,,117.0,,
1933-02-27,,,0.0,,
1933-02-28,,,0.0,,
1933-03-01,,,0.0,,0.0
1933-03-02,,,0.0,,0.0
1933-03-03,,,0.0,,0.0
1933-03-04,,,0.0,,0.0
1933-03-05,,,0.0,,0.0
1933-03-06,,,0.0,,0.0
1933-03-07,,,74.0,,0.0
1933-03-08,,,20.0,,0.0
1933-03-09,,,0.0,,0.0
1933-03-10,,,94.0,,0.0
1933-03-11,,,0.0,,0.0
1933-03-12,,,56.0,,0.0
1933-03-13,,,0.0,,0.0
1933-03-14,,,66.0,,0.0
1933-03-15,,,127.0,,0.0
1933-03-16,,,0.0,,0.0
1933-03-17,,,0.0,,0.0
1933-03-18,,,38.0,,0.0
1933-03-19,,,89.0,,0.0
1933-03-20,,,277.0,,0.0
1933-03-21,,,3.0,,0.0
1933-03-22,,,0.0,,0.0
1933-03-23,,,10.0,,0.0
1933-03-24,,,0.0,,0.0
1933-03-25,,,84.0,,0.0
1933-03-26,,,36.0,,0.0
1933-03-27,,,0.0,,0.0
1933-03-28,,,0.0,,0.0
1933-03-29,,,0.0,,0.0
1933-03-30,,,0.0,,0.0
1933-03-31,,,0.0,,0.0
1933-04-01,,,216.0,,0.0
1933-04-02,,,0.0,,0.0
1933-04-03,,,0.0,,0.0
1933-04-04,,,0.0,,0.0
1933-04-05,,,0.0,,0.0
1933-04-06,,,64.0,,0.0
1933-04-07,,,5.0,,0.0
1933-04-08,,,0.0,,0.0
1933-04-09,,,0.0,,0.0
1933-04-10,,,0.0,,0.0
1933-04-11,,,0.0,,0.0
1933-04-12,,,58.0,,0.0
1933-04-13,,,0.0,,0.0
1933-04-14,,,0.0,,0.0
1933-04-15,,,8.0,,0.0
1933-04-16,,,178.0,,0.0
1933-04-17,,,91.0,,0.0
1933-04-18,,,0.0,,0.0
1933-04-19,,,76.0,,0.0
1933-04-20,,,0.0,,0.0
1933-04-21,,,0.0,,0.0
1933-04-22,,,0.0,,0.0
1933-04-23,,,13.0,,0.0
1933-04-24,,,0.0,,0.0
1933-04-25,,,226.0,,0.0
1933-04-26,,,0.0,,0.0
1933-04-27,,,0.0,,0.0
1933-04-28,,,0.0,,0.0
1933-04-29,,,0.0,,0.0
1933-04-30,,,0.0,,0.0
1933-05-01,,,0.0,,0.0
1933-05-02,,,0.0,,0.0
1933-05-03,,,218.0,,0.0
1933-05-04,,,0.0,,0.0
1933-05-05,,,203.0,,0.0
1933-05-06,,,58.0,,0.0
1933-05-07,,,0.0,,0.0
1933-05-08,,,241.0,,0.0
1933-05-09,,,0.0,,0.0
1933-05-10,,,109.0,,0.0
1933-05-11,,,107.0,,0.0
1933-05-12,,,38.0,,0.0
1933-05-13,,,0.0,,0.0
1933-05-14,,,0.0,,0.0
1933-05-15,,,0.0,,0.0
1933-05-16,,,0.0,,0.0
1933-05-17,,,0.0,,0.0
1933-05-18,,,0.0,,0.0
1933-05-19,,,0.0,,0.0
1933-05-20,,,0.0,,0.0
1933-05-21,,,0.0,,0.0
1933-05-22,,,10.0,,0.0
1933-05-23,,,10.0,,0.0
1933-05-24,,,5.0,,0.0
1933-05-25,,,211.0,,0.0
1933-05-26,,,43.0,,0.0
1933-05-27,,,0.0,,0.0
1933-05-28,,,71.0,,0.0
1933-05-29,,,0.0,,0.0
1933-05-30,,,0.0,,0.0
1933-05-31,,,0.0,,0.0
1933-06-01,,,0.0,,0.0
1933-06-02,,,0.0,,0.0
1933-06-03,,,0.0,,0.0
1933-06-04,,,0.0,,0.0
1933-06-05,,,0.0,,0.0
1933-06-06,,,0.0,,0.0
1933-06-07,,,0.0,,0.0
1933-06-08,,,0.0,,0.0
1933-06-09,,,0.0,,0.0
1933-06-10,,,0.0,,0.0
1933-06-11,,,3.0,,0.0
1933-06-12,,,277.0,,0.0
1933-06-13,,,0.0,,0.0
1933-06-14,,,0.0,,0.0
1933-06-15,,,0.0,,0.0
1933-06-16,,,0.0,,0.0
1933-06-17,,,0.0,,0.0
1933-06-18,,,0.0,,0.0
1933-06-19,,,0.0,,0.0
1933-06-20,,,0.0,,0.0
1933-06-21,,,0.0,,0.0
1933-06-22,,,0.0,,0.0
1933-06-23,,,0.0,,0.0
1933-06-24,,,13.0,,0.0
1933-06-25,,,0.0,,0.0
1933-06-26,,,3.0,,0.0
1933-06-27,,,0.0,,0.0
1933-06-28,,,15.0,,0.0
1933-06-29,,,0.0,,0.0
1933-06-30,,,127.0,,0.0
1933-07-01,,,13.0,,0.0
1933-07-02,,,5.0,,0.0
1933-07-03,,,0.0,,0.0
1933-07-04,,,0.0,,0.0
1933-07-05,,,0.0,,0.0
1933-07-06,,,0.0,,0.0
1933-07-07,,,0.0,,0.0
1933-07-08,,,0.0,,0.0
1933-07-09,,,0.0,,0.0
1933-07-10,,,5.0,,0.0
1933-07-11,,,267.0,,0.0
1933-07-12,,,3.0,,0.0
1933-07-13,,,0.0,,0.0
1933-07-14,,,3.0,,0.0
1933-07-15,,,0.0,,0.0
1933-07-16,,,0.0,,0.0
1933-07-17,,,102.0,,0.0
1933-07-18,,,8.0,,0.0
1933-07-19,,,147.0,,0.0
1933-07-20,,,152.0,,0.0
1933-07-21,,,0.0,,0.0
1933-07-22,,,0.0,,0.0
1933-07-23,,,0.0,,0.0
1933-07-24,,,0.0,,0.0
1933-07-25,,,0.0,,0.0
1933-07-26,,,246.0,,0.0
1933-07-27,,,236.0,,0.0
1933-07-28,,,43.0,,0.0
1933-07-29,,,0.0,,0.0
1933-07-30,,,0.0,,0.0
1933-07-31,,,0.0,,0.0
1933-08-01,,,0.0,,0.0
1933-08-02,,,51.0,,0.0
1933-08-03,,,241.0,,0.0
1933-08-04,,,18.0,,0.0
1933-08-05,,,20.0,,0.0
1933-08-06,,,51.0,,0.0
1933-08-07,,,0.0,,0.0
1933-08-08,,,0.0,,0.0
1933-08-09,,,0.0,,0.0
1933-08-10,,,0.0,,0.0
1933-08-11,,,0.0,,0.0
1933-08-12,,,89.0,,0.0
1933-08-13,,,0.0,,0.0
1933-08-14,,,178.0,,0.0
1933-08-15,,,0.0,,0.0
1933-08-16,,,0.0,,0.0
1933-08-17,,,41.0,,0.0
1933-08-18,,,185.0,,0.0
1933-08-19,,,0.0,,0.0
1933-08-20,,,0.0,,0.0
1933-08-21,,,236.0,,0.0
1933-08-22,,,0.0,,0.0
1933-08-23,,,0.0,,0.0
1933-08-24,,,0.0,,0.0
1933-08-25,,,0.0,,0.0
1933-08-26,,,0.0,,0.0
1933-08-27,,,25.0,,0.0
1933-08-28,,,0.0,,0.0
1933-08-29,,,69.0,,0.0
1933-08-30,,,119.0,,0.0
1933-08-31,,,188.0,,0.0
1933-09-01,,,36.0,,0.0
1933-09-02,,,5.0,,0.0
1933-09-03,,,0.0,,0.0
1933-09-04,,,0.0,,0.0
1933-09-05,,,28.0,,0.0
1933-09-06,,,170.0,,0.0
1933-09-07,,,5.0,,0.0
1933-09-08,,,3.0,,0.0
1933-09-09,,,3.0,,0.0
1933-09-10,,,0.0,,0.0
1933-09-11,,,0.0,,0.0
1933-09-12,,,0.0,,0.0
1933-09-13,,,0.0,,0.0
1933-09-14,,,0.0,,0.0
1933-09-15,,,0.0,,0.0
1933-09-16,,,0.0,,0.0
1933-09-17,,,0.0,,0.0
1933-09-18,,,0.0,,0.0
1933-09-19,,,0.0,,0.0
1933-09-20,,,104.0,,0.0
1933-09-21,,,102.0,,0.0
1933-09-22,,,0.0,,0.0
1933-09-23,,,0.0,,0.0
1933-09-24,,,0.0,,0.0
1933-09-25,,,0.0,,0.0
1933-09-26,,,0.0,,0.0
1933-09-27,,,0.0,,0.0
1933-09-28,,,0.0,,0.0
1933-09-29,,,0.0,,0.0
1933-09-30,,,0.0,,0.0
1933-10-01,,,3.0,,0.0
1933-10-02,,,0.0,,0.0
1933-10-03,,,79.0,,0.0
1933-10-04,,,0.0,,0.0
1933-10-05,,,0.0,,0.0
1933-10-06,,,0.0,,0.0
1933-10-07,,,0.0,,0.0
1933-10-08,,,0.0,,0.0
1933-10-09,,,0.0,,0.0
1933-10-10,,,0.0,,0.0
1933-10-11,,,0.0,,0.0
1933-10-12,,,0.0,,0.0
1933-10-13,,,0.0,,0.0
1933-10-14,,,0.0,,0.0
1933-10-15,,,0.0,,0.0
1933-10-16,,,0.0,,0.0
1933-10-17,,,145.0,,0.0
1933-10-18,,,0.0,,0.0
1933-10-19,,,0.0,,0.0
1933-10-20,,,0.0,,0.0
1933-10-21,,,0.0,,0.0
1933-10-22,,,0.0,,0.0
1933-10-23,,,5.0,,0.0
1933-10-24,,,28.0,,0.0
1933-10-25,,,0.0,,0.0
1933-10-26,,,0.0,,0.0
1933-10-27,,,0.0,,0.0
1933-10-28,,,0.0,,0.0
1933-10-29,,,0.0,,0.0
1933-10-30,,,0.0,,0.0
1933-10-31,,,0.0,,0.0
1933-11-01,,,0.0,,0.0
1933-11-02,,,0.0,,0.0
1933-11-03,,,0.0,,0.0
1933-11-04,,,0.0,,0.0
1933-11-05,,,8.0,,0.0
1933-11-06,,,18.0,,0.0
1933-11-07,,,0.0,,0.0
1933-11-08,,,0.0,,0.0
1933-11-09,,,0.0,,0.0
1933-11-10,,,0.0,,0.0
1933-11-11,,,0.0,,0.0
1933-11-12,,,8.0,,0.0
1933-11-13,,,5.0,,0.0
1933-11-14,,,0.0,,0.0
1933-11-15,,,0.0,,0.0
1933-11-16,,,0.0,,0.0
1933-11-17,,,0.0,,0.0
1933-11-18,,,0.0,,0.0
1933-11-19,,,0.0,,0.0
1933-11-20,,,0.0,,0.0
1933-11-21,,,0.0,,0.0
1933-11-22,,,264.0,,0.0
1933-11-23,,,0.0,,0.0
1933-11-24,,,0.0,,0.0
1933-11-25,,,0.0,,0.0
1933-11-26,,,0.0,,0.0
1933-11-27,,,0.0,,0.0
1933-11-28,,,0.0,,0.0
1933-11-29,,,0.0,,0.0
1933-11-30,,,0.0,,0.0
1933-12-01,,,0.0,,
1933-12-02,,,0.0,,
1933-12-03,,,15.0,,
1933-12-04,,,99.0,,
1933-12-05,,,0.0,,
1933-12-06,,,122.0,,
1933-12-07,,,30.0,,
1933-12-08,,,0.0,,
1933-12-09,,,0.0,,
1933-12-10,,,0.0,,
1933-12-11,,,0.0,,
1933-12-12,,,8.0,,
1933-12-13,,,53.0,,
1933-12-14,,,15.0,,
1933-12-15,,,0.0,,
1933-12-16,,,3.0,,
1933-12-17,,,0.0,,
1933-12-18,,,15.0,,
1933-12-19,,,46.0,,
1933-12-20,,,38.0,,
1933-12-21,,,0.0,,
1933-12-22,,,0.0,,
1933-12-23,,,0.0,,
1933-12-24,,,0.0,,
1933-12-25,,,28.0,,
1933-12-26,,,150.0,,
1933-12-27,,,5.0,,
1933-12-28,,,0.0,,
1933-12-29,,,0.0,,
1933-12-30,,,0.0,,
1933-12-31,,,25.0,,
1934-01-01,,,267.0,,0.0
1934-01-02,,,3.0,,0.0
1934-01-03,,,0.0,,0.0
1934-01-04,,,0.0,,0.0
1934-01-05,,,99.0,,0.0
1934-01-06,,,0.0,,0.0
1934-01-07,,,445.0,,0.0
1934-01-08,,,0.0,,0.0
1934-01-09,,,0.0,,0.0
1934-01-10,,,0.0,,0.0
1934-01-11,,,0.0,,0.0
1934-01-12,,,64.0,,0.0
1934-01-13,,,53.0,,0.0
1934-01-14,,,0.0,,0.0
1934-01-15,,,0.0,,0.0
1934-01-16,,,0.0,,0.0
1934-01-17,,,0.0,,0.0
1934-01-18,,,0.0,,0.0
1934-01-19,,,0.0,,0.0
1934-01-20,,,5.0,,0.0
1934-01-21,,,0.0,,0.0
1934-01-22,,,5.0,,0.0
1934-01-23,,,0.0,,0.0
1934-01-24,,,0.0,,0.0
1934-01-25,,,5.0,,0.0
1934-01-26,,,13.0,,0.0
1934-01-27,,,0.0,,0.0
1934-01-28,,,0.0,,0.0
1934-01-29,,,0.0,,0.0
1934-01-30,,,0.0,,0.0
1934-01-31,,,0.0,,0.0
1934-02-01,,,122.0,,0.0
1934-02-02,,,53.0,,0.0
1934-02-03,,,0.0,,0.0
1934-02-04,,,0.0,,0.0
1934-02-05,,,0.0,,0.0
1934-02-06,,,0.0,,0.0
1934-02-07,,,0.0,,0.0
1934-02-08,,,0.0,,0.0
1934-02-09,,,0.0,,0.0
1934-02-10,,,0.0,,0.0
1934-02-11,,,8.0,,8.0
1934-02-12,,,81.0,,0.0
1934-02-13,,,0.0,,0.0
1934-02-14,,,0.0,,0.0
1934-02-15,,,0.0,,0.0
1934-02-16,,,13.0,,0.0
1934-02-17,,,0.0,,0.0
1934-02-18,,,0.0,,0.0
1934-02-19,,,38.0,,0.0
1934-02-20,,,0.0,,0.0
1934-02-21,,,0.0,,0.0
1934-02-22,,,36.0,,0.0
1934-02-23,,,28.0,,0.0
1934-02-24,,,0.0,,0.0
1934-02-25,,,38.0,,0.0
1934-02-26,,,513.0,,0.0
1934-02-27,,,0.0,,0.0
1934-02-28,,,0.0,,0.0
1934-03-01,,,0.0,,0.0
1934-03-02,,,74.0,,0.0
1934-03-03,,,513.0,,0.0
1934-03-04,,,427.0,,0.0
1934-03-05,,,30.0,,0.0
1934-03-06,,,0.0,,0.0
1934-03-07,,,0.0,,0.0
1934-03-08,,,0.0,,0.0
1934-03-09,,,33.0,,0.0
1934-03-10,,,0.0,,0.0
1934-03-11,,,0.0,,0.0
1934-03-12,,,0.0,,0.0
1934-03-13,,,0.0,,0.0
1934-03-14,,,0.0,,0.0
1934-03-15,,,0.0,,0.0
1934-03-16,,,0.0,,0.0
1934-03-17,,,0.0,,0.0
1934-03-18,,,0.0,,0.0
1934-03-19,,,0.0,,0.0
1934-03-20,,,231.0,,0.0
1934-03-21,,,0.0,,0.0
1934-03-22,,,0.0,,0.0
1934-03-23,,,0.0,,0.0
1934-03-24,,,508.0,,0.0
1934-03-25,,,386.0,,0.0
1934-03-26,,,3.0,,0.0
1934-03-27,,,170.0,,0.0
1934-03-28,,,20.0,,0.0
1934-03-29,,,0.0,,0.0
1934-03-30,,,0.0,,0.0
1934-03-31,,,0.0,,0.0
1934-04-01,,,0.0,,0.0
1934-04-02,,,0.0,,0.0
1934-04-03,,,0.0,,0.0
1934-04-04,,,0.0,,0.0
1934-04-05,,,0.0,,0.0
1934-04-06,,,0.0,,0.0
1934-04-07,,,0.0,,0.0
1934-04-08,,,15.0,,0.0
1934-04-09,,,206.0,,0.0
1934-04-10,,,0.0,,0.0
1934-04-11,,,81.0,,0.0
1934-04-12,,,13.0,,0.0
1934-04-13,,,0.0,,0.0
1934-04-14,,,0.0,,0.0
1934-04-15,,,0.0,,0.0
1934-04-16,,,91.0,,0.0
1934-04-17,,,152.0,,0.0
1934-04-18,,,28.0,,0.0
1934-04-19,,,109.0,,0.0
1934-04-20,,,46.0,,0.0
1934-04-21,,,0.0,,0.0
1934-04-22,,,0.0,,0.0
1934-04-23,,,10.0,,0.0
1934-04-24,,,0.0,,0.0
1934-04-25,,,112.0,,0.0
1934-04-26,,,0.0,,0.0
1934-04-27,,,0.0,,0.0
1934-04-28,,,71.0,,0.0
1934-04-29,,,30.0,,0.0
1934-04-30,,,94.0,,0.0
1934-05-01,,,0.0,,
1934-05-02,,,0.0,,
1934-05-03,,,0.0,,
1934-05-04,,,0.0,,
1934-05-05,,,0.0,,
1934-05-06,,,89.0,,
1934-05-07,,,13.0,,
1934-05-08,,,0.0,,
1934-05-09,,,5.0,,
1934-05-10,,,0.0,,
1934-05-11,,,3.0,,
1934-05-12,,,0.0,,
1934-05-13,,,0.0,,
1934-05-14,,,0.0,,
1934-05-15,,,36.0,,
1934-05-16,,,13.0,,
1934-05-17,,,262.0,,
1934-05-18,,,0.0,,
1934-05-19,,,0.0,,
1934-05-20,,,0.0,,
1934-05-21,,,0.0,,
1934-05-22,,,0.0,,
1934-05-23,,,251.0,,
1934-05-24,,,0.0,,
1934-05-25,,,0.0,,
1934-05-26,,,0.0,,
1934-05-27,,,0.0,,
1934-05-28,,,0.0,,
1934-05-29,,,13.0,,
1934-05-30,,,0.0,,
1934-05-31,,,0.0,,
1934-06-01,,,0.0,,0.0
1934-06-02,,,23.0,,0.0
1934-06-03,,,429.0,,0.0
1934-06-04,,,15.0,,0.0
1934-06-05,,,221.0,,0.0
1934-06-06,,,277.0,,0.0
1934-06-07,,,91.0,,0.0
1934-06-08,,,28.0,,0.0
1934-06-09,,,0.0,,0.0
1934-06-10,,,434.0,,0.0
1934-06-11,,,0.0,,0.0
1934-06-12,,,23.0,,0.0
1934-06-13,,,25.0,,0.0
1934-06-14,,,0.0,,0.0
1934-06-15,,,0.0,,0.0
1934-06-16,,,0.0,,0.0
1934-06-17,,,0.0,,0.0
1934-06-18,,,244.0,,0.0
1934-06-19,,,15.0,,0.0
1934-06-20,,,0.0,,0.0
1934-06-21,,,0.0,,0.0
1934-06-22,,,0.0,,0.0
1934-06-23,,,0.0,,0.0
1934-06-24,,,0.0,,0.0
1934-06-25,,,0.0,,0.0
1934-06-26,,,0.0,,0.0
1934-06-27,,,0.0,,0.0
1934-06-28,,,0.0,,0.0
1934-06-29,,,0.0,,0.0
1934-06-30,,,0.0,,0.0
1934-07-01,,,15.0,,0.0
1934-07-02,,,8.0,,0.0
1934-07-03,,,165.0,,0.0
1934-07-04,,,0.0,,0.0
1934-07-05,,,3.0,,0.0
1934-07-06,,,0.0,,0.0
1934-07-07,,,0.0,,0.0
1934-07-08,,,30.0,,0.0
1934-07-09,,,284.0,,0.0
1934-07-10,,,0.0,,0.0
1934-07-11,,,8.0,,0.0
1934-07-12,,,8.0,,0.0
1934-07-13,,,0.0,,0.0
1934-07-14,,,160.0,,0.0
1934-07-15,,,0.0,,0.0
1934-07-16,,,0.0,,0.0
1934-07-17,,,0.0,,0.0
1934-07-18,,,0.0,,0.0
1934-07-19,,,0.0,,0.0
1934-07-20,,,0.0,,0.0
1934-07-21,,,0.0,,0.0
1934-07-22,,,0.0,,0.0
1934-07-23,,,0.0,,0.0
1934-07-24,,,0.0,,0.0
1934-07-25,,,175.0,,0.0
1934-07-26,,,91.0,,0.0
1934-07-27,,,107.0,,0.0
1934-07-28,,,56.0,,0.0
1934-07-29,,,163.0,,0.0
1934-07-30,,,23.0,,0.0
1934-07-31,,,0.0,,0.0
1934-08-01,,,10.0,,
1934-08-02,,,0.0,,
1934-08-03,,,0.0,,
1934-08-04,,,0.0,,
1934-08-05,,,508.0,,
1934-08-06,,,0.0,,
1934-08-07,,,0.0,,
1934-08-08,,,353.0,,
1934-08-09,,,30.0,,
1934-08-10,,,0.0,,
1934-08-11,,,0.0,,
1934-08-12,,,30.0,,
1934-08-13,,,30.0,,
1934-08-14,,,0.0,,
1934-08-15,,,0.0,,
1934-08-16,,,0.0,,
1934-08-17,,,234.0,,
1934-08-18,,,297.0,,
1934-08-19,,,300.0,,
1934-08-20,,,3.0,,
1934-08-21,,,0.0,,
1934-08-22,,,0.0,,
1934-08-23,,,28.0,,
1934-08-24,,,160.0,,
1934-08-25,,,196.0,,
1934-08-26,,,508.0,,
1934-08-27,,,0.0,,
1934-08-28,,,0.0,,
1934-08-29,,,0.0,,
1934-08-30,,,0.0,,
1934-08-31,,,0.0,,
1934-09-01,,,0.0,,0.0
1934-09-02,,,13.0,,0.0
1934-09-03,,,0.0,,0.0
1934-09-04,,,0.0,,0.0
1934-09-05,,,28.0,,0.0
1934-09-06,,,0.0,,0.0
1934-09-07,,,0.0,,0.0
1934-09-08,,,0.0,,0.0
1934-09-09,,,0.0,,0.0
1934-09-10,,,0.0,,0.0
1934-09-11,,,0.0,,0.0
1934-09-12,,,0.0,,0.0
1934-09-13,,,8.0,,0.0
1934-09-14,,,8.0,,0.0
1934-09-15,,,211.0,,0.0
1934-09-16,,,13.0,,0.0
1934-09-17,,,0.0,,0.0
1934-09-18,,,0.0,,0.0
1934-09-19,,,0.0,,0.0
1934-09-20,,,0.0,,0.0
1934-09-21,,,0.0,,0.0
1934-09-22,,,0.0,,0.0
1934-09-23,,,8.0,,0.0
1934-09-24,,,0.0,,0.0
1934-09-25,,,0.0,,0.0
1934-09-26,,,0.0,,0.0
1934-09-27,,,3.0,,0.0
1934-09-28,,,48.0,,0.0
1934-09-29,,,74.0,,0.0
1934-09-30,,,124.0,,0.0
1934-10-01,,,0.0,,0.0
1934-10-02,,,0.0,,0.0
1934-10-03,,,0.0,,0.0
1934-10-04,,,0.0,,0.0
1934-10-05,,,25.0,,0.0
1934-10-06,,,541.0,,0.0
1934-10-07,,,13.0,,0.0
1934-10-08,,,0.0,,0.0
1934-10-09,,,0.0,,0.0
1934-10-10,,,185.0,,0.0
1934-10-11,,,102.0,,0.0
1934-10-12,,,0.0,,0.0
1934-10-13,,,0.0,,0.0
1934-10-14,,,0.0,,0.0
1934-10-15,,,0.0,,0.0
1934-10-16,,,0.0,,0.0
1934-10-17,,,0.0,,0.0
1934-10-18,,,0.0,,0.0
1934-10-19,,,23.0,,0.0
1934-10-20,,,0.0,,0.0
1934-10-21,,,0.0,,0.0
1934-10-22,,,23.0,,0.0
1934-10-23,,,0.0,,0.0
1934-10-24,,,0.0,,0.0
1934-10-25,,,0.0,,0.0
1934-10-26,,,0.0,,0.0
1934-10-27,,,0.0,,0.0
1934-10-28,,,0.0,,0.0
1934-10-29,,,0.0,,0.0
1934-10-30,,,0.0,,0.0
1934-10-31,,,23.0,,0.0
1934-11-01,,,378.0,,0.0
1934-11-02,,,0.0,,0.0
1934-11-03,,,0.0,,0.0
1934-11-04,,,43.0,,0.0
1934-11-05,,,0.0,,0.0
1934-11-06,,,0.0,,0.0
1934-11-07,,,0.0,,0.0
1934-11-08,,,0.0,,0.0
1934-11-09,,,0.0,,0.0
1934-11-10,,,0.0,,0.0
1934-11-11,,,61.0,,0.0
1934-11-12,,,0.0,,0.0
1934-11-13,,,0.0,,0.0
1934-11-14,,,0.0,,0.0
1934-11-15,,,0.0,,0.0
1934-11-16,,,0.0,,0.0
1934-11-17,,,0.0,,0.0
1934-11-18,,,0.0,,0.0
1934-11-19,,,0.0,,0.0
1934-11-20,,,0.0,,0.0
1934-11-21,,,8.0,,0.0
1934-11-22,,,8.0,,0.0
1934-11-23,,,46.0,,0.0
1934-11-24,,,0.0,,0.0
1934-11-25,,,0.0,,0.0
1934-11-26,,,0.0,,0.0
1934-11-27,,,18.0,,0.0
1934-11-28,,,0.0,,0.0
1934-11-29,,,127.0,,0.0
1934-11-30,,,119.0,,0.0
1934-12-01,,,8.0,,0.0
1934-12-02,,,0.0,,0.0
1934-12-03,,,0.0,,0.0
1934-12-04,,,127.0,,0.0
1934-12-05,,,0.0,,0.0
1934-12-06,,,0.0,,0.0
1934-12-07,,,0.0,,0.0
1934-12-08,,,3.0,,3.0
1934-12-09,,,0.0,,0.0
1934-12-10,,,0.0,,0.0
1934-12-11,,,10.0,,0.0
1934-12-12,,,0.0,,0.0
1934-12-13,,,0.0,,0.0
1934-12-14,,,0.0,,0.0
1934-12-15,,,0.0,,0.0
1934-12-16,,,0.0,,0.0
1934-12-17,,,0.0,,0.0
1934-12-18,,,3.0,,0.0
1934-12-19,,,152.0,,0.0
1934-12-20,,,20.0,,0.0
1934-12-21,,,0.0,,0.0
1934-12-22,,,56.0,,0.0
1934-12-23,,,0.0,,0.0
1934-12-24,,,0.0,,0.0
1934-12-25,,,5.0,,0.0
1934-12-26,,,43.0,,0.0
1934-12-27,,,0.0,,0.0
1934-12-28,,,79.0,,0.0
1934-12-29,,,25.0,,0.0
1934-12-30,,,58.0,,0.0
1934-12-31,,,56.0,,0.0
1935-01-01,,,259.0,,0.0
1935-01-02,,,0.0,,0.0
1935-01-03,,,0.0,,0.0
1935-01-04,,,0.0,,0.0
1935-01-05,,,0.0,,0.0
1935-01-06,,,0.0,,0.0
1935-01-07,,,0.0,,0.0
1935-01-08,,,0.0,,0.0
1935-01-09,,,0.0,,0.0
1935-01-10,,,0.0,,0.0
1935-01-11,,,0.0,,0.0
1935-01-12,,,0.0,,0.0
1935-01-13,,,0.0,,0.0
1935-01-14,,,3.0,,0.0
1935-01-15,,,0.0,,0.0
1935-01-16,,,3.0,,0.0
1935-01-17,,,64.0,,0.0
1935-01-18,,,0.0,,0.0
1935-01-19,,,28.0,,0.0
1935-01-20,,,0.0,,0.0
1935-01-21,,,23.0,,0.0
1935-01-22,,,277.0,,0.0
1935-01-23,,,79.0,,0.0
1935-01-24,,,0.0,,0.0
1935-01-25,,,0.0,,0.0
1935-01-26,,,0.0,,0.0
1935-01-27,,,0.0,,0.0
1935-01-28,,,0.0,,0.0
1935-01-29,,,0.0,,0.0
1935-01-30,,,0.0,,0.0
1935-01-31,,,0.0,,0.0
1935-02-01,,,0.0,,
1935-02-02,,,0.0,,
1935-02-03,,,0.0,,
1935-02-04,,,0.0,,
1935-02-05,,,0.0,,
1935-02-06,,,0.0,,
1935-02-07,,,0.0,,
1935-02-08,,,10.0,,
1935-02-09,,,30.0,,
1935-02-10,,,97.0,,
1935-02-11,,,0.0,,
1935-02-12,,,0.0,,
1935-02-13,,,122.0,,
1935-02-14,,,351.0,,
1935-02-15,,,97.0,,
1935-02-16,,,3.0,,
1935-02-17,,,36.0,,
1935-02-18,,,0.0,,0.0
1935-02-19,,,0.0,,
1935-02-20,,,0.0,,
1935-02-21,,,0.0,,
1935-02-22,,,0.0,,
1935-02-23,,,69.0,,
1935-02-24,,,0.0,,
1935-02-25,,,0.0,,
1935-02-26,,,221.0,,
1935-02-27,,,8.0,,
1935-02-28,,,0.0,,
1935-03-01,,,0.0,,
1935-03-02,,,0.0,,
1935-03-03,,,0.0,,
1935-03-04,,,0.0,,
1935-03-05,,,274.0,,
1935-03-06,,,8.0,,
1935-03-07,,,269.0,,
1935-03-08,,,0.0,,
1935-03-09,,,0.0,,
1935-03-10,,,43.0,,
1935-03-11,,,28.0,,
1935-03-12,,,356.0,,
1935-03-13,,,259.0,,
1935-03-14,,,13.0,,
1935-03-15,,,0.0,,
1935-03-16,,,0.0,,
1935-03-17,,,53.0,,
1935-03-18,,,0.0,,
1935-03-19,,,0.0,,
1935-03-20,,,56.0,,
1935-03-21,,,0.0,,
1935-03-22,,,0.0,,
1935-03-23,,,0.0,,
1935-03-24,,,0.0,,
1935-03-25,,,0.0,,
1935-03-26,,,97.0,,
1935-03-27,,,0.0,,
1935-03-28,,,94.0,,
1935-03-29,,,0.0,,
1935-03-30,,,0.0,,
1935-03-31,,,239.0,,
1935-04-01,,,165.0,,0.0
1935-04-02,,,0.0,,0.0
1935-04-03,,,0.0,,0.0
1935-04-04,,,168.0,,0.0
1935-04-05,,,0.0,,0.0
1935-04-06,,,356.0,,0.0
1935-04-07,,,48.0,,0.0
1935-04-08,,,94.0,,0.0
1935-04-09,,,0.0,,0.0
1935-04-10,,,0.0,,0.0
1935-04-11,,,61.0,,0.0
1935-04-12,,,5.0,,0.0
1935-04-13,,,5.0,,0.0
1935-04-14,,,0.0,,0.0
1935-04-15,,,0.0,,0.0
1935-04-16,,,0.0,,0.0
1935-04-17,,,0.0,,0.0
1935-04-18,,,23.0,,0.0
1935-04-19,,,0.0,,0.0
1935-04-20,,,30.0,,0.0
1935-04-21,,,325.0,,0.0
1935-04-22,,,0.0,,0.0
1935-04-23,,,0.0,,0.0
1935-04-24,,,0.0,,0.0
1935-04-25,,,5.0,,0.0
1935-04-26,,,0.0,,0.0
1935-04-27,,,0.0,,0.0
1935-04-28,,,15.0,,0.0
1935-04-29,,,0.0,,0.0
1935-04-30,,,74.0,,0.0
1935-05-01,,,0.0,,
1935-05-02,,,0.0,,
1935-05-03,,,0.0,,
1935-05-04,,,5.0,,
1935-05-05,,,0.0,,
1935-05-06,,,97.0,,
1935-05-07,,,127.0,,
1935-05-08,,,8.0,,
1935-05-09,,,0.0,,
1935-05-10,,,208.0,,
1935-05-11,,,5.0,,
1935-05-12,,,0.0,,
1935-05-13,,,0.0,,
1935-05-14,,,0.0,,
1935-05-15,,,51.0,,
1935-05-16,,,89.0,,
1935-05-17,,,104.0,,
1935-05-18,,,0.0,,
1935-05-19,,,0.0,,
1935-05-20,,,13.0,,
1935-05-21,,,114.0,,
1935-05-22,,,0.0,,
1935-05-23,,,3.0,,
1935-05-24,,,81.0,,
1935-05-25,,,0.0,,
1935-05-26,,,0.0,,
1935-05-27,,,0.0,,
1935-05-28,,,0.0,,
1935-05-29,,,0.0,,
1935-05-30,,,13.0,,
1935-05-31,,,0.0,,
1935-06-01,,,0.0,,0.0
1935-06-02,,,0.0,,0.0
1935-06-03,,,145.0,,0.0
1935-06-04,,,71.0,,0.0
1935-06-05,,,0.0,,0.0
1935-06-06,,,0.0,,0.0
1935-06-07,,,0.0,,0.0
1935-06-08,,,0.0,,0.0
1935-06-09,,,71.0,,0.0
1935-06-10,,,0.0,,0.0
1935-06-11,,,0.0,,0.0
1935-06-12,,,0.0,,0.0
1935-06-13,,,51.0,,0.0
1935-06-14,,,0.0,,0.0
1935-06-15,,,33.0,,0.0
1935-06-16,,,38.0,,0.0
1935-06-17,,,3.0,,0.0
1935-06-18,,,30.0,,0.0
1935-06-19,,,145.0,,0.0
1935-06-20,,,0.0,,0.0
1935-06-21,,,0.0,,0.0
1935-06-22,,,165.0,,0.0
1935-06-23,,,0.0,,0.0
1935-06-24,,,0.0,,0.0
1935-06-25,,,0.0,,0.0
1935-06-26,,,0.0,,0.0
1935-06-27,,,0.0,,0.0
1935-06-28,,,0.0,,0.0
1935-06-29,,,208.0,,0.0
1935-06-30,,,0.0,,0.0
1935-07-01,,,28.0,,0.0
1935-07-02,,,0.0,,0.0
1935-07-03,,,15.0,,0.0
1935-07-04,,,15.0,,0.0
1935-07-05,,,53.0,,0.0
1935-07-06,,,8.0,,0.0
1935-07-07,,,0.0,,0.0
1935-07-08,,,0.0,,0.0
1935-07-09,,,0.0,,0.0
1935-07-10,,,0.0,,0.0
1935-07-11,,,0.0,,0.0
1935-07-12,,,0.0,,0.0
1935-07-13,,,0.0,,0.0
1935-07-14,,,0.0,,0.0
1935-07-15,,,0.0,,0.0
1935-07-16,,,0.0,,0.0
1935-07-17,,,28.0,,0.0
1935-07-18,,,0.0,,0.0
1935-07-19,,,0.0,,0.0
1935-07-20,,,0.0,,0.0
1935-07-21,,,0.0,,0.0
1935-07-22,,,33.0,,0.0
1935-07-23,,,41.0,,0.0
1935-07-24,,,0.0,,0.0
1935-07-25,,,15.0,,0.0
1935-07-26,,,130.0,,0.0
1935-07-27,,,46.0,,0.0
1935-07-28,,,5.0,,0.0
1935-07-29,,,58.0,,0.0
1935-07-30,,,0.0,,0.0
1935-07-31,,,0.0,,0.0
1935-08-01,,,0.0,,0.0
1935-08-02,,,0.0,,0.0
1935-08-03,,,38.0,,0.0
1935-08-04,,,0.0,,0.0
1935-08-05,,,0.0,,0.0
1935-08-06,,,0.0,,0.0
1935-08-07,,,0.0,,0.0
1935-08-08,,,20.0,,0.0
1935-08-09,,,0.0,,0.0
1935-08-10,,,0.0,,0.0
1935-08-11,,,0.0,,0.0
1935-08-12,,,0.0,,0.0
1935-08-13,,,56.0,,0.0
1935-08-14,,,69.0,,0.0
1935-08-15,,,102.0,,0.0
1935-08-16,,,56.0,,0.0
1935-08-17,,,18.0,,0.0
1935-08-18,,,0.0,,0.0
1935-08-19,,,8.0,,0.0
1935-08-20,,,127.0,,0.0
1935-08-21,,,15.0,,0.0
1935-08-22,,,0.0,,0.0
1935-08-23,,,0.0,,0.0
1935-08-24,,,86.0,,0.0
1935-08-25,,,0.0,,0.0
1935-08-26,,,0.0,,0.0
1935-08-27,,,0.0,,0.0
1935-08-28,,,135.0,,0.0
1935-08-29,,,168.0,,0.0
1935-08-30,,,0.0,,0.0
1935-08-31,,,0.0,,0.0
1935-09-01,,,15.0,,0.0
1935-09-02,,,0.0,,0.0
1935-09-03,,,0.0,,0.0
1935-09-04,,,0.0,,0.0
1935-09-05,,,15.0,,0.0
1935-09-06,,,0.0,,0.0
1935-09-07,,,0.0,,0.0
1935-09-08,,,0.0,,0.0
1935-09-09,,,0.0,,0.0
1935-09-10,,,51.0,,0.0
1935-09-11,,,102.0,,0.0
1935-09-12,,,25.0,,0.0
1935-09-13,,,0.0,,0.0
1935-09-14,,,0.0,,0.0
1935-09-15,,,0.0,,0.0
1935-09-16,,,0.0,,0.0
1935-09-17,,,0.0,,0.0
1935-09-18,,,0.0,,0.0
1935-09-19,,,0.0,,0.0
1935-09-20,,,0.0,,0.0
1935-09-21,,,0.0,,0.0
1935-09-22,,,0.0,,0.0
1935-09-23,,,0.0,,0.0
1935-09-24,,,13.0,,0.0
1935-09-25,,,0.0,,0.0
1935-09-26,,,0.0,,0.0
1935-09-27,,,0.0,,0.0
1935-09-28,,,0.0,,0.0
1935-09-29,,,0.0,,0.0
1935-09-30,,,0.0,,0.0
1935-10-01,,,0.0,,0.0
1935-10-02,,,0.0,,0.0
1935-10-03,,,0.0,,0.0
1935-10-04,,,0.0,,0.0
1935-10-05,,,0.0,,0.0
1935-10-06,,,0.0,,0.0
1935-10-07,,,0.0,,0.0
1935-10-08,,,0.0,,0.0
1935-10-09,,,0.0,,0.0
1935-10-10,,,0.0,,0.0
1935-10-11,,,0.0,,0.0
1935-10-12,,,0.0,,0.0
1935-10-13,,,0.0,,0.0
1935-10-14,,,0.0,,0.0
1935-10-15,,,3.0,,0.0
1935-10-16,,,10.0,,0.0
1935-10-17,,,0.0,,0.0
1935-10-18,,,0.0,,0.0
1935-10-19,,,0.0,,0.0
1935-10-20,,,0.0,,0.0
1935-10-21,,,112.0,,0.0
1935-10-22,,,3.0,,0.0
1935-10-23,,,0.0,,0.0
1935-10-24,,,0.0,,0.0
1935-10-25,,,0.0,,0.0
1935-10-26,,,0.0,,0.0
1935-10-27,,,0.0,,0.0
1935-10-28,,,0.0,,0.0
1935-10-29,,,320.0,,0.0
1935-10-30,,,0.0,,0.0
1935-10-31,,,0.0,,0.0
1935-11-01,,,0.0,,0.0
1935-11-02,,,0.0,,0.0
1935-11-03,,,0.0,,0.0
1935-11-04,,,0.0,,0.0
1935-11-05,,,0.0,,0.0
1935-11-06,,,0.0,,0.0
1935-11-07,,,107.0,,0.0
1935-11-08,,,132.0,,0.0
1935-11-09,,,0.0,,0.0
1935-11-10,,,0.0,,0.0
1935-11-11,,,157.0,,0.0
1935-11-12,,,140.0,,0.0
1935-11-13,,,584.0,,0.0
1935-11-14,,,0.0,,0.0
1935-11-15,,,0.0,,0.0
1935-11-16,,,119.0,,0.0
1935-11-17,,,66.0,,0.0
1935-11-18,,,0.0,,0.0
1935-11-19,,,0.0,,0.0
1935-11-20,,,13.0,,0.0
1935-11-21,,,0.0,,0.0
1935-11-22,,,0.0,,0.0
1935-11-23,,,0.0,,0.0
1935-11-24,,,0.0,,0.0
1935-11-25,,,0.0,,0.0
1935-11-26,,,0.0,,0.0
1935-11-27,,,0.0,,0.0
1935-11-28,,,165.0,,0.0
1935-11-29,,,18.0,,0.0
1935-11-30,,,0.0,,0.0
1935-12-01,,,0.0,,0.0
1935-12-02,,,0.0,,0.0
1935-12-03,,,0.0,,0.0
1935-12-04,,,0.0,,0.0
1935-12-05,,,0.0,,0.0
1935-12-06,,,0.0,,0.0
1935-12-07,,,0.0,,0.0
1935-12-08,,,13.0,,0.0
1935-12-09,,,61.0,,0.0
1935-12-10,,,0.0,,0.0
1935-12-11,,,0.0,,0.0
1935-12-12,,,0.0,,0.0
1935-12-13,,,185.0,,0.0
1935-12-14,,,0.0,,0.0
1935-12-15,,,0.0,,0.0
1935-12-16,,,0.0,,0.0
1935-12-17,,,0.0,,0.0
1935-12-18,,,0.0,,0.0
1935-12-19,,,0.0,,0.0
1935-12-20,,,0.0,,0.0
1935-12-21,,,0.0,,0.0
1935-12-22,,,13.0,25.0,13.0
1935-12-23,,,13.0,25.0,13.0
1935-12-24,,,0.0,,0.0
1935-12-25,,,0.0,,0.0
1935-12-26,,,0.0,,0.0
1935-12-27,,,0.0,,0.0
1935-12-28,,,0.0,,0.0
1935-12-29,,,211.0,178.0,211.0
1935-12-30,,,18.0,178.0,18.0
1935-12-31,,,0.0,127.0,0.0
1936-01-01,,,0.0,,0.0
1936-01-02,,,241.0,,0.0
1936-01-03,,,320.0,,0.0
1936-01-04,,,28.0,,0.0
1936-01-05,,,185.0,,0.0
1936-01-06,,,244.0,,0.0
1936-01-07,,,107.0,,0.0
1936-01-08,,,188.0,,0.0
1936-01-09,,,366.0,,0.0
1936-01-10,,,5.0,,0.0
1936-01-11,,,0.0,,0.0
1936-01-12,,,0.0,,0.0
1936-01-13,,,15.0,,0.0
1936-01-14,,,10.0,,0.0
1936-01-15,,,79.0,,0.0
1936-01-16,,,104.0,,0.0
1936-01-17,,,0.0,,0.0
1936-01-18,,,119.0,,0.0
1936-01-19,,,833.0,,0.0
1936-01-20,,,30.0,,0.0
1936-01-21,,,0.0,,0.0
1936-01-22,,,0.0,,0.0
1936-01-23,,,0.0,,0.0
1936-01-24,,,0.0,,0.0
1936-01-25,,,0.0,,0.0
1936-01-26,,,28.0,0.0,10.0
1936-01-27,,,53.0,,0.0
1936-01-28,,,0.0,,0.0
1936-01-29,,,0.0,,0.0
1936-01-30,,,117.0,51.0,38.0
1936-01-31,,,3.0,0.0,8.0
1936-02-01,,,0.0,,
1936-02-02,,,46.0,51.0,51.0
1936-02-03,,,135.0,,
1936-02-04,,,902.0,,
1936-02-05,,,0.0,,
1936-02-06,,,0.0,,
1936-02-07,,,0.0,127.0,152.0
1936-02-08,,,0.0,,
1936-02-09,,,64.0,,
1936-02-10,,,0.0,,
1936-02-11,,,0.0,,
1936-02-12,,,0.0,,
1936-02-13,,,3.0,,
1936-02-14,,,56.0,,
1936-02-15,,,25.0,,
1936-02-16,,,0.0,,
1936-02-17,,,3.0,,
1936-02-18,,,102.0,,
1936-02-19,,,0.0,,
1936-02-20,,,0.0,,
1936-02-21,,,3.0,0.0,0.0
1936-02-22,,,15.0,,0.0
1936-02-23,,,0.0,,
1936-02-24,,,0.0,,
1936-02-25,,,0.0,,
1936-02-26,,,0.0,,
1936-02-27,,,130.0,,
1936-02-28,,,0.0,,
1936-02-29,,,0.0,,
1936-03-01,,,0.0,,0.0
1936-03-02,,,0.0,,0.0
1936-03-03,,,259.0,,0.0
1936-03-04,,,0.0,,0.0
1936-03-05,,,51.0,,0.0
1936-03-06,,,0.0,,0.0
1936-03-07,,,0.0,,0.0
1936-03-08,,,0.0,,0.0
1936-03-09,,,0.0,,0.0
1936-03-10,,,0.0,,0.0
1936-03-11,,,0.0,,0.0
1936-03-12,,,10.0,,0.0
1936-03-13,,,0.0,,0.0
1936-03-14,,,0.0,,0.0
1936-03-15,,,0.0,,0.0
1936-03-16,,,0.0,,0.0
1936-03-17,,,361.0,,0.0
1936-03-18,,,64.0,0.0,64.0
1936-03-19,,,0.0,,0.0
1936-03-20,,,107.0,,0.0
1936-03-21,,,66.0,,0.0
1936-03-22,,,0.0,,0.0
1936-03-23,,,0.0,,0.0
1936-03-24,,,0.0,,0.0
1936-03-25,,,312.0,,0.0
1936-03-26,,,46.0,,0.0
1936-03-27,,,259.0,,0.0
1936-03-28,,,262.0,,0.0
1936-03-29,,,0.0,,0.0
1936-03-30,,,0.0,,0.0
1936-03-31,,,0.0,,0.0
1936-04-01,,,30.0,,0.0
1936-04-02,,,879.0,,0.0
1936-04-03,,,0.0,,0.0
1936-04-04,,,0.0,,0.0
1936-04-05,,,130.0,,0.0
1936-04-06,,,716.0,,0.0
1936-04-07,,,36.0,,0.0
1936-04-08,,,0.0,,0.0
1936-04-09,,,84.0,,0.0
1936-04-10,,,185.0,,0.0
1936-04-11,,,0.0,,0.0
1936-04-12,,,5.0,,0.0
1936-04-13,,,0.0,,0.0
1936-04-14,,,0.0,,0.0
1936-04-15,,,0.0,,0.0
1936-04-16,,,0.0,,0.0
1936-04-17,,,0.0,,0.0
1936-04-18,,,0.0,,0.0
1936-04-19,,,0.0,,0.0
1936-04-20,,,0.0,,0.0
1936-04-21,,,0.0,,0.0
1936-04-22,,,0.0,,0.0
1936-04-23,,,20.0,,0.0
1936-04-24,,,0.0,,0.0
1936-04-25,,,0.0,,0.0
1936-04-26,,,0.0,,0.0
1936-04-27,,,0.0,,0.0
1936-04-28,,,0.0,,0.0
1936-04-29,,,0.0,,0.0
1936-04-30,,,0.0,,0.0
1936-05-01,,,0.0,,0.0
1936-05-02,,,0.0,,0.0
1936-05-03,,,0.0,,0.0
1936-05-04,,,38.0,,0.0
1936-05-05,,,0.0,,0.0
1936-05-06,,,0.0,,0.0
1936-05-07,,,0.0,,0.0
1936-05-08,,,0.0,,0.0
1936-05-09,,,0.0,,0.0
1936-05-10,,,0.0,,0.0
1936-05-11,,,0.0,,0.0
1936-05-12,,,193.0,,0.0
1936-05-13,,,46.0,,0.0
1936-05-14,,,25.0,,0.0
1936-05-15,,,0.0,,0.0
1936-05-16,,,0.0,,0.0
1936-05-17,,,0.0,,0.0
1936-05-18,,,0.0,,0.0
1936-05-19,,,3.0,,0.0
1936-05-20,,,0.0,,0.0
1936-05-21,,,0.0,,0.0
1936-05-22,,,0.0,,0.0
1936-05-23,,,0.0,,0.0
1936-05-24,,,0.0,,0.0
1936-05-25,,,0.0,,0.0
1936-05-26,,,0.0,,0.0
1936-05-27,,,0.0,,0.0
1936-05-28,,,0.0,,0.0
1936-05-29,,,0.0,,0.0
1936-05-30,,,0.0,,0.0
1936-05-31,,,0.0,,0.0
1936-06-01,,,0.0,,0.0
1936-06-02,,,0.0,,0.0
1936-06-03,,,0.0,,0.0
1936-06-04,,,102.0,,0.0
1936-06-05,,,0.0,,0.0
1936-06-06,,,3.0,,0.0
1936-06-07,,,0.0,,0.0
1936-06-08,,,0.0,,0.0
1936-06-09,,,3.0,,0.0
1936-06-10,,,0.0,,0.0
1936-06-11,,,64.0,,0.0
1936-06-12,,,30.0,,0.0
1936-06-13,,,79.0,,0.0
1936-06-14,,,0.0,,0.0
1936-06-15,,,0.0,,0.0
1936-06-16,,,0.0,,0.0
1936-06-17,,,0.0,,0.0
1936-06-18,,,0.0,,0.0
1936-06-19,,,53.0,,0.0
1936-06-20,,,0.0,,0.0
1936-06-21,,,0.0,,0.0
1936-06-22,,,0.0,,0.0
1936-06-23,,,0.0,,0.0
1936-06-24,,,56.0,,0.0
1936-06-25,,,0.0,,0.0
1936-06-26,,,0.0,,0.0
1936-06-27,,,0.0,,0.0
1936-06-28,,,0.0,,0.0
1936-06-29,,,0.0,,0.0
1936-06-30,,,0.0,,0.0
1936-07-01,,,0.0,,0.0
1936-07-02,,,5.0,,0.0
1936-07-03,,,152.0,,0.0
1936-07-04,,,142.0,,0.0
1936-07-05,,,46.0,,0.0
1936-07-06,,,0.0,,0.0
1936-07-07,,,0.0,,0.0
1936-07-08,,,15.0,,0.0
1936-07-09,,,0.0,,0.0
1936-07-10,,,0.0,,0.0
1936-07-11,,,5.0,,0.0
1936-07-12,,,0.0,,0.0
1936-07-13,,,0.0,,0.0
1936-07-14,,,0.0,,0.0
1936-07-15,,,0.0,,0.0
1936-07-16,,,165.0,,0.0
1936-07-17,,,0.0,,0.0
1936-07-18,,,0.0,,0.0
1936-07-19,,,625.0,,0.0
1936-07-20,,,0.0,,0.0
1936-07-21,,,0.0,,0.0
1936-07-22,,,0.0,,0.0
1936-07-23,,,0.0,,0.0
1936-07-24,,,0.0,,0.0
1936-07-25,,,0.0,,0.0
1936-07-26,,,0.0,,0.0
1936-07-27,,,0.0,,0.0
1936-07-28,,,0.0,,0.0
1936-07-29,,,0.0,,0.0
1936-07-30,,,665.0,,0.0
1936-07-31,,,381.0,,0.0
1936-08-01,,,56.0,,0.0
1936-08-02,,,102.0,,0.0
1936-08-03,,,3.0,,0.0
1936-08-04,,,0.0,,0.0
1936-08-05,,,18.0,,0.0
1936-08-06,,,0.0,,0.0
1936-08-07,,,0.0,,0.0
1936-08-08,,,15.0,,0.0
1936-08-09,,,0.0,,0.0
1936-08-10,,,0.0,,0.0
1936-08-11,,,86.0,,0.0
1936-08-12,,,0.0,,0.0
1936-08-13,,,0.0,,0.0
1936-08-14,,,0.0,,0.0
1936-08-15,,,0.0,,0.0
1936-08-16,,,0.0,,0.0
1936-08-17,,,173.0,,0.0
1936-08-18,,,0.0,,0.0
1936-08-19,,,0.0,,0.0
1936-08-20,,,119.0,,0.0
1936-08-21,,,0.0,,0.0
1936-08-22,,,23.0,,0.0
1936-08-23,,,0.0,,0.0
1936-08-24,,,3.0,,0.0
1936-08-25,,,0.0,,0.0
1936-08-26,,,0.0,,0.0
1936-08-27,,,0.0,,0.0
1936-08-28,,,0.0,,0.0
1936-08-29,,,5.0,,0.0
1936-08-30,,,168.0,,0.0
1936-08-31,,,0.0,,0.0
1936-09-01,,,0.0,,
1936-09-02,,,0.0,,
1936-09-03,,,3.0,,
1936-09-04,,,345.0,,
1936-09-05,,,0.0,,
1936-09-06,,,0.0,,
1936-09-07,,,0.0,,
1936-09-08,,,0.0,,
1936-09-09,,,0.0,,
1936-09-10,,,0.0,,
1936-09-11,,,0.0,,
1936-09-12,,,124.0,,
1936-09-13,,,3.0,,
1936-09-14,,,0.0,,
1936-09-15,,,0.0,,
1936-09-16,,,0.0,,
1936-09-17,,,0.0,,
1936-09-18,,,0.0,,
1936-09-19,,,0.0,,
1936-09-20,,,0.0,,
1936-09-21,,,86.0,,
1936-09-22,,,5.0,,
1936-09-23,,,0.0,,
1936-09-24,,,66.0,,
1936-09-25,,,74.0,,
1936-09-26,,,0.0,,
1936-09-27,,,0.0,,
1936-09-28,,,0.0,,
1936-09-29,,,112.0,,
1936-09-30,,,488.0,,
1936-10-01,,,20.0,,
1936-10-02,,,0.0,,
1936-10-03,,,0.0,,
1936-10-04,,,0.0,,
1936-10-05,,,0.0,,
1936-10-06,,,0.0,,
1936-10-07,,,3.0,,
1936-10-08,,,13.0,,
1936-10-09,,,409.0,,
1936-10-10,,,107.0,,
1936-10-11,,,0.0,,
1936-10-12,,,0.0,,
1936-10-13,,,0.0,,
1936-10-14,,,0.0,,
1936-10-15,,,0.0,,
1936-10-16,,,33.0,,
1936-10-17,,,76.0,,
1936-10-18,,,30.0,,
1936-10-19,,,0.0,,
1936-10-20,,,0.0,,
1936-10-21,,,0.0,,
1936-10-22,,,0.0,,
1936-10-23,,,117.0,,
1936-10-24,,,5.0,,
1936-10-25,,,0.0,,
1936-10-26,,,36.0,,
1936-10-27,,,198.0,,
1936-10-28,,,0.0,,
1936-10-29,,,0.0,,
1936-10-30,,,0.0,,
1936-10-31,,,0.0,,
1936-11-01,,,0.0,,0.0
1936-11-02,,,3.0,,0.0
1936-11-03,,,0.0,,0.0
1936-11-04,,,30.0,,0.0
1936-11-05,,,84.0,,0.0
1936-11-06,,,0.0,,0.0
1936-11-07,,,0.0,,0.0
1936-11-08,,,25.0,,0.0
1936-11-09,,,10.0,,0.0
1936-11-10,,,5.0,,0.0
1936-11-11,,,0.0,,0.0
1936-11-12,,,180.0,,0.0
1936-11-13,,,3.0,,0.0
1936-11-14,,,0.0,,0.0
1936-11-15,,,0.0,,0.0
1936-11-16,,,0.0,,0.0
1936-11-17,,,0.0,,0.0
1936-11-18,,,0.0,,0.0
1936-11-19,,,3.0,,0.0
1936-11-20,,,0.0,,0.0
1936-11-21,,,0.0,,0.0
1936-11-22,,,0.0,,0.0
1936-11-23,,,0.0,,0.0
1936-11-24,,,3.0,,0.0
1936-11-25,,,0.0,,0.0
1936-11-26,,,0.0,,0.0
1936-11-27,,,36.0,,25.0
1936-11-28,,,0.0,,0.0
1936-11-29,,,0.0,,0.0
1936-11-30,,,0.0,,0.0
1936-12-01,,,3.0,,0.0
1936-12-02,,,28.0,,0.0
1936-12-03,,,122.0,,0.0
1936-12-04,,,0.0,,0.0
1936-12-05,,,0.0,,0.0
1936-12-06,,,3.0,,0.0
1936-12-07,,,381.0,,0.0
1936-12-08,,,0.0,,0.0
1936-12-09,,,0.0,,0.0
1936-12-10,,,0.0,,0.0
1936-12-11,,,89.0,,0.0
1936-12-12,,,3.0,,0.0
1936-12-13,,,0.0,,0.0
1936-12-14,,,0.0,,0.0
1936-12-15,,,0.0,,0.0
1936-12-16,,,38.0,,0.0
1936-12-17,,,3.0,,0.0
1936-12-18,,,0.0,,0.0
1936-12-19,,,577.0,,0.0
1936-12-20,,,160.0,,0.0
1936-12-21,,,0.0,,0.0
1936-12-22,,,0.0,,0.0
1936-12-23,,,0.0,,0.0
1936-12-24,,,0.0,,0.0
1936-12-25,,,0.0,,0.0
1936-12-26,,,0.0,,0.0
1936-12-27,,,0.0,,0.0
1936-12-28,,,201.0,,0.0
1936-12-29,,,297.0,,0.0
1936-12-30,,,3.0,,0.0
1936-12-31,,,262.0,,0.0
1937-01-01,,,0.0,,0.0
1937-01-02,,,305.0,,0.0
1937-01-03,,,533.0,,0.0
1937-01-04,,,0.0,,0.0
1937-01-05,,,43.0,,0.0
1937-01-06,,,114.0,,0.0
1937-01-07,,,33.0,,0.0
1937-01-08,,,5.0,,0.0
1937-01-09,,,0.0,,0.0
1937-01-10,,,0.0,,0.0
1937-01-11,,,18.0,,0.0
1937-01-12,,,74.0,,0.0
1937-01-13,,,99.0,,0.0
1937-01-14,,,0.0,,0.0
1937-01-15,,,234.0,,0.0
1937-01-16,,,5.0,,0.0
1937-01-17,,,84.0,,0.0
1937-01-18,,,58.0,,0.0
1937-01-19,,,262.0,,0.0
1937-01-20,,,76.0,,0.0
1937-01-21,,,13.0,,0.0
1937-01-22,,,0.0,,0.0
1937-01-23,,,0.0,,0.0
1937-01-24,,,8.0,,0.0
1937-01-25,,,254.0,,0.0
1937-01-26,,,0.0,,0.0
1937-01-27,,,0.0,,0.0
1937-01-28,,,0.0,,0.0
1937-01-29,,,180.0,,0.0
1937-01-30,,,0.0,,0.0
1937-01-31,,,46.0,,0.0
1937-02-01,,,124.0,,0.0
1937-02-02,,,0.0,,0.0
1937-02-03,,,0.0,,0.0
1937-02-04,,,0.0,,0.0
1937-02-05,,,0.0,,0.0
1937-02-06,,,0.0,,0.0
1937-02-07,,,56.0,,0.0
1937-02-08,,,5.0,,0.0
1937-02-09,,,427.0,,0.0
1937-02-10,,,61.0,,0.0
1937-02-11,,,0.0,,0.0
1937-02-12,,,0.0,,0.0
1937-02-13,,,0.0,,0.0
1937-02-14,,,43.0,,0.0
1937-02-15,,,0.0,,0.0
1937-02-16,,,13.0,,0.0
1937-02-17,,,3.0,,0.0
1937-02-18,,,51.0,,0.0
1937-02-19,,,5.0,,0.0
1937-02-20,,,140.0,,0.0
1937-02-21,,,74.0,,0.0
1937-02-22,,,3.0,,0.0
1937-02-23,,,0.0,,0.0
1937-02-24,,,38.0,,0.0
1937-02-25,,,0.0,,0.0
1937-02-26,,,0.0,,0.0
1937-02-27,,,0.0,,0.0
1937-02-28,,,130.0,76.0,84.0
1937-03-01,,,0.0,0.0,0.0
1937-03-02,,,0.0,,0.0
1937-03-03,,,0.0,,0.0
1937-03-04,,,0.0,,0.0
1937-03-05,,,33.0,,0.0
1937-03-06,,,0.0,,0.0
1937-03-07,,,0.0,,0.0
1937-03-08,,,99.0,,0.0
1937-03-09,,,0.0,,0.0
1937-03-10,,,0.0,,0.0
1937-03-11,,,0.0,,0.0
1937-03-12,,,0.0,,0.0
1937-03-13,,,0.0,,0.0
1937-03-14,,,81.0,,0.0
1937-03-15,,,135.0,,0.0
1937-03-16,,,5.0,,0.0
1937-03-17,,,0.0,,0.0
1937-03-18,,,119.0,,0.0
1937-03-19,,,18.0,,0.0
1937-03-20,,,81.0,,0.0
1937-03-21,,,0.0,,0.0
1937-03-22,,,0.0,,0.0
1937-03-23,,,0.0,,0.0
1937-03-24,,,3.0,,0.0
1937-03-25,,,130.0,,0.0
1937-03-26,,,0.0,,0.0
1937-03-27,,,8.0,,0.0
1937-03-28,,,0.0,,0.0
1937-03-29,,,0.0,,0.0
1937-03-30,,,0.0,,0.0
1937-03-31,,,5.0,,0.0
1937-04-01,,,0.0,,
1937-04-02,,,0.0,,
1937-04-03,,,0.0,,
1937-04-04,,,0.0,,
1937-04-05,,,0.0,,
1937-04-06,,,279.0,,
1937-04-07,,,0.0,,
1937-04-08,,,53.0,,
1937-04-09,,,183.0,,
1937-04-10,,,5.0,,
1937-04-11,,,0.0,,
1937-04-12,,,0.0,,
1937-04-13,,,0.0,,
1937-04-14,,,0.0,,
1937-04-15,,,3.0,,
1937-04-16,,,38.0,,
1937-04-17,,,0.0,,
1937-04-18,,,0.0,,
1937-04-19,,,0.0,,
1937-04-20,,,0.0,,
1937-04-21,,,0.0,,
1937-04-22,,,74.0,,
1937-04-23,,,0.0,,
1937-04-24,,,38.0,,
1937-04-25,,,406.0,,
1937-04-26,,,0.0,,
1937-04-27,,,3.0,,
1937-04-28,,,48.0,,
1937-04-29,,,297.0,,
1937-04-30,,,8.0,,
1937-05-01,,,38.0,,
1937-05-02,,,0.0,,
1937-05-03,,,5.0,,
1937-05-04,,,0.0,,
1937-05-05,,,224.0,,
1937-05-06,,,38.0,,
1937-05-07,,,0.0,,
1937-05-08,,,0.0,,
1937-05-09,,,0.0,,
1937-05-10,,,0.0,,
1937-05-11,,,0.0,,
1937-05-12,,,0.0,,
1937-05-13,,,23.0,,
1937-05-14,,,114.0,,
1937-05-15,,,0.0,,
1937-05-16,,,0.0,,
1937-05-17,,,0.0,,
1937-05-18,,,0.0,,
1937-05-19,,,140.0,,
1937-05-20,,,0.0,,
1937-05-21,,,0.0,,
1937-05-22,,,3.0,,
1937-05-23,,,0.0,,
1937-05-24,,,0.0,,
1937-05-25,,,0.0,,
1937-05-26,,,13.0,,
1937-05-27,,,0.0,,
1937-05-28,,,0.0,,
1937-05-29,,,86.0,,
1937-05-30,,,0.0,,
1937-05-31,,,0.0,,
1937-06-01,,,0.0,,0.0
1937-06-02,,,8.0,,0.0
1937-06-03,,,20.0,,0.0
1937-06-04,,,5.0,,0.0
1937-06-05,,,117.0,,0.0
1937-06-06,,,127.0,,0.0
1937-06-07,,,0.0,,0.0
1937-06-08,,,0.0,,0.0
1937-06-09,,,0.0,,0.0
1937-06-10,,,41.0,,0.0
1937-06-11,,,3.0,,0.0
1937-06-12,,,0.0,,0.0
1937-06-13,,,0.0,,0.0
1937-06-14,,,0.0,,0.0
1937-06-15,,,127.0,,0.0
1937-06-16,,,3.0,,0.0
1937-06-17,,,302.0,,0.0
1937-06-18,,,0.0,,0.0
1937-06-19,,,66.0,,0.0
1937-06-20,,,71.0,,0.0
1937-06-21,,,0.0,,0.0
1937-06-22,,,18.0,,0.0
1937-06-23,,,0.0,,0.0
1937-06-24,,,0.0,,0.0
1937-06-25,,,0.0,,0.0
1937-06-26,,,0.0,,0.0
1937-06-27,,,0.0,,0.0
1937-06-28,,,25.0,,0.0
1937-06-29,,,23.0,,0.0
1937-06-30,,,0.0,,0.0
1937-07-01,,,5.0,,
1937-07-02,,,0.0,,
1937-07-03,,,0.0,,
1937-07-04,,,69.0,,
1937-07-05,,,389.0,,
1937-07-06,,,0.0,,
1937-07-07,,,0.0,,
1937-07-08,,,638.0,,
1937-07-09,,,0.0,,
1937-07-10,,,0.0,,
1937-07-11,,,0.0,,
1937-07-12,,,0.0,,
1937-07-13,,,0.0,,
1937-07-14,,,0.0,,
1937-07-15,,,0.0,,
1937-07-16,,,0.0,,
1937-07-17,,,0.0,,
1937-07-18,,,66.0,,
1937-07-19,,,0.0,,
1937-07-20,,,38.0,,
1937-07-21,,,0.0,,
1937-07-22,,,0.0,,
1937-07-23,,,10.0,,
1937-07-24,,,0.0,,
1937-07-25,,,150.0,,
1937-07-26,,,178.0,,
1937-07-27,,,0.0,,
1937-07-28,,,0.0,,
1937-07-29,,,0.0,,
1937-07-30,,,0.0,,
1937-07-31,,,10.0,,
1937-08-01,,,0.0,,
1937-08-02,,,3.0,,
1937-08-03,,,0.0,,
1937-08-04,,,0.0,,
1937-08-05,,,0.0,,
1937-08-06,,,185.0,,
1937-08-07,,,0.0,,
1937-08-08,,,0.0,,
1937-08-09,,,0.0,,
1937-08-10,,,343.0,,
1937-08-11,,,150.0,,
1937-08-12,,,0.0,,
1937-08-13,,,102.0,,
1937-08-14,,,0.0,,
1937-08-15,,,94.0,,
1937-08-16,,,0.0,,
1937-08-17,,,0.0,,
1937-08-18,,,0.0,,
1937-08-19,,,8.0,,
1937-08-20,,,0.0,,
1937-08-21,,,8.0,,
1937-08-22,,,89.0,,
1937-08-23,,,5.0,,
1937-08-24,,,183.0,,
1937-08-25,,,320.0,,
1937-08-26,,,124.0,,
1937-08-27,,,0.0,,
1937-08-28,,,3.0,,
1937-08-29,,,0.0,,
1937-08-30,,,102.0,,
1937-08-31,,,20.0,,
1937-09-01,,,0.0,,
1937-09-02,,,0.0,,
1937-09-03,,,0.0,,
1937-09-04,,,0.0,,
1937-09-05,,,163.0,,
1937-09-06,,,38.0,,
1937-09-07,,,8.0,,
1937-09-08,,,287.0,,
1937-09-09,,,102.0,,
1937-09-10,,,0.0,,
1937-09-11,,,64.0,,
1937-09-12,,,8.0,,
1937-09-13,,,0.0,,
1937-09-14,,,0.0,,
1937-09-15,,,0.0,,
1937-09-16,,,0.0,,
1937-09-17,,,18.0,,
1937-09-18,,,0.0,,
1937-09-19,,,0.0,,
1937-09-20,,,0.0,,
1937-09-21,,,0.0,,
1937-09-22,,,0.0,,
1937-09-23,,,0.0,,
1937-09-24,,,0.0,,
1937-09-25,,,0.0,,
1937-09-26,,,15.0,,
1937-09-27,,,0.0,,
1937-09-28,,,0.0,,
1937-09-29,,,0.0,,
1937-09-30,,,0.0,,
1937-10-01,,,0.0,,
1937-10-02,,,74.0,,
1937-10-03,,,8.0,,
1937-10-04,,,163.0,,
1937-10-05,,,23.0,,
1937-10-06,,,5.0,,
1937-10-07,,,0.0,,
1937-10-08,,,0.0,,
1937-10-09,,,0.0,,
1937-10-10,,,94.0,,
1937-10-11,,,0.0,,
1937-10-12,,,0.0,,
1937-10-13,,,0.0,,
1937-10-14,,,13.0,,
1937-10-15,,,0.0,,
1937-10-16,,,0.0,,
1937-10-17,,,0.0,,
1937-10-18,,,38.0,,
1937-10-19,,,376.0,,
1937-10-20,,,43.0,,
1937-10-21,,,0.0,,
1937-10-22,,,8.0,,
1937-10-23,,,36.0,,
1937-10-24,,,8.0,,
1937-10-25,,,0.0,,
1937-10-26,,,0.0,,
1937-10-27,,,137.0,,
1937-10-28,,,5.0,,
1937-10-29,,,0.0,,
1937-10-30,,,0.0,,
1937-10-31,,,0.0,,
1937-11-01,,,0.0,,0.0
1937-11-02,,,0.0,,0.0
1937-11-03,,,3.0,,0.0
1937-11-04,,,0.0,,0.0
1937-11-05,,,0.0,,0.0
1937-11-06,,,13.0,,0.0
1937-11-07,,,0.0,,0.0
1937-11-08,,,0.0,,0.0
1937-11-09,,,23.0,,0.0
1937-11-10,,,0.0,,0.0
1937-11-11,,,3.0,,0.0
1937-11-12,,,36.0,,0.0
1937-11-13,,,0.0,,0.0
1937-11-14,,,0.0,,0.0
1937-11-15,,,0.0,,0.0
1937-11-16,,,0.0,,0.0
1937-11-17,,,36.0,,0.0
1937-11-18,,,0.0,,0.0
1937-11-19,,,25.0,,0.0
1937-11-20,,,46.0,,0.0
1937-11-21,,,3.0,,0.0
1937-11-22,,,0.0,,0.0
1937-11-23,,,0.0,,0.0
1937-11-24,,,0.0,,0.0
1937-11-25,,,0.0,,0.0
1937-11-26,,,13.0,,0.0
1937-11-27,,,94.0,,0.0
1937-11-28,,,13.0,,0.0
1937-11-29,,,5.0,,0.0
1937-11-30,,,0.0,,0.0
1937-12-01,,,0.0,,0.0
1937-12-02,,,0.0,,0.0
1937-12-03,,,0.0,,0.0
1937-12-04,,,0.0,,0.0
1937-12-05,,,30.0,,0.0
1937-12-06,,,20.0,,5.0
1937-12-07,,,0.0,,0.0
1937-12-08,,,0.0,,0.0
1937-12-09,,,25.0,0.0,30.0
1937-12-10,,,0.0,,0.0
1937-12-11,,,0.0,,0.0
1937-12-12,,,0.0,,0.0
1937-12-13,,,41.0,,0.0
1937-12-14,,,43.0,,0.0
1937-12-15,,,0.0,,0.0
1937-12-16,,,0.0,,0.0
1937-12-17,,,64.0,,0.0
1937-12-18,,,38.0,,0.0
1937-12-19,,,3.0,,0.0
1937-12-20,,,0.0,,0.0
1937-12-21,,,0.0,,0.0
1937-12-22,,,0.0,,0.0
1937-12-23,,,130.0,,0.0
1937-12-24,,,41.0,,0.0
1937-12-25,,,0.0,,0.0
1937-12-26,,,0.0,,0.0
1937-12-27,,,8.0,,0.0
1937-12-28,,,371.0,,0.0
1937-12-29,,,0.0,,0.0
1937-12-30,,,0.0,,0.0
1937-12-31,,,0.0,,0.0
1938-01-01,,,155.0,,0.0
1938-01-02,,,150.0,,0.0
1938-01-03,,,0.0,,0.0
1938-01-04,,,0.0,,0.0
1938-01-05,,,0.0,,0.0
1938-01-06,,,0.0,,0.0
1938-01-07,,,119.0,,0.0
1938-01-08,,,0.0,,0.0
1938-01-09,,,0.0,,0.0
1938-01-10,,,0.0,,0.0
1938-01-11,,,48.0,,0.0
1938-01-12,,,0.0,,0.0
1938-01-13,,,0.0,,0.0
1938-01-14,,,5.0,,0.0
1938-01-15,,,23.0,,0.0
1938-01-16,,,0.0,,0.0
1938-01-17,,,0.0,,0.0
1938-01-18,,,0.0,,0.0
1938-01-19,,,0.0,,0.0
1938-01-20,,,0.0,,0.0
1938-01-21,,,0.0,,0.0
1938-01-22,,,23.0,,0.0
1938-01-23,,,69.0,,0.0
1938-01-24,,,81.0,,0.0
1938-01-25,,,99.0,,0.0
1938-01-26,,,10.0,,0.0
1938-01-27,,,0.0,,0.0
1938-01-28,,,0.0,,0.0
1938-01-29,,,0.0,,0.0
1938-01-30,,,0.0,,0.0
1938-01-31,,,117.0,,0.0
1938-02-01,,,0.0,,0.0
1938-02-02,,,0.0,,0.0
1938-02-03,,,3.0,,0.0
1938-02-04,,,0.0,,0.0
1938-02-05,,,0.0,,0.0
1938-02-06,,,0.0,,0.0
1938-02-07,,,28.0,,0.0
1938-02-08,,,0.0,,0.0
1938-02-09,,,0.0,,0.0
1938-02-10,,,0.0,,0.0
1938-02-11,,,18.0,,0.0
1938-02-12,,,0.0,,0.0
1938-02-13,,,0.0,,0.0
1938-02-14,,,0.0,,0.0
1938-02-15,,,15.0,,0.0
1938-02-16,,,79.0,,0.0
1938-02-17,,,0.0,,0.0
1938-02-18,,,0.0,,0.0
1938-02-19,,,130.0,,0.0
1938-02-20,,,0.0,,0.0
1938-02-21,,,0.0,,0.0
1938-02-22,,,0.0,,0.0
1938-02-23,,,216.0,,0.0
1938-02-24,,,3.0,,0.0
1938-02-25,,,0.0,,0.0
1938-02-26,,,0.0,,0.0
1938-02-27,,,3.0,,0.0
1938-02-28,,,0.0,,0.0
1938-03-01,,,0.0,,
1938-03-02,,,0.0,,
1938-03-03,,,140.0,,
1938-03-04,,,0.0,,
1938-03-05,,,0.0,,
1938-03-06,,,142.0,,
1938-03-07,,,0.0,,
1938-03-08,,,0.0,,
1938-03-09,,,0.0,,
1938-03-10,,,503.0,,
1938-03-11,,,0.0,,
1938-03-12,,,0.0,,
1938-03-13,,,0.0,,
1938-03-14,,,0.0,,
1938-03-15,,,8.0,,
1938-03-16,,,211.0,,
1938-03-17,,,61.0,,
1938-03-18,,,0.0,,
1938-03-19,,,0.0,,
1938-03-20,,,216.0,,
1938-03-21,,,0.0,,
1938-03-22,,,0.0,,
1938-03-23,,,114.0,,
1938-03-24,,,53.0,,
1938-03-25,,,0.0,,
1938-03-26,,,0.0,,
1938-03-27,,,102.0,,
1938-03-28,,,69.0,,
1938-03-29,,,0.0,,
1938-03-30,,,3.0,,
1938-03-31,,,0.0,,
1938-04-01,,,201.0,,0.0
1938-04-02,,,241.0,,0.0
1938-04-03,,,0.0,,0.0
1938-04-04,,,0.0,,0.0
1938-04-05,,,0.0,,0.0
1938-04-06,,,0.0,,0.0
1938-04-07,,,180.0,,0.0
1938-04-08,,,1240.0,,0.0
1938-04-09,,,41.0,,0.0
1938-04-10,,,23.0,,0.0
1938-04-11,,,0.0,,0.0
1938-04-12,,,0.0,,0.0
1938-04-13,,,0.0,,0.0
1938-04-14,,,0.0,,0.0
1938-04-15,,,0.0,,0.0
1938-04-16,,,0.0,,0.0
1938-04-17,,,0.0,,0.0
1938-04-18,,,356.0,,0.0
1938-04-19,,,30.0,,0.0
1938-04-20,,,23.0,,0.0
1938-04-21,,,272.0,,0.0
1938-04-22,,,43.0,,0.0
1938-04-23,,,5.0,,0.0
1938-04-24,,,0.0,,0.0
1938-04-25,,,0.0,,0.0
1938-04-26,,,0.0,,0.0
1938-04-27,,,0.0,,0.0
1938-04-28,,,0.0,,0.0
1938-04-29,,,0.0,,0.0
1938-04-30,,,0.0,,0.0
1938-05-01,,,99.0,,
1938-05-02,,,0.0,,
1938-05-03,,,0.0,,
1938-05-04,,,0.0,,
1938-05-05,,,0.0,,
1938-05-06,,,36.0,,
1938-05-07,,,0.0,,
1938-05-08,,,74.0,,
1938-05-09,,,33.0,,
1938-05-10,,,0.0,,
1938-05-11,,,0.0,,
1938-05-12,,,0.0,,
1938-05-13,,,43.0,,
1938-05-14,,,94.0,,
1938-05-15,,,5.0,,
1938-05-16,,,0.0,,
1938-05-17,,,0.0,,
1938-05-18,,,41.0,,
1938-05-19,,,0.0,,
1938-05-20,,,91.0,,
1938-05-21,,,147.0,,
1938-05-22,,,0.0,,
1938-05-23,,,135.0,,
1938-05-24,,,168.0,,
1938-05-25,,,5.0,,
1938-05-26,,,8.0,,
1938-05-27,,,0.0,,
1938-05-28,,,51.0,,
1938-05-29,,,102.0,,
1938-05-30,,,102.0,,
1938-05-31,,,241.0,,
1938-06-01,,,0.0,,
1938-06-02,,,163.0,,
1938-06-03,,,23.0,,
1938-06-04,,,0.0,,
1938-06-05,,,0.0,,
1938-06-06,,,0.0,,
1938-06-07,,,0.0,,
1938-06-08,,,224.0,,
1938-06-09,,,10.0,,
1938-06-10,,,137.0,,
1938-06-11,,,89.0,,
1938-06-12,,,8.0,,
1938-06-13,,,38.0,,
1938-06-14,,,0.0,,
1938-06-15,,,0.0,,
1938-06-16,,,0.0,,
1938-06-17,,,0.0,,
1938-06-18,,,69.0,,
1938-06-19,,,0.0,,
1938-06-20,,,208.0,,
1938-06-21,,,135.0,,
1938-06-22,,,122.0,,
1938-06-23,,,0.0,,
1938-06-24,,,10.0,,
1938-06-25,,,0.0,,
1938-06-26,,,211.0,,
1938-06-27,,,157.0,,
1938-06-28,,,0.0,,
1938-06-29,,,0.0,,
1938-06-30,,,0.0,,
1938-07-01,,,0.0,,0.0
1938-07-02,,,0.0,,0.0
1938-07-03,,,272.0,,0.0
1938-07-04,,,0.0,,0.0
1938-07-05,,,86.0,,0.0
1938-07-06,,,0.0,,0.0
1938-07-07,,,0.0,,0.0
1938-07-08,,,0.0,,0.0
1938-07-09,,,0.0,,0.0
1938-07-10,,,64.0,,0.0
1938-07-11,,,0.0,,0.0
1938-07-12,,,8.0,,0.0
1938-07-13,,,0.0,,0.0
1938-07-14,,,0.0,,0.0
1938-07-15,,,51.0,,0.0
1938-07-16,,,0.0,,0.0
1938-07-17,,,0.0,,0.0
1938-07-18,,,3.0,,0.0
1938-07-19,,,264.0,,0.0
1938-07-20,,,279.0,,0.0
1938-07-21,,,287.0,,0.0
1938-07-22,,,122.0,,0.0
1938-07-23,,,333.0,,0.0
1938-07-24,,,302.0,,0.0
1938-07-25,,,0.0,,0.0
1938-07-26,,,165.0,,0.0
1938-07-27,,,0.0,,0.0
1938-07-28,,,5.0,,0.0
1938-07-29,,,25.0,,0.0
1938-07-30,,,0.0,,0.0
1938-07-31,,,0.0,,0.0
1938-08-01,,,104.0,,
1938-08-02,,,320.0,,
1938-08-03,,,25.0,,
1938-08-04,,,109.0,,
1938-08-05,,,490.0,,
1938-08-06,,,5.0,,
1938-08-07,,,8.0,,
1938-08-08,,,0.0,,
1938-08-09,,,3.0,,
1938-08-10,,,3.0,,
1938-08-11,,,3.0,,
1938-08-12,,,94.0,,
1938-08-13,,,0.0,,
1938-08-14,,,0.0,,
1938-08-15,,,0.0,,
1938-08-16,,,0.0,,
1938-08-17,,,0.0,,
1938-08-18,,,13.0,,
1938-08-19,,,0.0,,
1938-08-20,,,0.0,,
1938-08-21,,,0.0,,
1938-08-22,,,0.0,,
1938-08-23,,,0.0,,
1938-08-24,,,0.0,,
1938-08-25,,,0.0,,
1938-08-26,,,0.0,,
1938-08-27,,,28.0,,
1938-08-28,,,0.0,,
1938-08-29,,,0.0,,
1938-08-30,,,0.0,,
1938-08-31,,,74.0,,
1938-09-01,,,5.0,,
1938-09-02,,,0.0,,
1938-09-03,,,38.0,,
1938-09-04,,,0.0,,
1938-09-05,,,0.0,,
1938-09-06,,,61.0,,
1938-09-07,,,0.0,,
1938-09-08,,,0.0,,
1938-09-09,,,0.0,,
1938-09-10,,,15.0,,
1938-09-11,,,0.0,,
1938-09-12,,,0.0,,
1938-09-13,,,0.0,,
1938-09-14,,,15.0,,
1938-09-15,,,264.0,,
1938-09-16,,,0.0,,
1938-09-17,,,0.0,,
1938-09-18,,,0.0,,
1938-09-19,,,0.0,,
1938-09-20,,,0.0,,
1938-09-21,,,0.0,,
1938-09-22,,,0.0,,
1938-09-23,,,0.0,,
1938-09-24,,,0.0,,
1938-09-25,,,0.0,,
1938-09-26,,,0.0,,
1938-09-27,,,0.0,,
1938-09-28,,,0.0,,
1938-09-29,,,3.0,,
1938-09-30,,,41.0,,
1938-10-01,,,0.0,,
1938-10-02,,,0.0,,
1938-10-03,,,0.0,,
1938-10-04,,,0.0,,
1938-10-05,,,0.0,,
1938-10-06,,,0.0,,
1938-10-07,,,0.0,,
1938-10-08,,,0.0,,
1938-10-09,,,0.0,,
1938-10-10,,,0.0,,
1938-10-11,,,0.0,,
1938-10-12,,,0.0,,
1938-10-13,,,0.0,,
1938-10-14,,,0.0,,
1938-10-15,,,0.0,,
1938-10-16,,,0.0,,
1938-10-17,,,0.0,,
1938-10-18,,,0.0,,
1938-10-19,,,0.0,,
1938-10-20,,,0.0,,
1938-10-21,,,18.0,,
1938-10-22,,,0.0,,
1938-10-23,,,0.0,,
1938-10-24,,,3.0,,
1938-10-25,,,0.0,,
1938-10-26,,,0.0,,
1938-10-27,,,0.0,,
1938-10-28,,,0.0,,
1938-10-29,,,0.0,,
1938-10-30,,,0.0,,
1938-10-31,,,0.0,,
1938-11-01,,,0.0,,0.0
1938-11-02,,,0.0,,0.0
1938-11-03,,,0.0,,0.0
1938-11-04,,,0.0,,0.0
1938-11-05,,,236.0,,0.0
1938-11-06,,,25.0,,0.0
1938-11-07,,,20.0,,0.0
1938-11-08,,,28.0,,0.0
1938-11-09,,,99.0,,0.0
1938-11-10,,,0.0,,0.0
1938-11-11,,,0.0,,0.0
1938-11-12,,,0.0,,0.0
1938-11-13,,,0.0,,0.0
1938-11-14,,,0.0,,0.0
1938-11-15,,,0.0,,0.0
1938-11-16,,,0.0,,0.0
1938-11-17,,,104.0,,0.0
1938-11-18,,,3.0,,0.0
1938-11-19,,,262.0,,0.0
1938-11-20,,,132.0,,0.0
1938-11-21,,,0.0,,0.0
1938-11-22,,,0.0,,0.0
1938-11-23,,,0.0,,0.0
1938-11-24,,,8.0,,0.0
1938-11-25,,,74.0,,0.0
1938-11-26,,,0.0,,0.0
1938-11-27,,,0.0,,0.0
1938-11-28,,,0.0,,0.0
1938-11-29,,,0.0,,0.0
1938-11-30,,,0.0,,0.0
1938-12-01,,,0.0,,0.0
1938-12-02,,,0.0,,0.0
1938-12-03,,,0.0,,0.0
1938-12-04,,,33.0,,0.0
1938-12-05,,,86.0,,0.0
1938-12-06,,,0.0,,0.0
1938-12-07,,,0.0,,0.0
1938-12-08,,,25.0,,0.0
1938-12-09,,,10.0,,0.0
1938-12-10,,,89.0,,0.0
1938-12-11,,,0.0,,0.0
1938-12-12,,,0.0,,0.0
1938-12-13,,,0.0,,0.0
1938-12-14,,,0.0,,0.0
1938-12-15,,,0.0,,0.0
1938-12-16,,,0.0,,0.0
1938-12-17,,,0.0,,0.0
1938-12-18,,,0.0,,0.0
1938-12-19,,,0.0,,0.0
1938-12-20,,,0.0,,0.0
1938-12-21,,,30.0,,0.0
1938-12-22,,,0.0,,0.0
1938-12-23,,,0.0,,0.0
1938-12-24,,,244.0,,0.0
1938-12-25,,,0.0,,0.0
1938-12-26,,,10.0,,0.0
1938-12-27,,,287.0,,0.0
1938-12-28,,,0.0,,0.0
1938-12-29,,,0.0,,0.0
1938-12-30,,,33.0,0.0,0.0
1938-12-31,,,0.0,0.0,0.0
1939-01-01,,,0.0,,0.0
1939-01-02,,,0.0,,0.0
1939-01-03,,,0.0,,0.0
1939-01-04,,,0.0,,0.0
1939-01-05,,,305.0,,0.0
1939-01-06,,,0.0,,0.0
1939-01-07,,,0.0,,0.0
1939-01-08,,,0.0,,0.0
1939-01-09,,,0.0,,0.0
1939-01-10,,,0.0,,0.0
1939-01-11,,,28.0,,0.0
1939-01-12,,,86.0,,0.0
1939-01-13,,,132.0,,0.0
1939-01-14,,,38.0,,0.0
1939-01-15,,,0.0,,0.0
1939-01-16,,,51.0,,0.0
1939-01-17,,,0.0,,0.0
1939-01-18,,,180.0,,0.0
1939-01-19,,,15.0,,0.0
1939-01-20,,,0.0,,0.0
1939-01-21,,,0.0,,0.0
1939-01-22,,,8.0,,0.0
1939-01-23,,,33.0,,0.0
1939-01-24,,,221.0,,0.0
1939-01-25,,,5.0,,0.0
1939-01-26,,,0.0,,0.0
1939-01-27,,,0.0,,0.0
1939-01-28,,,0.0,,0.0
1939-01-29,,,5.0,,0.0
1939-01-30,,,272.0,,0.0
1939-01-31,,,30.0,,0.0
1939-02-01,,,0.0,,0.0
1939-02-02,,,0.0,,0.0
1939-02-03,,,41.0,,0.0
1939-02-04,,,224.0,,0.0
1939-02-05,,,0.0,,0.0
1939-02-06,,,5.0,,0.0
1939-02-07,,,323.0,,0.0
1939-02-08,,,0.0,,0.0
1939-02-09,,,33.0,,0.0
1939-02-10,,,89.0,,0.0
1939-02-11,,,170.0,,0.0
1939-02-12,,,0.0,,0.0
1939-02-13,,,0.0,,0.0
1939-02-14,,,343.0,,0.0
1939-02-15,,,442.0,,0.0
1939-02-16,,,8.0,,0.0
1939-02-17,,,0.0,,0.0
1939-02-18,,,0.0,,0.0
1939-02-19,,,0.0,,0.0
1939-02-20,,,119.0,,0.0
1939-02-21,,,0.0,,0.0
1939-02-22,,,36.0,,0.0
1939-02-23,,,0.0,,0.0
1939-02-24,,,0.0,,0.0
1939-02-25,,,0.0,,0.0
1939-02-26,,,119.0,,0.0
1939-02-27,,,0.0,,0.0
1939-02-28,,,356.0,,0.0
1939-03-01,,,0.0,,0.0
1939-03-02,,,145.0,,0.0
1939-03-03,,,23.0,,0.0
1939-03-04,,,91.0,,0.0
1939-03-05,,,203.0,,0.0
1939-03-06,,,254.0,,0.0
1939-03-07,,,10.0,,0.0
1939-03-08,,,0.0,,0.0
1939-03-09,,,0.0,,0.0
1939-03-10,,,0.0,,0.0
1939-03-11,,,109.0,,0.0
1939-03-12,,,0.0,,0.0
1939-03-13,,,30.0,,0.0
1939-03-14,,,0.0,,0.0
1939-03-15,,,20.0,,0.0
1939-03-16,,,109.0,,0.0
1939-03-17,,,0.0,,0.0
1939-03-18,,,0.0,,0.0
1939-03-19,,,0.0,,0.0
1939-03-20,,,0.0,,0.0
1939-03-21,,,0.0,,0.0
1939-03-22,,,0.0,,0.0
1939-03-23,,,0.0,,0.0
1939-03-24,,,0.0,,0.0
1939-03-25,,,0.0,,0.0
1939-03-26,,,0.0,,0.0
1939-03-27,,,163.0,,0.0
1939-03-28,,,46.0,,0.0
1939-03-29,,,0.0,,0.0
1939-03-30,,,254.0,,0.0
1939-03-31,,,53.0,,0.0
1939-04-01,,,71.0,,
1939-04-02,,,10.0,,
1939-04-03,,,0.0,,
1939-04-04,,,0.0,,
1939-04-05,,,0.0,,
1939-04-06,,,66.0,,
1939-04-07,,,173.0,,
1939-04-08,,,0.0,,
1939-04-09,,,20.0,,
1939-04-10,,,0.0,,
1939-04-11,,,0.0,,
1939-04-12,,,117.0,,
1939-04-13,,,0.0,,
1939-04-14,,,0.0,,
1939-04-15,,,0.0,,
1939-04-16,,,0.0,,
1939-04-17,,,102.0,,
1939-04-18,,,91.0,,
1939-04-19,,,15.0,,
1939-04-20,,,0.0,,
1939-04-21,,,0.0,,
1939-04-22,,,0.0,,
1939-04-23,,,0.0,,
1939-04-24,,,0.0,,
1939-04-25,,,38.0,,
1939-04-26,,,274.0,,
1939-04-27,,,0.0,,
1939-04-28,,,15.0,,
1939-04-29,,,0.0,,
1939-04-30,,,0.0,,
1939-05-01,,,0.0,,
1939-05-02,,,0.0,,
1939-05-03,,,0.0,,
1939-05-04,,,0.0,,
1939-05-05,,,0.0,,
1939-05-06,,,0.0,,
1939-05-07,,,0.0,,
1939-05-08,,,0.0,,
1939-05-09,,,74.0,,
1939-05-10,,,0.0,,
1939-05-11,,,0.0,,
1939-05-12,,,0.0,,
1939-05-13,,,0.0,,
1939-05-14,,,23.0,,
1939-05-15,,,3.0,,
1939-05-16,,,10.0,,
1939-05-17,,,10.0,,
1939-05-18,,,0.0,,
1939-05-19,,,0.0,,
1939-05-20,,,191.0,,
1939-05-21,,,20.0,,
1939-05-22,,,147.0,,
1939-05-23,,,15.0,,
1939-05-24,,,135.0,,
1939-05-25,,,0.0,,
1939-05-26,,,0.0,,
1939-05-27,,,5.0,,
1939-05-28,,,94.0,,
1939-05-29,,,3.0,,
1939-05-30,,,5.0,,
1939-05-31,,,0.0,,
1939-06-01,,,10.0,,
1939-06-02,,,0.0,,
1939-06-03,,,43.0,,
1939-06-04,,,23.0,,
1939-06-05,,,30.0,,
1939-06-06,,,0.0,,
1939-06-07,,,0.0,,
1939-06-08,,,137.0,,
1939-06-09,,,56.0,,
1939-06-10,,,229.0,,
1939-06-11,,,124.0,,
1939-06-12,,,15.0,,
1939-06-13,,,69.0,,
1939-06-14,,,28.0,,
1939-06-15,,,0.0,,
1939-06-16,,,0.0,,
1939-06-17,,,0.0,,
1939-06-18,,,107.0,,
1939-06-19,,,183.0,,
1939-06-20,,,592.0,,
1939-06-21,,,0.0,,
1939-06-22,,,0.0,,
1939-06-23,,,0.0,,
1939-06-24,,,0.0,,
1939-06-25,,,0.0,,
1939-06-26,,,33.0,,
1939-06-27,,,0.0,,
1939-06-28,,,175.0,,
1939-06-29,,,5.0,,
1939-06-30,,,97.0,,
1939-07-01,,,3.0,,
1939-07-02,,,0.0,,
1939-07-03,,,0.0,,
1939-07-04,,,152.0,,
1939-07-05,,,0.0,,
1939-07-06,,,201.0,,
1939-07-07,,,152.0,,
1939-07-08,,,130.0,,
1939-07-09,,,5.0,,
1939-07-10,,,201.0,,
1939-07-11,,,8.0,,
1939-07-12,,,0.0,,
1939-07-13,,,0.0,,
1939-07-14,,,5.0,,
1939-07-15,,,0.0,,
1939-07-16,,,0.0,,
1939-07-17,,,0.0,,
1939-07-18,,,0.0,,
1939-07-19,,,0.0,,
1939-07-20,,,69.0,,
1939-07-21,,,13.0,,
1939-07-22,,,20.0,,
1939-07-23,,,46.0,,
1939-07-24,,,0.0,,
1939-07-25,,,23.0,,
1939-07-26,,,188.0,,
1939-07-27,,,0.0,,
1939-07-28,,,0.0,,
1939-07-29,,,13.0,,
1939-07-30,,,102.0,,
1939-07-31,,,119.0,,
1939-08-01,,,8.0,,
1939-08-02,,,0.0,,
1939-08-03,,,23.0,,
1939-08-04,,,267.0,,
1939-08-05,,,0.0,,
1939-08-06,,,0.0,,
1939-08-07,,,56.0,,
1939-08-08,,,23.0,,
1939-08-09,,,0.0,,
1939-08-10,,,0.0,,
1939-08-11,,,0.0,,
1939-08-12,,,0.0,,
1939-08-13,,,0.0,,
1939-08-14,,,41.0,,
1939-08-15,,,3.0,,
1939-08-16,,,56.0,,
1939-08-17,,,91.0,,
1939-08-18,,,38.0,,
1939-08-19,,,183.0,,
1939-08-20,,,5.0,,
1939-08-21,,,0.0,,
1939-08-22,,,0.0,,
1939-08-23,,,0.0,,
1939-08-24,,,89.0,,
1939-08-25,,,38.0,,
1939-08-26,,,0.0,,
1939-08-27,,,0.0,,
1939-08-28,,,0.0,,
1939-08-29,,,0.0,,
1939-08-30,,,0.0,,
1939-08-31,,,0.0,,
1939-09-01,,,0.0,,
1939-09-02,,,0.0,,
1939-09-03,,,0.0,,
1939-09-04,,,0.0,,
1939-09-05,,,5.0,,
1939-09-06,,,0.0,,
1939-09-07,,,0.0,,
1939-09-08,,,0.0,,
1939-09-09,,,0.0,,
1939-09-10,,,0.0,,
1939-09-11,,,0.0,,
1939-09-12,,,0.0,,
1939-09-13,,,0.0,,
1939-09-14,,,0.0,,
1939-09-15,,,0.0,,
1939-09-16,,,0.0,,
1939-09-17,,,0.0,,
1939-09-18,,,0.0,,
1939-09-19,,,25.0,,
1939-09-20,,,183.0,,
1939-09-21,,,0.0,,
1939-09-22,,,0.0,,
1939-09-23,,,0.0,,
1939-09-24,,,0.0,,
1939-09-25,,,0.0,,
1939-09-26,,,0.0,,
1939-09-27,,,124.0,,
1939-09-28,,,0.0,,
1939-09-29,,,0.0,,
1939-09-30,,,79.0,,
1939-10-01,,,13.0,,
1939-10-02,,,0.0,,
1939-10-03,,,0.0,,
1939-10-04,,,0.0,,
1939-10-05,,,0.0,,
1939-10-06,,,0.0,,
1939-10-07,,,0.0,,
1939-10-08,,,0.0,,
1939-10-09,,,0.0,,
1939-10-10,,,0.0,,
1939-10-11,,,0.0,,
1939-10-12,,,0.0,,
1939-10-13,,,0.0,,
1939-10-14,,,0.0,,
1939-10-15,,,0.0,,
1939-10-16,,,0.0,,
1939-10-17,,,0.0,,
1939-10-18,,,0.0,,
1939-10-19,,,0.0,,
1939-10-20,,,0.0,,
1939-10-21,,,0.0,,
1939-10-22,,,0.0,,
1939-10-23,,,0.0,,
1939-10-24,,,0.0,,
1939-10-25,,,0.0,,
1939-10-26,,,13.0,,
1939-10-27,,,38.0,,
1939-10-28,,,3.0,,
1939-10-29,,,0.0,,
1939-10-30,,,0.0,,
1939-10-31,,,0.0,,
1939-11-01,,,0.0,,
1939-11-02,,,0.0,,
1939-11-03,,,0.0,,
1939-11-04,,,0.0,,
1939-11-05,,,0.0,,
1939-11-06,,,0.0,,
1939-11-07,,,0.0,,
1939-11-08,,,0.0,,
1939-11-09,,,0.0,,
1939-11-10,,,0.0,,
1939-11-11,,,15.0,,
1939-11-12,,,3.0,,
1939-11-13,,,0.0,,
1939-11-14,,,0.0,,
1939-11-15,,,0.0,,
1939-11-16,,,0.0,,
1939-11-17,,,0.0,,
1939-11-18,,,0.0,,
1939-11-19,,,0.0,,
1939-11-20,,,114.0,,
1939-11-21,,,66.0,,
1939-11-22,,,15.0,,
1939-11-23,,,0.0,,
1939-11-24,,,0.0,,
1939-11-25,,,15.0,,
1939-11-26,,,56.0,,
1939-11-27,,,0.0,,
1939-11-28,,,0.0,,
1939-11-29,,,0.0,,
1939-11-30,,,0.0,,
1939-12-01,,,18.0,,0.0
1939-12-02,,,119.0,,0.0
1939-12-03,,,5.0,,0.0
1939-12-04,,,0.0,,0.0
1939-12-05,,,0.0,,0.0
1939-12-06,,,0.0,,0.0
1939-12-07,,,0.0,,0.0
1939-12-08,,,0.0,,0.0
1939-12-09,,,0.0,,0.0
1939-12-10,,,0.0,,0.0
1939-12-11,,,0.0,,0.0
1939-12-12,,,0.0,,0.0
1939-12-13,,,74.0,,0.0
1939-12-14,,,25.0,,0.0
1939-12-15,,,0.0,,0.0
1939-12-16,,,0.0,,0.0
1939-12-17,,,0.0,,0.0
1939-12-18,,,0.0,,0.0
1939-12-19,,,0.0,,0.0
1939-12-20,,,254.0,,0.0
1939-12-21,,,0.0,,0.0
1939-12-22,,,0.0,,0.0
1939-12-23,,,30.0,,0.0
1939-12-24,,,244.0,,0.0
1939-12-25,,,5.0,,0.0
1939-12-26,,,13.0,,0.0
1939-12-27,,,124.0,,0.0
1939-12-28,,,10.0,,0.0
1939-12-29,,,0.0,,0.0
1939-12-30,,,0.0,,0.0
1939-12-31,,,0.0,,0.0
1940-01-01,,,28.0,0.0,46.0
1940-01-02,,,3.0,,0.0
1940-01-03,,,0.0,,0.0
1940-01-04,,,0.0,,0.0
1940-01-05,,,30.0,0.0,41.0
1940-01-06,,,0.0,,0.0
1940-01-07,,,48.0,25.0,23.0
1940-01-08,,,36.0,,0.0
1940-01-09,,,0.0,,0.0
1940-01-10,,,0.0,,0.0
1940-01-11,,,5.0,,0.0
1940-01-12,,,168.0,,0.0
1940-01-13,,,0.0,,0.0
1940-01-14,,,269.0,,0.0
1940-01-15,,,114.0,,0.0
1940-01-16,,,0.0,,0.0
1940-01-17,,,0.0,,0.0
1940-01-18,,,0.0,,0.0
1940-01-19,,,5.0,,0.0
1940-01-20,,,0.0,,0.0
1940-01-21,,,0.0,,0.0
1940-01-22,,,0.0,,0.0
1940-01-23,,,30.0,0.0,30.0
1940-01-24,,,165.0,178.0,178.0
1940-01-25,,,0.0,127.0,0.0
1940-01-26,,,0.0,127.0,0.0
1940-01-27,,,0.0,127.0,0.0
1940-01-28,,,0.0,102.0,0.0
1940-01-29,,,0.0,,0.0
1940-01-30,,,5.0,0.0,0.0
1940-01-31,,,0.0,,0.0
1940-02-01,,,0.0,,0.0
1940-02-02,,,0.0,,0.0
1940-02-03,,,0.0,,0.0
1940-02-04,,,0.0,,0.0
1940-02-05,,,69.0,,0.0
1940-02-06,,,102.0,,0.0
1940-02-07,,,3.0,,0.0
1940-02-08,,,0.0,,0.0
1940-02-09,,,0.0,,0.0
1940-02-10,,,208.0,,0.0
1940-02-11,,,3.0,,0.0
1940-02-12,,,0.0,,0.0
1940-02-13,,,0.0,,0.0
1940-02-14,,,201.0,,0.0
1940-02-15,,,0.0,,0.0
1940-02-16,,,0.0,,0.0
1940-02-17,,,25.0,,0.0
1940-02-18,,,282.0,,0.0
1940-02-19,,,66.0,,0.0
1940-02-20,,,51.0,,0.0
1940-02-21,,,5.0,,0.0
1940-02-22,,,3.0,,0.0
1940-02-23,,,0.0,,0.0
1940-02-24,,,0.0,,0.0
1940-02-25,,,36.0,,0.0
1940-02-26,,,0.0,,0.0
1940-02-27,,,0.0,,0.0
1940-02-28,,,368.0,,0.0
1940-02-29,,,5.0,,0.0
1940-03-01,,,0.0,,0.0
1940-03-02,,,0.0,,0.0
1940-03-03,,,142.0,,0.0
1940-03-04,,,38.0,,0.0
1940-03-05,,,0.0,,0.0
1940-03-06,,,0.0,,0.0
1940-03-07,,,0.0,,0.0
1940-03-08,,,15.0,,0.0
1940-03-09,,,0.0,,0.0
1940-03-10,,,0.0,,0.0
1940-03-11,,,0.0,,0.0
1940-03-12,,,114.0,,0.0
1940-03-13,,,203.0,,0.0
1940-03-14,,,168.0,,0.0
1940-03-15,,,30.0,,0.0
1940-03-16,,,0.0,,0.0
1940-03-17,,,0.0,,0.0
1940-03-18,,,0.0,,0.0
1940-03-19,,,71.0,,0.0
1940-03-20,,,0.0,,0.0
1940-03-21,,,0.0,,0.0
1940-03-22,,,0.0,,0.0
1940-03-23,,,0.0,,0.0
1940-03-24,,,5.0,,0.0
1940-03-25,,,130.0,25.0,30.0
1940-03-26,,,0.0,,0.0
1940-03-27,,,0.0,,0.0
1940-03-28,,,0.0,,0.0
1940-03-29,,,15.0,,0.0
1940-03-30,,,122.0,,0.0
1940-03-31,,,157.0,,0.0
1940-04-01,,,0.0,,0.0
1940-04-02,,,0.0,,0.0
1940-04-03,,,0.0,,0.0
1940-04-04,,,13.0,,0.0
1940-04-05,,,69.0,,0.0
1940-04-06,,,0.0,,0.0
1940-04-07,,,0.0,,0.0
1940-04-08,,,160.0,,0.0
1940-04-09,,,0.0,,0.0
1940-04-10,,,0.0,,0.0
1940-04-11,,,0.0,,0.0
1940-04-12,,,53.0,,0.0
1940-04-13,,,0.0,,0.0
1940-04-14,,,0.0,,0.0
1940-04-15,,,0.0,,0.0
1940-04-16,,,0.0,,0.0
1940-04-17,,,0.0,,0.0
1940-04-18,,,5.0,,0.0
1940-04-19,,,188.0,,0.0
1940-04-20,,,452.0,,0.0
1940-04-21,,,18.0,,0.0
1940-04-22,,,0.0,,0.0
1940-04-23,,,0.0,,0.0
1940-04-24,,,226.0,,0.0
1940-04-25,,,0.0,,0.0
1940-04-26,,,0.0,,0.0
1940-04-27,,,0.0,,0.0
1940-04-28,,,0.0,,0.0
1940-04-29,,,0.0,,0.0
1940-04-30,,,0.0,,0.0
1940-05-01,,,206.0,,
1940-05-02,,,5.0,,
1940-05-03,,,0.0,,
1940-05-04,,,0.0,,
1940-05-05,,,0.0,,
1940-05-06,,,0.0,,
1940-05-07,,,0.0,,
1940-05-08,,,0.0,,
1940-05-09,,,0.0,,
1940-05-10,,,18.0,,
1940-05-11,,,3.0,,
1940-05-12,,,0.0,,
1940-05-13,,,0.0,,
1940-05-14,,,0.0,,
1940-05-15,,,18.0,,
1940-05-16,,,3.0,,
1940-05-17,,,0.0,,
1940-05-18,,,0.0,,
1940-05-19,,,0.0,,
1940-05-20,,,0.0,,
1940-05-21,,,0.0,,
1940-05-22,,,0.0,,
1940-05-23,,,0.0,,
1940-05-24,,,99.0,,
1940-05-25,,,86.0,,
1940-05-26,,,20.0,,
1940-05-27,,,132.0,,
1940-05-28,,,0.0,,
1940-05-29,,,0.0,,
1940-05-30,,,107.0,,
1940-05-31,,,0.0,,
1940-06-01,,,5.0,,
1940-06-02,,,0.0,,
1940-06-03,,,0.0,,
1940-06-04,,,0.0,,
1940-06-05,,,3.0,,
1940-06-06,,,0.0,,
1940-06-07,,,0.0,,
1940-06-08,,,107.0,,
1940-06-09,,,163.0,,
1940-06-10,,,20.0,,
1940-06-11,,,8.0,,
1940-06-12,,,3.0,,
1940-06-13,,,91.0,,
1940-06-14,,,48.0,,
1940-06-15,,,43.0,,
1940-06-16,,,99.0,,
1940-06-17,,,122.0,,
1940-06-18,,,0.0,,
1940-06-19,,,3.0,,
1940-06-20,,,0.0,,
1940-06-21,,,0.0,,
1940-06-22,,,0.0,,
1940-06-23,,,0.0,,
1940-06-24,,,0.0,,
1940-06-25,,,229.0,,
1940-06-26,,,0.0,,
1940-06-27,,,0.0,,
1940-06-28,,,0.0,,
1940-06-29,,,91.0,,
1940-06-30,,,0.0,,
1940-07-01,,,0.0,,
1940-07-02,,,0.0,,
1940-07-03,,,15.0,,
1940-07-04,,,66.0,,
1940-07-05,,,0.0,,
1940-07-06,,,0.0,,
1940-07-07,,,5.0,,
1940-07-08,,,20.0,,
1940-07-09,,,18.0,,
1940-07-10,,,15.0,,
1940-07-11,,,25.0,,
1940-07-12,,,76.0,,
1940-07-13,,,66.0,,
1940-07-14,,,20.0,,
1940-07-15,,,0.0,,
1940-07-16,,,0.0,,
1940-07-17,,,8.0,,
1940-07-18,,,0.0,,
1940-07-19,,,0.0,,
1940-07-20,,,0.0,,
1940-07-21,,,0.0,,
1940-07-22,,,0.0,,
1940-07-23,,,0.0,,
1940-07-24,,,0.0,,
1940-07-25,,,13.0,,
1940-07-26,,,0.0,,
1940-07-27,,,0.0,,
1940-07-28,,,0.0,,
1940-07-29,,,28.0,,
1940-07-30,,,0.0,,
1940-07-31,,,0.0,,
1940-08-01,,,0.0,,0.0
1940-08-02,,,0.0,,0.0
1940-08-03,,,0.0,,0.0
1940-08-04,,,0.0,,0.0
1940-08-05,,,0.0,,0.0
1940-08-06,,,5.0,,0.0
1940-08-07,,,0.0,,0.0
1940-08-08,,,3.0,,0.0
1940-08-09,,,13.0,,0.0
1940-08-10,,,0.0,,0.0
1940-08-11,,,0.0,,0.0
1940-08-12,,,0.0,,0.0
1940-08-13,,,318.0,,0.0
1940-08-14,,,147.0,,0.0
1940-08-15,,,8.0,,0.0
1940-08-16,,,0.0,,0.0
1940-08-17,,,0.0,,0.0
1940-08-18,,,0.0,,0.0
1940-08-19,,,13.0,,0.0
1940-08-20,,,0.0,,0.0
1940-08-21,,,0.0,,0.0
1940-08-22,,,15.0,,0.0
1940-08-23,,,0.0,,0.0
1940-08-24,,,0.0,,0.0
1940-08-25,,,0.0,,0.0
1940-08-26,,,0.0,,0.0
1940-08-27,,,0.0,,0.0
1940-08-28,,,0.0,,0.0
1940-08-29,,,241.0,,0.0
1940-08-30,,,272.0,,0.0
1940-08-31,,,249.0,,0.0
1940-09-01,,,0.0,,
1940-09-02,,,5.0,,
1940-09-03,,,0.0,,
1940-09-04,,,0.0,,
1940-09-05,,,0.0,,
1940-09-06,,,0.0,,
1940-09-07,,,0.0,,
1940-09-08,,,0.0,,
1940-09-09,,,0.0,,
1940-09-10,,,0.0,,
1940-09-11,,,0.0,,
1940-09-12,,,0.0,,
1940-09-13,,,0.0,,
1940-09-14,,,0.0,,
1940-09-15,,,0.0,,
1940-09-16,,,0.0,,
1940-09-17,,,0.0,,
1940-09-18,,,0.0,,
1940-09-19,,,119.0,,
1940-09-20,,,0.0,,
1940-09-21,,,0.0,,
1940-09-22,,,0.0,,
1940-09-23,,,0.0,,
1940-09-24,,,0.0,,
1940-09-25,,,48.0,,
1940-09-26,,,28.0,,
1940-09-27,,,0.0,,
1940-09-28,,,0.0,,
1940-09-29,,,0.0,,
1940-09-30,,,0.0,,
1940-10-01,,,0.0,,
1940-10-02,,,0.0,,
1940-10-03,,,0.0,,
1940-10-04,,,0.0,,
1940-10-05,,,0.0,,
1940-10-06,,,0.0,,
1940-10-07,,,0.0,,
1940-10-08,,,74.0,,
1940-10-09,,,0.0,,
1940-10-10,,,0.0,,
1940-10-11,,,0.0,,
1940-10-12,,,0.0,,
1940-10-13,,,0.0,,
1940-10-14,,,0.0,,
1940-10-15,,,0.0,,
1940-10-16,,,203.0,,
1940-10-17,,,3.0,,
1940-10-18,,,0.0,,
1940-10-19,,,0.0,,
1940-10-20,,,0.0,,
1940-10-21,,,0.0,,
1940-10-22,,,0.0,,
1940-10-23,,,0.0,,
1940-10-24,,,0.0,,
1940-10-25,,,0.0,,
1940-10-26,,,0.0,,
1940-10-27,,,0.0,,
1940-10-28,,,0.0,,
1940-10-29,,,0.0,,
1940-10-30,,,188.0,,
1940-10-31,,,0.0,,
1940-11-01,,,48.0,,0.0
1940-11-02,,,36.0,,0.0
1940-11-03,,,0.0,,0.0
1940-11-04,,,0.0,,0.0
1940-11-05,,,0.0,,0.0
1940-11-06,,,117.0,,0.0
1940-11-07,,,0.0,,0.0
1940-11-08,,,0.0,,0.0
1940-11-09,,,0.0,,0.0
1940-11-10,,,30.0,,0.0
1940-11-11,,,122.0,,0.0
1940-11-12,,,119.0,,0.0
1940-11-13,,,13.0,,0.0
1940-11-14,,,0.0,,0.0
1940-11-15,,,0.0,,0.0
1940-11-16,,,0.0,,0.0
1940-11-17,,,0.0,,0.0
1940-11-18,,,0.0,,0.0
1940-11-19,,,0.0,,0.0
1940-11-20,,,0.0,,0.0
1940-11-21,,,0.0,,0.0
1940-11-22,,,0.0,,0.0
1940-11-23,,,0.0,,0.0
1940-11-24,,,48.0,,0.0
1940-11-25,,,20.0,,0.0
1940-11-26,,,10.0,,0.0
1940-11-27,,,58.0,,0.0
1940-11-28,,,0.0,,0.0
1940-11-29,,,0.0,,0.0
1940-11-30,,,0.0,,0.0
1940-12-01,,,180.0,,
1940-12-02,,,5.0,,
1940-12-03,,,0.0,,
1940-12-04,,,0.0,,
1940-12-05,,,3.0,,
1940-12-06,,,0.0,,
1940-12-07,,,0.0,,
1940-12-08,,,30.0,,
1940-12-09,,,0.0,,
1940-12-10,,,0.0,,
1940-12-11,,,0.0,,
1940-12-12,,,0.0,,
1940-12-13,,,66.0,,
1940-12-14,,,99.0,,
1940-12-15,,,23.0,,
1940-12-16,,,51.0,,
1940-12-17,,,0.0,,
1940-12-18,,,0.0,,
1940-12-19,,,0.0,,
1940-12-20,,,0.0,,
1940-12-21,,,0.0,,
1940-12-22,,,0.0,,
1940-12-23,,,0.0,,
1940-12-24,,,0.0,,
1940-12-25,,,8.0,,
1940-12-26,,,0.0,,
1940-12-27,,,23.0,,
1940-12-28,,,33.0,,
1940-12-29,,,208.0,,
1940-12-30,,,25.0,,
1940-12-31,,,0.0,,
1941-01-01,,,0.0,,
1941-01-02,,,274.0,,
1941-01-03,,,56.0,,
1941-01-04,,,25.0,,
1941-01-05,,,0.0,,
1941-01-06,,,0.0,,
1941-01-07,,,0.0,,
1941-01-08,,,0.0,,
1941-01-09,,,0.0,,
1941-01-10,,,0.0,,
1941-01-11,,,0.0,,
1941-01-12,,,0.0,,
1941-01-13,,,0.0,,
1941-01-14,,,0.0,,
1941-01-15,,,0.0,,
1941-01-16,,,229.0,,
1941-01-17,,,0.0,,
1941-01-18,,,0.0,,
1941-01-19,,,0.0,,
1941-01-20,,,0.0,,
1941-01-21,,,0.0,,
1941-01-22,,,0.0,,
1941-01-23,,,53.0,,
1941-01-24,,,3.0,,
1941-01-25,,,145.0,,
1941-01-26,,,0.0,,
1941-01-27,,,46.0,,
1941-01-28,,,0.0,,
1941-01-29,,,0.0,,
1941-01-30,,,0.0,,
1941-01-31,,,15.0,,
1941-02-01,,,0.0,,0.0
1941-02-02,,,0.0,,0.0
1941-02-03,,,0.0,,0.0
1941-02-04,,,0.0,,0.0
1941-02-05,,,0.0,,0.0
1941-02-06,,,0.0,,0.0
1941-02-07,,,0.0,,0.0
1941-02-08,,,0.0,,0.0
1941-02-09,,,0.0,,0.0
1941-02-10,,,0.0,,0.0
1941-02-11,,,0.0,,0.0
1941-02-12,,,0.0,,0.0
1941-02-13,,,0.0,,0.0
1941-02-14,,,180.0,,0.0
1941-02-15,,,0.0,,0.0
1941-02-16,,,0.0,,0.0
1941-02-17,,,0.0,,0.0
1941-02-18,,,0.0,,0.0
1941-02-19,,,0.0,,0.0
1941-02-20,,,0.0,,0.0
1941-02-21,,,0.0,,0.0
1941-02-22,,,0.0,,0.0
1941-02-23,,,0.0,,0.0
1941-02-24,,,0.0,,0.0
1941-02-25,,,3.0,,0.0
1941-02-26,,,0.0,,0.0
1941-02-27,,,23.0,,0.0
1941-02-28,,,25.0,,0.0
1941-03-01,,,0.0,,0.0
1941-03-02,,,0.0,,0.0
1941-03-03,,,0.0,,0.0
1941-03-04,,,218.0,,0.0
1941-03-05,,,0.0,,0.0
1941-03-06,,,0.0,,0.0
1941-03-07,,,155.0,,0.0
1941-03-08,,,109.0,,0.0
1941-03-09,,,3.0,,0.0
1941-03-10,,,0.0,,0.0
1941-03-11,,,124.0,,0.0
1941-03-12,,,0.0,,0.0
1941-03-13,,,0.0,,0.0
1941-03-14,,,5.0,,0.0
1941-03-15,,,0.0,,0.0
1941-03-16,,,150.0,,0.0
1941-03-17,,,8.0,,0.0
1941-03-18,,,0.0,,0.0
1941-03-19,,,0.0,,0.0
1941-03-20,,,0.0,,0.0
1941-03-21,,,0.0,,0.0
1941-03-22,,,0.0,,0.0
1941-03-23,,,0.0,,0.0
1941-03-24,,,130.0,,0.0
1941-03-25,,,5.0,,0.0
1941-03-26,,,0.0,,0.0
1941-03-27,,,71.0,,0.0
1941-03-28,,,163.0,,0.0
1941-03-29,,,15.0,,0.0
1941-03-30,,,0.0,,0.0
1941-03-31,,,0.0,,0.0
1941-04-01,,,30.0,,0.0
1941-04-02,,,0.0,,0.0
1941-04-03,,,0.0,,0.0
1941-04-04,,,76.0,,0.0
1941-04-05,,,132.0,,0.0
1941-04-06,,,0.0,,0.0
1941-04-07,,,0.0,,0.0
1941-04-08,,,0.0,,0.0
1941-04-09,,,3.0,,0.0
1941-04-10,,,213.0,,0.0
1941-04-11,,,0.0,,0.0
1941-04-12,,,0.0,,0.0
1941-04-13,,,0.0,,0.0
1941-04-14,,,0.0,,0.0
1941-04-15,,,0.0,,0.0
1941-04-16,,,0.0,,0.0
1941-04-17,,,0.0,,0.0
1941-04-18,,,81.0,,0.0
1941-04-19,,,0.0,,0.0
1941-04-20,,,0.0,,0.0
1941-04-21,,,15.0,,0.0
1941-04-22,,,0.0,,0.0
1941-04-23,,,0.0,,0.0
1941-04-24,,,130.0,,0.0
1941-04-25,,,117.0,,0.0
1941-04-26,,,46.0,,0.0
1941-04-27,,,0.0,,0.0
1941-04-28,,,0.0,,0.0
1941-04-29,,,0.0,,0.0
1941-04-30,,,0.0,,0.0
1941-05-01,,,0.0,,
1941-05-02,,,0.0,,
1941-05-03,,,0.0,,
1941-05-04,,,0.0,,
1941-05-05,,,0.0,,
1941-05-06,,,0.0,,
1941-05-07,,,8.0,,
1941-05-08,,,0.0,,
1941-05-09,,,23.0,,
1941-05-10,,,0.0,,
1941-05-11,,,0.0,,
1941-05-12,,,0.0,,
1941-05-13,,,0.0,,
1941-05-14,,,0.0,,
1941-05-15,,,0.0,,
1941-05-16,,,0.0,,
1941-05-17,,,0.0,,
1941-05-18,,,5.0,,
1941-05-19,,,0.0,,
1941-05-20,,,0.0,,
1941-05-21,,,0.0,,
1941-05-22,,,0.0,,
1941-05-23,,,0.0,,
1941-05-24,,,0.0,,
1941-05-25,,,0.0,,
1941-05-26,,,0.0,,
1941-05-27,,,0.0,,
1941-05-28,,,0.0,,
1941-05-29,,,0.0,,
1941-05-30,,,0.0,,
1941-05-31,,,81.0,,
1941-06-01,,,20.0,,
1941-06-02,,,0.0,,
1941-06-03,,,64.0,,
1941-06-04,,,94.0,,
1941-06-05,,,20.0,,
1941-06-06,,,0.0,,
1941-06-07,,,0.0,,
1941-06-08,,,0.0,,
1941-06-09,,,13.0,,
1941-06-10,,,13.0,,
1941-06-11,,,13.0,,
1941-06-12,,,175.0,,
1941-06-13,,,175.0,,
1941-06-14,,,0.0,,
1941-06-15,,,15.0,,
1941-06-16,,,0.0,,
1941-06-17,,,0.0,,
1941-06-18,,,0.0,,
1941-06-19,,,0.0,,
1941-06-20,,,0.0,,
1941-06-21,,,0.0,,
1941-06-22,,,56.0,,
1941-06-23,,,86.0,,
1941-06-24,,,163.0,,
1941-06-25,,,135.0,,
1941-06-26,,,61.0,,
1941-06-27,,,61.0,,
1941-06-28,,,30.0,,
1941-06-29,,,3.0,,
1941-06-30,,,112.0,,
1941-07-01,,,10.0,,
1941-07-02,,,183.0,,
1941-07-03,,,41.0,,
1941-07-04,,,28.0,,
1941-07-05,,,318.0,,
1941-07-06,,,58.0,,
1941-07-07,,,155.0,,
1941-07-08,,,188.0,,
1941-07-09,,,69.0,,
1941-07-10,,,71.0,,
1941-07-11,,,0.0,,
1941-07-12,,,0.0,,
1941-07-13,,,5.0,,
1941-07-14,,,0.0,,
1941-07-15,,,119.0,,
1941-07-16,,,5.0,,
1941-07-17,,,338.0,,
1941-07-18,,,0.0,,
1941-07-19,,,0.0,,
1941-07-20,,,71.0,,
1941-07-21,,,0.0,,
1941-07-22,,,0.0,,
1941-07-23,,,0.0,,
1941-07-24,,,0.0,,
1941-07-25,,,89.0,,
1941-07-26,,,5.0,,
1941-07-27,,,0.0,,
1941-07-28,,,0.0,,
1941-07-29,,,30.0,,
1941-07-30,,,0.0,,
1941-07-31,,,0.0,,
1941-08-01,,,69.0,,0.0
1941-08-02,,,0.0,,0.0
1941-08-03,,,112.0,,0.0
1941-08-04,,,191.0,,0.0
1941-08-05,,,224.0,,0.0
1941-08-06,,,234.0,,0.0
1941-08-07,,,23.0,,0.0
1941-08-08,,,0.0,,0.0
1941-08-09,,,0.0,,0.0
1941-08-10,,,13.0,,0.0
1941-08-11,,,28.0,,0.0
1941-08-12,,,5.0,,0.0
1941-08-13,,,69.0,,0.0
1941-08-14,,,0.0,,0.0
1941-08-15,,,0.0,,0.0
1941-08-16,,,25.0,,0.0
1941-08-17,,,0.0,,0.0
1941-08-18,,,0.0,,0.0
1941-08-19,,,0.0,,0.0
1941-08-20,,,46.0,,0.0
1941-08-21,,,0.0,,0.0
1941-08-22,,,0.0,,0.0
1941-08-23,,,0.0,,0.0
1941-08-24,,,0.0,,0.0
1941-08-25,,,23.0,,0.0
1941-08-26,,,23.0,,0.0
1941-08-27,,,41.0,,0.0
1941-08-28,,,76.0,,0.0
1941-08-29,,,3.0,,0.0
1941-08-30,,,0.0,,0.0
1941-08-31,,,0.0,,0.0
1941-09-01,,,0.0,,
1941-09-02,,,0.0,,
1941-09-03,,,0.0,,
1941-09-04,,,0.0,,
1941-09-05,,,33.0,,
1941-09-06,,,5.0,,
1941-09-07,,,0.0,,
1941-09-08,,,0.0,,
1941-09-09,,,0.0,,
1941-09-10,,,0.0,,
1941-09-11,,,0.0,,
1941-09-12,,,8.0,,
1941-09-13,,,0.0,,
1941-09-14,,,0.0,,
1941-09-15,,,0.0,,
1941-09-16,,,0.0,,
1941-09-17,,,0.0,,
1941-09-18,,,0.0,,
1941-09-19,,,0.0,,
1941-09-20,,,0.0,,
1941-09-21,,,0.0,,
1941-09-22,,,0.0,,
1941-09-23,,,0.0,,
1941-09-24,,,0.0,,
1941-09-25,,,58.0,,
1941-09-26,,,5.0,,
1941-09-27,,,0.0,,
1941-09-28,,,0.0,,
1941-09-29,,,0.0,,
1941-09-30,,,0.0,,
1941-10-01,,,0.0,,
1941-10-02,,,3.0,,
1941-10-03,,,0.0,,
1941-10-04,,,20.0,,
1941-10-05,,,0.0,,
1941-10-06,,,0.0,,
1941-10-07,,,0.0,,
1941-10-08,,,0.0,,
1941-10-09,,,0.0,,
1941-10-10,,,147.0,,
1941-10-11,,,3.0,,
1941-10-12,,,0.0,,
1941-10-13,,,0.0,,
1941-10-14,,,0.0,,
1941-10-15,,,0.0,,
1941-10-16,,,0.0,,
1941-10-17,,,0.0,,
1941-10-18,,,0.0,,
1941-10-19,,,0.0,,
1941-10-20,,,0.0,,
1941-10-21,,,51.0,,
1941-10-22,,,0.0,,
1941-10-23,,,0.0,,
1941-10-24,,,5.0,,
1941-10-25,,,0.0,,
1941-10-26,,,0.0,,
1941-10-27,,,0.0,,
1941-10-28,,,472.0,,
1941-10-29,,,0.0,,
1941-10-30,,,0.0,,
1941-10-31,,,3.0,,
1941-11-01,,,226.0,,
1941-11-02,,,0.0,,
1941-11-03,,,0.0,,
1941-11-04,,,0.0,,
1941-11-05,,,3.0,,
1941-11-06,,,104.0,,
1941-11-07,,,3.0,,
1941-11-08,,,0.0,,
1941-11-09,,,0.0,,
1941-11-10,,,0.0,,
1941-11-11,,,0.0,,
1941-11-12,,,0.0,,
1941-11-13,,,0.0,,
1941-11-14,,,0.0,,
1941-11-15,,,0.0,,
1941-11-16,,,0.0,,
1941-11-17,,,0.0,,
1941-11-18,,,0.0,,
1941-11-19,,,0.0,,
1941-11-20,,,216.0,,
1941-11-21,,,165.0,,
1941-11-22,,,0.0,,
1941-11-23,,,358.0,,
1941-11-24,,,3.0,,
1941-11-25,,,0.0,,
1941-11-26,,,0.0,,
1941-11-27,,,0.0,,
1941-11-28,,,0.0,,
1941-11-29,,,0.0,,
1941-11-30,,,0.0,,
1941-12-01,,,0.0,,
1941-12-02,,,0.0,,
1941-12-03,,,89.0,,
1941-12-04,,,0.0,,
1941-12-05,,,0.0,,
1941-12-06,,,0.0,,
1941-12-07,,,0.0,,
1941-12-08,,,0.0,,
1941-12-09,,,0.0,,
1941-12-10,,,0.0,,
1941-12-11,,,0.0,,
1941-12-12,,,0.0,,
1941-12-13,,,178.0,,
1941-12-14,,,0.0,,
1941-12-15,,,0.0,,
1941-12-16,,,0.0,,
1941-12-17,,,0.0,,
1941-12-18,,,0.0,,
1941-12-19,,,0.0,,
1941-12-20,,,0.0,,
1941-12-21,,,0.0,,
1941-12-22,,,0.0,,
1941-12-23,,,356.0,,
1941-12-24,,,107.0,,
1941-12-25,,,0.0,,
1941-12-26,,,76.0,,
1941-12-27,,,0.0,,
1941-12-28,,,0.0,,
1941-12-29,,,0.0,,
1941-12-30,,,0.0,,
1941-12-31,,,0.0,,
1942-01-01,,,132.0,,0.0
1942-01-02,,,254.0,,0.0
1942-01-03,,,0.0,,0.0
1942-01-04,,,53.0,,0.0
1942-01-05,,,0.0,,0.0
1942-01-06,,,0.0,,0.0
1942-01-07,,,0.0,,0.0
1942-01-08,,,25.0,0.0,25.0
1942-01-09,,,0.0,,0.0
1942-01-10,,,0.0,,0.0
1942-01-11,,,0.0,,0.0
1942-01-12,,,0.0,,0.0
1942-01-13,,,0.0,,0.0
1942-01-14,,,0.0,,0.0
1942-01-15,,,0.0,,0.0
1942-01-16,,,0.0,,0.0
1942-01-17,,,0.0,,0.0
1942-01-18,,,0.0,,0.0
1942-01-19,,,251.0,,0.0
1942-01-20,,,0.0,,0.0
1942-01-21,,,0.0,,0.0
1942-01-22,,,0.0,,0.0
1942-01-23,,,0.0,,0.0
1942-01-24,,,0.0,,0.0
1942-01-25,,,0.0,,0.0
1942-01-26,,,0.0,,0.0
1942-01-27,,,0.0,,0.0
1942-01-28,,,330.0,,0.0
1942-01-29,,,0.0,,0.0
1942-01-30,,,0.0,,0.0
1942-01-31,,,170.0,,0.0
1942-02-01,,,0.0,,0.0
1942-02-02,,,0.0,,0.0
1942-02-03,,,0.0,,0.0
1942-02-04,,,0.0,,0.0
1942-02-05,,,147.0,,0.0
1942-02-06,,,119.0,,0.0
1942-02-07,,,226.0,,0.0
1942-02-08,,,0.0,,0.0
1942-02-09,,,0.0,,0.0
1942-02-10,,,8.0,,0.0
1942-02-11,,,0.0,,0.0
1942-02-12,,,0.0,,0.0
1942-02-13,,,0.0,,0.0
1942-02-14,,,0.0,,0.0
1942-02-15,,,0.0,,0.0
1942-02-16,,,0.0,,0.0
1942-02-17,,,726.0,,0.0
1942-02-18,,,0.0,,0.0
1942-02-19,,,0.0,,0.0
1942-02-20,,,0.0,,0.0
1942-02-21,,,0.0,,0.0
1942-02-22,,,0.0,,0.0
1942-02-23,,,0.0,,0.0
1942-02-24,,,140.0,,0.0
1942-02-25,,,33.0,,0.0
1942-02-26,,,0.0,,0.0
1942-02-27,,,0.0,,0.0
1942-02-28,,,0.0,,0.0
1942-03-01,,,0.0,,0.0
1942-03-02,,,0.0,,0.0
1942-03-03,,,328.0,229.0,23.0
1942-03-04,,,3.0,,0.0
1942-03-05,,,0.0,,0.0
1942-03-06,,,8.0,,0.0
1942-03-07,,,0.0,,0.0
1942-03-08,,,0.0,,0.0
1942-03-09,,,178.0,,0.0
1942-03-10,,,5.0,,0.0
1942-03-11,,,0.0,,0.0
1942-03-12,,,33.0,,0.0
1942-03-13,,,0.0,,0.0
1942-03-14,,,8.0,,0.0
1942-03-15,,,0.0,,0.0
1942-03-16,,,201.0,,0.0
1942-03-17,,,262.0,,0.0
1942-03-18,,,0.0,,0.0
1942-03-19,,,0.0,,0.0
1942-03-20,,,0.0,,0.0
1942-03-21,,,358.0,,0.0
1942-03-22,,,15.0,,0.0
1942-03-23,,,0.0,,0.0
1942-03-24,,,0.0,,0.0
1942-03-25,,,0.0,,0.0
1942-03-26,,,0.0,,0.0
1942-03-27,,,36.0,,0.0
1942-03-28,,,127.0,,0.0
1942-03-29,,,0.0,,0.0
1942-03-30,,,0.0,,0.0
1942-03-31,,,13.0,,0.0
1942-04-01,,,0.0,,0.0
1942-04-02,,,0.0,,0.0
1942-04-03,,,0.0,,0.0
1942-04-04,,,8.0,,0.0
1942-04-05,,,0.0,,0.0
1942-04-06,,,0.0,,0.0
1942-04-07,,,0.0,,0.0
1942-04-08,,,0.0,,0.0
1942-04-09,,,0.0,,0.0
1942-04-10,,,145.0,,0.0
1942-04-11,,,0.0,,0.0
1942-04-12,,,0.0,,0.0
1942-04-13,,,0.0,,0.0
1942-04-14,,,0.0,,0.0
1942-04-15,,,0.0,,0.0
1942-04-16,,,0.0,,0.0
1942-04-17,,,0.0,,0.0
1942-04-18,,,0.0,,0.0
1942-04-19,,,0.0,,0.0
1942-04-20,,,0.0,,0.0
1942-04-21,,,0.0,,0.0
1942-04-22,,,0.0,,0.0
1942-04-23,,,0.0,,0.0
1942-04-24,,,0.0,,0.0
1942-04-25,,,0.0,,0.0
1942-04-26,,,0.0,,0.0
1942-04-27,,,0.0,,0.0
1942-04-28,,,0.0,,0.0
1942-04-29,,,10.0,,0.0
1942-04-30,,,0.0,,0.0
1942-05-01,,,48.0,,
1942-05-02,,,89.0,,
1942-05-03,,,0.0,,
1942-05-04,,,160.0,,
1942-05-05,,,0.0,,
1942-05-06,,,0.0,,
1942-05-07,,,3.0,,
1942-05-08,,,0.0,,
1942-05-09,,,0.0,,
1942-05-10,,,0.0,,
1942-05-11,,,0.0,,
1942-05-12,,,0.0,,
1942-05-13,,,38.0,,
1942-05-14,,,0.0,,
1942-05-15,,,33.0,,
1942-05-16,,,66.0,,
1942-05-17,,,0.0,,
1942-05-18,,,0.0,,
1942-05-19,,,0.0,,
1942-05-20,,,749.0,,
1942-05-21,,,117.0,,
1942-05-22,,,211.0,,
1942-05-23,,,66.0,,
1942-05-24,,,0.0,,
1942-05-25,,,5.0,,
1942-05-26,,,0.0,,
1942-05-27,,,284.0,,
1942-05-28,,,0.0,,
1942-05-29,,,0.0,,
1942-05-30,,,0.0,,
1942-05-31,,,0.0,,
1942-06-01,,,61.0,,
1942-06-02,,,168.0,,
1942-06-03,,,43.0,,
1942-06-04,,,76.0,,
1942-06-05,,,277.0,,
1942-06-06,,,71.0,,
1942-06-07,,,8.0,,
1942-06-08,,,0.0,,
1942-06-09,,,0.0,,
1942-06-10,,,79.0,,
1942-06-11,,,0.0,,
1942-06-12,,,13.0,,
1942-06-13,,,64.0,,
1942-06-14,,,51.0,,
1942-06-15,,,0.0,,
1942-06-16,,,99.0,,
1942-06-17,,,51.0,,
1942-06-18,,,0.0,,
1942-06-19,,,0.0,,
1942-06-20,,,0.0,,
1942-06-21,,,0.0,,
1942-06-22,,,0.0,,
1942-06-23,,,102.0,,
1942-06-24,,,0.0,,
1942-06-25,,,0.0,,
1942-06-26,,,0.0,,
1942-06-27,,,0.0,,
1942-06-28,,,0.0,,
1942-06-29,,,25.0,,
1942-06-30,,,51.0,,
1942-07-01,,,119.0,,
1942-07-02,,,36.0,,
1942-07-03,,,0.0,,
1942-07-04,,,0.0,,
1942-07-05,,,0.0,,
1942-07-06,,,0.0,,
1942-07-07,,,0.0,,
1942-07-08,,,20.0,,
1942-07-09,,,737.0,,
1942-07-10,,,41.0,,
1942-07-11,,,208.0,,
1942-07-12,,,41.0,,
1942-07-13,,,0.0,,
1942-07-14,,,8.0,,
1942-07-15,,,8.0,,
1942-07-16,,,0.0,,
1942-07-17,,,135.0,,
1942-07-18,,,0.0,,
1942-07-19,,,0.0,,
1942-07-20,,,0.0,,
1942-07-21,,,0.0,,
1942-07-22,,,0.0,,
1942-07-23,,,0.0,,
1942-07-24,,,0.0,,
1942-07-25,,,23.0,,
1942-07-26,,,36.0,,
1942-07-27,,,254.0,,
1942-07-28,,,0.0,,
1942-07-29,,,0.0,,
1942-07-30,,,0.0,,
1942-07-31,,,0.0,,
1942-08-01,,,0.0,,
1942-08-02,,,0.0,,
1942-08-03,,,0.0,,
1942-08-04,,,0.0,,
1942-08-05,,,25.0,,
1942-08-06,,,378.0,,
1942-08-07,,,0.0,,
1942-08-08,,,69.0,,
1942-08-09,,,38.0,,
1942-08-10,,,0.0,,
1942-08-11,,,0.0,,
1942-08-12,,,394.0,,
1942-08-13,,,0.0,,
1942-08-14,,,0.0,,
1942-08-15,,,0.0,,
1942-08-16,,,0.0,,
1942-08-17,,,0.0,,
1942-08-18,,,41.0,,
1942-08-19,,,175.0,,
1942-08-20,,,30.0,,
1942-08-21,,,538.0,,
1942-08-22,,,0.0,,
1942-08-23,,,20.0,,
1942-08-24,,,165.0,,
1942-08-25,,,0.0,,
1942-08-26,,,0.0,,
1942-08-27,,,0.0,,
1942-08-28,,,0.0,,
1942-08-29,,,0.0,,
1942-08-30,,,0.0,,
1942-08-31,,,56.0,,
1942-09-01,,,0.0,,0.0
1942-09-02,,,56.0,,0.0
1942-09-03,,,3.0,,0.0
1942-09-04,,,0.0,,0.0
1942-09-05,,,0.0,,0.0
1942-09-06,,,28.0,,0.0
1942-09-07,,,119.0,,0.0
1942-09-08,,,89.0,,0.0
1942-09-09,,,56.0,,0.0
1942-09-10,,,5.0,,0.0
1942-09-11,,,0.0,,0.0
1942-09-12,,,0.0,,0.0
1942-09-13,,,0.0,,0.0
1942-09-14,,,0.0,,0.0
1942-09-15,,,0.0,,0.0
1942-09-16,,,5.0,,0.0
1942-09-17,,,71.0,,0.0
1942-09-18,,,0.0,,0.0
1942-09-19,,,0.0,,0.0
1942-09-20,,,0.0,,0.0
1942-09-21,,,0.0,,0.0
1942-09-22,,,0.0,,0.0
1942-09-23,,,0.0,,0.0
1942-09-24,,,0.0,,0.0
1942-09-25,,,0.0,,0.0
1942-09-26,,,0.0,,0.0
1942-09-27,,,559.0,,0.0
1942-09-28,,,0.0,,0.0
1942-09-29,,,0.0,,0.0
1942-09-30,,,0.0,,0.0
1942-10-01,,,0.0,,0.0
1942-10-02,,,0.0,,0.0
1942-10-03,,,0.0,,0.0
1942-10-04,,,0.0,,0.0
1942-10-05,,,343.0,,0.0
1942-10-06,,,36.0,,0.0
1942-10-07,,,0.0,,0.0
1942-10-08,,,0.0,,0.0
1942-10-09,,,0.0,,0.0
1942-10-10,,,0.0,,0.0
1942-10-11,,,5.0,,0.0
1942-10-12,,,0.0,,0.0
1942-10-13,,,0.0,,0.0
1942-10-14,,,0.0,,0.0
1942-10-15,,,0.0,,0.0
1942-10-16,,,0.0,,0.0
1942-10-17,,,0.0,,0.0
1942-10-18,,,0.0,,0.0
1942-10-19,,,0.0,,0.0
1942-10-20,,,13.0,,0.0
1942-10-21,,,20.0,,0.0
1942-10-22,,,0.0,,0.0
1942-10-23,,,150.0,,0.0
1942-10-24,,,10.0,,0.0
1942-10-25,,,3.0,,0.0
1942-10-26,,,201.0,,0.0
1942-10-27,,,0.0,,0.0
1942-10-28,,,0.0,,0.0
1942-10-29,,,0.0,,0.0
1942-10-30,,,15.0,,0.0
1942-10-31,,,0.0,,0.0
1942-11-01,,,178.0,,
1942-11-02,,,0.0,,
1942-11-03,,,3.0,,
1942-11-04,,,0.0,,
1942-11-05,,,0.0,,
1942-11-06,,,0.0,,
1942-11-07,,,0.0,,
1942-11-08,,,0.0,,
1942-11-09,,,0.0,,
1942-11-10,,,43.0,,
1942-11-11,,,36.0,,
1942-11-12,,,0.0,,
1942-11-13,,,0.0,,
1942-11-14,,,0.0,,
1942-11-15,,,0.0,,
1942-11-16,,,0.0,,
1942-11-17,,,0.0,,
1942-11-18,,,0.0,,
1942-11-19,,,0.0,,
1942-11-20,,,0.0,,
1942-11-21,,,0.0,,
1942-11-22,,,0.0,,
1942-11-23,,,107.0,,
1942-11-24,,,51.0,,
1942-11-25,,,0.0,,
1942-11-26,,,0.0,,
1942-11-27,,,13.0,,
1942-11-28,,,0.0,,
1942-11-29,,,25.0,,
1942-11-30,,,150.0,,
1942-12-01,,,76.0,,0.0
1942-12-02,,,272.0,,0.0
1942-12-03,,,0.0,,0.0
1942-12-04,,,175.0,,0.0
1942-12-05,,,5.0,,0.0
1942-12-06,,,389.0,,0.0
1942-12-07,,,102.0,,0.0
1942-12-08,,,117.0,,0.0
1942-12-09,,,0.0,,0.0
1942-12-10,,,0.0,,0.0
1942-12-11,,,0.0,,0.0
1942-12-12,,,0.0,,0.0
1942-12-13,,,0.0,,0.0
1942-12-14,,,0.0,,0.0
1942-12-15,,,0.0,,0.0
1942-12-16,,,91.0,,0.0
1942-12-17,,,0.0,,0.0
1942-12-18,,,0.0,,0.0
1942-12-19,,,0.0,,0.0
1942-12-20,,,10.0,,0.0
1942-12-21,,,15.0,,0.0
1942-12-22,,,0.0,,0.0
1942-12-23,,,201.0,,0.0
1942-12-24,,,0.0,,0.0
1942-12-25,,,25.0,,0.0
1942-12-26,,,61.0,,0.0
1942-12-27,,,0.0,,0.0
1942-12-28,,,94.0,,0.0
1942-12-29,,,998.0,,0.0
1942-12-30,,,236.0,,0.0
1942-12-31,,,5.0,,0.0
1943-01-01,,,0.0,,
1943-01-02,,,0.0,,
1943-01-03,,,0.0,,
1943-01-04,,,0.0,,
1943-01-05,,,0.0,,
1943-01-06,,,0.0,,
1943-01-07,,,0.0,,
1943-01-08,,,91.0,,
1943-01-09,,,0.0,,
1943-01-10,,,0.0,,
1943-01-11,,,20.0,,13.0
1943-01-12,,,0.0,,
1943-01-13,,,0.0,,
1943-01-14,,,0.0,,
1943-01-15,,,64.0,,
1943-01-16,,,0.0,,
1943-01-17,,,23.0,,
1943-01-18,,,363.0,,
1943-01-19,,,772.0,,
1943-01-20,,,0.0,,
1943-01-21,,,0.0,,
1943-01-22,,,0.0,,
1943-01-23,,,0.0,,
1943-01-24,,,0.0,,
1943-01-25,,,0.0,,
1943-01-26,,,94.0,,
1943-01-27,,,249.0,,
1943-01-28,,,64.0,,
1943-01-29,,,3.0,,
1943-01-30,,,0.0,,
1943-01-31,,,0.0,,
1943-02-01,,,5.0,,0.0
1943-02-02,,,0.0,,0.0
1943-02-03,,,0.0,,0.0
1943-02-04,,,216.0,,0.0
1943-02-05,,,249.0,,0.0
1943-02-06,,,246.0,,0.0
1943-02-07,,,0.0,,0.0
1943-02-08,,,0.0,,0.0
1943-02-09,,,0.0,,0.0
1943-02-10,,,0.0,,0.0
1943-02-11,,,71.0,,0.0
1943-02-12,,,0.0,,0.0
1943-02-13,,,5.0,,0.0
1943-02-14,,,5.0,,0.0
1943-02-15,,,0.0,,0.0
1943-02-16,,,0.0,,0.0
1943-02-17,,,0.0,,0.0
1943-02-18,,,0.0,,0.0
1943-02-19,,,0.0,,0.0
1943-02-20,,,0.0,,0.0
1943-02-21,,,41.0,,0.0
1943-02-22,,,13.0,,0.0
1943-02-23,,,0.0,,0.0
1943-02-24,,,0.0,,0.0
1943-02-25,,,0.0,,0.0
1943-02-26,,,0.0,,0.0
1943-02-27,,,0.0,,0.0
1943-02-28,,,0.0,,0.0
1943-03-01,,,13.0,,0.0
1943-03-02,,,0.0,,0.0
1943-03-03,,,13.0,0.0,0.0
1943-03-04,,,0.0,,0.0
1943-03-05,,,13.0,,0.0
1943-03-06,,,170.0,,0.0
1943-03-07,,,5.0,,0.0
1943-03-08,,,0.0,,0.0
1943-03-09,,,0.0,,0.0
1943-03-10,,,0.0,,0.0
1943-03-11,,,0.0,,0.0
1943-03-12,,,211.0,,0.0
1943-03-13,,,231.0,,0.0
1943-03-14,,,0.0,,0.0
1943-03-15,,,0.0,,0.0
1943-03-16,,,0.0,,0.0
1943-03-17,,,295.0,,0.0
1943-03-18,,,5.0,,0.0
1943-03-19,,,20.0,,0.0
1943-03-20,,,269.0,,0.0
1943-03-21,,,226.0,,0.0
1943-03-22,,,142.0,,0.0
1943-03-23,,,0.0,,0.0
1943-03-24,,,0.0,,0.0
1943-03-25,,,0.0,,0.0
1943-03-26,,,0.0,,0.0
1943-03-27,,,112.0,,0.0
1943-03-28,,,157.0,,0.0
1943-03-29,,,0.0,,0.0
1943-03-30,,,0.0,,0.0
1943-03-31,,,0.0,,0.0
1943-04-01,,,0.0,,0.0
1943-04-02,,,56.0,,0.0
1943-04-03,,,0.0,,0.0
1943-04-04,,,0.0,,0.0
1943-04-05,,,0.0,,0.0
1943-04-06,,,0.0,,0.0
1943-04-07,,,0.0,,0.0
1943-04-08,,,0.0,,0.0
1943-04-09,,,0.0,,0.0
1943-04-10,,,3.0,,0.0
1943-04-11,,,0.0,,0.0
1943-04-12,,,236.0,,0.0
1943-04-13,,,13.0,,0.0
1943-04-14,,,23.0,,0.0
1943-04-15,,,0.0,,0.0
1943-04-16,,,0.0,,0.0
1943-04-17,,,0.0,,0.0
1943-04-18,,,5.0,,0.0
1943-04-19,,,297.0,,0.0
1943-04-20,,,8.0,,0.0
1943-04-21,,,0.0,,0.0
1943-04-22,,,0.0,,0.0
1943-04-23,,,104.0,,0.0
1943-04-24,,,150.0,,0.0
1943-04-25,,,0.0,,0.0
1943-04-26,,,0.0,,0.0
1943-04-27,,,0.0,,0.0
1943-04-28,,,0.0,,0.0
1943-04-29,,,0.0,,0.0
1943-04-30,,,0.0,,0.0
1943-05-01,,,33.0,,0.0
1943-05-02,,,0.0,,0.0
1943-05-03,,,0.0,,0.0
1943-05-04,,,0.0,,0.0
1943-05-05,,,0.0,,0.0
1943-05-06,,,0.0,,0.0
1943-05-07,,,0.0,,0.0
1943-05-08,,,0.0,,0.0
1943-05-09,,,0.0,,0.0
1943-05-10,,,104.0,,0.0
1943-05-11,,,198.0,,0.0
1943-05-12,,,155.0,,0.0
1943-05-13,,,0.0,,0.0
1943-05-14,,,0.0,,0.0
1943-05-15,,,0.0,,0.0
1943-05-16,,,0.0,,0.0
1943-05-17,,,0.0,,0.0
1943-05-18,,,0.0,,0.0
1943-05-19,,,0.0,,0.0
1943-05-20,,,0.0,,0.0
1943-05-21,,,23.0,,0.0
1943-05-22,,,0.0,,0.0
1943-05-23,,,0.0,,0.0
1943-05-24,,,310.0,,0.0
1943-05-25,,,56.0,,0.0
1943-05-26,,,56.0,,0.0
1943-05-27,,,0.0,,0.0
1943-05-28,,,5.0,,0.0
1943-05-29,,,0.0,,0.0
1943-05-30,,,0.0,,0.0
1943-05-31,,,0.0,,0.0
1943-06-01,,,0.0,,0.0
1943-06-02,,,0.0,,0.0
1943-06-03,,,0.0,,0.0
1943-06-04,,,0.0,,0.0
1943-06-05,,,0.0,,0.0
1943-06-06,,,0.0,,0.0
1943-06-07,,,0.0,,0.0
1943-06-08,,,3.0,,0.0
1943-06-09,,,3.0,,0.0
1943-06-10,,,0.0,,0.0
1943-06-11,,,333.0,,0.0
1943-06-12,,,0.0,,0.0
1943-06-13,,,5.0,,0.0
1943-06-14,,,5.0,,0.0
1943-06-15,,,0.0,,0.0
1943-06-16,,,0.0,,0.0
1943-06-17,,,0.0,,0.0
1943-06-18,,,97.0,,0.0
1943-06-19,,,0.0,,0.0
1943-06-20,,,0.0,,0.0
1943-06-21,,,0.0,,0.0
1943-06-22,,,71.0,,0.0
1943-06-23,,,0.0,,0.0
1943-06-24,,,0.0,,0.0
1943-06-25,,,0.0,,0.0
1943-06-26,,,0.0,,0.0
1943-06-27,,,0.0,,0.0
1943-06-28,,,64.0,,0.0
1943-06-29,,,191.0,,0.0
1943-06-30,,,74.0,,0.0
1943-07-01,,,5.0,,0.0
1943-07-02,,,366.0,,0.0
1943-07-03,,,249.0,,0.0
1943-07-04,,,36.0,,0.0
1943-07-05,,,43.0,,0.0
1943-07-06,,,142.0,,0.0
1943-07-07,,,0.0,,0.0
1943-07-08,,,74.0,,0.0
1943-07-09,,,0.0,,0.0
1943-07-10,,,0.0,,0.0
1943-07-11,,,76.0,,0.0
1943-07-12,,,28.0,,0.0
1943-07-13,,,53.0,,0.0
1943-07-14,,,417.0,,0.0
1943-07-15,,,0.0,,0.0
1943-07-16,,,0.0,,0.0
1943-07-17,,,0.0,,0.0
1943-07-18,,,160.0,,0.0
1943-07-19,,,18.0,,0.0
1943-07-20,,,5.0,,0.0
1943-07-21,,,0.0,,0.0
1943-07-22,,,0.0,,0.0
1943-07-23,,,23.0,,0.0
1943-07-24,,,0.0,,0.0
1943-07-25,,,0.0,,0.0
1943-07-26,,,368.0,,0.0
1943-07-27,,,0.0,,0.0
1943-07-28,,,0.0,,0.0
1943-07-29,,,0.0,,0.0
1943-07-30,,,0.0,,0.0
1943-07-31,,,457.0,,0.0
1943-08-01,,,0.0,,0.0
1943-08-02,,,58.0,,0.0
1943-08-03,,,0.0,,0.0
1943-08-04,,,0.0,,0.0
1943-08-05,,,0.0,,0.0
1943-08-06,,,389.0,,0.0
1943-08-07,,,0.0,,0.0
1943-08-08,,,0.0,,0.0
1943-08-09,,,0.0,,0.0
1943-08-10,,,124.0,,0.0
1943-08-11,,,0.0,,0.0
1943-08-12,,,81.0,,0.0
1943-08-13,,,15.0,,0.0
1943-08-14,,,0.0,,0.0
1943-08-15,,,8.0,,0.0
1943-08-16,,,0.0,,0.0
1943-08-17,,,0.0,,0.0
1943-08-18,,,0.0,,0.0
1943-08-19,,,0.0,,0.0
1943-08-20,,,0.0,,0.0
1943-08-21,,,0.0,,0.0
1943-08-22,,,0.0,,0.0
1943-08-23,,,0.0,,0.0
1943-08-24,,,0.0,,0.0
1943-08-25,,,0.0,,0.0
1943-08-26,,,0.0,,0.0
1943-08-27,,,0.0,,0.0
1943-08-28,,,0.0,,0.0
1943-08-29,,,25.0,,0.0
1943-08-30,,,0.0,,0.0
1943-08-31,,,0.0,,0.0
1943-09-01,,,0.0,,
1943-09-02,,,0.0,,
1943-09-03,,,0.0,,
1943-09-04,,,25.0,,
1943-09-05,,,0.0,,
1943-09-06,,,25.0,,
1943-09-07,,,74.0,,
1943-09-08,,,0.0,,
1943-09-09,,,0.0,,
1943-09-10,,,0.0,,
1943-09-11,,,0.0,,
1943-09-12,,,0.0,,
1943-09-13,,,0.0,,
1943-09-14,,,0.0,,
1943-09-15,,,0.0,,
1943-09-16,,,89.0,,
1943-09-17,,,0.0,,
1943-09-18,,,0.0,,
1943-09-19,,,30.0,,
1943-09-20,,,559.0,,
1943-09-21,,,368.0,,
1943-09-22,,,13.0,,
1943-09-23,,,0.0,,
1943-09-24,,,0.0,,
1943-09-25,,,0.0,,
1943-09-26,,,0.0,,
1943-09-27,,,0.0,,
1943-09-28,,,0.0,,
1943-09-29,,,0.0,,
1943-09-30,,,0.0,,
1943-10-01,,,0.0,,0.0
1943-10-02,,,0.0,,0.0
1943-10-03,,,0.0,,0.0
1943-10-04,,,0.0,,0.0
1943-10-05,,,0.0,,0.0
1943-10-06,,,0.0,,0.0
1943-10-07,,,0.0,,0.0
1943-10-08,,,0.0,,0.0
1943-10-09,,,0.0,,0.0
1943-10-10,,,0.0,,0.0
1943-10-11,,,0.0,,0.0
1943-10-12,,,0.0,,0.0
1943-10-13,,,0.0,,0.0
1943-10-14,,,48.0,,0.0
1943-10-15,,,127.0,,0.0
1943-10-16,,,81.0,,0.0
1943-10-17,,,5.0,,0.0
1943-10-18,,,0.0,,0.0
1943-10-19,,,0.0,,0.0
1943-10-20,,,0.0,,0.0
1943-10-21,,,0.0,,0.0
1943-10-22,,,0.0,,0.0
1943-10-23,,,0.0,,0.0
1943-10-24,,,0.0,,0.0
1943-10-25,,,152.0,,0.0
1943-10-26,,,0.0,,0.0
1943-10-27,,,30.0,,0.0
1943-10-28,,,104.0,,0.0
1943-10-29,,,0.0,,0.0
1943-10-30,,,0.0,,0.0
1943-10-31,,,0.0,,0.0
1943-11-01,,,0.0,,
1943-11-02,,,3.0,,
1943-11-03,,,56.0,,
1943-11-04,,,0.0,,
1943-11-05,,,0.0,,
1943-11-06,,,0.0,,
1943-11-07,,,0.0,,
1943-11-08,,,305.0,,
1943-11-09,,,10.0,,
1943-11-10,,,0.0,,
1943-11-11,,,0.0,,
1943-11-12,,,0.0,,
1943-11-13,,,0.0,,
1943-11-14,,,0.0,,
1943-11-15,,,0.0,,
1943-11-16,,,0.0,,
1943-11-17,,,0.0,,
1943-11-18,,,0.0,,
1943-11-19,,,0.0,,
1943-11-20,,,0.0,,
1943-11-21,,,0.0,,
1943-11-22,,,0.0,,
1943-11-23,,,0.0,,
1943-11-24,,,0.0,,
1943-11-25,,,0.0,,
1943-11-26,,,0.0,,
1943-11-27,,,0.0,,
1943-11-28,,,0.0,,
1943-11-29,,,0.0,,
1943-11-30,,,0.0,,
1943-12-01,,,0.0,,0.0
1943-12-02,,,0.0,,0.0
1943-12-03,,,0.0,,0.0
1943-12-04,,,114.0,,0.0
1943-12-05,,,0.0,,0.0
1943-12-06,,,0.0,,0.0
1943-12-07,,,140.0,,0.0
1943-12-08,,,0.0,,0.0
1943-12-09,,,0.0,,0.0
1943-12-10,,,0.0,,0.0
1943-12-11,,,102.0,,0.0
1943-12-12,,,0.0,,0.0
1943-12-13,,,0.0,,0.0
1943-12-14,,,0.0,,0.0
1943-12-15,,,0.0,,0.0
1943-12-16,,,0.0,,0.0
1943-12-17,,,0.0,,0.0
1943-12-18,,,0.0,,0.0
1943-12-19,,,0.0,,0.0
1943-12-20,,,0.0,,0.0
1943-12-21,,,0.0,,0.0
1943-12-22,,,0.0,,0.0
1943-12-23,,,0.0,,0.0
1943-12-24,,,0.0,,0.0
1943-12-25,,,25.0,,0.0
1943-12-26,,,361.0,,0.0
1943-12-27,,,10.0,,0.0
1943-12-28,,,0.0,,0.0
1943-12-29,,,79.0,,0.0
1943-12-30,,,10.0,,0.0
1943-12-31,,,0.0,,0.0
1944-01-01,,,0.0,,0.0
1944-01-02,,,58.0,,0.0
1944-01-03,,,315.0,,0.0
1944-01-04,,,10.0,,0.0
1944-01-05,,,0.0,,0.0
1944-01-06,,,0.0,,0.0
1944-01-07,,,0.0,,0.0
1944-01-08,,,102.0,0.0,25.0
1944-01-09,,,0.0,,0.0
1944-01-10,,,0.0,,0.0
1944-01-11,,,0.0,,0.0
1944-01-12,,,0.0,,0.0
1944-01-13,,,0.0,,0.0
1944-01-14,,,0.0,,0.0
1944-01-15,,,155.0,,0.0
1944-01-16,,,25.0,,0.0
1944-01-17,,,0.0,,0.0
1944-01-18,,,0.0,,0.0
1944-01-19,,,0.0,,0.0
1944-01-20,,,0.0,,0.0
1944-01-21,,,0.0,,0.0
1944-01-22,,,0.0,,0.0
1944-01-23,,,0.0,,0.0
1944-01-24,,,0.0,,0.0
1944-01-25,,,0.0,,0.0
1944-01-26,,,0.0,,0.0
1944-01-27,,,10.0,,0.0
1944-01-28,,,0.0,,0.0
1944-01-29,,,18.0,,0.0
1944-01-30,,,0.0,,0.0
1944-01-31,,,0.0,,0.0
1944-02-01,,,,,0.0
1944-02-02,,,,,0.0
1944-02-03,,,25.0,,0.0
1944-02-04,,,0.0,,0.0
1944-02-05,,,,,0.0
1944-02-06,,,41.0,,0.0
1944-02-07,,,0.0,,0.0
1944-02-08,,,30.0,,0.0
1944-02-09,,,508.0,,0.0
1944-02-10,,,0.0,,0.0
1944-02-11,,,211.0,,0.0
1944-02-12,,,0.0,0.0,0.0
1944-02-13,,,0.0,0.0,0.0
1944-02-14,,,33.0,25.0,25.0
1944-02-15,,,5.0,,0.0
1944-02-16,,,,,0.0
1944-02-17,,,183.0,,0.0
1944-02-18,,,152.0,,0.0
1944-02-19,,,38.0,,0.0
1944-02-20,,,25.0,,0.0
1944-02-21,,,56.0,,0.0
1944-02-22,,,10.0,,0.0
1944-02-23,,,160.0,,0.0
1944-02-24,,,0.0,,0.0
1944-02-25,,,,,0.0
1944-02-26,,,465.0,,0.0
1944-02-27,,,417.0,,0.0
1944-02-28,,,13.0,,0.0
1944-02-29,,,56.0,,0.0
1944-03-01,,,0.0,,0.0
1944-03-02,,,0.0,,0.0
1944-03-03,,,28.0,,0.0
1944-03-04,,,0.0,,0.0
1944-03-05,,,38.0,,0.0
1944-03-06,,,465.0,,0.0
1944-03-07,,,0.0,,0.0
1944-03-08,,,0.0,,0.0
1944-03-09,,,0.0,,0.0
1944-03-10,,,0.0,,0.0
1944-03-11,,,91.0,,0.0
1944-03-12,,,0.0,,0.0
1944-03-13,,,0.0,,0.0
1944-03-14,,,0.0,,0.0
1944-03-15,,,0.0,,0.0
1944-03-16,,,0.0,,0.0
1944-03-17,,,30.0,,0.0
1944-03-18,,,0.0,,0.0
1944-03-19,,,343.0,,0.0
1944-03-20,,,239.0,,0.0
1944-03-21,,,0.0,,0.0
1944-03-22,,,124.0,,0.0
1944-03-23,,,0.0,,0.0
1944-03-24,,,0.0,,0.0
1944-03-25,,,0.0,,0.0
1944-03-26,,,0.0,,0.0
1944-03-27,,,549.0,,0.0
1944-03-28,,,264.0,,0.0
1944-03-29,,,445.0,,0.0
1944-03-30,,,30.0,,0.0
1944-03-31,,,0.0,,0.0
1944-04-01,,,0.0,,
1944-04-02,,,0.0,,
1944-04-03,,,0.0,,
1944-04-04,,,0.0,,
1944-04-05,,,0.0,,
1944-04-06,,,0.0,,
1944-04-07,,,0.0,,
1944-04-08,,,0.0,,
1944-04-09,,,0.0,,
1944-04-10,,,0.0,,
1944-04-11,,,470.0,,
1944-04-12,,,0.0,,
1944-04-13,,,0.0,,
1944-04-14,,,0.0,,
1944-04-15,,,216.0,,
1944-04-16,,,0.0,,
1944-04-17,,,53.0,,
1944-04-18,,,0.0,,
1944-04-19,,,56.0,,
1944-04-20,,,0.0,,
1944-04-21,,,0.0,,
1944-04-22,,,0.0,,
1944-04-23,,,251.0,,
1944-04-24,,,15.0,,
1944-04-25,,,0.0,,
1944-04-26,,,239.0,,
1944-04-27,,,0.0,,
1944-04-28,,,0.0,,
1944-04-29,,,0.0,,
1944-04-30,,,0.0,,
1944-05-01,,,0.0,,
1944-05-02,,,0.0,,
1944-05-03,,,0.0,,
1944-05-04,,,0.0,,
1944-05-05,,,216.0,,
1944-05-06,,,46.0,,
1944-05-07,,,0.0,,
1944-05-08,,,0.0,,
1944-05-09,,,0.0,,
1944-05-10,,,0.0,,
1944-05-11,,,0.0,,
1944-05-12,,,0.0,,
1944-05-13,,,0.0,,
1944-05-14,,,0.0,,
1944-05-15,,,0.0,,
1944-05-16,,,0.0,,
1944-05-17,,,0.0,,
1944-05-18,,,0.0,,
1944-05-19,,,203.0,,
1944-05-20,,,61.0,,
1944-05-21,,,0.0,,
1944-05-22,,,86.0,,
1944-05-23,,,0.0,,
1944-05-24,,,0.0,,
1944-05-25,,,28.0,,
1944-05-26,,,0.0,,
1944-05-27,,,25.0,,
1944-05-28,,,0.0,,
1944-05-29,,,251.0,,
1944-05-30,,,0.0,,
1944-05-31,,,0.0,,
1944-06-01,,,0.0,,
1944-06-02,,,0.0,,
1944-06-03,,,0.0,,
1944-06-04,,,0.0,,
1944-06-05,,,0.0,,
1944-06-06,,,0.0,,
1944-06-07,,,142.0,,
1944-06-08,,,0.0,,
1944-06-09,,,0.0,,
1944-06-10,,,0.0,,
1944-06-11,,,0.0,,
1944-06-12,,,0.0,,
1944-06-13,,,107.0,,
1944-06-14,,,3.0,,
1944-06-15,,,3.0,,
1944-06-16,,,0.0,,
1944-06-17,,,0.0,,
1944-06-18,,,0.0,,
1944-06-19,,,0.0,,
1944-06-20,,,8.0,,
1944-06-21,,,0.0,,
1944-06-22,,,0.0,,
1944-06-23,,,0.0,,
1944-06-24,,,23.0,,
1944-06-25,,,0.0,,
1944-06-26,,,0.0,,
1944-06-27,,,0.0,,
1944-06-28,,,0.0,,
1944-06-29,,,320.0,,
1944-06-30,,,69.0,,
1944-07-01,,,0.0,,0.0
1944-07-02,,,0.0,,0.0
1944-07-03,,,46.0,,0.0
1944-07-04,,,0.0,,0.0
1944-07-05,,,0.0,,0.0
1944-07-06,,,8.0,,0.0
1944-07-07,,,3.0,,0.0
1944-07-08,,,0.0,,0.0
1944-07-09,,,0.0,,0.0
1944-07-10,,,69.0,,0.0
1944-07-11,,,30.0,,0.0
1944-07-12,,,38.0,,0.0
1944-07-13,,,0.0,,0.0
1944-07-14,,,5.0,,0.0
1944-07-15,,,307.0,,0.0
1944-07-16,,,0.0,,0.0
1944-07-17,,,0.0,,0.0
1944-07-18,,,0.0,,0.0
1944-07-19,,,0.0,,0.0
1944-07-20,,,135.0,,0.0
1944-07-21,,,53.0,,0.0
1944-07-22,,,0.0,,0.0
1944-07-23,,,0.0,,0.0
1944-07-24,,,0.0,,0.0
1944-07-25,,,0.0,,0.0
1944-07-26,,,0.0,,0.0
1944-07-27,,,0.0,,0.0
1944-07-28,,,0.0,,0.0
1944-07-29,,,66.0,,0.0
1944-07-30,,,117.0,,0.0
1944-07-31,,,246.0,,0.0
1944-08-01,,,13.0,,
1944-08-02,,,79.0,,
1944-08-03,,,81.0,,
1944-08-04,,,366.0,,
1944-08-05,,,10.0,,
1944-08-06,,,56.0,,
1944-08-07,,,198.0,,
1944-08-08,,,69.0,,
1944-08-09,,,3.0,,
1944-08-10,,,0.0,,
1944-08-11,,,0.0,,
1944-08-12,,,0.0,,
1944-08-13,,,5.0,,
1944-08-14,,,10.0,,
1944-08-15,,,157.0,,
1944-08-16,,,109.0,,
1944-08-17,,,15.0,,
1944-08-18,,,333.0,,
1944-08-19,,,0.0,,
1944-08-20,,,0.0,,
1944-08-21,,,0.0,,
1944-08-22,,,0.0,,
1944-08-23,,,0.0,,
1944-08-24,,,0.0,,
1944-08-25,,,0.0,,
1944-08-26,,,0.0,,
1944-08-27,,,5.0,,
1944-08-28,,,66.0,,
1944-08-29,,,0.0,,
1944-08-30,,,0.0,,
1944-08-31,,,0.0,,
1944-09-01,,,0.0,,
1944-09-02,,,0.0,,
1944-09-03,,,0.0,,
1944-09-04,,,0.0,,
1944-09-05,,,18.0,,
1944-09-06,,,0.0,,
1944-09-07,,,18.0,,
1944-09-08,,,0.0,,
1944-09-09,,,3.0,,
1944-09-10,,,0.0,,
1944-09-11,,,41.0,,
1944-09-12,,,259.0,,
1944-09-13,,,3.0,,
1944-09-14,,,0.0,,
1944-09-15,,,0.0,,
1944-09-16,,,0.0,,
1944-09-17,,,0.0,,
1944-09-18,,,0.0,,
1944-09-19,,,10.0,,
1944-09-20,,,8.0,,
1944-09-21,,,36.0,,
1944-09-22,,,8.0,,
1944-09-23,,,0.0,,
1944-09-24,,,0.0,,
1944-09-25,,,0.0,,
1944-09-26,,,0.0,,
1944-09-27,,,18.0,,
1944-09-28,,,0.0,,
1944-09-29,,,41.0,,
1944-09-30,,,427.0,,
1944-10-01,,,3.0,,
1944-10-02,,,0.0,,
1944-10-03,,,0.0,,
1944-10-04,,,0.0,,
1944-10-05,,,0.0,,
1944-10-06,,,8.0,,
1944-10-07,,,5.0,,
1944-10-08,,,79.0,,
1944-10-09,,,0.0,,
1944-10-10,,,0.0,,
1944-10-11,,,0.0,,
1944-10-12,,,0.0,,
1944-10-13,,,0.0,,
1944-10-14,,,3.0,,
1944-10-15,,,0.0,,
1944-10-16,,,0.0,,
1944-10-17,,,0.0,,
1944-10-18,,,0.0,,
1944-10-19,,,0.0,,
1944-10-20,,,89.0,,
1944-10-21,,,0.0,,
1944-10-22,,,0.0,,
1944-10-23,,,0.0,,
1944-10-24,,,0.0,,
1944-10-25,,,0.0,,
1944-10-26,,,0.0,,
1944-10-27,,,0.0,,
1944-10-28,,,0.0,,
1944-10-29,,,0.0,,
1944-10-30,,,0.0,,
1944-10-31,,,0.0,,
1944-11-01,,,0.0,,0.0
1944-11-02,,,0.0,,0.0
1944-11-03,,,0.0,,0.0
1944-11-04,,,0.0,,0.0
1944-11-05,,,0.0,,0.0
1944-11-06,,,0.0,,0.0
1944-11-07,,,0.0,,0.0
1944-11-08,,,0.0,,0.0
1944-11-09,,,0.0,,0.0
1944-11-10,,,94.0,,0.0
1944-11-11,,,0.0,,0.0
1944-11-12,,,0.0,,0.0
1944-11-13,,,0.0,,0.0
1944-11-14,,,0.0,,0.0
1944-11-15,,,36.0,,0.0
1944-11-16,,,13.0,,0.0
1944-11-17,,,0.0,,0.0
1944-11-18,,,0.0,,0.0
1944-11-19,,,71.0,,0.0
1944-11-20,,,198.0,,0.0
1944-11-21,,,18.0,,0.0
1944-11-22,,,0.0,,0.0
1944-11-23,,,0.0,,0.0
1944-11-24,,,0.0,,0.0
1944-11-25,,,0.0,,0.0
1944-11-26,,,3.0,,0.0
1944-11-27,,,226.0,,0.0
1944-11-28,,,64.0,,0.0
1944-11-29,,,13.0,,0.0
1944-11-30,,,86.0,,0.0
1944-12-01,,,0.0,,0.0
1944-12-02,,,0.0,,0.0
1944-12-03,,,0.0,,0.0
1944-12-04,,,0.0,,0.0
1944-12-05,,,0.0,,0.0
1944-12-06,,,0.0,,0.0
1944-12-07,,,13.0,,0.0
1944-12-08,,,257.0,,0.0
1944-12-09,,,0.0,,0.0
1944-12-10,,,0.0,,0.0
1944-12-11,,,38.0,,0.0
1944-12-12,,,84.0,,51.0
1944-12-13,,,5.0,,0.0
1944-12-14,,,5.0,,0.0
1944-12-15,,,0.0,,0.0
1944-12-16,,,0.0,,0.0
1944-12-17,,,0.0,,0.0
1944-12-18,,,0.0,,0.0
1944-12-19,,,56.0,,0.0
1944-12-20,,,0.0,,0.0
1944-12-21,,,0.0,,0.0
1944-12-22,,,94.0,,0.0
1944-12-23,,,0.0,,0.0
1944-12-24,,,15.0,,0.0
1944-12-25,,,0.0,,0.0
1944-12-26,,,198.0,,0.0
1944-12-27,,,0.0,,0.0
1944-12-28,,,145.0,,0.0
1944-12-29,,,213.0,,0.0
1944-12-30,,,196.0,,0.0
1944-12-31,,,36.0,,0.0
1948-08-01,,,25.0,0.0,0.0
1948-08-02,,,104.0,0.0,0.0
1948-08-03,,,135.0,0.0,0.0
1948-08-04,,,439.0,0.0,0.0
1948-08-05,,,33.0,0.0,0.0
1948-08-06,,,0.0,0.0,0.0
1948-08-07,,,0.0,0.0,0.0
1948-08-08,,,0.0,0.0,0.0
1948-08-09,,,0.0,0.0,0.0
1948-08-10,,,0.0,0.0,0.0
1948-08-11,,,0.0,0.0,0.0
1948-08-12,,,23.0,0.0,0.0
1948-08-13,,,0.0,0.0,0.0
1948-08-14,,,0.0,0.0,0.0
1948-08-15,,,25.0,0.0,0.0
1948-08-16,,,25.0,0.0,0.0
1948-08-17,,,5.0,0.0,0.0
1948-08-18,,,0.0,0.0,0.0
1948-08-19,,,0.0,0.0,0.0
1948-08-20,,,0.0,0.0,0.0
1948-08-21,,,0.0,0.0,0.0
1948-08-22,,,0.0,0.0,0.0
1948-08-23,,,0.0,0.0,0.0
1948-08-24,,,178.0,0.0,0.0
1948-08-25,,,5.0,0.0,0.0
1948-08-26,,,0.0,0.0,0.0
1948-08-27,,,0.0,0.0,0.0
1948-08-28,,,0.0,0.0,0.0
1948-08-29,,,0.0,0.0,0.0
1948-08-30,,,0.0,0.0,0.0
1948-08-31,,,0.0,0.0,0.0
1948-09-01,,,0.0,0.0,0.0
1948-09-02,,,0.0,0.0,0.0
1948-09-03,,,0.0,0.0,0.0
1948-09-04,,,157.0,0.0,0.0
1948-09-05,,,71.0,0.0,0.0
1948-09-06,,,8.0,0.0,0.0
1948-09-07,,,0.0,0.0,0.0
1948-09-08,,,97.0,0.0,0.0
1948-09-09,,,74.0,0.0,0.0
1948-09-10,,,5.0,0.0,0.0
1948-09-11,,,0.0,0.0,0.0
1948-09-12,,,0.0,0.0,0.0
1948-09-13,,,0.0,0.0,0.0
1948-09-14,,,0.0,0.0,0.0
1948-09-15,,,0.0,0.0,0.0
1948-09-16,,,0.0,0.0,0.0
1948-09-17,,,0.0,0.0,0.0
1948-09-18,,,0.0,0.0,0.0
1948-09-19,,,0.0,0.0,0.0
1948-09-20,,,0.0,0.0,0.0
1948-09-21,,,0.0,0.0,0.0
1948-09-22,,,0.0,0.0,0.0
1948-09-23,,,0.0,0.0,0.0
1948-09-24,,,0.0,0.0,0.0
1948-09-25,,,0.0,0.0,0.0
1948-09-26,,,0.0,0.0,0.0
1948-09-27,,,51.0,0.0,0.0
1948-09-28,,,41.0,0.0,0.0
1948-09-29,,,0.0,0.0,0.0
1948-09-30,,,0.0,0.0,0.0
1948-10-01,,,0.0,0.0,0.0
1948-10-02,,,0.0,0.0,0.0
1948-10-03,,,180.0,0.0,0.0
1948-10-04,,,0.0,0.0,0.0
1948-10-05,,,0.0,0.0,0.0
1948-10-06,,,0.0,0.0,0.0
1948-10-07,,,74.0,0.0,0.0
1948-10-08,,,0.0,0.0,0.0
1948-10-09,,,0.0,0.0,0.0
1948-10-10,,,15.0,0.0,0.0
1948-10-11,,,5.0,0.0,0.0
1948-10-12,,,0.0,0.0,0.0
1948-10-13,,,0.0,0.0,0.0
1948-10-14,,,0.0,0.0,0.0
1948-10-15,,,0.0,0.0,0.0
1948-10-16,,,0.0,0.0,0.0
1948-10-17,,,94.0,0.0,0.0
1948-10-18,,,3.0,0.0,0.0
1948-10-19,,,0.0,0.0,0.0
1948-10-20,,,0.0,0.0,0.0
1948-10-21,,,0.0,0.0,0.0
1948-10-22,,,102.0,0.0,0.0
1948-10-23,,,0.0,0.0,0.0
1948-10-24,,,0.0,0.0,0.0
1948-10-25,,,0.0,0.0,0.0
1948-10-26,,,0.0,0.0,0.0
1948-10-27,,,0.0,0.0,0.0
1948-10-28,,,0.0,0.0,0.0
1948-10-29,,,0.0,0.0,0.0
1948-10-30,,,0.0,0.0,0.0
1948-10-31,,,48.0,0.0,0.0
1948-11-01,,,0.0,0.0,0.0
1948-11-02,,,269.0,0.0,0.0
1948-11-03,,,419.0,0.0,0.0
1948-11-04,,,0.0,0.0,0.0
1948-11-05,,,0.0,0.0,0.0
1948-11-06,,,381.0,0.0,0.0
1948-11-07,,,0.0,0.0,0.0
1948-11-08,,,0.0,0.0,0.0
1948-11-09,,,0.0,0.0,0.0
1948-11-10,,,127.0,0.0,0.0
1948-11-11,,,0.0,0.0,0.0
1948-11-12,,,0.0,0.0,0.0
1948-11-13,,,61.0,0.0,0.0
1948-11-14,,,0.0,0.0,0.0
1948-11-15,,,0.0,0.0,0.0
1948-11-16,,,64.0,0.0,0.0
1948-11-17,,,0.0,0.0,0.0
1948-11-18,,,3.0,0.0,0.0
1948-11-19,,,518.0,0.0,0.0
1948-11-20,,,0.0,0.0,0.0
1948-11-21,,,10.0,0.0,0.0
1948-11-22,,,147.0,0.0,0.0
1948-11-23,,,15.0,0.0,0.0
1948-11-24,,,0.0,0.0,0.0
1948-11-25,,,0.0,0.0,0.0
1948-11-26,,,188.0,0.0,0.0
1948-11-27,,,28.0,0.0,0.0
1948-11-28,,,1062.0,0.0,0.0
1948-11-29,,,8.0,0.0,0.0
1948-11-30,,,0.0,0.0,0.0
1948-12-01,,,0.0,0.0,0.0
1948-12-02,,,20.0,0.0,0.0
1948-12-03,,,157.0,0.0,0.0
1948-12-04,,,0.0,0.0,0.0
1948-12-05,,,130.0,0.0,0.0
1948-12-06,,,28.0,0.0,0.0
1948-12-07,,,20.0,0.0,0.0
1948-12-08,,,5.0,0.0,0.0
1948-12-09,,,0.0,0.0,0.0
1948-12-10,,,0.0,0.0,0.0
1948-12-11,,,0.0,0.0,0.0
1948-12-12,,,,0.0,0.0
1948-12-13,,,,0.0,0.0
1948-12-14,,,0.0,0.0,0.0
1948-12-15,,,8.0,0.0,0.0
1948-12-16,,,198.0,0.0,0.0
1948-12-17,,,0.0,0.0,0.0
1948-12-18,,,122.0,0.0,0.0
1948-12-19,,,94.0,0.0,0.0
1948-12-20,,,0.0,0.0,0.0
1948-12-21,,,0.0,0.0,0.0
1948-12-22,,,66.0,0.0,0.0
1948-12-23,,,0.0,0.0,0.0
1948-12-24,,,351.0,0.0,0.0
1948-12-25,,,114.0,0.0,0.0
1948-12-26,,,0.0,0.0,0.0
1948-12-27,,,0.0,0.0,0.0
1948-12-28,,,0.0,0.0,0.0
1948-12-29,,,262.0,0.0,0.0
1948-12-30,,,0.0,0.0,0.0
1948-12-31,,,0.0,0.0,0.0
1949-01-01,,,0.0,0.0,0.0
1949-01-02,,,0.0,0.0,0.0
1949-01-03,,,10.0,0.0,0.0
1949-01-04,,,462.0,0.0,0.0
1949-01-05,,,602.0,0.0,0.0
1949-01-06,,,0.0,0.0,0.0
1949-01-07,,,0.0,0.0,0.0
1949-01-08,,,0.0,0.0,0.0
1949-01-09,,,0.0,0.0,0.0
1949-01-10,,,0.0,0.0,0.0
1949-01-11,,,0.0,0.0,0.0
1949-01-12,,,0.0,0.0,0.0
1949-01-13,,,0.0,0.0,0.0
1949-01-14,,,0.0,0.0,0.0
1949-01-15,,,0.0,0.0,0.0
1949-01-16,,,0.0,0.0,0.0
1949-01-17,,,97.0,0.0,0.0
1949-01-18,,,10.0,0.0,0.0
1949-01-19,,,58.0,0.0,0.0
1949-01-20,,,0.0,0.0,0.0
1949-01-21,,,213.0,0.0,0.0
1949-01-22,,,231.0,0.0,0.0
1949-01-23,,,0.0,0.0,0.0
1949-01-24,,,0.0,0.0,0.0
1949-01-25,,,10.0,0.0,0.0
1949-01-26,,,15.0,0.0,0.0
1949-01-27,,,81.0,0.0,0.0
1949-01-28,,,28.0,0.0,0.0
1949-01-29,,,0.0,0.0,0.0
1949-01-30,,,226.0,0.0,0.0
1949-01-31,,,76.0,0.0,0.0
1949-02-01,,,5.0,0.0,0.0
1949-02-02,,,0.0,0.0,0.0
1949-02-03,,,38.0,0.0,0.0
1949-02-04,,,99.0,0.0,0.0
1949-02-05,,,0.0,0.0,0.0
1949-02-06,,,0.0,0.0,0.0
1949-02-07,,,10.0,0.0,0.0
1949-02-08,,,28.0,0.0,0.0
1949-02-09,,,203.0,0.0,0.0
1949-02-10,,,170.0,0.0,0.0
1949-02-11,,,0.0,0.0,0.0
1949-02-12,,,0.0,0.0,0.0
1949-02-13,,,0.0,0.0,0.0
1949-02-14,,,0.0,0.0,0.0
1949-02-15,,,178.0,0.0,0.0
1949-02-16,,,226.0,0.0,0.0
1949-02-17,,,0.0,0.0,0.0
1949-02-18,,,0.0,0.0,0.0
1949-02-19,,,196.0,0.0,0.0
1949-02-20,,,0.0,0.0,0.0
1949-02-21,,,0.0,0.0,0.0
1949-02-22,,,0.0,0.0,0.0
1949-02-23,,,0.0,0.0,0.0
1949-02-24,,,0.0,0.0,0.0
1949-02-25,,,0.0,0.0,0.0
1949-02-26,,,0.0,0.0,0.0
1949-02-27,,,99.0,0.0,0.0
1949-02-28,,,0.0,0.0,0.0
1949-03-01,,,0.0,0.0,0.0
1949-03-02,,,0.0,0.0,0.0
1949-03-03,,,0.0,0.0,0.0
1949-03-04,,,0.0,0.0,0.0
1949-03-05,,,0.0,0.0,0.0
1949-03-06,,,5.0,0.0,0.0
1949-03-07,,,0.0,0.0,0.0
1949-03-08,,,0.0,0.0,0.0
1949-03-09,,,99.0,0.0,0.0
1949-03-10,,,51.0,0.0,0.0
1949-03-11,,,0.0,0.0,0.0
1949-03-12,,,0.0,0.0,0.0
1949-03-13,,,3.0,0.0,0.0
1949-03-14,,,0.0,0.0,0.0
1949-03-15,,,0.0,0.0,0.0
1949-03-16,,,0.0,0.0,0.0
1949-03-17,,,23.0,0.0,0.0
1949-03-18,,,175.0,0.0,0.0
1949-03-19,,,0.0,0.0,0.0
1949-03-20,,,0.0,0.0,0.0
1949-03-21,,,0.0,0.0,0.0
1949-03-22,,,117.0,0.0,0.0
1949-03-23,,,0.0,0.0,0.0
1949-03-24,,,0.0,0.0,0.0
1949-03-25,,,142.0,0.0,0.0
1949-03-26,,,0.0,0.0,0.0
1949-03-27,,,173.0,0.0,0.0
1949-03-28,,,84.0,0.0,0.0
1949-03-29,,,0.0,0.0,0.0
1949-03-30,,,25.0,0.0,0.0
1949-03-31,,,251.0,0.0,0.0
1949-04-01,,,0.0,0.0,0.0
1949-04-02,,,3.0,0.0,0.0
1949-04-03,,,0.0,0.0,0.0
1949-04-04,,,23.0,0.0,0.0
1949-04-05,,,170.0,0.0,0.0
1949-04-06,,,3.0,0.0,0.0
1949-04-07,,,0.0,0.0,0.0
1949-04-08,,,0.0,0.0,0.0
1949-04-09,,,0.0,0.0,0.0
1949-04-10,,,0.0,0.0,0.0
1949-04-11,,,76.0,0.0,0.0
1949-04-12,,,193.0,0.0,0.0
1949-04-13,,,290.0,0.0,0.0
1949-04-14,,,0.0,0.0,0.0
1949-04-15,,,0.0,0.0,0.0
1949-04-16,,,0.0,0.0,0.0
1949-04-17,,,0.0,0.0,0.0
1949-04-18,,,0.0,0.0,0.0
1949-04-19,,,0.0,0.0,0.0
1949-04-20,,,0.0,0.0,0.0
1949-04-21,,,43.0,0.0,0.0
1949-04-22,,,33.0,0.0,0.0
1949-04-23,,,0.0,0.0,0.0
1949-04-24,,,0.0,0.0,0.0
1949-04-25,,,0.0,0.0,0.0
1949-04-26,,,0.0,0.0,0.0
1949-04-27,,,107.0,0.0,0.0
1949-04-28,,,483.0,0.0,0.0
1949-04-29,,,234.0,0.0,0.0
1949-04-30,,,51.0,0.0,0.0
1949-05-01,,,147.0,0.0,0.0
1949-05-02,,,0.0,0.0,0.0
1949-05-03,,,0.0,0.0,0.0
1949-05-04,,,0.0,0.0,0.0
1949-05-05,,,0.0,0.0,0.0
1949-05-06,,,0.0,0.0,0.0
1949-05-07,,,0.0,0.0,0.0
1949-05-08,,,13.0,0.0,0.0
1949-05-09,,,102.0,0.0,0.0
1949-05-10,,,91.0,0.0,0.0
1949-05-11,,,0.0,0.0,0.0
1949-05-12,,,0.0,0.0,0.0
1949-05-13,,,0.0,0.0,0.0
1949-05-14,,,0.0,0.0,0.0
1949-05-15,,,0.0,0.0,0.0
1949-05-16,,,0.0,0.0,0.0
1949-05-17,,,0.0,0.0,0.0
1949-05-18,,,0.0,0.0,0.0
1949-05-19,,,0.0,0.0,0.0
1949-05-20,,,0.0,0.0,0.0
1949-05-21,,,36.0,0.0,0.0
1949-05-22,,,38.0,0.0,0.0
1949-05-23,,,56.0,0.0,0.0
1949-05-24,,,46.0,0.0,0.0
1949-05-25,,,8.0,0.0,0.0
1949-05-26,,,0.0,0.0,0.0
1949-05-27,,,0.0,0.0,0.0
1949-05-28,,,0.0,0.0,0.0
1949-05-29,,,0.0,0.0,0.0
1949-05-30,,,193.0,0.0,0.0
1949-05-31,,,23.0,0.0,0.0
1949-06-01,,,8.0,0.0,0.0
1949-06-02,,,0.0,0.0,0.0
1949-06-03,,,0.0,0.0,0.0
1949-06-04,,,0.0,0.0,0.0
1949-06-05,,,38.0,0.0,0.0
1949-06-06,,,0.0,0.0,0.0
1949-06-07,,,0.0,0.0,0.0
1949-06-08,,,56.0,0.0,0.0
1949-06-09,,,0.0,0.0,0.0
1949-06-10,,,0.0,0.0,0.0
1949-06-11,,,119.0,0.0,0.0
1949-06-12,,,23.0,0.0,0.0
1949-06-13,,,15.0,0.0,0.0
1949-06-14,,,43.0,0.0,0.0
1949-06-15,,,48.0,0.0,0.0
1949-06-16,,,699.0,0.0,0.0
1949-06-17,,,0.0,0.0,0.0
1949-06-18,,,0.0,0.0,0.0
1949-06-19,,,0.0,0.0,0.0
1949-06-20,,,0.0,0.0,0.0
1949-06-21,,,0.0,0.0,0.0
1949-06-22,,,0.0,0.0,0.0
1949-06-23,,,5.0,0.0,0.0
1949-06-24,,,132.0,0.0,0.0
1949-06-25,,,170.0,0.0,0.0
1949-06-26,,,10.0,0.0,0.0
1949-06-27,,,53.0,0.0,0.0
1949-06-28,,,399.0,0.0,0.0
1949-06-29,,,13.0,0.0,0.0
1949-06-30,,,8.0,0.0,0.0
1949-07-01,,,30.0,0.0,0.0
1949-07-02,,,25.0,0.0,0.0
1949-07-03,,,251.0,0.0,0.0
1949-07-04,,,89.0,0.0,0.0
1949-07-05,,,15.0,0.0,0.0
1949-07-06,,,28.0,0.0,0.0
1949-07-07,,,0.0,0.0,0.0
1949-07-08,,,0.0,0.0,0.0
1949-07-09,,,10.0,0.0,0.0
1949-07-10,,,221.0,0.0,0.0
1949-07-11,,,15.0,0.0,0.0
1949-07-12,,,330.0,0.0,0.0
1949-07-13,,,81.0,0.0,0.0
1949-07-14,,,157.0,0.0,0.0
1949-07-15,,,312.0,0.0,0.0
1949-07-16,,,140.0,0.0,0.0
1949-07-17,,,114.0,0.0,0.0
1949-07-18,,,69.0,0.0,0.0
1949-07-19,,,43.0,0.0,0.0
1949-07-20,,,3.0,0.0,0.0
1949-07-21,,,51.0,0.0,0.0
1949-07-22,,,61.0,0.0,0.0
1949-07-23,,,0.0,0.0,0.0
1949-07-24,,,0.0,0.0,0.0
1949-07-25,,,0.0,0.0,0.0
1949-07-26,,,0.0,0.0,0.0
1949-07-27,,,0.0,0.0,0.0
1949-07-28,,,0.0,0.0,0.0
1949-07-29,,,0.0,0.0,0.0
1949-07-30,,,0.0,0.0,0.0
1949-07-31,,,0.0,0.0,0.0
1949-08-01,,,43.0,0.0,0.0
1949-08-02,,,89.0,0.0,0.0
1949-08-03,,,147.0,0.0,0.0
1949-08-04,,,218.0,0.0,0.0
1949-08-05,,,5.0,0.0,0.0
1949-08-06,,,0.0,0.0,0.0
1949-08-07,,,18.0,0.0,0.0
1949-08-08,,,0.0,0.0,0.0
1949-08-09,,,0.0,0.0,0.0
1949-08-10,,,53.0,0.0,0.0
1949-08-11,,,0.0,0.0,0.0
1949-08-12,,,0.0,0.0,0.0
1949-08-13,,,25.0,0.0,0.0
1949-08-14,,,0.0,0.0,0.0
1949-08-15,,,119.0,0.0,0.0
1949-08-16,,,262.0,0.0,0.0
1949-08-17,,,28.0,0.0,0.0
1949-08-18,,,0.0,0.0,0.0
1949-08-19,,,0.0,0.0,0.0
1949-08-20,,,61.0,0.0,0.0
1949-08-21,,,41.0,0.0,0.0
1949-08-22,,,84.0,0.0,0.0
1949-08-23,,,0.0,0.0,0.0
1949-08-24,,,0.0,0.0,0.0
1949-08-25,,,0.0,0.0,0.0
1949-08-26,,,0.0,0.0,0.0
1949-08-27,,,0.0,0.0,0.0
1949-08-28,,,109.0,0.0,0.0
1949-08-29,,,0.0,0.0,0.0
1949-08-30,,,0.0,0.0,0.0
1949-08-31,,,406.0,0.0,0.0
1949-09-01,,,8.0,0.0,0.0
1949-09-02,,,0.0,0.0,0.0
1949-09-03,,,23.0,0.0,0.0
1949-09-04,,,0.0,0.0,0.0
1949-09-05,,,157.0,0.0,0.0
1949-09-06,,,513.0,0.0,0.0
1949-09-07,,,0.0,0.0,0.0
1949-09-08,,,3.0,0.0,0.0
1949-09-09,,,0.0,0.0,0.0
1949-09-10,,,0.0,0.0,0.0
1949-09-11,,,0.0,0.0,0.0
1949-09-12,,,0.0,0.0,0.0
1949-09-13,,,0.0,0.0,0.0
1949-09-14,,,0.0,0.0,0.0
1949-09-15,,,0.0,0.0,0.0
1949-09-16,,,15.0,0.0,0.0
1949-09-17,,,5.0,0.0,0.0
1949-09-18,,,323.0,0.0,0.0
1949-09-19,,,86.0,0.0,0.0
1949-09-20,,,0.0,0.0,0.0
1949-09-21,,,0.0,0.0,0.0
1949-09-22,,,0.0,0.0,0.0
1949-09-23,,,0.0,0.0,0.0
1949-09-24,,,0.0,0.0,0.0
1949-09-25,,,0.0,0.0,0.0
1949-09-26,,,33.0,0.0,0.0
1949-09-27,,,10.0,0.0,0.0
1949-09-28,,,33.0,0.0,0.0
1949-09-29,,,0.0,0.0,0.0
1949-09-30,,,0.0,0.0,0.0
1949-10-01,,,0.0,0.0,0.0
1949-10-02,,,0.0,0.0,0.0
1949-10-03,,,0.0,0.0,0.0
1949-10-04,,,0.0,0.0,0.0
1949-10-05,,,0.0,0.0,0.0
1949-10-06,,,455.0,0.0,0.0
1949-10-07,,,0.0,0.0,0.0
1949-10-08,,,38.0,0.0,0.0
1949-10-09,,,10.0,0.0,0.0
1949-10-10,,,0.0,0.0,0.0
1949-10-11,,,0.0,0.0,0.0
1949-10-12,,,198.0,0.0,0.0
1949-10-13,,,0.0,0.0,0.0
1949-10-14,,,18.0,0.0,0.0
1949-10-15,,,0.0,0.0,0.0
1949-10-16,,,297.0,0.0,0.0
1949-10-17,,,91.0,0.0,0.0
1949-10-18,,,0.0,0.0,0.0
1949-10-19,,,0.0,0.0,0.0
1949-10-20,,,3.0,0.0,0.0
1949-10-21,,,0.0,0.0,0.0
1949-10-22,,,0.0,0.0,0.0
1949-10-23,,,0.0,0.0,0.0
1949-10-24,,,0.0,0.0,0.0
1949-10-25,,,94.0,0.0,0.0
1949-10-26,,,0.0,0.0,0.0
1949-10-27,,,0.0,0.0,0.0
1949-10-28,,,56.0,0.0,0.0
1949-10-29,,,0.0,0.0,0.0
1949-10-30,,,1041.0,0.0,0.0
1949-10-31,,,79.0,0.0,0.0
1949-11-01,,,84.0,0.0,0.0
1949-11-02,,,0.0,0.0,0.0
1949-11-03,,,10.0,0.0,0.0
1949-11-04,,,3.0,0.0,0.0
1949-11-05,,,0.0,0.0,0.0
1949-11-06,,,0.0,0.0,0.0
1949-11-07,,,0.0,0.0,0.0
1949-11-08,,,0.0,0.0,0.0
1949-11-09,,,0.0,0.0,0.0
1949-11-10,,,0.0,0.0,0.0
1949-11-11,,,0.0,0.0,0.0
1949-11-12,,,0.0,0.0,0.0
1949-11-13,,,48.0,0.0,0.0
1949-11-14,,,0.0,0.0,0.0
1949-11-15,,,0.0,0.0,0.0
1949-11-16,,,0.0,0.0,0.0
1949-11-17,,,0.0,0.0,0.0
1949-11-18,,,0.0,0.0,0.0
1949-11-19,,,0.0,0.0,0.0
1949-11-20,,,0.0,0.0,0.0
1949-11-21,,,3.0,0.0,0.0
1949-11-22,,,0.0,0.0,0.0
1949-11-23,,,0.0,0.0,0.0
1949-11-24,,,132.0,0.0,0.0
1949-11-25,,,5.0,0.0,0.0
1949-11-26,,,0.0,0.0,0.0
1949-11-27,,,0.0,0.0,0.0
1949-11-28,,,23.0,0.0,0.0
1949-11-29,,,15.0,0.0,0.0
1949-11-30,,,0.0,0.0,0.0
1949-12-01,,,0.0,0.0,0.0
1949-12-02,,,0.0,0.0,0.0
1949-12-03,,,0.0,0.0,0.0
1949-12-04,,,23.0,0.0,0.0
1949-12-05,,,0.0,0.0,0.0
1949-12-06,,,10.0,0.0,0.0
1949-12-07,,,99.0,0.0,0.0
1949-12-08,,,0.0,0.0,0.0
1949-12-09,,,0.0,0.0,0.0
1949-12-10,,,76.0,0.0,0.0
1949-12-11,,,5.0,0.0,0.0
1949-12-12,,,51.0,0.0,0.0
1949-12-13,,,170.0,0.0,0.0
1949-12-14,,,30.0,0.0,0.0
1949-12-15,,,15.0,0.0,0.0
1949-12-16,,,0.0,0.0,0.0
1949-12-17,,,10.0,0.0,0.0
1949-12-18,,,208.0,0.0,0.0
1949-12-19,,,0.0,0.0,0.0
1949-12-20,,,0.0,0.0,0.0
1949-12-21,,,0.0,0.0,0.0
1949-12-22,,,340.0,0.0,0.0
1949-12-23,,,23.0,0.0,0.0
1949-12-24,,,0.0,0.0,0.0
1949-12-25,,,0.0,0.0,0.0
1949-12-26,,,84.0,0.0,0.0
1949-12-27,,,48.0,0.0,0.0
1949-12-28,,,0.0,0.0,0.0
1949-12-29,,,0.0,0.0,0.0
1949-12-30,,,0.0,0.0,0.0
1949-12-31,,,0.0,0.0,0.0
1950-01-01,,,0.0,0.0,0.0
1950-01-02,,,30.0,0.0,0.0
1950-01-03,,,18.0,0.0,0.0
1950-01-04,,,5.0,0.0,0.0
1950-01-05,,,0.0,0.0,0.0
1950-01-06,,,104.0,0.0,0.0
1950-01-07,,,0.0,0.0,0.0
1950-01-08,,,0.0,0.0,0.0
1950-01-09,,,0.0,0.0,0.0
1950-01-10,,,155.0,0.0,0.0
1950-01-11,,,0.0,0.0,0.0
1950-01-12,,,94.0,0.0,0.0
1950-01-13,,,0.0,0.0,0.0
1950-01-14,,,132.0,0.0,0.0
1950-01-15,,,10.0,0.0,0.0
1950-01-16,,,71.0,0.0,0.0
1950-01-17,,,124.0,0.0,0.0
1950-01-18,,,81.0,0.0,0.0
1950-01-19,,,612.0,0.0,0.0
1950-01-20,,,0.0,0.0,0.0
1950-01-21,,,0.0,0.0,0.0
1950-01-22,,,0.0,0.0,0.0
1950-01-23,,,3.0,0.0,0.0
1950-01-24,,,0.0,0.0,0.0
1950-01-25,,,0.0,0.0,0.0
1950-01-26,,,0.0,0.0,0.0
1950-01-27,,,277.0,0.0,0.0
1950-01-28,,,8.0,0.0,0.0
1950-01-29,,,3.0,0.0,0.0
1950-01-30,,,0.0,0.0,0.0
1950-01-31,,,89.0,0.0,0.0
1950-02-01,,,3.0,0.0,0.0
1950-02-02,,,259.0,0.0,0.0
1950-02-03,,,0.0,0.0,0.0
1950-02-04,,,0.0,0.0,0.0
1950-02-05,,,0.0,0.0,0.0
1950-02-06,,,97.0,0.0,0.0
1950-02-07,,,185.0,0.0,0.0
1950-02-08,,,15.0,0.0,0.0
1950-02-09,,,196.0,0.0,0.0
1950-02-10,,,61.0,0.0,0.0
1950-02-11,,,0.0,0.0,0.0
1950-02-12,,,0.0,0.0,0.0
1950-02-13,,,0.0,0.0,0.0
1950-02-14,,,58.0,0.0,0.0
1950-02-15,,,0.0,0.0,0.0
1950-02-16,,,0.0,0.0,0.0
1950-02-17,,,0.0,0.0,0.0
1950-02-18,,,10.0,0.0,0.0
1950-02-19,,,5.0,0.0,0.0
1950-02-20,,,0.0,0.0,0.0
1950-02-21,,,0.0,0.0,0.0
1950-02-22,,,239.0,0.0,0.0
1950-02-23,,,0.0,0.0,0.0
1950-02-24,,,0.0,0.0,0.0
1950-02-25,,,0.0,0.0,0.0
1950-02-26,,,0.0,0.0,0.0
1950-02-27,,,8.0,0.0,0.0
1950-02-28,,,262.0,0.0,0.0
1950-03-01,,,66.0,0.0,0.0
1950-03-02,,,0.0,0.0,0.0
1950-03-03,,,0.0,0.0,0.0
1950-03-04,,,0.0,0.0,0.0
1950-03-05,,,0.0,0.0,0.0
1950-03-06,,,0.0,0.0,0.0
1950-03-07,,,18.0,0.0,0.0
1950-03-08,,,122.0,0.0,0.0
1950-03-09,,,0.0,0.0,0.0
1950-03-10,,,0.0,0.0,0.0
1950-03-11,,,102.0,0.0,0.0
1950-03-12,,,655.0,0.0,0.0
1950-03-13,,,531.0,0.0,0.0
1950-03-14,,,0.0,0.0,0.0
1950-03-15,,,0.0,0.0,0.0
1950-03-16,,,61.0,0.0,0.0
1950-03-17,,,0.0,0.0,0.0
1950-03-18,,,0.0,0.0,0.0
1950-03-19,,,0.0,0.0,0.0
1950-03-20,,,48.0,0.0,0.0
1950-03-21,,,8.0,0.0,0.0
1950-03-22,,,0.0,0.0,0.0
1950-03-23,,,5.0,0.0,0.0
1950-03-24,,,15.0,0.0,0.0
1950-03-25,,,0.0,0.0,0.0
1950-03-26,,,0.0,0.0,0.0
1950-03-27,,,206.0,0.0,0.0
1950-03-28,,,20.0,0.0,0.0
1950-03-29,,,18.0,0.0,0.0
1950-03-30,,,5.0,0.0,0.0
1950-03-31,,,0.0,0.0,0.0
1950-04-01,,,99.0,0.0,0.0
1950-04-02,,,8.0,0.0,0.0
1950-04-03,,,0.0,0.0,0.0
1950-04-04,,,358.0,0.0,0.0
1950-04-05,,,0.0,0.0,0.0
1950-04-06,,,0.0,0.0,0.0
1950-04-07,,,0.0,0.0,0.0
1950-04-08,,,0.0,0.0,0.0
1950-04-09,,,0.0,0.0,0.0
1950-04-10,,,0.0,0.0,0.0
1950-04-11,,,15.0,0.0,0.0
1950-04-12,,,0.0,0.0,0.0
1950-04-13,,,0.0,0.0,0.0
1950-04-14,,,0.0,0.0,0.0
1950-04-15,,,0.0,0.0,0.0
1950-04-16,,,0.0,0.0,0.0
1950-04-17,,,0.0,0.0,0.0
1950-04-18,,,0.0,0.0,0.0
1950-04-19,,,23.0,0.0,0.0
1950-04-20,,,0.0,0.0,0.0
1950-04-21,,,0.0,0.0,0.0
1950-04-22,,,0.0,0.0,0.0
1950-04-23,,,0.0,0.0,0.0
1950-04-24,,,0.0,0.0,0.0
1950-04-25,,,175.0,0.0,0.0
1950-04-26,,,0.0,0.0,0.0
1950-04-27,,,0.0,0.0,0.0
1950-04-28,,,0.0,0.0,0.0
1950-04-29,,,5.0,0.0,0.0
1950-04-30,,,5.0,0.0,0.0
1950-05-01,,,66.0,,
1950-05-02,,,196.0,,
1950-05-03,,,0.0,,
1950-05-04,,,0.0,,
1950-05-05,,,0.0,,
1950-05-06,,,0.0,,
1950-05-07,,,0.0,,
1950-05-08,,,0.0,,
1950-05-09,,,0.0,,
1950-05-10,,,23.0,,
1950-05-11,,,0.0,,
1950-05-12,,,86.0,,
1950-05-13,,,15.0,,
1950-05-14,,,180.0,,
1950-05-15,,,0.0,,
1950-05-16,,,0.0,,
1950-05-17,,,0.0,,
1950-05-18,,,0.0,,
1950-05-19,,,0.0,,
1950-05-20,,,0.0,,
1950-05-21,,,0.0,,
1950-05-22,,,61.0,,
1950-05-23,,,0.0,,
1950-05-24,,,0.0,,
1950-05-25,,,0.0,,
1950-05-26,,,0.0,,
1950-05-27,,,241.0,,
1950-05-28,,,30.0,,
1950-05-29,,,0.0,,
1950-05-30,,,437.0,,
1950-05-31,,,13.0,,
1950-06-01,,,10.0,0.0,0.0
1950-06-02,,,0.0,0.0,0.0
1950-06-03,,,277.0,0.0,0.0
1950-06-04,,,333.0,0.0,0.0
1950-06-05,,,0.0,0.0,0.0
1950-06-06,,,0.0,0.0,0.0
1950-06-07,,,0.0,0.0,0.0
1950-06-08,,,58.0,0.0,0.0
1950-06-09,,,5.0,0.0,0.0
1950-06-10,,,213.0,0.0,0.0
1950-06-11,,,0.0,0.0,0.0
1950-06-12,,,0.0,0.0,0.0
1950-06-13,,,0.0,0.0,0.0
1950-06-14,,,0.0,0.0,0.0
1950-06-15,,,0.0,0.0,0.0
1950-06-16,,,0.0,0.0,0.0
1950-06-17,,,0.0,0.0,0.0
1950-06-18,,,0.0,0.0,0.0
1950-06-19,,,0.0,0.0,0.0
1950-06-20,,,66.0,0.0,0.0
1950-06-21,,,79.0,0.0,0.0
1950-06-22,,,41.0,0.0,0.0
1950-06-23,,,0.0,0.0,0.0
1950-06-24,,,0.0,0.0,0.0
1950-06-25,,,0.0,0.0,0.0
1950-06-26,,,0.0,0.0,0.0
1950-06-27,,,0.0,0.0,0.0
1950-06-28,,,0.0,0.0,0.0
1950-06-29,,,0.0,0.0,0.0
1950-06-30,,,0.0,0.0,0.0
1950-07-01,,,0.0,0.0,0.0
1950-07-02,,,0.0,0.0,0.0
1950-07-03,,,335.0,0.0,0.0
1950-07-04,,,10.0,0.0,0.0
1950-07-05,,,0.0,0.0,0.0
1950-07-06,,,74.0,0.0,0.0
1950-07-07,,,0.0,0.0,0.0
1950-07-08,,,0.0,0.0,0.0
1950-07-09,,,0.0,0.0,0.0
1950-07-10,,,0.0,0.0,0.0
1950-07-11,,,0.0,0.0,0.0
1950-07-12,,,132.0,0.0,0.0
1950-07-13,,,257.0,0.0,0.0
1950-07-14,,,399.0,0.0,0.0
1950-07-15,,,163.0,0.0,0.0
1950-07-16,,,160.0,0.0,0.0
1950-07-17,,,25.0,0.0,0.0
1950-07-18,,,0.0,0.0,0.0
1950-07-19,,,0.0,0.0,0.0
1950-07-20,,,53.0,0.0,0.0
1950-07-21,,,122.0,0.0,0.0
1950-07-22,,,0.0,0.0,0.0
1950-07-23,,,193.0,0.0,0.0
1950-07-24,,,287.0,0.0,0.0
1950-07-25,,,188.0,0.0,0.0
1950-07-26,,,508.0,0.0,0.0
1950-07-27,,,498.0,0.0,0.0
1950-07-28,,,5.0,0.0,0.0
1950-07-29,,,0.0,0.0,0.0
1950-07-30,,,0.0,0.0,0.0
1950-07-31,,,0.0,0.0,0.0
1950-08-01,,,10.0,,
1950-08-02,,,74.0,,
1950-08-03,,,23.0,,
1950-08-04,,,0.0,,
1950-08-05,,,0.0,,
1950-08-06,,,0.0,,
1950-08-07,,,0.0,,
1950-08-08,,,0.0,,
1950-08-09,,,0.0,,
1950-08-10,,,5.0,,
1950-08-11,,,86.0,,
1950-08-12,,,0.0,,
1950-08-13,,,10.0,,
1950-08-14,,,0.0,,
1950-08-15,,,10.0,,
1950-08-16,,,10.0,,
1950-08-17,,,3.0,,
1950-08-18,,,0.0,,
1950-08-19,,,0.0,,
1950-08-20,,,0.0,,
1950-08-21,,,0.0,,
1950-08-22,,,0.0,,
1950-08-23,,,0.0,,
1950-08-24,,,0.0,,
1950-08-25,,,84.0,,
1950-08-26,,,0.0,,
1950-08-27,,,201.0,,
1950-08-28,,,155.0,,
1950-08-29,,,10.0,,
1950-08-30,,,48.0,,
1950-08-31,,,127.0,,
1950-09-01,,,119.0,0.0,0.0
1950-09-02,,,0.0,0.0,0.0
1950-09-03,,,0.0,0.0,0.0
1950-09-04,,,0.0,0.0,0.0
1950-09-05,,,0.0,0.0,0.0
1950-09-06,,,0.0,0.0,0.0
1950-09-07,,,279.0,0.0,0.0
1950-09-08,,,58.0,0.0,0.0
1950-09-09,,,3.0,0.0,0.0
1950-09-10,,,0.0,0.0,0.0
1950-09-11,,,0.0,0.0,0.0
1950-09-12,,,0.0,0.0,0.0
1950-09-13,,,0.0,0.0,0.0
1950-09-14,,,18.0,0.0,0.0
1950-09-15,,,0.0,0.0,0.0
1950-09-16,,,0.0,0.0,0.0
1950-09-17,,,0.0,0.0,0.0
1950-09-18,,,0.0,0.0,0.0
1950-09-19,,,0.0,0.0,0.0
1950-09-20,,,0.0,0.0,0.0
1950-09-21,,,0.0,0.0,0.0
1950-09-22,,,13.0,0.0,0.0
1950-09-23,,,0.0,0.0,0.0
1950-09-24,,,0.0,0.0,0.0
1950-09-25,,,0.0,0.0,0.0
1950-09-26,,,0.0,0.0,0.0
1950-09-27,,,0.0,0.0,0.0
1950-09-28,,,0.0,0.0,0.0
1950-09-29,,,0.0,0.0,0.0
1950-09-30,,,0.0,0.0,0.0
1950-10-01,,,0.0,0.0,0.0
1950-10-02,,,0.0,0.0,0.0
1950-10-03,,,0.0,0.0,0.0
1950-10-04,,,0.0,0.0,0.0
1950-10-05,,,0.0,0.0,0.0
1950-10-06,,,0.0,0.0,0.0
1950-10-07,,,0.0,0.0,0.0
1950-10-08,,,112.0,0.0,0.0
1950-10-09,,,36.0,0.0,0.0
1950-10-10,,,0.0,0.0,0.0
1950-10-11,,,0.0,0.0,0.0
1950-10-12,,,0.0,0.0,0.0
1950-10-13,,,0.0,0.0,0.0
1950-10-14,,,0.0,0.0,0.0
1950-10-15,,,0.0,0.0,0.0
1950-10-16,,,0.0,0.0,0.0
1950-10-17,,,0.0,0.0,0.0
1950-10-18,,,0.0,0.0,0.0
1950-10-19,,,165.0,0.0,0.0
1950-10-20,,,340.0,0.0,0.0
1950-10-21,,,0.0,0.0,0.0
1950-10-22,,,0.0,0.0,0.0
1950-10-23,,,20.0,0.0,0.0
1950-10-24,,,0.0,0.0,0.0
1950-10-25,,,0.0,0.0,0.0
1950-10-26,,,0.0,0.0,0.0
1950-10-27,,,0.0,0.0,0.0
1950-10-28,,,0.0,0.0,0.0
1950-10-29,,,0.0,0.0,0.0
1950-10-30,,,0.0,0.0,0.0
1950-10-31,,,0.0,0.0,0.0
1950-11-01,,,0.0,,
1950-11-02,,,0.0,,
1950-11-03,,,64.0,,
1950-11-04,,,53.0,,
1950-11-05,,,0.0,,
1950-11-06,,,0.0,,
1950-11-07,,,0.0,,
1950-11-08,,,0.0,,
1950-11-09,,,15.0,,
1950-11-10,,,48.0,,
1950-11-11,,,0.0,,
1950-11-12,,,0.0,,
1950-11-13,,,0.0,,
1950-11-14,,,0.0,,
1950-11-15,,,0.0,,
1950-11-16,,,5.0,,
1950-11-17,,,0.0,,
1950-11-18,,,0.0,,
1950-11-19,,,0.0,,
1950-11-20,,,340.0,,
1950-11-21,,,0.0,,
1950-11-22,,,0.0,,
1950-11-23,,,0.0,,
1950-11-24,,,20.0,,
1950-11-25,,,10.0,,
1950-11-26,,,0.0,,
1950-11-27,,,0.0,,
1950-11-28,,,0.0,,
1950-11-29,,,0.0,,
1950-11-30,,,0.0,,
1950-12-01,,,0.0,,
1950-12-02,,,0.0,,
1950-12-03,,,328.0,,
1950-12-04,,,0.0,,
1950-12-05,,,0.0,,
1950-12-06,,,104.0,,
1950-12-07,,,137.0,,
1950-12-08,,,0.0,,
1950-12-09,,,18.0,,
1950-12-10,,,15.0,,
1950-12-11,,,0.0,,
1950-12-12,,,5.0,,
1950-12-13,,,0.0,,
1950-12-14,,,0.0,,
1950-12-15,,,0.0,,
1950-12-16,,,0.0,,
1950-12-17,,,0.0,,
1950-12-18,,,0.0,,
1950-12-19,,,0.0,,
1950-12-20,,,0.0,,
1950-12-21,,,0.0,,
1950-12-22,,,0.0,,
1950-12-23,,,0.0,,
1950-12-24,,,0.0,,
1950-12-25,,,0.0,,
1950-12-26,,,0.0,,
1950-12-27,,,0.0,,
1950-12-28,,,79.0,,
1950-12-29,,,61.0,,
1950-12-30,,,0.0,,
1950-12-31,,,0.0,,
1951-01-01,,,0.0,0.0,0.0
1951-01-02,,,5.0,0.0,0.0
1951-01-03,,,36.0,0.0,0.0
1951-01-04,,,13.0,0.0,0.0
1951-01-05,,,0.0,0.0,0.0
1951-01-06,,,0.0,0.0,0.0
1951-01-07,,,135.0,0.0,0.0
1951-01-08,,,0.0,0.0,0.0
1951-01-09,,,0.0,0.0,0.0
1951-01-10,,,25.0,0.0,0.0
1951-01-11,,,48.0,0.0,0.0
1951-01-12,,,0.0,0.0,0.0
1951-01-13,,,64.0,0.0,0.0
1951-01-14,,,206.0,0.0,0.0
1951-01-15,,,23.0,0.0,0.0
1951-01-16,,,5.0,0.0,0.0
1951-01-17,,,0.0,0.0,0.0
1951-01-18,,,84.0,0.0,0.0
1951-01-19,,,8.0,0.0,0.0
1951-01-20,,,0.0,0.0,0.0
1951-01-21,,,23.0,0.0,0.0
1951-01-22,,,0.0,0.0,0.0
1951-01-23,,,41.0,0.0,0.0
1951-01-24,,,56.0,0.0,0.0
1951-01-25,,,0.0,0.0,0.0
1951-01-26,,,0.0,0.0,0.0
1951-01-27,,,0.0,0.0,0.0
1951-01-28,,,0.0,0.0,0.0
1951-01-29,,,33.0,0.0,0.0
1951-01-30,,,18.0,0.0,0.0
1951-01-31,,,13.0,0.0,0.0
1951-02-01,,,180.0,,
1951-02-02,,,0.0,,
1951-02-03,,,0.0,,
1951-02-04,,,0.0,,
1951-02-05,,,0.0,,
1951-02-06,,,36.0,,
1951-02-07,,,173.0,,
1951-02-08,,,0.0,,
1951-02-09,,,61.0,,
1951-02-10,,,0.0,,
1951-02-11,,,0.0,,
1951-02-12,,,0.0,,
1951-02-13,,,0.0,,
1951-02-14,,,0.0,,
1951-02-15,,,0.0,,
1951-02-16,,,109.0,,
1951-02-17,,,0.0,,
1951-02-18,,,3.0,,
1951-02-19,,,173.0,,
1951-02-20,,,69.0,,
1951-02-21,,,30.0,,
1951-02-22,,,3.0,,
1951-02-23,,,0.0,,
1951-02-24,,,0.0,,
1951-02-25,,,0.0,,
1951-02-26,,,0.0,,
1951-02-27,,,10.0,,
1951-02-28,,,15.0,,
1951-03-01,,,3.0,,
1951-03-02,,,0.0,,
1951-03-03,,,0.0,,
1951-03-04,,,254.0,,
1951-03-05,,,0.0,,
1951-03-06,,,61.0,,
1951-03-07,,,284.0,,
1951-03-08,,,0.0,,
1951-03-09,,,0.0,,
1951-03-10,,,20.0,,
1951-03-11,,,229.0,,
1951-03-12,,,61.0,,
1951-03-13,,,86.0,,
1951-03-14,,,25.0,,
1951-03-15,,,0.0,,
1951-03-16,,,0.0,,
1951-03-17,,,8.0,,
1951-03-18,,,23.0,,
1951-03-19,,,84.0,,
1951-03-20,,,5.0,,
1951-03-21,,,0.0,,
1951-03-22,,,0.0,,
1951-03-23,,,0.0,,
1951-03-24,,,0.0,,
1951-03-25,,,0.0,,
1951-03-26,,,0.0,,
1951-03-27,,,0.0,,
1951-03-28,,,945.0,,
1951-03-29,,,683.0,,
1951-03-30,,,18.0,,
1951-03-31,,,0.0,,
1951-04-01,,,0.0,,
1951-04-02,,,170.0,,
1951-04-03,,,0.0,,
1951-04-04,,,0.0,,
1951-04-05,,,0.0,,
1951-04-06,,,0.0,,
1951-04-07,,,229.0,,
1951-04-08,,,8.0,,
1951-04-09,,,0.0,,
1951-04-10,,,13.0,,
1951-04-11,,,193.0,,
1951-04-12,,,8.0,,
1951-04-13,,,8.0,,
1951-04-14,,,0.0,,
1951-04-15,,,0.0,,
1951-04-16,,,36.0,,
1951-04-17,,,0.0,,
1951-04-18,,,0.0,,
1951-04-19,,,38.0,,
1951-04-20,,,0.0,,
1951-04-21,,,0.0,,
1951-04-22,,,353.0,,
1951-04-23,,,0.0,,
1951-04-24,,,0.0,,
1951-04-25,,,0.0,,
1951-04-26,,,0.0,,
1951-04-27,,,371.0,,
1951-04-28,,,97.0,,
1951-04-29,,,0.0,,
1951-04-30,,,0.0,,
1951-05-01,,,155.0,,
1951-05-02,,,0.0,,
1951-05-03,,,10.0,,
1951-05-04,,,0.0,,
1951-05-05,,,0.0,,
1951-05-06,,,0.0,,
1951-05-07,,,23.0,,
1951-05-08,,,0.0,,
1951-05-09,,,0.0,,
1951-05-10,,,10.0,,
1951-05-11,,,0.0,,
1951-05-12,,,0.0,,
1951-05-13,,,0.0,,
1951-05-14,,,0.0,,
1951-05-15,,,0.0,,
1951-05-16,,,0.0,,
1951-05-17,,,0.0,,
1951-05-18,,,0.0,,
1951-05-19,,,0.0,,
1951-05-20,,,28.0,,
1951-05-21,,,41.0,,
1951-05-22,,,0.0,,
1951-05-23,,,61.0,,
1951-05-24,,,0.0,,
1951-05-25,,,0.0,,
1951-05-26,,,145.0,,
1951-05-27,,,0.0,,
1951-05-28,,,0.0,,
1951-05-29,,,0.0,,
1951-05-30,,,0.0,,
1951-05-31,,,0.0,,
1951-06-01,,,0.0,,
1951-06-02,,,0.0,,
1951-06-03,,,13.0,,
1951-06-04,,,0.0,,
1951-06-05,,,0.0,,
1951-06-06,,,0.0,,
1951-06-07,,,249.0,,
1951-06-08,,,432.0,,
1951-06-09,,,130.0,,
1951-06-10,,,0.0,,
1951-06-11,,,0.0,,
1951-06-12,,,351.0,,
1951-06-13,,,0.0,,
1951-06-14,,,0.0,,
1951-06-15,,,0.0,,
1951-06-16,,,18.0,,
1951-06-17,,,368.0,,
1951-06-18,,,152.0,,
1951-06-19,,,0.0,,
1951-06-20,,,218.0,,
1951-06-21,,,0.0,,
1951-06-22,,,0.0,,
1951-06-23,,,0.0,,
1951-06-24,,,0.0,,
1951-06-25,,,0.0,,
1951-06-26,,,0.0,,
1951-06-27,,,0.0,,
1951-06-28,,,0.0,,
1951-06-29,,,152.0,,
1951-06-30,,,119.0,,
1951-07-01,,,160.0,,
1951-07-02,,,163.0,,
1951-07-03,,,112.0,,
1951-07-04,,,203.0,,
1951-07-05,,,0.0,,
1951-07-06,,,0.0,,
1951-07-07,,,0.0,,
1951-07-08,,,0.0,,
1951-07-09,,,0.0,,
1951-07-10,,,0.0,,
1951-07-11,,,0.0,,
1951-07-12,,,0.0,,
1951-07-13,,,0.0,,
1951-07-14,,,28.0,,
1951-07-15,,,0.0,,
1951-07-16,,,0.0,,
1951-07-17,,,0.0,,
1951-07-18,,,0.0,,
1951-07-19,,,94.0,,
1951-07-20,,,0.0,,
1951-07-21,,,0.0,,
1951-07-22,,,0.0,,
1951-07-23,,,239.0,,
1951-07-24,,,20.0,,
1951-07-25,,,8.0,,
1951-07-26,,,8.0,,
1951-07-27,,,0.0,,
1951-07-28,,,135.0,,
1951-07-29,,,279.0,,
1951-07-30,,,28.0,,
1951-07-31,,,69.0,,
1951-08-01,,,13.0,,
1951-08-02,,,0.0,,
1951-08-03,,,0.0,,
1951-08-04,,,0.0,,
1951-08-05,,,0.0,,
1951-08-06,,,0.0,,
1951-08-07,,,51.0,,
1951-08-08,,,36.0,,
1951-08-09,,,10.0,,
1951-08-10,,,0.0,,
1951-08-11,,,0.0,,
1951-08-12,,,0.0,,
1951-08-13,,,0.0,,
1951-08-14,,,152.0,,
1951-08-15,,,15.0,,
1951-08-16,,,23.0,,
1951-08-17,,,0.0,,
1951-08-18,,,0.0,,
1951-08-19,,,0.0,,
1951-08-20,,,0.0,,
1951-08-21,,,0.0,,
1951-08-22,,,0.0,,
1951-08-23,,,0.0,,
1951-08-24,,,0.0,,
1951-08-25,,,0.0,,
1951-08-26,,,0.0,,
1951-08-27,,,0.0,,
1951-08-28,,,0.0,,
1951-08-29,,,3.0,,
1951-08-30,,,0.0,,
1951-08-31,,,51.0,,
1951-09-01,,,97.0,,
1951-09-02,,,132.0,,
1951-09-03,,,0.0,,
1951-09-04,,,0.0,,
1951-09-05,,,0.0,,
1951-09-06,,,175.0,,
1951-09-07,,,0.0,,
1951-09-08,,,0.0,,
1951-09-09,,,0.0,,
1951-09-10,,,86.0,,
1951-09-11,,,0.0,,
1951-09-12,,,0.0,,
1951-09-13,,,295.0,,
1951-09-14,,,109.0,,
1951-09-15,,,0.0,,
1951-09-16,,,0.0,,
1951-09-17,,,0.0,,
1951-09-18,,,0.0,,
1951-09-19,,,0.0,,
1951-09-20,,,0.0,,
1951-09-21,,,0.0,,
1951-09-22,,,792.0,,
1951-09-23,,,0.0,,
1951-09-24,,,69.0,,
1951-09-25,,,0.0,,
1951-09-26,,,0.0,,
1951-09-27,,,84.0,,
1951-09-28,,,0.0,,
1951-09-29,,,0.0,,
1951-09-30,,,0.0,,
1951-10-01,,,0.0,0.0,0.0
1951-10-02,,,0.0,0.0,0.0
1951-10-03,,,0.0,0.0,0.0
1951-10-04,,,0.0,0.0,0.0
1951-10-05,,,13.0,0.0,0.0
1951-10-06,,,0.0,0.0,0.0
1951-10-07,,,0.0,0.0,0.0
1951-10-08,,,0.0,0.0,0.0
1951-10-09,,,0.0,0.0,0.0
1951-10-10,,,0.0,0.0,0.0
1951-10-11,,,0.0,0.0,0.0
1951-10-12,,,0.0,0.0,0.0
1951-10-13,,,0.0,0.0,0.0
1951-10-14,,,0.0,0.0,0.0
1951-10-15,,,0.0,0.0,0.0
1951-10-16,,,0.0,0.0,0.0
1951-10-17,,,0.0,0.0,0.0
1951-10-18,,,0.0,0.0,0.0
1951-10-19,,,0.0,0.0,0.0
1951-10-20,,,0.0,0.0,0.0
1951-10-21,,,48.0,0.0,0.0
1951-10-22,,,33.0,0.0,0.0
1951-10-23,,,0.0,0.0,0.0
1951-10-24,,,99.0,0.0,0.0
1951-10-25,,,0.0,0.0,0.0
1951-10-26,,,0.0,0.0,0.0
1951-10-27,,,0.0,0.0,0.0
1951-10-28,,,112.0,0.0,0.0
1951-10-29,,,0.0,0.0,0.0
1951-10-30,,,30.0,0.0,0.0
1951-10-31,,,10.0,0.0,0.0
1951-11-01,,,541.0,,
1951-11-02,,,0.0,,
1951-11-03,,,23.0,,
1951-11-04,,,0.0,,
1951-11-05,,,0.0,,
1951-11-06,,,0.0,,
1951-11-07,,,218.0,,
1951-11-08,,,0.0,,
1951-11-09,,,0.0,,
1951-11-10,,,0.0,,
1951-11-11,,,0.0,,
1951-11-12,,,0.0,,
1951-11-13,,,8.0,,
1951-11-14,,,211.0,,
1951-11-15,,,20.0,,
1951-11-16,,,173.0,,
1951-11-17,,,0.0,,
1951-11-18,,,0.0,,
1951-11-19,,,0.0,,
1951-11-20,,,0.0,,
1951-11-21,,,0.0,,
1951-11-22,,,0.0,,
1951-11-23,,,0.0,,
1951-11-24,,,0.0,,
1951-11-25,,,69.0,,
1951-11-26,,,30.0,,
1951-11-27,,,0.0,,
1951-11-28,,,43.0,,
1951-11-29,,,0.0,,
1951-11-30,,,0.0,,
1951-12-01,,,0.0,,
1951-12-02,,,0.0,,
1951-12-03,,,0.0,,
1951-12-04,,,257.0,,
1951-12-05,,,3.0,,
1951-12-06,,,0.0,,
1951-12-07,,,0.0,,
1951-12-08,,,0.0,,
1951-12-09,,,8.0,,
1951-12-10,,,127.0,,
1951-12-11,,,0.0,,
1951-12-12,,,0.0,,
1951-12-13,,,15.0,,
1951-12-14,,,89.0,,
1951-12-15,,,353.0,,
1951-12-16,,,0.0,,
1951-12-17,,,0.0,,
1951-12-18,,,257.0,,
1951-12-19,,,5.0,,
1951-12-20,,,127.0,,
1951-12-21,,,556.0,,
1951-12-22,,,0.0,,
1951-12-23,,,0.0,,
1951-12-24,,,0.0,,
1951-12-25,,,0.0,,
1951-12-26,,,229.0,,
1951-12-27,,,0.0,,
1951-12-28,,,0.0,,
1951-12-29,,,5.0,,
1951-12-30,,,41.0,,
1951-12-31,,,3.0,,
1952-01-01,,,0.0,0.0,0.0
1952-01-02,,,5.0,0.0,0.0
1952-01-03,,,5.0,0.0,0.0
1952-01-04,,,3.0,0.0,0.0
1952-01-05,,,140.0,0.0,0.0
1952-01-06,,,0.0,0.0,0.0
1952-01-07,,,0.0,0.0,0.0
1952-01-08,,,0.0,0.0,0.0
1952-01-09,,,5.0,0.0,0.0
1952-01-10,,,457.0,0.0,0.0
1952-01-11,,,0.0,0.0,0.0
1952-01-12,,,0.0,0.0,0.0
1952-01-13,,,0.0,0.0,0.0
1952-01-14,,,0.0,0.0,0.0
1952-01-15,,,0.0,0.0,0.0
1952-01-16,,,10.0,0.0,0.0
1952-01-17,,,3.0,0.0,0.0
1952-01-18,,,48.0,0.0,0.0
1952-01-19,,,0.0,0.0,0.0
1952-01-20,,,114.0,0.0,0.0
1952-01-21,,,0.0,0.0,0.0
1952-01-22,,,277.0,0.0,0.0
1952-01-23,,,81.0,0.0,0.0
1952-01-24,,,0.0,0.0,0.0
1952-01-25,,,0.0,0.0,0.0
1952-01-26,,,69.0,0.0,0.0
1952-01-27,,,140.0,0.0,0.0
1952-01-28,,,307.0,0.0,0.0
1952-01-29,,,5.0,0.0,0.0
1952-01-30,,,0.0,0.0,0.0
1952-01-31,,,0.0,0.0,0.0
1952-02-01,,,0.0,0.0,0.0
1952-02-02,,,0.0,0.0,0.0
1952-02-03,,,99.0,0.0,0.0
1952-02-04,,,119.0,0.0,0.0
1952-02-05,,,79.0,0.0,0.0
1952-02-06,,,0.0,0.0,0.0
1952-02-07,,,0.0,0.0,0.0
1952-02-08,,,0.0,0.0,0.0
1952-02-09,,,0.0,0.0,0.0
1952-02-10,,,0.0,0.0,0.0
1952-02-11,,,0.0,0.0,0.0
1952-02-12,,,0.0,0.0,0.0
1952-02-13,,,3.0,0.0,0.0
1952-02-14,,,74.0,0.0,0.0
1952-02-15,,,0.0,0.0,0.0
1952-02-16,,,71.0,0.0,0.0
1952-02-17,,,20.0,0.0,0.0
1952-02-18,,,5.0,0.0,0.0
1952-02-19,,,0.0,0.0,0.0
1952-02-20,,,0.0,0.0,0.0
1952-02-21,,,28.0,0.0,0.0
1952-02-22,,,0.0,0.0,0.0
1952-02-23,,,10.0,0.0,0.0
1952-02-24,,,117.0,0.0,0.0
1952-02-25,,,3.0,0.0,0.0
1952-02-26,,,28.0,0.0,0.0
1952-02-27,,,53.0,0.0,0.0
1952-02-28,,,0.0,0.0,0.0
1952-02-29,,,0.0,0.0,0.0
1952-03-01,,,48.0,0.0,0.0
1952-03-02,,,0.0,0.0,0.0
1952-03-03,,,51.0,0.0,0.0
1952-03-04,,,406.0,0.0,0.0
1952-03-05,,,3.0,0.0,0.0
1952-03-06,,,0.0,0.0,0.0
1952-03-07,,,0.0,0.0,0.0
1952-03-08,,,0.0,0.0,0.0
1952-03-09,,,0.0,0.0,0.0
1952-03-10,,,0.0,0.0,0.0
1952-03-11,,,607.0,0.0,0.0
1952-03-12,,,5.0,0.0,0.0
1952-03-13,,,0.0,0.0,0.0
1952-03-14,,,0.0,0.0,0.0
1952-03-15,,,0.0,0.0,0.0
1952-03-16,,,0.0,0.0,0.0
1952-03-17,,,0.0,0.0,0.0
1952-03-18,,,46.0,0.0,0.0
1952-03-19,,,130.0,0.0,0.0
1952-03-20,,,0.0,0.0,0.0
1952-03-21,,,0.0,0.0,0.0
1952-03-22,,,447.0,0.0,0.0
1952-03-23,,,371.0,0.0,0.0
1952-03-24,,,18.0,0.0,0.0
1952-03-25,,,15.0,0.0,0.0
1952-03-26,,,0.0,0.0,0.0
1952-03-27,,,0.0,0.0,0.0
1952-03-28,,,0.0,0.0,0.0
1952-03-29,,,0.0,0.0,0.0
1952-03-30,,,0.0,0.0,0.0
1952-03-31,,,23.0,0.0,0.0
1952-04-01,,,23.0,0.0,0.0
1952-04-02,,,43.0,0.0,0.0
1952-04-03,,,0.0,0.0,0.0
1952-04-04,,,0.0,0.0,0.0
1952-04-05,,,64.0,0.0,0.0
1952-04-06,,,0.0,0.0,0.0
1952-04-07,,,0.0,0.0,0.0
1952-04-08,,,0.0,0.0,0.0
1952-04-09,,,0.0,0.0,0.0
1952-04-10,,,0.0,0.0,0.0
1952-04-11,,,0.0,0.0,0.0
1952-04-12,,,0.0,0.0,0.0
1952-04-13,,,58.0,0.0,0.0
1952-04-14,,,13.0,0.0,0.0
1952-04-15,,,8.0,0.0,0.0
1952-04-16,,,0.0,0.0,0.0
1952-04-17,,,0.0,0.0,0.0
1952-04-18,,,0.0,0.0,0.0
1952-04-19,,,0.0,0.0,0.0
1952-04-20,,,0.0,0.0,0.0
1952-04-21,,,0.0,0.0,0.0
1952-04-22,,,0.0,0.0,0.0
1952-04-23,,,0.0,0.0,0.0
1952-04-24,,,30.0,0.0,0.0
1952-04-25,,,91.0,0.0,0.0
1952-04-26,,,0.0,0.0,0.0
1952-04-27,,,38.0,0.0,0.0
1952-04-28,,,5.0,0.0,0.0
1952-04-29,,,0.0,0.0,0.0
1952-04-30,,,0.0,0.0,0.0
1952-05-01,,,0.0,0.0,0.0
1952-05-02,,,0.0,0.0,0.0
1952-05-03,,,0.0,0.0,0.0
1952-05-04,,,0.0,0.0,0.0
1952-05-05,,,0.0,0.0,0.0
1952-05-06,,,0.0,0.0,0.0
1952-05-07,,,8.0,0.0,0.0
1952-05-08,,,0.0,0.0,0.0
1952-05-09,,,0.0,0.0,0.0
1952-05-10,,,5.0,0.0,0.0
1952-05-11,,,224.0,0.0,0.0
1952-05-12,,,13.0,0.0,0.0
1952-05-13,,,0.0,0.0,0.0
1952-05-14,,,0.0,0.0,0.0
1952-05-15,,,0.0,0.0,0.0
1952-05-16,,,0.0,0.0,0.0
1952-05-17,,,0.0,0.0,0.0
1952-05-18,,,0.0,0.0,0.0
1952-05-19,,,0.0,0.0,0.0
1952-05-20,,,130.0,0.0,0.0
1952-05-21,,,86.0,0.0,0.0
1952-05-22,,,0.0,0.0,0.0
1952-05-23,,,0.0,0.0,0.0
1952-05-24,,,20.0,0.0,0.0
1952-05-25,,,102.0,0.0,0.0
1952-05-26,,,117.0,0.0,0.0
1952-05-27,,,0.0,0.0,0.0
1952-05-28,,,0.0,0.0,0.0
1952-05-29,,,130.0,0.0,0.0
1952-05-30,,,119.0,0.0,0.0
1952-05-31,,,10.0,0.0,0.0
1952-06-01,,,0.0,0.0,0.0
1952-06-02,,,0.0,0.0,0.0
1952-06-03,,,0.0,0.0,0.0
1952-06-04,,,0.0,0.0,0.0
1952-06-05,,,0.0,0.0,0.0
1952-06-06,,,328.0,0.0,0.0
1952-06-07,,,0.0,0.0,0.0
1952-06-08,,,0.0,0.0,0.0
1952-06-09,,,0.0,0.0,0.0
1952-06-10,,,279.0,0.0,0.0
1952-06-11,,,114.0,0.0,0.0
1952-06-12,,,437.0,0.0,0.0
1952-06-13,,,274.0,0.0,0.0
1952-06-14,,,0.0,0.0,0.0
1952-06-15,,,0.0,0.0,0.0
1952-06-16,,,20.0,0.0,0.0
1952-06-17,,,0.0,0.0,0.0
1952-06-18,,,0.0,0.0,0.0
1952-06-19,,,0.0,0.0,0.0
1952-06-20,,,0.0,0.0,0.0
1952-06-21,,,0.0,0.0,0.0
1952-06-22,,,30.0,0.0,0.0
1952-06-23,,,46.0,0.0,0.0
1952-06-24,,,0.0,0.0,0.0
1952-06-25,,,0.0,0.0,0.0
1952-06-26,,,0.0,0.0,0.0
1952-06-27,,,0.0,0.0,0.0
1952-06-28,,,0.0,0.0,0.0
1952-06-29,,,3.0,0.0,0.0
1952-06-30,,,0.0,0.0,0.0
1952-07-01,,,0.0,0.0,0.0
1952-07-02,,,0.0,0.0,0.0
1952-07-03,,,0.0,0.0,0.0
1952-07-04,,,0.0,0.0,0.0
1952-07-05,,,84.0,0.0,0.0
1952-07-06,,,10.0,0.0,0.0
1952-07-07,,,0.0,0.0,0.0
1952-07-08,,,97.0,0.0,0.0
1952-07-09,,,3.0,0.0,0.0
1952-07-10,,,13.0,0.0,0.0
1952-07-11,,,0.0,0.0,0.0
1952-07-12,,,0.0,0.0,0.0
1952-07-13,,,0.0,0.0,0.0
1952-07-14,,,20.0,0.0,0.0
1952-07-15,,,0.0,0.0,0.0
1952-07-16,,,0.0,0.0,0.0
1952-07-17,,,0.0,0.0,0.0
1952-07-18,,,0.0,0.0,0.0
1952-07-19,,,213.0,0.0,0.0
1952-07-20,,,0.0,0.0,0.0
1952-07-21,,,0.0,0.0,0.0
1952-07-22,,,0.0,0.0,0.0
1952-07-23,,,30.0,0.0,0.0
1952-07-24,,,0.0,0.0,0.0
1952-07-25,,,0.0,0.0,0.0
1952-07-26,,,0.0,0.0,0.0
1952-07-27,,,0.0,0.0,0.0
1952-07-28,,,0.0,0.0,0.0
1952-07-29,,,0.0,0.0,0.0
1952-07-30,,,0.0,0.0,0.0
1952-07-31,,,20.0,0.0,0.0
1952-08-01,,,0.0,0.0,0.0
1952-08-02,,,307.0,0.0,0.0
1952-08-03,,,0.0,0.0,0.0
1952-08-04,,,0.0,0.0,0.0
1952-08-05,,,66.0,0.0,0.0
1952-08-06,,,257.0,0.0,0.0
1952-08-07,,,201.0,0.0,0.0
1952-08-08,,,79.0,0.0,0.0
1952-08-09,,,188.0,0.0,0.0
1952-08-10,,,142.0,0.0,0.0
1952-08-11,,,0.0,0.0,0.0
1952-08-12,,,0.0,0.0,0.0
1952-08-13,,,183.0,0.0,0.0
1952-08-14,,,0.0,0.0,0.0
1952-08-15,,,0.0,0.0,0.0
1952-08-16,,,0.0,0.0,0.0
1952-08-17,,,366.0,0.0,0.0
1952-08-18,,,0.0,0.0,0.0
1952-08-19,,,556.0,0.0,0.0
1952-08-20,,,5.0,0.0,0.0
1952-08-21,,,0.0,0.0,0.0
1952-08-22,,,0.0,0.0,0.0
1952-08-23,,,0.0,0.0,0.0
1952-08-24,,,0.0,0.0,0.0
1952-08-25,,,0.0,0.0,0.0
1952-08-26,,,0.0,0.0,0.0
1952-08-27,,,0.0,0.0,0.0
1952-08-28,,,13.0,0.0,0.0
1952-08-29,,,15.0,0.0,0.0
1952-08-30,,,41.0,0.0,0.0
1952-08-31,,,8.0,0.0,0.0
1952-09-01,,,0.0,0.0,0.0
1952-09-02,,,3.0,0.0,0.0
1952-09-03,,,175.0,0.0,0.0
1952-09-04,,,0.0,0.0,0.0
1952-09-05,,,0.0,0.0,0.0
1952-09-06,,,0.0,0.0,0.0
1952-09-07,,,0.0,0.0,0.0
1952-09-08,,,0.0,0.0,0.0
1952-09-09,,,0.0,0.0,0.0
1952-09-10,,,0.0,0.0,0.0
1952-09-11,,,0.0,0.0,0.0
1952-09-12,,,0.0,0.0,0.0
1952-09-13,,,0.0,0.0,0.0
1952-09-14,,,5.0,0.0,0.0
1952-09-15,,,488.0,0.0,0.0
1952-09-16,,,13.0,0.0,0.0
1952-09-17,,,0.0,0.0,0.0
1952-09-18,,,0.0,0.0,0.0
1952-09-19,,,218.0,0.0,0.0
1952-09-20,,,28.0,0.0,0.0
1952-09-21,,,0.0,0.0,0.0
1952-09-22,,,0.0,0.0,0.0
1952-09-23,,,0.0,0.0,0.0
1952-09-24,,,0.0,0.0,0.0
1952-09-25,,,0.0,0.0,0.0
1952-09-26,,,0.0,0.0,0.0
1952-09-27,,,0.0,0.0,0.0
1952-09-28,,,0.0,0.0,0.0
1952-09-29,,,0.0,0.0,0.0
1952-09-30,,,0.0,0.0,0.0
1952-10-01,,,0.0,0.0,0.0
1952-10-02,,,0.0,0.0,0.0
1952-10-03,,,0.0,0.0,0.0
1952-10-04,,,0.0,0.0,0.0
1952-10-05,,,0.0,0.0,0.0
1952-10-06,,,0.0,0.0,0.0
1952-10-07,,,0.0,0.0,0.0
1952-10-08,,,0.0,0.0,0.0
1952-10-09,,,140.0,0.0,0.0
1952-10-10,,,38.0,0.0,0.0
1952-10-11,,,0.0,0.0,0.0
1952-10-12,,,0.0,0.0,0.0
1952-10-13,,,0.0,0.0,0.0
1952-10-14,,,0.0,0.0,0.0
1952-10-15,,,0.0,0.0,0.0
1952-10-16,,,0.0,0.0,0.0
1952-10-17,,,3.0,0.0,0.0
1952-10-18,,,0.0,0.0,0.0
1952-10-19,,,0.0,0.0,0.0
1952-10-20,,,0.0,0.0,0.0
1952-10-21,,,0.0,0.0,0.0
1952-10-22,,,0.0,0.0,0.0
1952-10-23,,,0.0,0.0,0.0
1952-10-24,,,0.0,0.0,0.0
1952-10-25,,,0.0,0.0,0.0
1952-10-26,,,0.0,0.0,0.0
1952-10-27,,,0.0,0.0,0.0
1952-10-28,,,0.0,0.0,0.0
1952-10-29,,,0.0,0.0,0.0
1952-10-30,,,0.0,0.0,0.0
1952-10-31,,,0.0,0.0,0.0
1952-11-01,,,0.0,0.0,0.0
1952-11-02,,,0.0,0.0,0.0
1952-11-03,,,0.0,0.0,0.0
1952-11-04,,,0.0,0.0,0.0
1952-11-05,,,0.0,0.0,0.0
1952-11-06,,,0.0,0.0,0.0
1952-11-07,,,0.0,0.0,0.0
1952-11-08,,,0.0,0.0,0.0
1952-11-09,,,0.0,0.0,0.0
1952-11-10,,,135.0,0.0,0.0
1952-11-11,,,104.0,0.0,0.0
1952-11-12,,,0.0,0.0,0.0
1952-11-13,,,0.0,0.0,0.0
1952-11-14,,,0.0,0.0,0.0
1952-11-15,,,0.0,0.0,0.0
1952-11-16,,,0.0,0.0,0.0
1952-11-17,,,0.0,0.0,0.0
1952-11-18,,,0.0,0.0,0.0
1952-11-19,,,99.0,0.0,0.0
1952-11-20,,,343.0,0.0,0.0
1952-11-21,,,0.0,0.0,0.0
1952-11-22,,,193.0,0.0,0.0
1952-11-23,,,0.0,0.0,0.0
1952-11-24,,,0.0,0.0,0.0
1952-11-25,,,0.0,0.0,0.0
1952-11-26,,,185.0,0.0,0.0
1952-11-27,,,0.0,0.0,0.0
1952-11-28,,,0.0,0.0,0.0
1952-11-29,,,0.0,0.0,0.0
1952-11-30,,,23.0,0.0,0.0
1952-12-01,,,0.0,0.0,0.0
1952-12-02,,,130.0,0.0,0.0
1952-12-03,,,3.0,0.0,0.0
1952-12-04,,,0.0,0.0,0.0
1952-12-05,,,193.0,0.0,0.0
1952-12-06,,,8.0,0.0,0.0
1952-12-07,,,0.0,0.0,0.0
1952-12-08,,,0.0,0.0,0.0
1952-12-09,,,0.0,0.0,0.0
1952-12-10,,,376.0,0.0,0.0
1952-12-11,,,86.0,0.0,0.0
1952-12-12,,,0.0,0.0,0.0
1952-12-13,,,0.0,0.0,0.0
1952-12-14,,,0.0,0.0,0.0
1952-12-15,,,0.0,0.0,0.0
1952-12-16,,,0.0,0.0,0.0
1952-12-17,,,0.0,0.0,0.0
1952-12-18,,,0.0,0.0,0.0
1952-12-19,,,0.0,0.0,0.0
1952-12-20,,,36.0,0.0,0.0
1952-12-21,,,36.0,0.0,0.0
1952-12-22,,,0.0,0.0,0.0
1952-12-23,,,23.0,0.0,0.0
1952-12-24,,,0.0,0.0,0.0
1952-12-25,,,0.0,0.0,0.0
1952-12-26,,,0.0,0.0,0.0
1952-12-27,,,0.0,0.0,0.0
1952-12-28,,,0.0,0.0,0.0
1952-12-29,,,0.0,0.0,0.0
1952-12-30,,,0.0,0.0,0.0
1952-12-31,,,422.0,0.0,0.0
1953-01-01,,,41.0,0.0,0.0
1953-01-02,,,0.0,0.0,0.0
1953-01-03,,,112.0,0.0,0.0
1953-01-04,,,46.0,0.0,0.0
1953-01-05,,,13.0,0.0,0.0
1953-01-06,,,0.0,0.0,0.0
1953-01-07,,,0.0,0.0,0.0
1953-01-08,,,196.0,0.0,0.0
1953-01-09,,,213.0,0.0,0.0
1953-01-10,,,330.0,0.0,0.0
1953-01-11,,,0.0,0.0,0.0
1953-01-12,,,0.0,0.0,0.0
1953-01-13,,,0.0,0.0,0.0
1953-01-14,,,0.0,0.0,0.0
1953-01-15,,,0.0,0.0,0.0
1953-01-16,,,0.0,0.0,0.0
1953-01-17,,,0.0,0.0,0.0
1953-01-18,,,246.0,0.0,0.0
1953-01-19,,,0.0,0.0,0.0
1953-01-20,,,0.0,0.0,0.0
1953-01-21,,,297.0,0.0,0.0
1953-01-22,,,0.0,0.0,0.0
1953-01-23,,,0.0,0.0,0.0
1953-01-24,,,140.0,0.0,0.0
1953-01-25,,,81.0,0.0,0.0
1953-01-26,,,0.0,0.0,0.0
1953-01-27,,,0.0,0.0,0.0
1953-01-28,,,114.0,0.0,0.0
1953-01-29,,,0.0,0.0,0.0
1953-01-30,,,0.0,0.0,0.0
1953-01-31,,,0.0,0.0,0.0
1953-02-01,,,15.0,0.0,0.0
1953-02-02,,,0.0,0.0,0.0
1953-02-03,,,0.0,0.0,0.0
1953-02-04,,,0.0,0.0,0.0
1953-02-05,,,0.0,0.0,0.0
1953-02-06,,,0.0,0.0,0.0
1953-02-07,,,160.0,0.0,0.0
1953-02-08,,,5.0,0.0,0.0
1953-02-09,,,0.0,0.0,0.0
1953-02-10,,,0.0,0.0,0.0
1953-02-11,,,191.0,0.0,0.0
1953-02-12,,,409.0,0.0,0.0
1953-02-13,,,0.0,0.0,0.0
1953-02-14,,,0.0,0.0,0.0
1953-02-15,,,384.0,0.0,0.0
1953-02-16,,,15.0,0.0,0.0
1953-02-17,,,0.0,0.0,0.0
1953-02-18,,,0.0,0.0,0.0
1953-02-19,,,0.0,0.0,0.0
1953-02-20,,,56.0,0.0,0.0
1953-02-21,,,485.0,0.0,0.0
1953-02-22,,,0.0,0.0,0.0
1953-02-23,,,0.0,0.0,0.0
1953-02-24,,,25.0,0.0,0.0
1953-02-25,,,36.0,0.0,0.0
1953-02-26,,,20.0,0.0,0.0
1953-02-27,,,0.0,0.0,0.0
1953-02-28,,,0.0,0.0,0.0
1953-03-01,,,0.0,0.0,0.0
1953-03-02,,,264.0,0.0,0.0
1953-03-03,,,30.0,0.0,0.0
1953-03-04,,,224.0,0.0,0.0
1953-03-05,,,0.0,0.0,0.0
1953-03-06,,,0.0,0.0,0.0
1953-03-07,,,0.0,0.0,0.0
1953-03-08,,,0.0,0.0,0.0
1953-03-09,,,0.0,0.0,0.0
1953-03-10,,,0.0,0.0,0.0
1953-03-11,,,102.0,0.0,0.0
1953-03-12,,,38.0,0.0,0.0
1953-03-13,,,94.0,0.0,0.0
1953-03-14,,,0.0,0.0,0.0
1953-03-15,,,56.0,0.0,0.0
1953-03-16,,,13.0,0.0,0.0
1953-03-17,,,0.0,0.0,0.0
1953-03-18,,,74.0,0.0,0.0
1953-03-19,,,33.0,0.0,0.0
1953-03-20,,,0.0,0.0,0.0
1953-03-21,,,0.0,0.0,0.0
1953-03-22,,,53.0,0.0,0.0
1953-03-23,,,117.0,0.0,0.0
1953-03-24,,,38.0,0.0,0.0
1953-03-25,,,3.0,0.0,0.0
1953-03-26,,,0.0,0.0,0.0
1953-03-27,,,0.0,0.0,0.0
1953-03-28,,,0.0,0.0,0.0
1953-03-29,,,0.0,0.0,0.0
1953-03-30,,,0.0,0.0,0.0
1953-03-31,,,5.0,0.0,0.0
1953-04-01,,,91.0,0.0,0.0
1953-04-02,,,0.0,0.0,0.0
1953-04-03,,,0.0,0.0,0.0
1953-04-04,,,0.0,0.0,0.0
1953-04-05,,,0.0,0.0,0.0
1953-04-06,,,36.0,0.0,0.0
1953-04-07,,,122.0,0.0,0.0
1953-04-08,,,0.0,0.0,0.0
1953-04-09,,,0.0,0.0,0.0
1953-04-10,,,86.0,0.0,0.0
1953-04-11,,,0.0,0.0,0.0
1953-04-12,,,130.0,0.0,0.0
1953-04-13,,,196.0,0.0,0.0
1953-04-14,,,0.0,0.0,0.0
1953-04-15,,,0.0,0.0,0.0
1953-04-16,,,51.0,0.0,0.0
1953-04-17,,,0.0,0.0,0.0
1953-04-18,,,0.0,0.0,0.0
1953-04-19,,,140.0,0.0,0.0
1953-04-20,,,0.0,0.0,0.0
1953-04-21,,,0.0,0.0,0.0
1953-04-22,,,0.0,0.0,0.0
1953-04-23,,,0.0,0.0,0.0
1953-04-24,,,0.0,0.0,0.0
1953-04-25,,,61.0,0.0,0.0
1953-04-26,,,46.0,0.0,0.0
1953-04-27,,,0.0,0.0,0.0
1953-04-28,,,0.0,0.0,0.0
1953-04-29,,,0.0,0.0,0.0
1953-04-30,,,419.0,0.0,0.0
1953-05-01,,,71.0,0.0,0.0
1953-05-02,,,137.0,0.0,0.0
1953-05-03,,,0.0,0.0,0.0
1953-05-04,,,107.0,0.0,0.0
1953-05-05,,,0.0,0.0,0.0
1953-05-06,,,191.0,0.0,0.0
1953-05-07,,,145.0,0.0,0.0
1953-05-08,,,104.0,0.0,0.0
1953-05-09,,,0.0,0.0,0.0
1953-05-10,,,0.0,0.0,0.0
1953-05-11,,,0.0,0.0,0.0
1953-05-12,,,0.0,0.0,0.0
1953-05-13,,,0.0,0.0,0.0
1953-05-14,,,0.0,0.0,0.0
1953-05-15,,,15.0,0.0,0.0
1953-05-16,,,0.0,0.0,0.0
1953-05-17,,,0.0,0.0,0.0
1953-05-18,,,0.0,0.0,0.0
1953-05-19,,,277.0,0.0,0.0
1953-05-20,,,51.0,0.0,0.0
1953-05-21,,,0.0,0.0,0.0
1953-05-22,,,0.0,0.0,0.0
1953-05-23,,,0.0,0.0,0.0
1953-05-24,,,0.0,0.0,0.0
1953-05-25,,,0.0,0.0,0.0
1953-05-26,,,0.0,0.0,0.0
1953-05-27,,,0.0,0.0,0.0
1953-05-28,,,0.0,0.0,0.0
1953-05-29,,,0.0,0.0,0.0
1953-05-30,,,0.0,0.0,0.0
1953-05-31,,,0.0,0.0,0.0
1953-06-01,,,0.0,0.0,0.0
1953-06-02,,,0.0,0.0,0.0
1953-06-03,,,0.0,0.0,0.0
1953-06-04,,,0.0,0.0,0.0
1953-06-05,,,0.0,0.0,0.0
1953-06-06,,,0.0,0.0,0.0
1953-06-07,,,33.0,0.0,0.0
1953-06-08,,,0.0,0.0,0.0
1953-06-09,,,0.0,0.0,0.0
1953-06-10,,,0.0,0.0,0.0
1953-06-11,,,28.0,0.0,0.0
1953-06-12,,,0.0,0.0,0.0
1953-06-13,,,23.0,0.0,0.0
1953-06-14,,,147.0,0.0,0.0
1953-06-15,,,0.0,0.0,0.0
1953-06-16,,,0.0,0.0,0.0
1953-06-17,,,150.0,0.0,0.0
1953-06-18,,,0.0,0.0,0.0
1953-06-19,,,0.0,0.0,0.0
1953-06-20,,,0.0,0.0,0.0
1953-06-21,,,0.0,0.0,0.0
1953-06-22,,,76.0,0.0,0.0
1953-06-23,,,0.0,0.0,0.0
1953-06-24,,,0.0,0.0,0.0
1953-06-25,,,5.0,0.0,0.0
1953-06-26,,,0.0,0.0,0.0
1953-06-27,,,0.0,0.0,0.0
1953-06-28,,,33.0,0.0,0.0
1953-06-29,,,0.0,0.0,0.0
1953-06-30,,,0.0,0.0,0.0
1953-07-01,,,0.0,0.0,0.0
1953-07-02,,,284.0,0.0,0.0
1953-07-03,,,94.0,0.0,0.0
1953-07-04,,,135.0,0.0,0.0
1953-07-05,,,0.0,0.0,0.0
1953-07-06,,,0.0,0.0,0.0
1953-07-07,,,0.0,0.0,0.0
1953-07-08,,,142.0,0.0,0.0
1953-07-09,,,13.0,0.0,0.0
1953-07-10,,,0.0,0.0,0.0
1953-07-11,,,0.0,0.0,0.0
1953-07-12,,,0.0,0.0,0.0
1953-07-13,,,0.0,0.0,0.0
1953-07-14,,,0.0,0.0,0.0
1953-07-15,,,0.0,0.0,0.0
1953-07-16,,,206.0,0.0,0.0
1953-07-17,,,5.0,0.0,0.0
1953-07-18,,,58.0,0.0,0.0
1953-07-19,,,224.0,0.0,0.0
1953-07-20,,,0.0,0.0,0.0
1953-07-21,,,28.0,0.0,0.0
1953-07-22,,,76.0,0.0,0.0
1953-07-23,,,244.0,0.0,0.0
1953-07-24,,,0.0,0.0,0.0
1953-07-25,,,0.0,0.0,0.0
1953-07-26,,,0.0,0.0,0.0
1953-07-27,,,0.0,0.0,0.0
1953-07-28,,,0.0,0.0,0.0
1953-07-29,,,64.0,0.0,0.0
1953-07-30,,,53.0,0.0,0.0
1953-07-31,,,0.0,0.0,0.0
1953-08-01,,,0.0,0.0,0.0
1953-08-02,,,3.0,0.0,0.0
1953-08-03,,,0.0,0.0,0.0
1953-08-04,,,0.0,0.0,0.0
1953-08-05,,,0.0,0.0,0.0
1953-08-06,,,0.0,0.0,0.0
1953-08-07,,,0.0,0.0,0.0
1953-08-08,,,0.0,0.0,0.0
1953-08-09,,,119.0,0.0,0.0
1953-08-10,,,0.0,0.0,0.0
1953-08-11,,,0.0,0.0,0.0
1953-08-12,,,0.0,0.0,0.0
1953-08-13,,,0.0,0.0,0.0
1953-08-14,,,0.0,0.0,0.0
1953-08-15,,,0.0,0.0,0.0
1953-08-16,,,0.0,0.0,0.0
1953-08-17,,,66.0,0.0,0.0
1953-08-18,,,25.0,0.0,0.0
1953-08-19,,,0.0,0.0,0.0
1953-08-20,,,0.0,0.0,0.0
1953-08-21,,,20.0,0.0,0.0
1953-08-22,,,3.0,0.0,0.0
1953-08-23,,,5.0,0.0,0.0
1953-08-24,,,0.0,0.0,0.0
1953-08-25,,,0.0,0.0,0.0
1953-08-26,,,0.0,0.0,0.0
1953-08-27,,,0.0,0.0,0.0
1953-08-28,,,0.0,0.0,0.0
1953-08-29,,,0.0,0.0,0.0
1953-08-30,,,0.0,0.0,0.0
1953-08-31,,,0.0,0.0,0.0
1953-09-01,,,0.0,0.0,0.0
1953-09-02,,,0.0,0.0,0.0
1953-09-03,,,0.0,0.0,0.0
1953-09-04,,,191.0,0.0,0.0
1953-09-05,,,307.0,0.0,0.0
1953-09-06,,,15.0,0.0,0.0
1953-09-07,,,0.0,0.0,0.0
1953-09-08,,,0.0,0.0,0.0
1953-09-09,,,0.0,0.0,0.0
1953-09-10,,,0.0,0.0,0.0
1953-09-11,,,0.0,0.0,0.0
1953-09-12,,,15.0,0.0,0.0
1953-09-13,,,0.0,0.0,0.0
1953-09-14,,,0.0,0.0,0.0
1953-09-15,,,0.0,0.0,0.0
1953-09-16,,,0.0,0.0,0.0
1953-09-17,,,0.0,0.0,0.0
1953-09-18,,,0.0,0.0,0.0
1953-09-19,,,0.0,0.0,0.0
1953-09-20,,,406.0,0.0,0.0
1953-09-21,,,0.0,0.0,0.0
1953-09-22,,,0.0,0.0,0.0
1953-09-23,,,0.0,0.0,0.0
1953-09-24,,,0.0,0.0,0.0
1953-09-25,,,165.0,0.0,0.0
1953-09-26,,,229.0,0.0,0.0
1953-09-27,,,127.0,0.0,0.0
1953-09-28,,,0.0,0.0,0.0
1953-09-29,,,0.0,0.0,0.0
1953-09-30,,,0.0,0.0,0.0
1953-10-01,,,0.0,0.0,0.0
1953-10-02,,,20.0,0.0,0.0
1953-10-03,,,0.0,0.0,0.0
1953-10-04,,,0.0,0.0,0.0
1953-10-05,,,0.0,0.0,0.0
1953-10-06,,,0.0,0.0,0.0
1953-10-07,,,0.0,0.0,0.0
1953-10-08,,,0.0,0.0,0.0
1953-10-09,,,0.0,0.0,0.0
1953-10-10,,,0.0,0.0,0.0
1953-10-11,,,0.0,0.0,0.0
1953-10-12,,,0.0,0.0,0.0
1953-10-13,,,0.0,0.0,0.0
1953-10-14,,,0.0,0.0,0.0
1953-10-15,,,30.0,0.0,0.0
1953-10-16,,,0.0,0.0,0.0
1953-10-17,,,0.0,0.0,0.0
1953-10-18,,,0.0,0.0,0.0
1953-10-19,,,0.0,0.0,0.0
1953-10-20,,,0.0,0.0,0.0
1953-10-21,,,0.0,0.0,0.0
1953-10-22,,,0.0,0.0,0.0
1953-10-23,,,0.0,0.0,0.0
1953-10-24,,,0.0,0.0,0.0
1953-10-25,,,0.0,0.0,0.0
1953-10-26,,,0.0,0.0,0.0
1953-10-27,,,127.0,0.0,0.0
1953-10-28,,,13.0,0.0,0.0
1953-10-29,,,25.0,0.0,0.0
1953-10-30,,,0.0,0.0,0.0
1953-10-31,,,0.0,0.0,0.0
1953-11-01,,,0.0,0.0,0.0
1953-11-02,,,0.0,0.0,0.0
1953-11-03,,,0.0,0.0,0.0
1953-11-04,,,0.0,0.0,0.0
1953-11-05,,,0.0,0.0,0.0
1953-11-06,,,0.0,0.0,0.0
1953-11-07,,,0.0,0.0,0.0
1953-11-08,,,0.0,0.0,0.0
1953-11-09,,,0.0,0.0,0.0
1953-11-10,,,0.0,0.0,0.0
1953-11-11,,,0.0,0.0,0.0
1953-11-12,,,0.0,0.0,0.0
1953-11-13,,,0.0,0.0,0.0
1953-11-14,,,0.0,0.0,0.0
1953-11-15,,,0.0,0.0,0.0
1953-11-16,,,0.0,0.0,0.0
1953-11-17,,,0.0,0.0,0.0
1953-11-18,,,0.0,0.0,0.0
1953-11-19,,,0.0,0.0,0.0
1953-11-20,,,0.0,0.0,0.0
1953-11-21,,,124.0,0.0,0.0
1953-11-22,,,0.0,0.0,0.0
1953-11-23,,,224.0,0.0,0.0
1953-11-24,,,0.0,0.0,0.0
1953-11-25,,,132.0,0.0,0.0
1953-11-26,,,25.0,0.0,0.0
1953-11-27,,,0.0,0.0,0.0
1953-11-28,,,0.0,0.0,0.0
1953-11-29,,,0.0,0.0,0.0
1953-11-30,,,0.0,0.0,0.0
1953-12-01,,,0.0,0.0,0.0
1953-12-02,,,0.0,0.0,0.0
1953-12-03,,,0.0,0.0,0.0
1953-12-04,,,211.0,0.0,0.0
1953-12-05,,,8.0,0.0,0.0
1953-12-06,,,3.0,0.0,0.0
1953-12-07,,,79.0,0.0,0.0
1953-12-08,,,0.0,0.0,0.0
1953-12-09,,,213.0,0.0,0.0
1953-12-10,,,381.0,0.0,0.0
1953-12-11,,,0.0,0.0,0.0
1953-12-12,,,150.0,0.0,0.0
1953-12-13,,,13.0,0.0,0.0
1953-12-14,,,206.0,,
1953-12-15,,,51.0,,
1953-12-16,,,0.0,0.0,0.0
1953-12-17,,,0.0,0.0,0.0
1953-12-18,,,0.0,0.0,0.0
1953-12-19,,,0.0,0.0,0.0
1953-12-20,,,0.0,0.0,0.0
1953-12-21,,,89.0,0.0,0.0
1953-12-22,,,74.0,0.0,0.0
1953-12-23,,,10.0,0.0,0.0
1953-12-24,,,0.0,0.0,0.0
1953-12-25,,,0.0,0.0,0.0
1953-12-26,,,0.0,0.0,0.0
1953-12-27,,,0.0,0.0,0.0
1953-12-28,,,0.0,0.0,0.0
1953-12-29,,,163.0,0.0,0.0
1953-12-30,,,23.0,0.0,0.0
1953-12-31,,,10.0,0.0,0.0
1954-01-01,,,0.0,0.0,0.0
1954-01-02,,,0.0,0.0,0.0
1954-01-03,,,38.0,0.0,0.0
1954-01-04,,,0.0,0.0,0.0
1954-01-05,,,0.0,0.0,0.0
1954-01-06,,,0.0,0.0,0.0
1954-01-07,,,0.0,0.0,0.0
1954-01-08,,,0.0,0.0,0.0
1954-01-09,,,0.0,0.0,0.0
1954-01-10,,,0.0,0.0,0.0
1954-01-11,,,160.0,,
1954-01-12,,,86.0,0.0,0.0
1954-01-13,,,0.0,0.0,0.0
1954-01-14,,,0.0,0.0,0.0
1954-01-15,,,493.0,0.0,0.0
1954-01-16,,,897.0,0.0,0.0
1954-01-17,,,0.0,0.0,0.0
1954-01-18,,,0.0,0.0,0.0
1954-01-19,,,0.0,0.0,0.0
1954-01-20,,,0.0,0.0,0.0
1954-01-21,,,732.0,0.0,0.0
1954-01-22,,,503.0,0.0,0.0
1954-01-23,,,81.0,0.0,0.0
1954-01-24,,,0.0,0.0,0.0
1954-01-25,,,0.0,0.0,0.0
1954-01-26,,,0.0,0.0,0.0
1954-01-27,,,76.0,0.0,0.0
1954-01-28,,,8.0,0.0,0.0
1954-01-29,,,0.0,0.0,0.0
1954-01-30,,,0.0,0.0,0.0
1954-01-31,,,0.0,0.0,0.0
1954-02-01,,,0.0,0.0,0.0
1954-02-02,,,0.0,0.0,0.0
1954-02-03,,,0.0,0.0,0.0
1954-02-04,,,28.0,0.0,0.0
1954-02-05,,,0.0,0.0,0.0
1954-02-06,,,0.0,0.0,0.0
1954-02-07,,,0.0,0.0,0.0
1954-02-08,,,0.0,0.0,0.0
1954-02-09,,,0.0,0.0,0.0
1954-02-10,,,0.0,0.0,0.0
1954-02-11,,,0.0,0.0,0.0
1954-02-12,,,61.0,0.0,0.0
1954-02-13,,,0.0,0.0,0.0
1954-02-14,,,0.0,0.0,0.0
1954-02-15,,,0.0,0.0,0.0
1954-02-16,,,0.0,0.0,0.0
1954-02-17,,,178.0,0.0,0.0
1954-02-18,,,0.0,0.0,0.0
1954-02-19,,,0.0,0.0,0.0
1954-02-20,,,15.0,0.0,0.0
1954-02-21,,,345.0,0.0,0.0
1954-02-22,,,0.0,0.0,0.0
1954-02-23,,,0.0,0.0,0.0
1954-02-24,,,91.0,0.0,0.0
1954-02-25,,,0.0,0.0,0.0
1954-02-26,,,0.0,0.0,0.0
1954-02-27,,,0.0,0.0,0.0
1954-02-28,,,124.0,0.0,0.0
1954-03-01,,,236.0,0.0,0.0
1954-03-02,,,0.0,0.0,0.0
1954-03-03,,,91.0,0.0,0.0
1954-03-04,,,0.0,0.0,0.0
1954-03-05,,,0.0,0.0,0.0
1954-03-06,,,0.0,0.0,0.0
1954-03-07,,,0.0,0.0,0.0
1954-03-08,,,0.0,0.0,0.0
1954-03-09,,,0.0,0.0,0.0
1954-03-10,,,0.0,0.0,0.0
1954-03-11,,,0.0,0.0,0.0
1954-03-12,,,0.0,0.0,0.0
1954-03-13,,,51.0,0.0,0.0
1954-03-14,,,584.0,0.0,0.0
1954-03-15,,,0.0,0.0,0.0
1954-03-16,,,0.0,0.0,0.0
1954-03-17,,,0.0,0.0,0.0
1954-03-18,,,0.0,0.0,0.0
1954-03-19,,,0.0,0.0,0.0
1954-03-20,,,188.0,0.0,0.0
1954-03-21,,,0.0,0.0,0.0
1954-03-22,,,0.0,0.0,0.0
1954-03-23,,,64.0,0.0,0.0
1954-03-24,,,340.0,0.0,0.0
1954-03-25,,,51.0,0.0,0.0
1954-03-26,,,203.0,0.0,0.0
1954-03-27,,,0.0,0.0,0.0
1954-03-28,,,86.0,0.0,0.0
1954-03-29,,,0.0,0.0,0.0
1954-03-30,,,0.0,0.0,0.0
1954-03-31,,,81.0,0.0,0.0
1954-04-01,,,221.0,0.0,0.0
1954-04-02,,,0.0,0.0,0.0
1954-04-03,,,0.0,0.0,0.0
1954-04-04,,,0.0,0.0,0.0
1954-04-05,,,0.0,0.0,0.0
1954-04-06,,,0.0,0.0,0.0
1954-04-07,,,5.0,0.0,0.0
1954-04-08,,,0.0,0.0,0.0
1954-04-09,,,74.0,0.0,0.0
1954-04-10,,,3.0,0.0,0.0
1954-04-11,,,0.0,0.0,0.0
1954-04-12,,,8.0,0.0,0.0
1954-04-13,,,0.0,0.0,0.0
1954-04-14,,,69.0,0.0,0.0
1954-04-15,,,36.0,0.0,0.0
1954-04-16,,,0.0,0.0,0.0
1954-04-17,,,246.0,0.0,0.0
1954-04-18,,,0.0,0.0,0.0
1954-04-19,,,0.0,0.0,0.0
1954-04-20,,,0.0,0.0,0.0
1954-04-21,,,0.0,0.0,0.0
1954-04-22,,,0.0,0.0,0.0
1954-04-23,,,0.0,0.0,0.0
1954-04-24,,,0.0,0.0,0.0
1954-04-25,,,46.0,0.0,0.0
1954-04-26,,,0.0,0.0,0.0
1954-04-27,,,145.0,0.0,0.0
1954-04-28,,,0.0,0.0,0.0
1954-04-29,,,165.0,0.0,0.0
1954-04-30,,,76.0,0.0,0.0
1954-05-01,,,0.0,0.0,0.0
1954-05-02,,,0.0,0.0,0.0
1954-05-03,,,198.0,0.0,0.0
1954-05-04,,,104.0,0.0,0.0
1954-05-05,,,0.0,0.0,0.0
1954-05-06,,,0.0,0.0,0.0
1954-05-07,,,0.0,0.0,0.0
1954-05-08,,,206.0,0.0,0.0
1954-05-09,,,13.0,0.0,0.0
1954-05-10,,,0.0,0.0,0.0
1954-05-11,,,0.0,0.0,0.0
1954-05-12,,,0.0,0.0,0.0
1954-05-13,,,3.0,0.0,0.0
1954-05-14,,,170.0,0.0,0.0
1954-05-15,,,91.0,0.0,0.0
1954-05-16,,,3.0,0.0,0.0
1954-05-17,,,0.0,0.0,0.0
1954-05-18,,,0.0,0.0,0.0
1954-05-19,,,71.0,0.0,0.0
1954-05-20,,,43.0,0.0,0.0
1954-05-21,,,81.0,0.0,0.0
1954-05-22,,,0.0,0.0,0.0
1954-05-23,,,0.0,0.0,0.0
1954-05-24,,,0.0,0.0,0.0
1954-05-25,,,0.0,0.0,0.0
1954-05-26,,,0.0,0.0,0.0
1954-05-27,,,0.0,0.0,0.0
1954-05-28,,,0.0,0.0,0.0
1954-05-29,,,38.0,0.0,0.0
1954-05-30,,,0.0,0.0,0.0
1954-05-31,,,0.0,0.0,0.0
1954-06-01,,,3.0,0.0,0.0
1954-06-02,,,798.0,0.0,0.0
1954-06-03,,,180.0,0.0,0.0
1954-06-04,,,104.0,0.0,0.0
1954-06-05,,,0.0,0.0,0.0
1954-06-06,,,0.0,0.0,0.0
1954-06-07,,,0.0,0.0,0.0
1954-06-08,,,0.0,0.0,0.0
1954-06-09,,,0.0,0.0,0.0
1954-06-10,,,0.0,0.0,0.0
1954-06-11,,,0.0,0.0,0.0
1954-06-12,,,0.0,0.0,0.0
1954-06-13,,,0.0,0.0,0.0
1954-06-14,,,30.0,0.0,0.0
1954-06-15,,,122.0,0.0,0.0
1954-06-16,,,0.0,0.0,0.0
1954-06-17,,,38.0,0.0,0.0
1954-06-18,,,25.0,0.0,0.0
1954-06-19,,,66.0,0.0,0.0
1954-06-20,,,0.0,0.0,0.0
1954-06-21,,,0.0,0.0,0.0
1954-06-22,,,0.0,0.0,0.0
1954-06-23,,,0.0,0.0,0.0
1954-06-24,,,0.0,0.0,0.0
1954-06-25,,,0.0,0.0,0.0
1954-06-26,,,0.0,0.0,0.0
1954-06-27,,,0.0,0.0,0.0
1954-06-28,,,0.0,0.0,0.0
1954-06-29,,,0.0,0.0,0.0
1954-06-30,,,0.0,0.0,0.0
1954-07-01,,,0.0,0.0,0.0
1954-07-02,,,0.0,0.0,0.0
1954-07-03,,,10.0,0.0,0.0
1954-07-04,,,20.0,0.0,0.0
1954-07-05,,,0.0,0.0,0.0
1954-07-06,,,201.0,0.0,0.0
1954-07-07,,,0.0,0.0,0.0
1954-07-08,,,5.0,0.0,0.0
1954-07-09,,,0.0,0.0,0.0
1954-07-10,,,10.0,0.0,0.0
1954-07-11,,,0.0,0.0,0.0
1954-07-12,,,0.0,0.0,0.0
1954-07-13,,,0.0,0.0,0.0
1954-07-14,,,0.0,0.0,0.0
1954-07-15,,,0.0,0.0,0.0
1954-07-16,,,0.0,0.0,0.0
1954-07-17,,,0.0,0.0,0.0
1954-07-18,,,0.0,0.0,0.0
1954-07-19,,,43.0,0.0,0.0
1954-07-20,,,0.0,0.0,0.0
1954-07-21,,,0.0,0.0,0.0
1954-07-22,,,130.0,0.0,0.0
1954-07-23,,,0.0,0.0,0.0
1954-07-24,,,0.0,0.0,0.0
1954-07-25,,,0.0,0.0,0.0
1954-07-26,,,23.0,0.0,0.0
1954-07-27,,,0.0,0.0,0.0
1954-07-28,,,0.0,0.0,0.0
1954-07-29,,,30.0,0.0,0.0
1954-07-30,,,0.0,0.0,0.0
1954-07-31,,,0.0,0.0,0.0
1954-08-01,,,170.0,0.0,0.0
1954-08-02,,,33.0,0.0,0.0
1954-08-03,,,10.0,0.0,0.0
1954-08-04,,,0.0,0.0,0.0
1954-08-05,,,0.0,0.0,0.0
1954-08-06,,,41.0,0.0,0.0
1954-08-07,,,5.0,0.0,0.0
1954-08-08,,,0.0,0.0,0.0
1954-08-09,,,518.0,0.0,0.0
1954-08-10,,,3.0,0.0,0.0
1954-08-11,,,0.0,0.0,0.0
1954-08-12,,,0.0,0.0,0.0
1954-08-13,,,3.0,0.0,0.0
1954-08-14,,,0.0,0.0,0.0
1954-08-15,,,0.0,0.0,0.0
1954-08-16,,,0.0,0.0,0.0
1954-08-17,,,0.0,0.0,0.0
1954-08-18,,,0.0,0.0,0.0
1954-08-19,,,0.0,0.0,0.0
1954-08-20,,,0.0,0.0,0.0
1954-08-21,,,56.0,0.0,0.0
1954-08-22,,,71.0,0.0,0.0
1954-08-23,,,8.0,0.0,0.0
1954-08-24,,,0.0,0.0,0.0
1954-08-25,,,74.0,0.0,0.0
1954-08-26,,,0.0,0.0,0.0
1954-08-27,,,0.0,0.0,0.0
1954-08-28,,,0.0,0.0,0.0
1954-08-29,,,0.0,0.0,0.0
1954-08-30,,,0.0,0.0,0.0
1954-08-31,,,0.0,0.0,0.0
1954-09-01,,,0.0,0.0,0.0
1954-09-02,,,0.0,0.0,0.0
1954-09-03,,,0.0,0.0,0.0
1954-09-04,,,0.0,0.0,0.0
1954-09-05,,,0.0,0.0,0.0
1954-09-06,,,0.0,0.0,0.0
1954-09-07,,,0.0,0.0,0.0
1954-09-08,,,0.0,0.0,0.0
1954-09-09,,,0.0,0.0,0.0
1954-09-10,,,0.0,0.0,0.0
1954-09-11,,,43.0,0.0,0.0
1954-09-12,,,0.0,0.0,0.0
1954-09-13,,,0.0,0.0,0.0
1954-09-14,,,0.0,0.0,0.0
1954-09-15,,,0.0,0.0,0.0
1954-09-16,,,0.0,0.0,0.0
1954-09-17,,,0.0,0.0,0.0
1954-09-18,,,0.0,0.0,0.0
1954-09-19,,,0.0,0.0,0.0
1954-09-20,,,0.0,0.0,0.0
1954-09-21,,,229.0,0.0,0.0
1954-09-22,,,8.0,0.0,0.0
1954-09-23,,,0.0,0.0,0.0
1954-09-24,,,0.0,0.0,0.0
1954-09-25,,,0.0,0.0,0.0
1954-09-26,,,0.0,0.0,0.0
1954-09-27,,,0.0,0.0,0.0
1954-09-28,,,0.0,0.0,0.0
1954-09-29,,,0.0,0.0,0.0
1954-09-30,,,10.0,0.0,0.0
1954-10-01,,,18.0,0.0,0.0
1954-10-02,,,396.0,0.0,0.0
1954-10-03,,,0.0,0.0,0.0
1954-10-04,,,0.0,0.0,0.0
1954-10-05,,,0.0,0.0,0.0
1954-10-06,,,0.0,0.0,0.0
1954-10-07,,,3.0,0.0,0.0
1954-10-08,,,0.0,0.0,0.0
1954-10-09,,,0.0,0.0,0.0
1954-10-10,,,0.0,0.0,0.0
1954-10-11,,,0.0,0.0,0.0
1954-10-12,,,0.0,0.0,0.0
1954-10-13,,,0.0,0.0,0.0
1954-10-14,,,5.0,0.0,0.0
1954-10-15,,,5.0,0.0,0.0
1954-10-16,,,0.0,0.0,0.0
1954-10-17,,,0.0,0.0,0.0
1954-10-18,,,0.0,0.0,0.0
1954-10-19,,,0.0,0.0,0.0
1954-10-20,,,0.0,0.0,0.0
1954-10-21,,,0.0,0.0,0.0
1954-10-22,,,0.0,0.0,0.0
1954-10-23,,,0.0,0.0,0.0
1954-10-24,,,0.0,0.0,0.0
1954-10-25,,,0.0,0.0,0.0
1954-10-26,,,0.0,0.0,0.0
1954-10-27,,,0.0,0.0,0.0
1954-10-28,,,0.0,0.0,0.0
1954-10-29,,,97.0,0.0,0.0
1954-10-30,,,23.0,0.0,0.0
1954-10-31,,,0.0,0.0,0.0
1954-11-01,,,3.0,0.0,0.0
1954-11-02,,,86.0,0.0,0.0
1954-11-03,,,0.0,0.0,0.0
1954-11-04,,,8.0,0.0,0.0
1954-11-05,,,140.0,0.0,0.0
1954-11-06,,,0.0,0.0,0.0
1954-11-07,,,0.0,0.0,0.0
1954-11-08,,,0.0,0.0,0.0
1954-11-09,,,0.0,0.0,0.0
1954-11-10,,,0.0,0.0,0.0
1954-11-11,,,0.0,0.0,0.0
1954-11-12,,,0.0,0.0,0.0
1954-11-13,,,0.0,0.0,0.0
1954-11-14,,,0.0,0.0,0.0
1954-11-15,,,5.0,0.0,0.0
1954-11-16,,,198.0,0.0,0.0
1954-11-17,,,8.0,0.0,0.0
1954-11-18,,,0.0,0.0,0.0
1954-11-19,,,41.0,0.0,0.0
1954-11-20,,,109.0,0.0,0.0
1954-11-21,,,13.0,0.0,0.0
1954-11-22,,,0.0,0.0,0.0
1954-11-23,,,13.0,0.0,0.0
1954-11-24,,,28.0,0.0,0.0
1954-11-25,,,0.0,0.0,0.0
1954-11-26,,,0.0,0.0,0.0
1954-11-27,,,0.0,0.0,0.0
1954-11-28,,,109.0,0.0,0.0
1954-11-29,,,264.0,0.0,0.0
1954-11-30,,,0.0,0.0,0.0
1954-12-01,,,0.0,0.0,0.0
1954-12-02,,,0.0,0.0,0.0
1954-12-03,,,0.0,0.0,0.0
1954-12-04,,,0.0,0.0,0.0
1954-12-05,,,0.0,0.0,0.0
1954-12-06,,,432.0,0.0,0.0
1954-12-07,,,0.0,0.0,0.0
1954-12-08,,,0.0,0.0,0.0
1954-12-09,,,175.0,0.0,0.0
1954-12-10,,,8.0,0.0,0.0
1954-12-11,,,0.0,0.0,0.0
1954-12-12,,,0.0,0.0,0.0
1954-12-13,,,76.0,0.0,0.0
1954-12-14,,,5.0,0.0,0.0
1954-12-15,,,0.0,0.0,0.0
1954-12-16,,,10.0,0.0,0.0
1954-12-17,,,0.0,0.0,0.0
1954-12-18,,,290.0,0.0,0.0
1954-12-19,,,23.0,0.0,0.0
1954-12-20,,,43.0,0.0,0.0
1954-12-21,,,0.0,0.0,0.0
1954-12-22,,,0.0,0.0,0.0
1954-12-23,,,0.0,0.0,0.0
1954-12-24,,,0.0,0.0,0.0
1954-12-25,,,0.0,0.0,0.0
1954-12-26,,,0.0,0.0,0.0
1954-12-27,,,0.0,0.0,0.0
1954-12-28,,,8.0,0.0,0.0
1954-12-29,,,381.0,0.0,0.0
1954-12-30,,,107.0,0.0,0.0
1954-12-31,,,0.0,0.0,0.0
1955-01-01,,,5.0,0.0,0.0
1955-01-02,,,30.0,0.0,0.0
1955-01-03,,,0.0,0.0,0.0
1955-01-04,,,0.0,0.0,0.0
1955-01-05,,,0.0,0.0,0.0
1955-01-06,,,15.0,0.0,0.0
1955-01-07,,,0.0,0.0,0.0
1955-01-08,,,0.0,0.0,0.0
1955-01-09,,,46.0,0.0,0.0
1955-01-10,,,30.0,0.0,0.0
1955-01-11,,,180.0,0.0,0.0
1955-01-12,,,0.0,0.0,0.0
1955-01-13,,,0.0,0.0,0.0
1955-01-14,,,0.0,0.0,0.0
1955-01-15,,,28.0,0.0,0.0
1955-01-16,,,36.0,0.0,0.0
1955-01-17,,,0.0,0.0,0.0
1955-01-18,,,0.0,0.0,0.0
1955-01-19,,,201.0,0.0,0.0
1955-01-20,,,0.0,0.0,0.0
1955-01-21,,,0.0,0.0,0.0
1955-01-22,,,76.0,0.0,0.0
1955-01-23,,,0.0,0.0,0.0
1955-01-24,,,0.0,0.0,0.0
1955-01-25,,,0.0,0.0,0.0
1955-01-26,,,0.0,0.0,0.0
1955-01-27,,,0.0,0.0,0.0
1955-01-28,,,0.0,0.0,0.0
1955-01-29,,,0.0,0.0,0.0
1955-01-30,,,0.0,0.0,0.0
1955-01-31,,,0.0,0.0,0.0
1955-02-01,,,0.0,,
1955-02-02,,,239.0,,
1955-02-03,,,0.0,,
1955-02-04,,,0.0,,
1955-02-05,,,0.0,,
1955-02-06,,,612.0,,
1955-02-07,,,305.0,,
1955-02-08,,,0.0,,
1955-02-09,,,0.0,,
1955-02-10,,,0.0,,
1955-02-11,,,130.0,,
1955-02-12,,,3.0,,
1955-02-13,,,0.0,,
1955-02-14,,,0.0,,
1955-02-15,,,0.0,,
1955-02-16,,,0.0,,
1955-02-17,,,132.0,,
1955-02-18,,,0.0,,
1955-02-19,,,0.0,,
1955-02-20,,,0.0,,
1955-02-21,,,0.0,,
1955-02-22,,,36.0,,
1955-02-23,,,594.0,,
1955-02-24,,,13.0,,
1955-02-25,,,33.0,,
1955-02-26,,,0.0,,
1955-02-27,,,0.0,,
1955-02-28,,,30.0,,
1955-03-01,,,48.0,0.0,0.0
1955-03-02,,,56.0,0.0,0.0
1955-03-03,,,0.0,0.0,0.0
1955-03-04,,,0.0,0.0,0.0
1955-03-05,,,61.0,0.0,0.0
1955-03-06,,,99.0,0.0,0.0
1955-03-07,,,89.0,0.0,0.0
1955-03-08,,,0.0,0.0,0.0
1955-03-09,,,0.0,0.0,0.0
1955-03-10,,,30.0,0.0,0.0
1955-03-11,,,51.0,0.0,0.0
1955-03-12,,,0.0,0.0,0.0
1955-03-13,,,30.0,0.0,0.0
1955-03-14,,,28.0,0.0,0.0
1955-03-15,,,0.0,0.0,0.0
1955-03-16,,,3.0,0.0,0.0
1955-03-17,,,81.0,0.0,0.0
1955-03-18,,,41.0,0.0,0.0
1955-03-19,,,130.0,0.0,0.0
1955-03-20,,,13.0,0.0,0.0
1955-03-21,,,0.0,0.0,0.0
1955-03-22,,,394.0,0.0,0.0
1955-03-23,,,0.0,0.0,0.0
1955-03-24,,,0.0,0.0,0.0
1955-03-25,,,41.0,0.0,0.0
1955-03-26,,,135.0,0.0,0.0
1955-03-27,,,0.0,0.0,0.0
1955-03-28,,,0.0,0.0,0.0
1955-03-29,,,0.0,0.0,0.0
1955-03-30,,,0.0,0.0,0.0
1955-03-31,,,0.0,0.0,0.0
1955-04-01,,,0.0,0.0,0.0
1955-04-02,,,36.0,0.0,0.0
1955-04-03,,,135.0,0.0,0.0
1955-04-04,,,0.0,0.0,0.0
1955-04-05,,,0.0,0.0,0.0
1955-04-06,,,330.0,0.0,0.0
1955-04-07,,,284.0,0.0,0.0
1955-04-08,,,0.0,0.0,0.0
1955-04-09,,,0.0,0.0,0.0
1955-04-10,,,0.0,0.0,0.0
1955-04-11,,,147.0,0.0,0.0
1955-04-12,,,0.0,0.0,0.0
1955-04-13,,,0.0,0.0,0.0
1955-04-14,,,130.0,0.0,0.0
1955-04-15,,,0.0,0.0,0.0
1955-04-16,,,0.0,0.0,0.0
1955-04-17,,,0.0,0.0,0.0
1955-04-18,,,0.0,0.0,0.0
1955-04-19,,,0.0,0.0,0.0
1955-04-20,,,0.0,0.0,0.0
1955-04-21,,,3.0,0.0,0.0
1955-04-22,,,48.0,0.0,0.0
1955-04-23,,,0.0,0.0,0.0
1955-04-24,,,66.0,0.0,0.0
1955-04-25,,,140.0,0.0,0.0
1955-04-26,,,0.0,0.0,0.0
1955-04-27,,,0.0,0.0,0.0
1955-04-28,,,0.0,0.0,0.0
1955-04-29,,,0.0,0.0,0.0
1955-04-30,,,0.0,0.0,0.0
1955-05-01,,,0.0,0.0,0.0
1955-05-02,,,0.0,0.0,0.0
1955-05-03,,,0.0,0.0,0.0
1955-05-04,,,0.0,0.0,0.0
1955-05-05,,,0.0,0.0,0.0
1955-05-06,,,0.0,0.0,0.0
1955-05-07,,,0.0,0.0,0.0
1955-05-08,,,0.0,0.0,0.0
1955-05-09,,,0.0,0.0,0.0
1955-05-10,,,0.0,0.0,0.0
1955-05-11,,,0.0,0.0,0.0
1955-05-12,,,8.0,0.0,0.0
1955-05-13,,,254.0,0.0,0.0
1955-05-14,,,51.0,0.0,0.0
1955-05-15,,,0.0,0.0,0.0
1955-05-16,,,74.0,0.0,0.0
1955-05-17,,,211.0,0.0,0.0
1955-05-18,,,0.0,0.0,0.0
1955-05-19,,,8.0,0.0,0.0
1955-05-20,,,0.0,0.0,0.0
1955-05-21,,,46.0,0.0,0.0
1955-05-22,,,28.0,0.0,0.0
1955-05-23,,,419.0,0.0,0.0
1955-05-24,,,13.0,0.0,0.0
1955-05-25,,,79.0,0.0,0.0
1955-05-26,,,5.0,0.0,0.0
1955-05-27,,,8.0,0.0,0.0
1955-05-28,,,0.0,0.0,0.0
1955-05-29,,,23.0,0.0,0.0
1955-05-30,,,0.0,0.0,0.0
1955-05-31,,,0.0,0.0,0.0
1955-06-01,,,0.0,0.0,0.0
1955-06-02,,,0.0,0.0,0.0
1955-06-03,,,0.0,0.0,0.0
1955-06-04,,,0.0,0.0,0.0
1955-06-05,,,0.0,0.0,0.0
1955-06-06,,,0.0,0.0,0.0
1955-06-07,,,36.0,0.0,0.0
1955-06-08,,,13.0,0.0,0.0
1955-06-09,,,305.0,0.0,0.0
1955-06-10,,,0.0,0.0,0.0
1955-06-11,,,117.0,0.0,0.0
1955-06-12,,,0.0,0.0,0.0
1955-06-13,,,0.0,0.0,0.0
1955-06-14,,,0.0,0.0,0.0
1955-06-15,,,0.0,0.0,0.0
1955-06-16,,,0.0,0.0,0.0
1955-06-17,,,0.0,0.0,0.0
1955-06-18,,,0.0,0.0,0.0
1955-06-19,,,0.0,0.0,0.0
1955-06-20,,,15.0,0.0,0.0
1955-06-21,,,20.0,0.0,0.0
1955-06-22,,,0.0,0.0,0.0
1955-06-23,,,5.0,0.0,0.0
1955-06-24,,,229.0,0.0,0.0
1955-06-25,,,0.0,0.0,0.0
1955-06-26,,,18.0,0.0,0.0
1955-06-27,,,0.0,0.0,0.0
1955-06-28,,,0.0,0.0,0.0
1955-06-29,,,0.0,0.0,0.0
1955-06-30,,,0.0,0.0,0.0
1955-07-01,,,0.0,0.0,0.0
1955-07-02,,,0.0,0.0,0.0
1955-07-03,,,0.0,0.0,0.0
1955-07-04,,,97.0,0.0,0.0
1955-07-05,,,0.0,0.0,0.0
1955-07-06,,,56.0,0.0,0.0
1955-07-07,,,20.0,0.0,0.0
1955-07-08,,,0.0,0.0,0.0
1955-07-09,,,0.0,0.0,0.0
1955-07-10,,,333.0,0.0,0.0
1955-07-11,,,48.0,0.0,0.0
1955-07-12,,,10.0,0.0,0.0
1955-07-13,,,23.0,0.0,0.0
1955-07-14,,,56.0,0.0,0.0
1955-07-15,,,168.0,0.0,0.0
1955-07-16,,,58.0,0.0,0.0
1955-07-17,,,41.0,0.0,0.0
1955-07-18,,,0.0,0.0,0.0
1955-07-19,,,0.0,0.0,0.0
1955-07-20,,,0.0,0.0,0.0
1955-07-21,,,51.0,0.0,0.0
1955-07-22,,,76.0,0.0,0.0
1955-07-23,,,61.0,0.0,0.0
1955-07-24,,,168.0,0.0,0.0
1955-07-25,,,203.0,0.0,0.0
1955-07-26,,,13.0,0.0,0.0
1955-07-27,,,8.0,0.0,0.0
1955-07-28,,,0.0,0.0,0.0
1955-07-29,,,150.0,0.0,0.0
1955-07-30,,,33.0,0.0,0.0
1955-07-31,,,0.0,0.0,0.0
1955-08-01,,,69.0,0.0,0.0
1955-08-02,,,69.0,0.0,0.0
1955-08-03,,,0.0,0.0,0.0
1955-08-04,,,246.0,0.0,0.0
1955-08-05,,,366.0,0.0,0.0
1955-08-06,,,0.0,0.0,0.0
1955-08-07,,,0.0,0.0,0.0
1955-08-08,,,152.0,0.0,0.0
1955-08-09,,,0.0,0.0,0.0
1955-08-10,,,0.0,0.0,0.0
1955-08-11,,,0.0,0.0,0.0
1955-08-12,,,0.0,0.0,0.0
1955-08-13,,,0.0,0.0,0.0
1955-08-14,,,0.0,0.0,0.0
1955-08-15,,,282.0,0.0,0.0
1955-08-16,,,69.0,0.0,0.0
1955-08-17,,,0.0,0.0,0.0
1955-08-18,,,0.0,0.0,0.0
1955-08-19,,,0.0,0.0,0.0
1955-08-20,,,0.0,0.0,0.0
1955-08-21,,,0.0,0.0,0.0
1955-08-22,,,30.0,0.0,0.0
1955-08-23,,,5.0,0.0,0.0
1955-08-24,,,0.0,0.0,0.0
1955-08-25,,,0.0,0.0,0.0
1955-08-26,,,0.0,0.0,0.0
1955-08-27,,,0.0,0.0,0.0
1955-08-28,,,0.0,0.0,0.0
1955-08-29,,,0.0,0.0,0.0
1955-08-30,,,0.0,0.0,0.0
1955-08-31,,,69.0,0.0,0.0
1955-09-01,,,0.0,0.0,0.0
1955-09-02,,,0.0,0.0,0.0
1955-09-03,,,0.0,0.0,0.0
1955-09-04,,,0.0,0.0,0.0
1955-09-05,,,0.0,0.0,0.0
1955-09-06,,,0.0,0.0,0.0
1955-09-07,,,0.0,0.0,0.0
1955-09-08,,,0.0,0.0,0.0
1955-09-09,,,0.0,0.0,0.0
1955-09-10,,,0.0,0.0,0.0
1955-09-11,,,0.0,0.0,0.0
1955-09-12,,,0.0,0.0,0.0
1955-09-13,,,0.0,0.0,0.0
1955-09-14,,,0.0,0.0,0.0
1955-09-15,,,0.0,0.0,0.0
1955-09-16,,,0.0,0.0,0.0
1955-09-17,,,0.0,0.0,0.0
1955-09-18,,,0.0,0.0,0.0
1955-09-19,,,0.0,0.0,0.0
1955-09-20,,,0.0,0.0,0.0
1955-09-21,,,0.0,0.0,0.0
1955-09-22,,,0.0,0.0,0.0
1955-09-23,,,0.0,0.0,0.0
1955-09-24,,,0.0,0.0,0.0
1955-09-25,,,257.0,0.0,0.0
1955-09-26,,,0.0,0.0,0.0
1955-09-27,,,0.0,0.0,0.0
1955-09-28,,,0.0,0.0,0.0
1955-09-29,,,193.0,0.0,0.0
1955-09-30,,,20.0,0.0,0.0
1955-10-01,,,152.0,0.0,0.0
1955-10-02,,,3.0,0.0,0.0
1955-10-03,,,0.0,0.0,0.0
1955-10-04,,,0.0,0.0,0.0
1955-10-05,,,0.0,0.0,0.0
1955-10-06,,,0.0,0.0,0.0
1955-10-07,,,28.0,0.0,0.0
1955-10-08,,,869.0,0.0,0.0
1955-10-09,,,0.0,0.0,0.0
1955-10-10,,,0.0,0.0,0.0
1955-10-11,,,0.0,0.0,0.0
1955-10-12,,,0.0,0.0,0.0
1955-10-13,,,5.0,0.0,0.0
1955-10-14,,,58.0,0.0,0.0
1955-10-15,,,10.0,0.0,0.0
1955-10-16,,,0.0,0.0,0.0
1955-10-17,,,0.0,0.0,0.0
1955-10-18,,,0.0,0.0,0.0
1955-10-19,,,15.0,0.0,0.0
1955-10-20,,,0.0,0.0,0.0
1955-10-21,,,0.0,0.0,0.0
1955-10-22,,,0.0,0.0,0.0
1955-10-23,,,0.0,0.0,0.0
1955-10-24,,,0.0,0.0,0.0
1955-10-25,,,0.0,0.0,0.0
1955-10-26,,,0.0,0.0,0.0
1955-10-27,,,0.0,0.0,0.0
1955-10-28,,,0.0,0.0,0.0
1955-10-29,,,188.0,0.0,0.0
1955-10-30,,,0.0,0.0,0.0
1955-10-31,,,0.0,0.0,0.0
1955-11-01,,,0.0,0.0,0.0
1955-11-02,,,0.0,0.0,0.0
1955-11-03,,,25.0,0.0,0.0
1955-11-04,,,0.0,0.0,0.0
1955-11-05,,,0.0,0.0,0.0
1955-11-06,,,0.0,0.0,0.0
1955-11-07,,,81.0,0.0,0.0
1955-11-08,,,0.0,0.0,0.0
1955-11-09,,,0.0,0.0,0.0
1955-11-10,,,0.0,0.0,0.0
1955-11-11,,,51.0,0.0,0.0
1955-11-12,,,0.0,0.0,0.0
1955-11-13,,,5.0,0.0,0.0
1955-11-14,,,58.0,0.0,0.0
1955-11-15,,,112.0,0.0,0.0
1955-11-16,,,0.0,0.0,0.0
1955-11-17,,,124.0,0.0,0.0
1955-11-18,,,0.0,0.0,0.0
1955-11-19,,,178.0,0.0,0.0
1955-11-20,,,0.0,0.0,0.0
1955-11-21,,,0.0,0.0,0.0
1955-11-22,,,0.0,0.0,0.0
1955-11-23,,,66.0,0.0,0.0
1955-11-24,,,239.0,0.0,0.0
1955-11-25,,,28.0,0.0,0.0
1955-11-26,,,61.0,0.0,0.0
1955-11-27,,,0.0,0.0,0.0
1955-11-28,,,0.0,0.0,0.0
1955-11-29,,,0.0,0.0,0.0
1955-11-30,,,0.0,0.0,0.0
1955-12-01,,,0.0,,
1955-12-02,,,94.0,,
1955-12-03,,,28.0,,
1955-12-04,,,262.0,,
1955-12-05,,,79.0,,
1955-12-06,,,0.0,,
1955-12-07,,,0.0,,
1955-12-08,,,0.0,,
1955-12-09,,,107.0,,
1955-12-10,,,8.0,,
1955-12-11,,,0.0,,
1955-12-12,,,0.0,,
1955-12-13,,,0.0,,
1955-12-14,,,0.0,,
1955-12-15,,,0.0,,
1955-12-16,,,0.0,,
1955-12-17,,,0.0,,
1955-12-18,,,122.0,,
1955-12-19,,,66.0,,
1955-12-20,,,0.0,,
1955-12-21,,,0.0,,
1955-12-22,,,0.0,,
1955-12-23,,,0.0,,
1955-12-24,,,0.0,,
1955-12-25,,,0.0,,
1955-12-26,,,0.0,,
1955-12-27,,,0.0,,
1955-12-28,,,0.0,,
1955-12-29,,,51.0,,
1955-12-30,,,51.0,,
1955-12-31,,,0.0,,
1956-01-01,,,0.0,,
1956-01-02,,,0.0,,
1956-01-03,,,0.0,,
1956-01-04,,,0.0,,
1956-01-05,,,0.0,,
1956-01-06,,,0.0,,
1956-01-07,,,0.0,,
1956-01-08,,,0.0,,
1956-01-09,,,0.0,,
1956-01-10,,,0.0,,
1956-01-11,,,0.0,,
1956-01-12,,,0.0,,
1956-01-13,,,0.0,,
1956-01-14,,,0.0,,
1956-01-15,,,0.0,,
1956-01-16,,,0.0,,
1956-01-17,,,5.0,,
1956-01-18,,,0.0,,
1956-01-19,,,170.0,,
1956-01-20,,,25.0,,
1956-01-21,,,0.0,,
1956-01-22,,,0.0,,
1956-01-23,,,48.0,,
1956-01-24,,,188.0,,
1956-01-25,,,0.0,,
1956-01-26,,,0.0,,
1956-01-27,,,0.0,,
1956-01-28,,,10.0,,
1956-01-29,,,30.0,,
1956-01-30,,,147.0,,
1956-01-31,,,23.0,,
1956-02-01,,,0.0,0.0,0.0
1956-02-02,,,140.0,0.0,0.0
1956-02-03,,,470.0,0.0,0.0
1956-02-04,,,221.0,0.0,0.0
1956-02-05,,,79.0,0.0,0.0
1956-02-06,,,185.0,0.0,0.0
1956-02-07,,,76.0,0.0,0.0
1956-02-08,,,0.0,0.0,0.0
1956-02-09,,,76.0,0.0,0.0
1956-02-10,,,0.0,0.0,0.0
1956-02-11,,,97.0,0.0,0.0
1956-02-12,,,0.0,0.0,0.0
1956-02-13,,,36.0,0.0,0.0
1956-02-14,,,0.0,0.0,0.0
1956-02-15,,,5.0,0.0,0.0
1956-02-16,,,30.0,0.0,0.0
1956-02-17,,,183.0,0.0,0.0
1956-02-18,,,343.0,0.0,0.0
1956-02-19,,,0.0,0.0,0.0
1956-02-20,,,523.0,0.0,0.0
1956-02-21,,,0.0,0.0,0.0
1956-02-22,,,0.0,0.0,0.0
1956-02-23,,,0.0,0.0,0.0
1956-02-24,,,66.0,0.0,0.0
1956-02-25,,,43.0,0.0,0.0
1956-02-26,,,140.0,0.0,0.0
1956-02-27,,,48.0,0.0,0.0
1956-02-28,,,61.0,0.0,0.0
1956-02-29,,,0.0,0.0,0.0
1956-03-01,,,0.0,0.0,0.0
1956-03-02,,,157.0,0.0,0.0
1956-03-03,,,0.0,0.0,0.0
1956-03-04,,,81.0,0.0,0.0
1956-03-05,,,0.0,0.0,0.0
1956-03-06,,,30.0,0.0,0.0
1956-03-07,,,0.0,0.0,0.0
1956-03-08,,,140.0,0.0,0.0
1956-03-09,,,0.0,0.0,0.0
1956-03-10,,,0.0,0.0,0.0
1956-03-11,,,25.0,0.0,0.0
1956-03-12,,,0.0,0.0,0.0
1956-03-13,,,109.0,0.0,0.0
1956-03-14,,,315.0,0.0,0.0
1956-03-15,,,0.0,0.0,0.0
1956-03-16,,,257.0,0.0,0.0
1956-03-17,,,20.0,0.0,0.0
1956-03-18,,,0.0,0.0,0.0
1956-03-19,,,0.0,0.0,0.0
1956-03-20,,,0.0,0.0,0.0
1956-03-21,,,0.0,0.0,0.0
1956-03-22,,,0.0,0.0,0.0
1956-03-23,,,0.0,0.0,0.0
1956-03-24,,,0.0,0.0,0.0
1956-03-25,,,38.0,0.0,0.0
1956-03-26,,,0.0,0.0,0.0
1956-03-27,,,0.0,0.0,0.0
1956-03-28,,,0.0,0.0,0.0
1956-03-29,,,71.0,0.0,0.0
1956-03-30,,,0.0,0.0,0.0
1956-03-31,,,0.0,0.0,0.0
1956-04-01,,,0.0,,
1956-04-02,,,0.0,,
1956-04-03,,,3.0,,
1956-04-04,,,102.0,,
1956-04-05,,,0.0,,
1956-04-06,,,229.0,,
1956-04-07,,,74.0,,
1956-04-08,,,0.0,,
1956-04-09,,,0.0,,
1956-04-10,,,0.0,,
1956-04-11,,,122.0,,
1956-04-12,,,30.0,,
1956-04-13,,,0.0,,
1956-04-14,,,0.0,,
1956-04-15,,,23.0,,
1956-04-16,,,693.0,,
1956-04-17,,,5.0,,
1956-04-18,,,0.0,,
1956-04-19,,,0.0,,
1956-04-20,,,0.0,,
1956-04-21,,,0.0,,
1956-04-22,,,0.0,,
1956-04-23,,,0.0,,
1956-04-24,,,0.0,,
1956-04-25,,,0.0,,
1956-04-26,,,0.0,,
1956-04-27,,,0.0,,
1956-04-28,,,0.0,,
1956-04-29,,,0.0,,
1956-04-30,,,0.0,,
1956-05-01,,,18.0,0.0,0.0
1956-05-02,,,127.0,0.0,0.0
1956-05-03,,,180.0,0.0,0.0
1956-05-04,,,127.0,0.0,0.0
1956-05-05,,,0.0,0.0,0.0
1956-05-06,,,0.0,0.0,0.0
1956-05-07,,,259.0,0.0,0.0
1956-05-08,,,43.0,0.0,0.0
1956-05-09,,,0.0,0.0,0.0
1956-05-10,,,0.0,0.0,0.0
1956-05-11,,,0.0,0.0,0.0
1956-05-12,,,0.0,0.0,0.0
1956-05-13,,,0.0,0.0,0.0
1956-05-14,,,0.0,0.0,0.0
1956-05-15,,,0.0,0.0,0.0
1956-05-16,,,0.0,0.0,0.0
1956-05-17,,,0.0,0.0,0.0
1956-05-18,,,0.0,0.0,0.0
1956-05-19,,,0.0,0.0,0.0
1956-05-20,,,0.0,0.0,0.0
1956-05-21,,,0.0,0.0,0.0
1956-05-22,,,0.0,0.0,0.0
1956-05-23,,,0.0,0.0,0.0
1956-05-24,,,20.0,0.0,0.0
1956-05-25,,,0.0,0.0,0.0
1956-05-26,,,0.0,0.0,0.0
1956-05-27,,,0.0,0.0,0.0
1956-05-28,,,0.0,0.0,0.0
1956-05-29,,,0.0,0.0,0.0
1956-05-30,,,0.0,0.0,0.0
1956-05-31,,,5.0,0.0,0.0
1956-06-01,,,229.0,0.0,0.0
1956-06-02,,,5.0,0.0,0.0
1956-06-03,,,0.0,0.0,0.0
1956-06-04,,,0.0,0.0,0.0
1956-06-05,,,0.0,0.0,0.0
1956-06-06,,,0.0,0.0,0.0
1956-06-07,,,0.0,0.0,0.0
1956-06-08,,,0.0,0.0,0.0
1956-06-09,,,0.0,0.0,0.0
1956-06-10,,,25.0,0.0,0.0
1956-06-11,,,15.0,0.0,0.0
1956-06-12,,,0.0,0.0,0.0
1956-06-13,,,254.0,0.0,0.0
1956-06-14,,,76.0,0.0,0.0
1956-06-15,,,56.0,0.0,0.0
1956-06-16,,,0.0,0.0,0.0
1956-06-17,,,0.0,0.0,0.0
1956-06-18,,,0.0,0.0,0.0
1956-06-19,,,8.0,0.0,0.0
1956-06-20,,,157.0,0.0,0.0
1956-06-21,,,0.0,0.0,0.0
1956-06-22,,,0.0,0.0,0.0
1956-06-23,,,0.0,0.0,0.0
1956-06-24,,,97.0,0.0,0.0
1956-06-25,,,23.0,0.0,0.0
1956-06-26,,,0.0,0.0,0.0
1956-06-27,,,20.0,0.0,0.0
1956-06-28,,,0.0,0.0,0.0
1956-06-29,,,0.0,0.0,0.0
1956-06-30,,,0.0,0.0,0.0
1956-07-01,,,25.0,0.0,0.0
1956-07-02,,,109.0,0.0,0.0
1956-07-03,,,8.0,0.0,0.0
1956-07-04,,,0.0,0.0,0.0
1956-07-05,,,114.0,0.0,0.0
1956-07-06,,,8.0,0.0,0.0
1956-07-07,,,20.0,0.0,0.0
1956-07-08,,,8.0,0.0,0.0
1956-07-09,,,76.0,0.0,0.0
1956-07-10,,,165.0,0.0,0.0
1956-07-11,,,0.0,0.0,0.0
1956-07-12,,,0.0,0.0,0.0
1956-07-13,,,183.0,0.0,0.0
1956-07-14,,,8.0,0.0,0.0
1956-07-15,,,0.0,0.0,0.0
1956-07-16,,,211.0,0.0,0.0
1956-07-17,,,61.0,0.0,0.0
1956-07-18,,,0.0,0.0,0.0
1956-07-19,,,0.0,0.0,0.0
1956-07-20,,,0.0,0.0,0.0
1956-07-21,,,56.0,0.0,0.0
1956-07-22,,,30.0,0.0,0.0
1956-07-23,,,8.0,0.0,0.0
1956-07-24,,,5.0,0.0,0.0
1956-07-25,,,53.0,0.0,0.0
1956-07-26,,,0.0,0.0,0.0
1956-07-27,,,0.0,0.0,0.0
1956-07-28,,,0.0,0.0,0.0
1956-07-29,,,0.0,0.0,0.0
1956-07-30,,,8.0,0.0,0.0
1956-07-31,,,0.0,0.0,0.0
1956-08-01,,,0.0,0.0,0.0
1956-08-02,,,0.0,0.0,0.0
1956-08-03,,,0.0,0.0,0.0
1956-08-04,,,0.0,0.0,0.0
1956-08-05,,,0.0,0.0,0.0
1956-08-06,,,8.0,0.0,0.0
1956-08-07,,,0.0,0.0,0.0
1956-08-08,,,0.0,0.0,0.0
1956-08-09,,,0.0,0.0,0.0
1956-08-10,,,0.0,0.0,0.0
1956-08-11,,,0.0,0.0,0.0
1956-08-12,,,8.0,0.0,0.0
1956-08-13,,,0.0,0.0,0.0
1956-08-14,,,0.0,0.0,0.0
1956-08-15,,,41.0,0.0,0.0
1956-08-16,,,0.0,0.0,0.0
1956-08-17,,,0.0,0.0,0.0
1956-08-18,,,0.0,0.0,0.0
1956-08-19,,,0.0,0.0,0.0
1956-08-20,,,157.0,0.0,0.0
1956-08-21,,,259.0,0.0,0.0
1956-08-22,,,0.0,0.0,0.0
1956-08-23,,,0.0,0.0,0.0
1956-08-24,,,0.0,0.0,0.0
1956-08-25,,,0.0,0.0,0.0
1956-08-26,,,0.0,0.0,0.0
1956-08-27,,,0.0,0.0,0.0
1956-08-28,,,30.0,0.0,0.0
1956-08-29,,,0.0,0.0,0.0
1956-08-30,,,0.0,0.0,0.0
1956-08-31,,,48.0,0.0,0.0
1956-09-01,,,0.0,0.0,0.0
1956-09-02,,,0.0,0.0,0.0
1956-09-03,,,0.0,0.0,0.0
1956-09-04,,,0.0,0.0,0.0
1956-09-05,,,0.0,0.0,0.0
1956-09-06,,,0.0,0.0,0.0
1956-09-07,,,312.0,0.0,0.0
1956-09-08,,,0.0,0.0,0.0
1956-09-09,,,0.0,0.0,0.0
1956-09-10,,,0.0,0.0,0.0
1956-09-11,,,0.0,0.0,0.0
1956-09-12,,,0.0,0.0,0.0
1956-09-13,,,0.0,0.0,0.0
1956-09-14,,,0.0,0.0,0.0
1956-09-15,,,0.0,0.0,0.0
1956-09-16,,,0.0,0.0,0.0
1956-09-17,,,0.0,0.0,0.0
1956-09-18,,,66.0,0.0,0.0
1956-09-19,,,0.0,0.0,0.0
1956-09-20,,,0.0,0.0,0.0
1956-09-21,,,0.0,0.0,0.0
1956-09-22,,,0.0,0.0,0.0
1956-09-23,,,0.0,0.0,0.0
1956-09-24,,,165.0,0.0,0.0
1956-09-25,,,0.0,0.0,0.0
1956-09-26,,,211.0,0.0,0.0
1956-09-27,,,28.0,0.0,0.0
1956-09-28,,,0.0,0.0,0.0
1956-09-29,,,0.0,0.0,0.0
1956-09-30,,,0.0,0.0,0.0
1956-10-01,,,0.0,0.0,0.0
1956-10-02,,,0.0,0.0,0.0
1956-10-03,,,0.0,0.0,0.0
1956-10-04,,,28.0,0.0,0.0
1956-10-05,,,5.0,0.0,0.0
1956-10-06,,,0.0,0.0,0.0
1956-10-07,,,0.0,0.0,0.0
1956-10-08,,,0.0,0.0,0.0
1956-10-09,,,0.0,0.0,0.0
1956-10-10,,,0.0,0.0,0.0
1956-10-11,,,0.0,0.0,0.0
1956-10-12,,,0.0,0.0,0.0
1956-10-13,,,0.0,0.0,0.0
1956-10-14,,,0.0,0.0,0.0
1956-10-15,,,0.0,0.0,0.0
1956-10-16,,,0.0,0.0,0.0
1956-10-17,,,0.0,0.0,0.0
1956-10-18,,,10.0,0.0,0.0
1956-10-19,,,13.0,0.0,0.0
1956-10-20,,,0.0,0.0,0.0
1956-10-21,,,51.0,0.0,0.0
1956-10-22,,,549.0,0.0,0.0
1956-10-23,,,58.0,0.0,0.0
1956-10-24,,,8.0,0.0,0.0
1956-10-25,,,0.0,0.0,0.0
1956-10-26,,,0.0,0.0,0.0
1956-10-27,,,28.0,0.0,0.0
1956-10-28,,,0.0,0.0,0.0
1956-10-29,,,0.0,0.0,0.0
1956-10-30,,,0.0,0.0,0.0
1956-10-31,,,0.0,0.0,0.0
1956-11-01,,,165.0,0.0,0.0
1956-11-02,,,0.0,0.0,0.0
1956-11-03,,,0.0,0.0,0.0
1956-11-04,,,0.0,0.0,0.0
1956-11-05,,,0.0,0.0,0.0
1956-11-06,,,0.0,0.0,0.0
1956-11-07,,,0.0,0.0,0.0
1956-11-08,,,104.0,0.0,0.0
1956-11-09,,,0.0,0.0,0.0
1956-11-10,,,0.0,0.0,0.0
1956-11-11,,,0.0,0.0,0.0
1956-11-12,,,0.0,0.0,0.0
1956-11-13,,,0.0,0.0,0.0
1956-11-14,,,0.0,0.0,0.0
1956-11-15,,,0.0,0.0,0.0
1956-11-16,,,46.0,0.0,0.0
1956-11-17,,,61.0,0.0,0.0
1956-11-18,,,15.0,0.0,0.0
1956-11-19,,,0.0,0.0,0.0
1956-11-20,,,0.0,0.0,0.0
1956-11-21,,,0.0,0.0,0.0
1956-11-22,,,64.0,0.0,0.0
1956-11-23,,,0.0,0.0,0.0
1956-11-24,,,0.0,0.0,0.0
1956-11-25,,,0.0,0.0,0.0
1956-11-26,,,0.0,0.0,0.0
1956-11-27,,,13.0,0.0,0.0
1956-11-28,,,3.0,0.0,0.0
1956-11-29,,,0.0,0.0,0.0
1956-11-30,,,0.0,0.0,0.0
1956-12-01,,,0.0,,
1956-12-02,,,0.0,,
1956-12-03,,,0.0,,
1956-12-04,,,0.0,,
1956-12-05,,,0.0,,
1956-12-06,,,0.0,,
1956-12-07,,,0.0,,
1956-12-08,,,0.0,,
1956-12-09,,,20.0,,
1956-12-10,,,0.0,,
1956-12-11,,,0.0,,
1956-12-12,,,356.0,,
1956-12-13,,,272.0,,
1956-12-14,,,41.0,,
1956-12-15,,,274.0,,
1956-12-16,,,109.0,,
1956-12-17,,,0.0,,
1956-12-18,,,0.0,,
1956-12-19,,,0.0,,
1956-12-20,,,0.0,,
1956-12-21,,,56.0,,
1956-12-22,,,163.0,,
1956-12-23,,,213.0,,
1956-12-24,,,254.0,,
1956-12-25,,,0.0,,
1956-12-26,,,0.0,,
1956-12-27,,,0.0,,
1956-12-28,,,0.0,,
1956-12-29,,,10.0,,
1956-12-30,,,3.0,,
1956-12-31,,,0.0,,
1957-01-01,,,0.0,,
1957-01-02,,,0.0,,
1957-01-03,,,0.0,,
1957-01-04,,,0.0,,
1957-01-05,,,290.0,,
1957-01-06,,,0.0,,
1957-01-07,,,56.0,,
1957-01-08,,,0.0,,
1957-01-09,,,15.0,,
1957-01-10,,,10.0,,
1957-01-11,,,0.0,,
1957-01-12,,,0.0,,
1957-01-13,,,0.0,,
1957-01-14,,,0.0,,
1957-01-15,,,0.0,,
1957-01-16,,,15.0,,
1957-01-17,,,0.0,,
1957-01-18,,,0.0,,
1957-01-19,,,0.0,,
1957-01-20,,,0.0,,
1957-01-21,,,8.0,,
1957-01-22,,,0.0,,
1957-01-23,,,234.0,,
1957-01-24,,,0.0,,
1957-01-25,,,107.0,,
1957-01-26,,,38.0,,
1957-01-27,,,119.0,,
1957-01-28,,,36.0,,
1957-01-29,,,145.0,,
1957-01-30,,,183.0,,
1957-01-31,,,282.0,,
1957-02-01,,,658.0,,
1957-02-02,,,290.0,,
1957-02-03,,,30.0,,
1957-02-04,,,417.0,,
1957-02-05,,,20.0,,
1957-02-06,,,147.0,,
1957-02-07,,,168.0,,
1957-02-08,,,15.0,,
1957-02-09,,,124.0,,
1957-02-10,,,61.0,,
1957-02-11,,,0.0,,
1957-02-12,,,0.0,,
1957-02-13,,,0.0,,
1957-02-14,,,0.0,,
1957-02-15,,,0.0,,
1957-02-16,,,122.0,,
1957-02-17,,,0.0,,
1957-02-18,,,0.0,,
1957-02-19,,,74.0,,
1957-02-20,,,56.0,,
1957-02-21,,,0.0,,
1957-02-22,,,0.0,,
1957-02-23,,,0.0,,
1957-02-24,,,0.0,,
1957-02-25,,,0.0,,
1957-02-26,,,91.0,,
1957-02-27,,,112.0,,
1957-02-28,,,132.0,,
1957-03-01,,,33.0,,
1957-03-02,,,0.0,,
1957-03-03,,,0.0,,
1957-03-04,,,0.0,,
1957-03-05,,,13.0,,
1957-03-06,,,28.0,,
1957-03-07,,,53.0,,
1957-03-08,,,226.0,,
1957-03-09,,,15.0,,
1957-03-10,,,0.0,,
1957-03-11,,,0.0,,
1957-03-12,,,84.0,,
1957-03-13,,,0.0,,
1957-03-14,,,36.0,,
1957-03-15,,,0.0,,
1957-03-16,,,0.0,,
1957-03-17,,,0.0,,
1957-03-18,,,0.0,,
1957-03-19,,,135.0,,
1957-03-20,,,0.0,,
1957-03-21,,,0.0,,
1957-03-22,,,56.0,,
1957-03-23,,,20.0,,
1957-03-24,,,0.0,,
1957-03-25,,,137.0,,
1957-03-26,,,0.0,,
1957-03-27,,,3.0,,
1957-03-28,,,0.0,,
1957-03-29,,,0.0,,
1957-03-30,,,0.0,,
1957-03-31,,,0.0,,
1957-04-01,,,23.0,,
1957-04-02,,,56.0,,
1957-04-03,,,0.0,,
1957-04-04,,,23.0,,
1957-04-05,,,1019.0,,
1957-04-06,,,20.0,,
1957-04-07,,,0.0,,
1957-04-08,,,58.0,,
1957-04-09,,,157.0,,
1957-04-10,,,0.0,,
1957-04-11,,,0.0,,
1957-04-12,,,0.0,,
1957-04-13,,,0.0,,
1957-04-14,,,0.0,,
1957-04-15,,,0.0,,
1957-04-16,,,0.0,,
1957-04-17,,,0.0,,
1957-04-18,,,5.0,,
1957-04-19,,,0.0,,
1957-04-20,,,0.0,,
1957-04-21,,,0.0,,
1957-04-22,,,142.0,,
1957-04-23,,,30.0,,
1957-04-24,,,53.0,,
1957-04-25,,,3.0,,
1957-04-26,,,0.0,,
1957-04-27,,,0.0,,
1957-04-28,,,0.0,,
1957-04-29,,,0.0,,
1957-04-30,,,8.0,,
1957-05-01,,,56.0,0.0,0.0
1957-05-02,,,0.0,0.0,0.0
1957-05-03,,,0.0,0.0,0.0
1957-05-04,,,122.0,0.0,0.0
1957-05-05,,,0.0,0.0,0.0
1957-05-06,,,0.0,0.0,0.0
1957-05-07,,,0.0,0.0,0.0
1957-05-08,,,0.0,0.0,0.0
1957-05-09,,,0.0,0.0,0.0
1957-05-10,,,0.0,0.0,0.0
1957-05-11,,,109.0,0.0,0.0
1957-05-12,,,3.0,0.0,0.0
1957-05-13,,,0.0,0.0,0.0
1957-05-14,,,81.0,0.0,0.0
1957-05-15,,,18.0,0.0,0.0
1957-05-16,,,38.0,0.0,0.0
1957-05-17,,,0.0,0.0,0.0
1957-05-18,,,0.0,0.0,0.0
1957-05-19,,,0.0,0.0,0.0
1957-05-20,,,76.0,0.0,0.0
1957-05-21,,,0.0,0.0,0.0
1957-05-22,,,0.0,0.0,0.0
1957-05-23,,,127.0,0.0,0.0
1957-05-24,,,0.0,0.0,0.0
1957-05-25,,,0.0,0.0,0.0
1957-05-26,,,0.0,0.0,0.0
1957-05-27,,,109.0,0.0,0.0
1957-05-28,,,0.0,0.0,0.0
1957-05-29,,,0.0,0.0,0.0
1957-05-30,,,0.0,0.0,0.0
1957-05-31,,,0.0,0.0,0.0
1957-06-01,,,0.0,0.0,0.0
1957-06-02,,,0.0,0.0,0.0
1957-06-03,,,36.0,0.0,0.0
1957-06-04,,,20.0,0.0,0.0
1957-06-05,,,381.0,0.0,0.0
1957-06-06,,,180.0,0.0,0.0
1957-06-07,,,66.0,0.0,0.0
1957-06-08,,,5.0,0.0,0.0
1957-06-09,,,0.0,0.0,0.0
1957-06-10,,,58.0,0.0,0.0
1957-06-11,,,48.0,0.0,0.0
1957-06-12,,,0.0,0.0,0.0
1957-06-13,,,0.0,0.0,0.0
1957-06-14,,,30.0,0.0,0.0
1957-06-15,,,0.0,0.0,0.0
1957-06-16,,,0.0,0.0,0.0
1957-06-17,,,130.0,0.0,0.0
1957-06-18,,,0.0,0.0,0.0
1957-06-19,,,0.0,0.0,0.0
1957-06-20,,,48.0,0.0,0.0
1957-06-21,,,0.0,0.0,0.0
1957-06-22,,,0.0,0.0,0.0
1957-06-23,,,150.0,0.0,0.0
1957-06-24,,,53.0,0.0,0.0
1957-06-25,,,544.0,0.0,0.0
1957-06-26,,,0.0,0.0,0.0
1957-06-27,,,0.0,0.0,0.0
1957-06-28,,,25.0,0.0,0.0
1957-06-29,,,173.0,0.0,0.0
1957-06-30,,,0.0,0.0,0.0
1957-07-01,,,36.0,0.0,0.0
1957-07-02,,,0.0,0.0,0.0
1957-07-03,,,0.0,0.0,0.0
1957-07-04,,,0.0,0.0,0.0
1957-07-05,,,0.0,0.0,0.0
1957-07-06,,,0.0,0.0,0.0
1957-07-07,,,0.0,0.0,0.0
1957-07-08,,,0.0,0.0,0.0
1957-07-09,,,0.0,0.0,0.0
1957-07-10,,,0.0,0.0,0.0
1957-07-11,,,0.0,0.0,0.0
1957-07-12,,,0.0,0.0,0.0
1957-07-13,,,0.0,0.0,0.0
1957-07-14,,,0.0,0.0,0.0
1957-07-15,,,0.0,0.0,0.0
1957-07-16,,,0.0,0.0,0.0
1957-07-17,,,0.0,0.0,0.0
1957-07-18,,,0.0,0.0,0.0
1957-07-19,,,8.0,0.0,0.0
1957-07-20,,,0.0,0.0,0.0
1957-07-21,,,0.0,0.0,0.0
1957-07-22,,,0.0,0.0,0.0
1957-07-23,,,0.0,0.0,0.0
1957-07-24,,,5.0,0.0,0.0
1957-07-25,,,0.0,0.0,0.0
1957-07-26,,,0.0,0.0,0.0
1957-07-27,,,0.0,0.0,0.0
1957-07-28,,,0.0,0.0,0.0
1957-07-29,,,0.0,0.0,0.0
1957-07-30,,,178.0,0.0,0.0
1957-07-31,,,0.0,0.0,0.0
1957-08-01,,,0.0,0.0,0.0
1957-08-02,,,0.0,0.0,0.0
1957-08-03,,,0.0,0.0,0.0
1957-08-04,,,0.0,0.0,0.0
1957-08-05,,,33.0,0.0,0.0
1957-08-06,,,0.0,0.0,0.0
1957-08-07,,,0.0,0.0,0.0
1957-08-08,,,0.0,0.0,0.0
1957-08-09,,,0.0,0.0,0.0
1957-08-10,,,0.0,0.0,0.0
1957-08-11,,,0.0,0.0,0.0
1957-08-12,,,0.0,0.0,0.0
1957-08-13,,,0.0,0.0,0.0
1957-08-14,,,0.0,0.0,0.0
1957-08-15,,,163.0,0.0,0.0
1957-08-16,,,0.0,0.0,0.0
1957-08-17,,,0.0,0.0,0.0
1957-08-18,,,147.0,0.0,0.0
1957-08-19,,,208.0,0.0,0.0
1957-08-20,,,0.0,0.0,0.0
1957-08-21,,,0.0,0.0,0.0
1957-08-22,,,3.0,0.0,0.0
1957-08-23,,,46.0,0.0,0.0
1957-08-24,,,0.0,0.0,0.0
1957-08-25,,,0.0,0.0,0.0
1957-08-26,,,0.0,0.0,0.0
1957-08-27,,,0.0,0.0,0.0
1957-08-28,,,0.0,0.0,0.0
1957-08-29,,,0.0,0.0,0.0
1957-08-30,,,0.0,0.0,0.0
1957-08-31,,,0.0,0.0,0.0
1957-09-01,,,0.0,0.0,0.0
1957-09-02,,,0.0,0.0,0.0
1957-09-03,,,0.0,0.0,0.0
1957-09-04,,,13.0,0.0,0.0
1957-09-05,,,74.0,0.0,0.0
1957-09-06,,,0.0,0.0,0.0
1957-09-07,,,0.0,0.0,0.0
1957-09-08,,,3.0,0.0,0.0
1957-09-09,,,122.0,0.0,0.0
1957-09-10,,,137.0,0.0,0.0
1957-09-11,,,0.0,0.0,0.0
1957-09-12,,,0.0,0.0,0.0
1957-09-13,,,0.0,0.0,0.0
1957-09-14,,,503.0,0.0,0.0
1957-09-15,,,0.0,0.0,0.0
1957-09-16,,,122.0,0.0,0.0
1957-09-17,,,18.0,0.0,0.0
1957-09-18,,,10.0,0.0,0.0
1957-09-19,,,15.0,0.0,0.0
1957-09-20,,,0.0,0.0,0.0
1957-09-21,,,107.0,0.0,0.0
1957-09-22,,,0.0,0.0,0.0
1957-09-23,,,150.0,0.0,0.0
1957-09-24,,,5.0,0.0,0.0
1957-09-25,,,0.0,0.0,0.0
1957-09-26,,,0.0,0.0,0.0
1957-09-27,,,0.0,0.0,0.0
1957-09-28,,,69.0,0.0,0.0
1957-09-29,,,196.0,0.0,0.0
1957-09-30,,,135.0,0.0,0.0
1957-10-01,,,41.0,0.0,0.0
1957-10-02,,,10.0,0.0,0.0
1957-10-03,,,137.0,0.0,0.0
1957-10-04,,,79.0,0.0,0.0
1957-10-05,,,66.0,0.0,0.0
1957-10-06,,,0.0,0.0,0.0
1957-10-07,,,15.0,0.0,0.0
1957-10-08,,,0.0,0.0,0.0
1957-10-09,,,0.0,0.0,0.0
1957-10-10,,,0.0,0.0,0.0
1957-10-11,,,0.0,0.0,0.0
1957-10-12,,,51.0,0.0,0.0
1957-10-13,,,0.0,0.0,0.0
1957-10-14,,,0.0,0.0,0.0
1957-10-15,,,0.0,0.0,0.0
1957-10-16,,,0.0,0.0,0.0
1957-10-17,,,140.0,0.0,0.0
1957-10-18,,,8.0,0.0,0.0
1957-10-19,,,0.0,0.0,0.0
1957-10-20,,,0.0,0.0,0.0
1957-10-21,,,0.0,0.0,0.0
1957-10-22,,,0.0,0.0,0.0
1957-10-23,,,0.0,0.0,0.0
1957-10-24,,,224.0,0.0,0.0
1957-10-25,,,0.0,0.0,0.0
1957-10-26,,,20.0,0.0,0.0
1957-10-27,,,23.0,0.0,0.0
1957-10-28,,,0.0,0.0,0.0
1957-10-29,,,0.0,0.0,0.0
1957-10-30,,,20.0,0.0,0.0
1957-10-31,,,5.0,0.0,0.0
1957-11-01,,,0.0,,
1957-11-02,,,0.0,,
1957-11-03,,,0.0,,
1957-11-04,,,0.0,,
1957-11-05,,,0.0,,
1957-11-06,,,0.0,,
1957-11-07,,,0.0,,
1957-11-08,,,20.0,,
1957-11-09,,,152.0,,
1957-11-10,,,0.0,,
1957-11-11,,,0.0,,
1957-11-12,,,0.0,,
1957-11-13,,,0.0,,
1957-11-14,,,221.0,,
1957-11-15,,,10.0,,
1957-11-16,,,277.0,,
1957-11-17,,,173.0,,
1957-11-18,,,353.0,,
1957-11-19,,,208.0,,
1957-11-20,,,0.0,,
1957-11-21,,,0.0,,
1957-11-22,,,0.0,,
1957-11-23,,,251.0,,
1957-11-24,,,0.0,,
1957-11-25,,,218.0,,
1957-11-26,,,36.0,,
1957-11-27,,,0.0,,
1957-11-28,,,0.0,,
1957-11-29,,,0.0,,
1957-11-30,,,0.0,,
1957-12-01,,,0.0,,
1957-12-02,,,0.0,,
1957-12-03,,,0.0,,
1957-12-04,,,97.0,,
1957-12-05,,,0.0,,
1957-12-06,,,0.0,,
1957-12-07,,,66.0,,
1957-12-08,,,401.0,,
1957-12-09,,,15.0,,
1957-12-10,,,0.0,,
1957-12-11,,,0.0,,
1957-12-12,,,0.0,,
1957-12-13,,,0.0,,
1957-12-14,,,,,
1957-12-15,,,,,
1957-12-16,,,117.0,,
1957-12-17,,,46.0,,
1957-12-18,,,0.0,,
1957-12-19,,,33.0,,
1957-12-20,,,320.0,,
1957-12-21,,,20.0,,
1957-12-22,,,0.0,,
1957-12-23,,,0.0,,
1957-12-24,,,0.0,,
1957-12-25,,,0.0,,
1957-12-26,,,203.0,,
1957-12-27,,,0.0,,
1957-12-28,,,0.0,,
1957-12-29,,,41.0,,
1957-12-30,,,0.0,,
1957-12-31,,,0.0,,
1958-01-01,,,74.0,,
1958-01-02,,,0.0,,
1958-01-03,,,0.0,,
1958-01-04,,,0.0,,
1958-01-05,,,0.0,,
1958-01-06,,,0.0,,
1958-01-07,,,0.0,,
1958-01-08,,,0.0,,
1958-01-09,,,0.0,,
1958-01-10,,,0.0,,
1958-01-11,,,0.0,,
1958-01-12,,,0.0,,
1958-01-13,,,0.0,,
1958-01-14,,,145.0,,
1958-01-15,,,0.0,,
1958-01-16,,,0.0,,
1958-01-17,,,0.0,,
1958-01-18,,,0.0,,
1958-01-19,,,0.0,,
1958-01-20,,,0.0,,
1958-01-21,,,130.0,,
1958-01-22,,,0.0,,
1958-01-23,,,0.0,,
1958-01-24,,,175.0,,
1958-01-25,,,64.0,,
1958-01-26,,,5.0,,
1958-01-27,,,13.0,,
1958-01-28,,,0.0,,
1958-01-29,,,0.0,,
1958-01-30,,,0.0,,
1958-01-31,,,0.0,,
1958-02-01,,,351.0,,
1958-02-02,,,56.0,,
1958-02-03,,,10.0,,
1958-02-04,,,0.0,,
1958-02-05,,,25.0,,
1958-02-06,,,610.0,,
1958-02-07,,,147.0,,
1958-02-08,,,10.0,,
1958-02-09,,,0.0,,
1958-02-10,,,0.0,,
1958-02-11,,,0.0,,
1958-02-12,,,0.0,,
1958-02-13,,,0.0,,
1958-02-14,,,0.0,,
1958-02-15,,,79.0,,
1958-02-16,,,91.0,,
1958-02-17,,,0.0,,
1958-02-18,,,0.0,,
1958-02-19,,,0.0,,
1958-02-20,,,0.0,,
1958-02-21,,,0.0,,
1958-02-22,,,0.0,,
1958-02-23,,,18.0,,
1958-02-24,,,0.0,,
1958-02-25,,,0.0,,
1958-02-26,,,295.0,,
1958-02-27,,,201.0,,
1958-02-28,,,0.0,,
1958-03-01,,,0.0,,
1958-03-02,,,0.0,,
1958-03-03,,,0.0,,
1958-03-04,,,0.0,,
1958-03-05,,,0.0,,
1958-03-06,,,0.0,,
1958-03-07,,,23.0,,
1958-03-08,,,69.0,,
1958-03-09,,,81.0,,
1958-03-10,,,5.0,,
1958-03-11,,,0.0,,
1958-03-12,,,0.0,,
1958-03-13,,,122.0,,
1958-03-14,,,8.0,,
1958-03-15,,,0.0,,
1958-03-16,,,0.0,,
1958-03-17,,,0.0,,
1958-03-18,,,224.0,,
1958-03-19,,,8.0,,
1958-03-20,,,0.0,,
1958-03-21,,,0.0,,
1958-03-22,,,13.0,,
1958-03-23,,,0.0,,
1958-03-24,,,8.0,,
1958-03-25,,,104.0,,
1958-03-26,,,15.0,,
1958-03-27,,,147.0,,
1958-03-28,,,0.0,,
1958-03-29,,,0.0,,
1958-03-30,,,0.0,,
1958-03-31,,,25.0,,
1958-04-01,,,0.0,,
1958-04-02,,,0.0,,
1958-04-03,,,0.0,,
1958-04-04,,,46.0,,
1958-04-05,,,0.0,,
1958-04-06,,,119.0,,
1958-04-07,,,0.0,,
1958-04-08,,,0.0,,
1958-04-09,,,0.0,,
1958-04-10,,,5.0,,
1958-04-11,,,114.0,,
1958-04-12,,,0.0,,
1958-04-13,,,0.0,,
1958-04-14,,,0.0,,
1958-04-15,,,36.0,,
1958-04-16,,,66.0,,
1958-04-17,,,0.0,,
1958-04-18,,,0.0,,
1958-04-19,,,0.0,,
1958-04-20,,,25.0,,
1958-04-21,,,3.0,,
1958-04-22,,,30.0,,
1958-04-23,,,130.0,,
1958-04-24,,,0.0,,
1958-04-25,,,124.0,,
1958-04-26,,,5.0,,
1958-04-27,,,69.0,,
1958-04-28,,,767.0,,
1958-04-29,,,498.0,,
1958-04-30,,,112.0,,
1958-05-01,,,10.0,0.0,0.0
1958-05-02,,,119.0,0.0,0.0
1958-05-03,,,0.0,0.0,0.0
1958-05-04,,,0.0,0.0,0.0
1958-05-05,,,10.0,0.0,0.0
1958-05-06,,,165.0,0.0,0.0
1958-05-07,,,180.0,0.0,0.0
1958-05-08,,,0.0,0.0,0.0
1958-05-09,,,43.0,0.0,0.0
1958-05-10,,,28.0,0.0,0.0
1958-05-11,,,122.0,0.0,0.0
1958-05-12,,,163.0,0.0,0.0
1958-05-13,,,0.0,0.0,0.0
1958-05-14,,,0.0,0.0,0.0
1958-05-15,,,0.0,0.0,0.0
1958-05-16,,,0.0,0.0,0.0
1958-05-17,,,0.0,0.0,0.0
1958-05-18,,,0.0,0.0,0.0
1958-05-19,,,0.0,0.0,0.0
1958-05-20,,,53.0,0.0,0.0
1958-05-21,,,0.0,0.0,0.0
1958-05-22,,,0.0,0.0,0.0
1958-05-23,,,0.0,0.0,0.0
1958-05-24,,,0.0,0.0,0.0
1958-05-25,,,213.0,0.0,0.0
1958-05-26,,,0.0,0.0,0.0
1958-05-27,,,0.0,0.0,0.0
1958-05-28,,,0.0,0.0,0.0
1958-05-29,,,81.0,0.0,0.0
1958-05-30,,,0.0,0.0,0.0
1958-05-31,,,0.0,0.0,0.0
1958-06-01,,,0.0,0.0,0.0
1958-06-02,,,112.0,0.0,0.0
1958-06-03,,,0.0,0.0,0.0
1958-06-04,,,0.0,0.0,0.0
1958-06-05,,,0.0,0.0,0.0
1958-06-06,,,0.0,0.0,0.0
1958-06-07,,,0.0,0.0,0.0
1958-06-08,,,25.0,0.0,0.0
1958-06-09,,,0.0,0.0,0.0
1958-06-10,,,0.0,0.0,0.0
1958-06-11,,,0.0,0.0,0.0
1958-06-12,,,0.0,0.0,0.0
1958-06-13,,,0.0,0.0,0.0
1958-06-14,,,0.0,0.0,0.0
1958-06-15,,,0.0,0.0,0.0
1958-06-16,,,25.0,0.0,0.0
1958-06-17,,,0.0,0.0,0.0
1958-06-18,,,0.0,0.0,0.0
1958-06-19,,,0.0,0.0,0.0
1958-06-20,,,0.0,0.0,0.0
1958-06-21,,,0.0,0.0,0.0
1958-06-22,,,15.0,0.0,0.0
1958-06-23,,,0.0,0.0,0.0
1958-06-24,,,0.0,0.0,0.0
1958-06-25,,,0.0,0.0,0.0
1958-06-26,,,30.0,0.0,0.0
1958-06-27,,,41.0,0.0,0.0
1958-06-28,,,0.0,0.0,0.0
1958-06-29,,,0.0,0.0,0.0
1958-06-30,,,0.0,0.0,0.0
1958-07-01,,,0.0,0.0,0.0
1958-07-02,,,0.0,0.0,0.0
1958-07-03,,,0.0,0.0,0.0
1958-07-04,,,0.0,0.0,0.0
1958-07-05,,,20.0,0.0,0.0
1958-07-06,,,137.0,0.0,0.0
1958-07-07,,,66.0,0.0,0.0
1958-07-08,,,221.0,0.0,0.0
1958-07-09,,,785.0,0.0,0.0
1958-07-10,,,81.0,0.0,0.0
1958-07-11,,,84.0,0.0,0.0
1958-07-12,,,0.0,0.0,0.0
1958-07-13,,,56.0,0.0,0.0
1958-07-14,,,127.0,0.0,0.0
1958-07-15,,,28.0,0.0,0.0
1958-07-16,,,0.0,0.0,0.0
1958-07-17,,,66.0,0.0,0.0
1958-07-18,,,0.0,0.0,0.0
1958-07-19,,,0.0,0.0,0.0
1958-07-20,,,5.0,0.0,0.0
1958-07-21,,,64.0,0.0,0.0
1958-07-22,,,157.0,0.0,0.0
1958-07-23,,,43.0,0.0,0.0
1958-07-24,,,66.0,0.0,0.0
1958-07-25,,,51.0,0.0,0.0
1958-07-26,,,0.0,0.0,0.0
1958-07-27,,,84.0,0.0,0.0
1958-07-28,,,0.0,0.0,0.0
1958-07-29,,,0.0,0.0,0.0
1958-07-30,,,0.0,0.0,0.0
1958-07-31,,,0.0,0.0,0.0
1958-08-01,,,56.0,0.0,0.0
1958-08-02,,,0.0,0.0,0.0
1958-08-03,,,282.0,0.0,0.0
1958-08-04,,,15.0,0.0,0.0
1958-08-05,,,0.0,0.0,0.0
1958-08-06,,,0.0,0.0,0.0
1958-08-07,,,0.0,0.0,0.0
1958-08-08,,,0.0,0.0,0.0
1958-08-09,,,0.0,0.0,0.0
1958-08-10,,,0.0,0.0,0.0
1958-08-11,,,0.0,0.0,0.0
1958-08-12,,,0.0,0.0,0.0
1958-08-13,,,114.0,0.0,0.0
1958-08-14,,,10.0,0.0,0.0
1958-08-15,,,0.0,0.0,0.0
1958-08-16,,,0.0,0.0,0.0
1958-08-17,,,0.0,0.0,0.0
1958-08-18,,,0.0,0.0,0.0
1958-08-19,,,0.0,0.0,0.0
1958-08-20,,,0.0,0.0,0.0
1958-08-21,,,0.0,0.0,0.0
1958-08-22,,,0.0,0.0,0.0
1958-08-23,,,0.0,0.0,0.0
1958-08-24,,,333.0,0.0,0.0
1958-08-25,,,28.0,0.0,0.0
1958-08-26,,,0.0,0.0,0.0
1958-08-27,,,0.0,0.0,0.0
1958-08-28,,,0.0,0.0,0.0
1958-08-29,,,0.0,0.0,0.0
1958-08-30,,,0.0,0.0,0.0
1958-08-31,,,0.0,0.0,0.0
1958-09-01,,,0.0,0.0,0.0
1958-09-02,,,0.0,0.0,0.0
1958-09-03,,,0.0,0.0,0.0
1958-09-04,,,0.0,0.0,0.0
1958-09-05,,,0.0,0.0,0.0
1958-09-06,,,0.0,0.0,0.0
1958-09-07,,,0.0,0.0,0.0
1958-09-08,,,0.0,0.0,0.0
1958-09-09,,,0.0,0.0,0.0
1958-09-10,,,0.0,0.0,0.0
1958-09-11,,,0.0,0.0,0.0
1958-09-12,,,119.0,0.0,0.0
1958-09-13,,,117.0,0.0,0.0
1958-09-14,,,0.0,0.0,0.0
1958-09-15,,,0.0,0.0,0.0
1958-09-16,,,41.0,0.0,0.0
1958-09-17,,,0.0,0.0,0.0
1958-09-18,,,0.0,0.0,0.0
1958-09-19,,,0.0,0.0,0.0
1958-09-20,,,0.0,0.0,0.0
1958-09-21,,,640.0,0.0,0.0
1958-09-22,,,43.0,0.0,0.0
1958-09-23,,,0.0,0.0,0.0
1958-09-24,,,0.0,0.0,0.0
1958-09-25,,,0.0,0.0,0.0
1958-09-26,,,0.0,0.0,0.0
1958-09-27,,,0.0,0.0,0.0
1958-09-28,,,10.0,0.0,0.0
1958-09-29,,,0.0,0.0,0.0
1958-09-30,,,0.0,0.0,0.0
1958-10-01,,,330.0,0.0,0.0
1958-10-02,,,20.0,0.0,0.0
1958-10-03,,,8.0,0.0,0.0
1958-10-04,,,33.0,0.0,0.0
1958-10-05,,,0.0,0.0,0.0
1958-10-06,,,0.0,0.0,0.0
1958-10-07,,,0.0,0.0,0.0
1958-10-08,,,0.0,0.0,0.0
1958-10-09,,,0.0,0.0,0.0
1958-10-10,,,3.0,0.0,0.0
1958-10-11,,,3.0,0.0,0.0
1958-10-12,,,0.0,0.0,0.0
1958-10-13,,,0.0,0.0,0.0
1958-10-14,,,0.0,0.0,0.0
1958-10-15,,,0.0,0.0,0.0
1958-10-16,,,0.0,0.0,0.0
1958-10-17,,,0.0,0.0,0.0
1958-10-18,,,0.0,0.0,0.0
1958-10-19,,,0.0,0.0,0.0
1958-10-20,,,53.0,0.0,0.0
1958-10-21,,,0.0,0.0,0.0
1958-10-22,,,0.0,0.0,0.0
1958-10-23,,,0.0,0.0,0.0
1958-10-24,,,0.0,0.0,0.0
1958-10-25,,,0.0,0.0,0.0
1958-10-26,,,0.0,0.0,0.0
1958-10-27,,,0.0,0.0,0.0
1958-10-28,,,0.0,0.0,0.0
1958-10-29,,,0.0,0.0,0.0
1958-10-30,,,0.0,0.0,0.0
1958-10-31,,,0.0,0.0,0.0
1958-11-01,,,206.0,0.0,0.0
1958-11-02,,,58.0,0.0,0.0
1958-11-03,,,38.0,0.0,0.0
1958-11-04,,,0.0,0.0,0.0
1958-11-05,,,10.0,0.0,0.0
1958-11-06,,,36.0,0.0,0.0
1958-11-07,,,0.0,0.0,0.0
1958-11-08,,,0.0,0.0,0.0
1958-11-09,,,36.0,0.0,0.0
1958-11-10,,,0.0,0.0,0.0
1958-11-11,,,0.0,0.0,0.0
1958-11-12,,,0.0,0.0,0.0
1958-11-13,,,0.0,0.0,0.0
1958-11-14,,,0.0,0.0,0.0
1958-11-15,,,0.0,0.0,0.0
1958-11-16,,,38.0,0.0,0.0
1958-11-17,,,0.0,0.0,0.0
1958-11-18,,,0.0,0.0,0.0
1958-11-19,,,8.0,0.0,0.0
1958-11-20,,,0.0,0.0,0.0
1958-11-21,,,0.0,0.0,0.0
1958-11-22,,,0.0,0.0,0.0
1958-11-23,,,0.0,0.0,0.0
1958-11-24,,,0.0,0.0,0.0
1958-11-25,,,0.0,0.0,0.0
1958-11-26,,,36.0,0.0,0.0
1958-11-27,,,10.0,0.0,0.0
1958-11-28,,,10.0,0.0,0.0
1958-11-29,,,394.0,0.0,0.0
1958-11-30,,,0.0,0.0,0.0
1958-12-01,,,0.0,,
1958-12-02,,,0.0,,
1958-12-03,,,30.0,,
1958-12-04,,,38.0,,
1958-12-05,,,0.0,,
1958-12-06,,,0.0,,
1958-12-07,,,0.0,,
1958-12-08,,,0.0,,
1958-12-09,,,0.0,,
1958-12-10,,,0.0,,
1958-12-11,,,0.0,,
1958-12-12,,,0.0,,
1958-12-13,,,0.0,,
1958-12-14,,,91.0,,
1958-12-15,,,5.0,,
1958-12-16,,,0.0,,
1958-12-17,,,0.0,,
1958-12-18,,,0.0,,
1958-12-19,,,0.0,,
1958-12-20,,,0.0,,
1958-12-21,,,0.0,,
1958-12-22,,,0.0,,
1958-12-23,,,0.0,,
1958-12-24,,,127.0,,
1958-12-25,,,0.0,,
1958-12-26,,,0.0,,
1958-12-27,,,8.0,,
1958-12-28,,,284.0,,
1958-12-29,,,5.0,,
1958-12-30,,,0.0,,
1958-12-31,,,0.0,,
1959-01-01,,,43.0,,
1959-01-02,,,58.0,,
1959-01-03,,,0.0,,
1959-01-04,,,0.0,,
1959-01-05,,,0.0,,
1959-01-06,,,0.0,,
1959-01-07,,,0.0,,
1959-01-08,,,132.0,,
1959-01-09,,,94.0,,
1959-01-10,,,0.0,,
1959-01-11,,,0.0,,
1959-01-12,,,0.0,,
1959-01-13,,,5.0,,
1959-01-14,,,0.0,,
1959-01-15,,,36.0,,
1959-01-16,,,348.0,,
1959-01-17,,,5.0,,
1959-01-18,,,0.0,,
1959-01-19,,,0.0,,
1959-01-20,,,13.0,,
1959-01-21,,,84.0,,
1959-01-22,,,399.0,,
1959-01-23,,,0.0,,
1959-01-24,,,0.0,,
1959-01-25,,,0.0,,
1959-01-26,,,0.0,,
1959-01-27,,,0.0,,
1959-01-28,,,0.0,,
1959-01-29,,,0.0,,
1959-01-30,,,8.0,,
1959-01-31,,,8.0,,
1959-02-01,,,8.0,,
1959-02-02,,,0.0,,
1959-02-03,,,51.0,,
1959-02-04,,,46.0,,
1959-02-05,,,135.0,,
1959-02-06,,,0.0,,
1959-02-07,,,0.0,,
1959-02-08,,,0.0,,
1959-02-09,,,20.0,,
1959-02-10,,,8.0,,
1959-02-11,,,170.0,,
1959-02-12,,,0.0,,
1959-02-13,,,284.0,,
1959-02-14,,,56.0,,
1959-02-15,,,132.0,,
1959-02-16,,,0.0,,
1959-02-17,,,0.0,,
1959-02-18,,,46.0,,
1959-02-19,,,0.0,,
1959-02-20,,,0.0,,
1959-02-21,,,0.0,,
1959-02-22,,,0.0,,
1959-02-23,,,71.0,,
1959-02-24,,,46.0,,
1959-02-25,,,0.0,,
1959-02-26,,,0.0,,
1959-02-27,,,0.0,,
1959-02-28,,,0.0,,
1959-03-01,,,46.0,0.0,0.0
1959-03-02,,,3.0,0.0,0.0
1959-03-03,,,0.0,0.0,0.0
1959-03-04,,,43.0,0.0,0.0
1959-03-05,,,0.0,0.0,0.0
1959-03-06,,,208.0,0.0,0.0
1959-03-07,,,0.0,0.0,0.0
1959-03-08,,,0.0,0.0,0.0
1959-03-09,,,15.0,0.0,0.0
1959-03-10,,,0.0,0.0,0.0
1959-03-11,,,0.0,0.0,0.0
1959-03-12,,,107.0,0.0,0.0
1959-03-13,,,10.0,0.0,0.0
1959-03-14,,,0.0,0.0,0.0
1959-03-15,,,224.0,0.0,0.0
1959-03-16,,,0.0,0.0,0.0
1959-03-17,,,0.0,0.0,0.0
1959-03-18,,,0.0,0.0,0.0
1959-03-19,,,0.0,0.0,0.0
1959-03-20,,,0.0,0.0,0.0
1959-03-21,,,3.0,0.0,0.0
1959-03-22,,,5.0,0.0,0.0
1959-03-23,,,0.0,0.0,0.0
1959-03-24,,,0.0,0.0,0.0
1959-03-25,,,0.0,0.0,0.0
1959-03-26,,,0.0,0.0,0.0
1959-03-27,,,373.0,0.0,0.0
1959-03-28,,,0.0,0.0,0.0
1959-03-29,,,0.0,0.0,0.0
1959-03-30,,,48.0,0.0,0.0
1959-03-31,,,0.0,0.0,0.0
1959-04-01,,,0.0,0.0,0.0
1959-04-02,,,147.0,0.0,0.0
1959-04-03,,,0.0,0.0,0.0
1959-04-04,,,43.0,0.0,0.0
1959-04-05,,,0.0,0.0,0.0
1959-04-06,,,0.0,0.0,0.0
1959-04-07,,,0.0,0.0,0.0
1959-04-08,,,0.0,0.0,0.0
1959-04-09,,,0.0,0.0,0.0
1959-04-10,,,0.0,0.0,0.0
1959-04-11,,,246.0,0.0,0.0
1959-04-12,,,201.0,0.0,0.0
1959-04-13,,,178.0,0.0,0.0
1959-04-14,,,0.0,0.0,0.0
1959-04-15,,,0.0,0.0,0.0
1959-04-16,,,0.0,0.0,0.0
1959-04-17,,,0.0,0.0,0.0
1959-04-18,,,23.0,0.0,0.0
1959-04-19,,,480.0,0.0,0.0
1959-04-20,,,84.0,0.0,0.0
1959-04-21,,,8.0,0.0,0.0
1959-04-22,,,3.0,0.0,0.0
1959-04-23,,,0.0,0.0,0.0
1959-04-24,,,0.0,0.0,0.0
1959-04-25,,,0.0,0.0,0.0
1959-04-26,,,0.0,0.0,0.0
1959-04-27,,,0.0,0.0,0.0
1959-04-28,,,0.0,0.0,0.0
1959-04-29,,,3.0,0.0,0.0
1959-04-30,,,0.0,0.0,0.0
1959-05-01,,,0.0,0.0,0.0
1959-05-02,,,99.0,0.0,0.0
1959-05-03,,,0.0,0.0,0.0
1959-05-04,,,0.0,0.0,0.0
1959-05-05,,,0.0,0.0,0.0
1959-05-06,,,0.0,0.0,0.0
1959-05-07,,,0.0,0.0,0.0
1959-05-08,,,0.0,0.0,0.0
1959-05-09,,,0.0,0.0,0.0
1959-05-10,,,5.0,0.0,0.0
1959-05-11,,,0.0,0.0,0.0
1959-05-12,,,0.0,0.0,0.0
1959-05-13,,,180.0,0.0,0.0
1959-05-14,,,23.0,0.0,0.0
1959-05-15,,,,0.0,0.0
1959-05-16,,,0.0,0.0,0.0
1959-05-17,,,0.0,0.0,0.0
1959-05-18,,,0.0,0.0,0.0
1959-05-19,,,0.0,0.0,0.0
1959-05-20,,,175.0,0.0,0.0
1959-05-21,,,74.0,0.0,0.0
1959-05-22,,,114.0,0.0,0.0
1959-05-23,,,3.0,0.0,0.0
1959-05-24,,,0.0,0.0,0.0
1959-05-25,,,46.0,0.0,0.0
1959-05-26,,,25.0,0.0,0.0
1959-05-27,,,0.0,0.0,0.0
1959-05-28,,,676.0,0.0,0.0
1959-05-29,,,0.0,0.0,0.0
1959-05-30,,,5.0,0.0,0.0
1959-05-31,,,345.0,0.0,0.0
1959-06-01,,,157.0,0.0,0.0
1959-06-02,,,310.0,0.0,0.0
1959-06-03,,,0.0,0.0,0.0
1959-06-04,,,0.0,0.0,0.0
1959-06-05,,,135.0,0.0,0.0
1959-06-06,,,203.0,0.0,0.0
1959-06-07,,,0.0,0.0,0.0
1959-06-08,,,0.0,0.0,0.0
1959-06-09,,,0.0,0.0,0.0
1959-06-10,,,0.0,0.0,0.0
1959-06-11,,,0.0,0.0,0.0
1959-06-12,,,25.0,0.0,0.0
1959-06-13,,,0.0,0.0,0.0
1959-06-14,,,8.0,0.0,0.0
1959-06-15,,,0.0,0.0,0.0
1959-06-16,,,0.0,0.0,0.0
1959-06-17,,,0.0,0.0,0.0
1959-06-18,,,0.0,0.0,0.0
1959-06-19,,,0.0,0.0,0.0
1959-06-20,,,0.0,0.0,0.0
1959-06-21,,,0.0,0.0,0.0
1959-06-22,,,0.0,0.0,0.0
1959-06-23,,,0.0,0.0,0.0
1959-06-24,,,152.0,0.0,0.0
1959-06-25,,,122.0,0.0,0.0
1959-06-26,,,5.0,0.0,0.0
1959-06-27,,,0.0,0.0,0.0
1959-06-28,,,0.0,0.0,0.0
1959-06-29,,,0.0,0.0,0.0
1959-06-30,,,0.0,0.0,0.0
1959-07-01,,,0.0,0.0,0.0
1959-07-02,,,157.0,0.0,0.0
1959-07-03,,,0.0,0.0,0.0
1959-07-04,,,0.0,0.0,0.0
1959-07-05,,,0.0,0.0,0.0
1959-07-06,,,0.0,0.0,0.0
1959-07-07,,,5.0,0.0,0.0
1959-07-08,,,0.0,0.0,0.0
1959-07-09,,,0.0,0.0,0.0
1959-07-10,,,0.0,0.0,0.0
1959-07-11,,,23.0,0.0,0.0
1959-07-12,,,99.0,0.0,0.0
1959-07-13,,,0.0,0.0,0.0
1959-07-14,,,3.0,0.0,0.0
1959-07-15,,,0.0,0.0,0.0
1959-07-16,,,229.0,0.0,0.0
1959-07-17,,,0.0,0.0,0.0
1959-07-18,,,3.0,0.0,0.0
1959-07-19,,,114.0,0.0,0.0
1959-07-20,,,208.0,0.0,0.0
1959-07-21,,,3.0,0.0,0.0
1959-07-22,,,66.0,0.0,0.0
1959-07-23,,,0.0,0.0,0.0
1959-07-24,,,30.0,0.0,0.0
1959-07-25,,,0.0,0.0,0.0
1959-07-26,,,79.0,0.0,0.0
1959-07-27,,,10.0,0.0,0.0
1959-07-28,,,0.0,0.0,0.0
1959-07-29,,,0.0,0.0,0.0
1959-07-30,,,0.0,0.0,0.0
1959-07-31,,,0.0,0.0,0.0
1959-08-01,,,0.0,0.0,0.0
1959-08-02,,,3.0,0.0,0.0
1959-08-03,,,0.0,0.0,0.0
1959-08-04,,,3.0,0.0,0.0
1959-08-05,,,58.0,0.0,0.0
1959-08-06,,,13.0,0.0,0.0
1959-08-07,,,5.0,0.0,0.0
1959-08-08,,,8.0,0.0,0.0
1959-08-09,,,0.0,0.0,0.0
1959-08-10,,,0.0,0.0,0.0
1959-08-11,,,0.0,0.0,0.0
1959-08-12,,,104.0,0.0,0.0
1959-08-13,,,112.0,0.0,0.0
1959-08-14,,,0.0,0.0,0.0
1959-08-15,,,0.0,0.0,0.0
1959-08-16,,,48.0,0.0,0.0
1959-08-17,,,20.0,0.0,0.0
1959-08-18,,,0.0,0.0,0.0
1959-08-19,,,28.0,0.0,0.0
1959-08-20,,,0.0,0.0,0.0
1959-08-21,,,0.0,0.0,0.0
1959-08-22,,,0.0,0.0,0.0
1959-08-23,,,8.0,0.0,0.0
1959-08-24,,,30.0,0.0,0.0
1959-08-25,,,0.0,0.0,0.0
1959-08-26,,,3.0,0.0,0.0
1959-08-27,,,5.0,0.0,0.0
1959-08-28,,,0.0,0.0,0.0
1959-08-29,,,38.0,0.0,0.0
1959-08-30,,,8.0,0.0,0.0
1959-08-31,,,0.0,0.0,0.0
1959-09-01,,,8.0,0.0,0.0
1959-09-02,,,46.0,0.0,0.0
1959-09-03,,,0.0,0.0,0.0
1959-09-04,,,13.0,0.0,0.0
1959-09-05,,,0.0,0.0,0.0
1959-09-06,,,0.0,0.0,0.0
1959-09-07,,,5.0,0.0,0.0
1959-09-08,,,287.0,0.0,0.0
1959-09-09,,,0.0,0.0,0.0
1959-09-10,,,13.0,0.0,0.0
1959-09-11,,,0.0,0.0,0.0
1959-09-12,,,188.0,0.0,0.0
1959-09-13,,,0.0,0.0,0.0
1959-09-14,,,0.0,0.0,0.0
1959-09-15,,,0.0,0.0,0.0
1959-09-16,,,13.0,0.0,0.0
1959-09-17,,,0.0,0.0,0.0
1959-09-18,,,0.0,0.0,0.0
1959-09-19,,,0.0,0.0,0.0
1959-09-20,,,0.0,0.0,0.0
1959-09-21,,,0.0,0.0,0.0
1959-09-22,,,0.0,0.0,0.0
1959-09-23,,,0.0,0.0,0.0
1959-09-24,,,0.0,0.0,0.0
1959-09-25,,,0.0,0.0,0.0
1959-09-26,,,0.0,0.0,0.0
1959-09-27,,,18.0,0.0,0.0
1959-09-28,,,0.0,0.0,0.0
1959-09-29,,,0.0,0.0,0.0
1959-09-30,,,61.0,0.0,0.0
1959-10-01,,,0.0,0.0,0.0
1959-10-02,,,0.0,0.0,0.0
1959-10-03,,,0.0,0.0,0.0
1959-10-04,,,0.0,0.0,0.0
1959-10-05,,,0.0,0.0,0.0
1959-10-06,,,0.0,0.0,0.0
1959-10-07,,,429.0,0.0,0.0
1959-10-08,,,13.0,0.0,0.0
1959-10-09,,,203.0,0.0,0.0
1959-10-10,,,0.0,0.0,0.0
1959-10-11,,,36.0,0.0,0.0
1959-10-12,,,0.0,0.0,0.0
1959-10-13,,,0.0,0.0,0.0
1959-10-14,,,257.0,0.0,0.0
1959-10-15,,,33.0,0.0,0.0
1959-10-16,,,0.0,0.0,0.0
1959-10-17,,,5.0,0.0,0.0
1959-10-18,,,61.0,0.0,0.0
1959-10-19,,,0.0,0.0,0.0
1959-10-20,,,0.0,0.0,0.0
1959-10-21,,,0.0,0.0,0.0
1959-10-22,,,0.0,0.0,0.0
1959-10-23,,,0.0,0.0,0.0
1959-10-24,,,163.0,0.0,0.0
1959-10-25,,,18.0,0.0,0.0
1959-10-26,,,0.0,0.0,0.0
1959-10-27,,,3.0,0.0,0.0
1959-10-28,,,0.0,0.0,0.0
1959-10-29,,,56.0,0.0,0.0
1959-10-30,,,33.0,0.0,0.0
1959-10-31,,,23.0,0.0,0.0
1959-11-01,,,0.0,,
1959-11-02,,,0.0,,
1959-11-03,,,0.0,,
1959-11-04,,,0.0,,
1959-11-05,,,0.0,,
1959-11-06,,,508.0,,
1959-11-07,,,0.0,,
1959-11-08,,,0.0,,
1959-11-09,,,0.0,,
1959-11-10,,,0.0,,
1959-11-11,,,0.0,,
1959-11-12,,,0.0,,
1959-11-13,,,0.0,,
1959-11-14,,,0.0,,
1959-11-15,,,25.0,,
1959-11-16,,,0.0,,
1959-11-17,,,124.0,,
1959-11-18,,,0.0,,
1959-11-19,,,0.0,,
1959-11-20,,,0.0,,
1959-11-21,,,20.0,,
1959-11-22,,,0.0,,
1959-11-23,,,3.0,,
1959-11-24,,,287.0,,
1959-11-25,,,18.0,,
1959-11-26,,,0.0,,
1959-11-27,,,0.0,,
1959-11-28,,,577.0,,
1959-11-29,,,8.0,,
1959-11-30,,,0.0,,
1959-12-01,,,0.0,0.0,
1959-12-02,,,0.0,0.0,
1959-12-03,,,112.0,0.0,
1959-12-04,,,,,4079.0
1959-12-05,,,0.0,0.0,
1959-12-06,,,114.0,0.0,
1959-12-07,,,20.0,0.0,
1959-12-08,,,0.0,0.0,
1959-12-09,,,0.0,0.0,
1959-12-10,,,0.0,0.0,
1959-12-11,,,0.0,0.0,
1959-12-12,,,262.0,0.0,
1959-12-13,,,43.0,0.0,
1959-12-14,,,0.0,0.0,
1959-12-15,,,0.0,0.0,
1959-12-16,,,0.0,0.0,
1959-12-17,,,0.0,0.0,
1959-12-18,,,51.0,0.0,
1959-12-19,,,91.0,0.0,
1959-12-20,,,0.0,0.0,
1959-12-21,,,0.0,0.0,
1959-12-22,,,0.0,0.0,
1959-12-23,,,0.0,0.0,
1959-12-24,,,0.0,0.0,
1959-12-25,,,0.0,0.0,
1959-12-26,,,0.0,0.0,
1959-12-27,,,0.0,0.0,
1959-12-28,,,30.0,0.0,
1959-12-29,,,51.0,0.0,
1959-12-30,,,0.0,0.0,
1959-12-31,,,0.0,0.0,
1960-01-01,,,0.0,,
1960-01-02,,,0.0,,
1960-01-03,,,132.0,,
1960-01-04,,,0.0,,
1960-01-05,,,10.0,,
1960-01-06,,,363.0,,
1960-01-07,,,48.0,,
1960-01-08,,,0.0,,
1960-01-09,,,0.0,,
1960-01-10,,,0.0,,
1960-01-11,,,0.0,,
1960-01-12,,,0.0,,
1960-01-13,,,25.0,,
1960-01-14,,,20.0,,
1960-01-15,,,124.0,,
1960-01-16,,,0.0,,
1960-01-17,,,8.0,,
1960-01-18,,,142.0,,
1960-01-19,,,0.0,,
1960-01-20,,,0.0,,
1960-01-21,,,0.0,,
1960-01-22,,,0.0,,
1960-01-23,,,0.0,,
1960-01-24,,,0.0,,
1960-01-25,,,0.0,,
1960-01-26,,,0.0,,
1960-01-27,,,142.0,,
1960-01-28,,,66.0,,
1960-01-29,,,0.0,,
1960-01-30,,,140.0,,
1960-01-31,,,89.0,,
1960-02-01,,,0.0,,
1960-02-02,,,0.0,,
1960-02-03,,,0.0,,
1960-02-04,,,0.0,,
1960-02-05,,,81.0,,
1960-02-06,,,61.0,,
1960-02-07,,,8.0,,
1960-02-08,,,0.0,,
1960-02-09,,,0.0,,
1960-02-10,,,0.0,,
1960-02-11,,,343.0,,
1960-02-12,,,0.0,,
1960-02-13,,,127.0,,
1960-02-14,,,193.0,,
1960-02-15,,,0.0,,
1960-02-16,,,0.0,,
1960-02-17,,,0.0,,
1960-02-18,,,107.0,,
1960-02-19,,,168.0,,
1960-02-20,,,0.0,,
1960-02-21,,,0.0,,
1960-02-22,,,127.0,,
1960-02-23,,,0.0,,
1960-02-24,,,0.0,,
1960-02-25,,,132.0,,
1960-02-26,,,0.0,,
1960-02-27,,,0.0,,
1960-02-28,,,0.0,,
1960-02-29,,,28.0,,
1960-03-01,,,0.0,,
1960-03-02,,,71.0,,
1960-03-03,,,589.0,,
1960-03-04,,,13.0,,
1960-03-05,,,5.0,,
1960-03-06,,,0.0,,
1960-03-07,,,0.0,,
1960-03-08,,,0.0,,
1960-03-09,,,41.0,,
1960-03-10,,,122.0,,
1960-03-11,,,43.0,,
1960-03-12,,,23.0,,
1960-03-13,,,0.0,,
1960-03-14,,,0.0,,
1960-03-15,,,33.0,,
1960-03-16,,,145.0,,
1960-03-17,,,0.0,,
1960-03-18,,,0.0,,
1960-03-19,,,0.0,,
1960-03-20,,,28.0,,
1960-03-21,,,5.0,,
1960-03-22,,,0.0,,
1960-03-23,,,0.0,,
1960-03-24,,,0.0,,
1960-03-25,,,0.0,,
1960-03-26,,,0.0,,
1960-03-27,,,0.0,,
1960-03-28,,,0.0,,
1960-03-29,,,18.0,,
1960-03-30,,,254.0,,
1960-03-31,,,0.0,,
1960-04-01,,,0.0,,
1960-04-02,,,30.0,,
1960-04-03,,,51.0,,
1960-04-04,,,254.0,,
1960-04-05,,,18.0,,
1960-04-06,,,5.0,,
1960-04-07,,,0.0,,
1960-04-08,,,0.0,,
1960-04-09,,,0.0,,
1960-04-10,,,0.0,,
1960-04-11,,,0.0,,
1960-04-12,,,0.0,,
1960-04-13,,,0.0,,
1960-04-14,,,0.0,,
1960-04-15,,,0.0,,
1960-04-16,,,0.0,,
1960-04-17,,,0.0,,
1960-04-18,,,25.0,,
1960-04-19,,,0.0,,
1960-04-20,,,0.0,,
1960-04-21,,,0.0,,
1960-04-22,,,130.0,,
1960-04-23,,,0.0,,
1960-04-24,,,0.0,,
1960-04-25,,,0.0,,
1960-04-26,,,0.0,,
1960-04-27,,,64.0,,
1960-04-28,,,48.0,,
1960-04-29,,,0.0,,
1960-04-30,,,0.0,,
1960-05-01,,,79.0,0.0,0.0
1960-05-02,,,0.0,0.0,0.0
1960-05-03,,,0.0,0.0,0.0
1960-05-04,,,0.0,0.0,0.0
1960-05-05,,,0.0,0.0,0.0
1960-05-06,,,0.0,0.0,0.0
1960-05-07,,,0.0,0.0,0.0
1960-05-08,,,124.0,0.0,0.0
1960-05-09,,,0.0,0.0,0.0
1960-05-10,,,0.0,0.0,0.0
1960-05-11,,,0.0,0.0,0.0
1960-05-12,,,0.0,0.0,0.0
1960-05-13,,,20.0,0.0,0.0
1960-05-14,,,0.0,0.0,0.0
1960-05-15,,,0.0,0.0,0.0
1960-05-16,,,0.0,0.0,0.0
1960-05-17,,,0.0,0.0,0.0
1960-05-18,,,0.0,0.0,0.0
1960-05-19,,,0.0,0.0,0.0
1960-05-20,,,0.0,0.0,0.0
1960-05-21,,,0.0,0.0,0.0
1960-05-22,,,0.0,0.0,0.0
1960-05-23,,,0.0,0.0,0.0
1960-05-24,,,0.0,0.0,0.0
1960-05-25,,,15.0,0.0,0.0
1960-05-26,,,0.0,0.0,0.0
1960-05-27,,,84.0,0.0,0.0
1960-05-28,,,0.0,0.0,0.0
1960-05-29,,,0.0,0.0,0.0
1960-05-30,,,0.0,0.0,0.0
1960-05-31,,,0.0,0.0,0.0
1960-06-01,,,0.0,0.0,0.0
1960-06-02,,,0.0,0.0,0.0
1960-06-03,,,99.0,0.0,0.0
1960-06-04,,,0.0,0.0,0.0
1960-06-05,,,180.0,0.0,0.0
1960-06-06,,,30.0,0.0,0.0
1960-06-07,,,0.0,0.0,0.0
1960-06-08,,,0.0,0.0,0.0
1960-06-09,,,241.0,0.0,0.0
1960-06-10,,,0.0,0.0,0.0
1960-06-11,,,0.0,0.0,0.0
1960-06-12,,,10.0,0.0,0.0
1960-06-13,,,0.0,0.0,0.0
1960-06-14,,,0.0,0.0,0.0
1960-06-15,,,28.0,0.0,0.0
1960-06-16,,,0.0,0.0,0.0
1960-06-17,,,94.0,0.0,0.0
1960-06-18,,,0.0,0.0,0.0
1960-06-19,,,0.0,0.0,0.0
1960-06-20,,,0.0,0.0,0.0
1960-06-21,,,0.0,0.0,0.0
1960-06-22,,,76.0,0.0,0.0
1960-06-23,,,0.0,0.0,0.0
1960-06-24,,,13.0,0.0,0.0
1960-06-25,,,274.0,0.0,0.0
1960-06-26,,,5.0,0.0,0.0
1960-06-27,,,5.0,0.0,0.0
1960-06-28,,,5.0,0.0,0.0
1960-06-29,,,76.0,0.0,0.0
1960-06-30,,,0.0,0.0,0.0
1960-07-01,,,0.0,,
1960-07-02,,,30.0,,
1960-07-03,,,0.0,,
1960-07-04,,,25.0,,
1960-07-05,,,3.0,,
1960-07-06,,,0.0,,
1960-07-07,,,0.0,,
1960-07-08,,,0.0,,
1960-07-09,,,0.0,,
1960-07-10,,,0.0,,
1960-07-11,,,257.0,,
1960-07-12,,,0.0,,
1960-07-13,,,0.0,,
1960-07-14,,,0.0,,
1960-07-15,,,0.0,,
1960-07-16,,,0.0,,
1960-07-17,,,0.0,,
1960-07-18,,,0.0,,
1960-07-19,,,0.0,,
1960-07-20,,,64.0,,
1960-07-21,,,0.0,,
1960-07-22,,,0.0,,
1960-07-23,,,30.0,,
1960-07-24,,,3.0,,
1960-07-25,,,0.0,,
1960-07-26,,,0.0,,
1960-07-27,,,251.0,,
1960-07-28,,,0.0,,
1960-07-29,,,0.0,,
1960-07-30,,,0.0,,
1960-07-31,,,0.0,,
1960-08-01,,,0.0,,
1960-08-02,,,0.0,,
1960-08-03,,,53.0,,
1960-08-04,,,38.0,,
1960-08-05,,,0.0,,
1960-08-06,,,0.0,,
1960-08-07,,,0.0,,
1960-08-08,,,30.0,,
1960-08-09,,,104.0,,
1960-08-10,,,290.0,,
1960-08-11,,,188.0,,
1960-08-12,,,163.0,,
1960-08-13,,,411.0,,
1960-08-14,,,0.0,,
1960-08-15,,,3.0,,
1960-08-16,,,0.0,,
1960-08-17,,,152.0,,
1960-08-18,,,135.0,,
1960-08-19,,,0.0,,
1960-08-20,,,36.0,,
1960-08-21,,,102.0,,
1960-08-22,,,183.0,,
1960-08-23,,,48.0,,
1960-08-24,,,0.0,,
1960-08-25,,,20.0,,
1960-08-26,,,0.0,,
1960-08-27,,,0.0,,
1960-08-28,,,0.0,,
1960-08-29,,,0.0,,
1960-08-30,,,0.0,,
1960-08-31,,,0.0,,
1960-09-01,,,5.0,,
1960-09-02,,,10.0,,
1960-09-03,,,0.0,,
1960-09-04,,,0.0,,
1960-09-05,,,0.0,,
1960-09-06,,,0.0,,
1960-09-07,,,0.0,,
1960-09-08,,,30.0,,
1960-09-09,,,79.0,,
1960-09-10,,,0.0,,
1960-09-11,,,10.0,,
1960-09-12,,,0.0,,
1960-09-13,,,0.0,,
1960-09-14,,,0.0,,
1960-09-15,,,0.0,,
1960-09-16,,,0.0,,
1960-09-17,,,112.0,,
1960-09-18,,,25.0,,
1960-09-19,,,0.0,,
1960-09-20,,,0.0,,
1960-09-21,,,0.0,,
1960-09-22,,,0.0,,
1960-09-23,,,0.0,,
1960-09-24,,,0.0,,
1960-09-25,,,0.0,,
1960-09-26,,,0.0,,
1960-09-27,,,224.0,,
1960-09-28,,,274.0,,
1960-09-29,,,117.0,,
1960-09-30,,,3.0,,
1960-10-01,,,0.0,0.0,0.0
1960-10-02,,,0.0,0.0,0.0
1960-10-03,,,0.0,0.0,0.0
1960-10-04,,,0.0,0.0,0.0
1960-10-05,,,0.0,0.0,0.0
1960-10-06,,,338.0,0.0,0.0
1960-10-07,,,5.0,0.0,0.0
1960-10-08,,,102.0,0.0,0.0
1960-10-09,,,71.0,0.0,0.0
1960-10-10,,,0.0,0.0,0.0
1960-10-11,,,0.0,0.0,0.0
1960-10-12,,,0.0,0.0,0.0
1960-10-13,,,0.0,0.0,0.0
1960-10-14,,,0.0,0.0,0.0
1960-10-15,,,0.0,0.0,0.0
1960-10-16,,,0.0,0.0,0.0
1960-10-17,,,0.0,0.0,0.0
1960-10-18,,,0.0,0.0,0.0
1960-10-19,,,0.0,0.0,0.0
1960-10-20,,,211.0,0.0,0.0
1960-10-21,,,0.0,0.0,0.0
1960-10-22,,,0.0,0.0,0.0
1960-10-23,,,0.0,0.0,0.0
1960-10-24,,,0.0,0.0,0.0
1960-10-25,,,0.0,0.0,0.0
1960-10-26,,,0.0,0.0,0.0
1960-10-27,,,38.0,0.0,0.0
1960-10-28,,,5.0,0.0,0.0
1960-10-29,,,0.0,0.0,0.0
1960-10-30,,,0.0,0.0,0.0
1960-10-31,,,0.0,0.0,0.0
1960-11-01,,,91.0,0.0,0.0
1960-11-02,,,0.0,0.0,0.0
1960-11-03,,,28.0,0.0,0.0
1960-11-04,,,0.0,0.0,0.0
1960-11-05,,,0.0,0.0,0.0
1960-11-06,,,38.0,0.0,0.0
1960-11-07,,,0.0,0.0,0.0
1960-11-08,,,0.0,0.0,0.0
1960-11-09,,,0.0,0.0,0.0
1960-11-10,,,193.0,0.0,0.0
1960-11-11,,,0.0,0.0,0.0
1960-11-12,,,0.0,0.0,0.0
1960-11-13,,,0.0,0.0,0.0
1960-11-14,,,0.0,0.0,0.0
1960-11-15,,,0.0,0.0,0.0
1960-11-16,,,0.0,0.0,0.0
1960-11-17,,,20.0,0.0,0.0
1960-11-18,,,0.0,0.0,0.0
1960-11-19,,,0.0,0.0,0.0
1960-11-20,,,0.0,0.0,0.0
1960-11-21,,,0.0,0.0,0.0
1960-11-22,,,0.0,0.0,0.0
1960-11-23,,,269.0,0.0,0.0
1960-11-24,,,46.0,0.0,0.0
1960-11-25,,,0.0,0.0,0.0
1960-11-26,,,0.0,0.0,0.0
1960-11-27,,,0.0,0.0,0.0
1960-11-28,,,0.0,0.0,0.0
1960-11-29,,,81.0,0.0,0.0
1960-11-30,,,25.0,0.0,0.0
1960-12-01,,,0.0,,
1960-12-02,,,0.0,,
1960-12-03,,,0.0,,
1960-12-04,,,0.0,,
1960-12-05,,,0.0,,
1960-12-06,,,0.0,,
1960-12-07,,,0.0,,
1960-12-08,,,0.0,,
1960-12-09,,,0.0,,
1960-12-10,,,0.0,,
1960-12-11,,,381.0,,
1960-12-12,,,74.0,,
1960-12-13,,,0.0,,
1960-12-14,,,0.0,,
1960-12-15,,,18.0,,
1960-12-16,,,0.0,,
1960-12-17,,,0.0,,
1960-12-18,,,0.0,,
1960-12-19,,,0.0,,
1960-12-20,,,0.0,,
1960-12-21,,,183.0,,
1960-12-22,,,0.0,,
1960-12-23,,,0.0,,
1960-12-24,,,25.0,,
1960-12-25,,,0.0,,
1960-12-26,,,0.0,,
1960-12-27,,,5.0,,
1960-12-28,,,0.0,,
1960-12-29,,,0.0,,
1960-12-30,,,196.0,,
1960-12-31,,,0.0,,
1961-01-01,,,132.0,,
1961-01-02,,,0.0,,
1961-01-03,,,0.0,,
1961-01-04,,,0.0,,
1961-01-05,,,0.0,,
1961-01-06,,,0.0,,
1961-01-07,,,0.0,,
1961-01-08,,,0.0,,
1961-01-09,,,0.0,,
1961-01-10,,,0.0,,
1961-01-11,,,0.0,,
1961-01-12,,,0.0,,
1961-01-13,,,0.0,,
1961-01-14,,,30.0,,
1961-01-15,,,97.0,,
1961-01-16,,,51.0,,
1961-01-17,,,0.0,,
1961-01-18,,,0.0,,
1961-01-19,,,13.0,,
1961-01-20,,,140.0,,
1961-01-21,,,33.0,,
1961-01-22,,,0.0,,
1961-01-23,,,0.0,,
1961-01-24,,,0.0,,
1961-01-25,,,0.0,,
1961-01-26,,,94.0,,
1961-01-27,,,61.0,,
1961-01-28,,,0.0,,
1961-01-29,,,0.0,,
1961-01-30,,,0.0,,
1961-01-31,,,0.0,,
1961-02-01,,,0.0,,
1961-02-02,,,0.0,,
1961-02-03,,,76.0,,
1961-02-04,,,0.0,,
1961-02-05,,,0.0,,
1961-02-06,,,0.0,,
1961-02-07,,,53.0,,
1961-02-08,,,175.0,,
1961-02-09,,,5.0,,
1961-02-10,,,0.0,,
1961-02-11,,,0.0,,
1961-02-12,,,0.0,,
1961-02-13,,,0.0,,
1961-02-14,,,0.0,,
1961-02-15,,,0.0,,
1961-02-16,,,0.0,,
1961-02-17,,,0.0,,
1961-02-18,,,23.0,,
1961-02-19,,,292.0,,
1961-02-20,,,229.0,,
1961-02-21,,,495.0,,
1961-02-22,,,23.0,,
1961-02-23,,,396.0,,
1961-02-24,,,0.0,,
1961-02-25,,,607.0,,
1961-02-26,,,23.0,,
1961-02-27,,,0.0,,
1961-02-28,,,76.0,,
1961-03-01,,,0.0,,
1961-03-02,,,3.0,,
1961-03-03,,,0.0,,
1961-03-04,,,0.0,,
1961-03-05,,,0.0,,
1961-03-06,,,13.0,,
1961-03-07,,,165.0,,
1961-03-08,,,620.0,,
1961-03-09,,,15.0,,
1961-03-10,,,10.0,,
1961-03-11,,,0.0,,
1961-03-12,,,0.0,,
1961-03-13,,,0.0,,
1961-03-14,,,178.0,,
1961-03-15,,,0.0,,
1961-03-16,,,0.0,,
1961-03-17,,,0.0,,
1961-03-18,,,127.0,,
1961-03-19,,,43.0,,
1961-03-20,,,0.0,,
1961-03-21,,,13.0,,
1961-03-22,,,8.0,,
1961-03-23,,,0.0,,
1961-03-24,,,13.0,,
1961-03-25,,,0.0,,
1961-03-26,,,0.0,,
1961-03-27,,,0.0,,
1961-03-28,,,0.0,,
1961-03-29,,,10.0,,
1961-03-30,,,0.0,,
1961-03-31,,,193.0,,
1961-04-01,,,48.0,,
1961-04-02,,,0.0,,
1961-04-03,,,0.0,,
1961-04-04,,,25.0,,
1961-04-05,,,0.0,,
1961-04-06,,,0.0,,
1961-04-07,,,0.0,,
1961-04-08,,,0.0,,
1961-04-09,,,0.0,,
1961-04-10,,,208.0,,
1961-04-11,,,0.0,,
1961-04-12,,,246.0,,
1961-04-13,,,97.0,,
1961-04-14,,,0.0,,
1961-04-15,,,0.0,,
1961-04-16,,,71.0,,
1961-04-17,,,0.0,,
1961-04-18,,,0.0,,
1961-04-19,,,0.0,,
1961-04-20,,,0.0,,
1961-04-21,,,0.0,,
1961-04-22,,,8.0,,
1961-04-23,,,0.0,,
1961-04-24,,,0.0,,
1961-04-25,,,0.0,,
1961-04-26,,,71.0,,
1961-04-27,,,124.0,,
1961-04-28,,,25.0,,
1961-04-29,,,0.0,,
1961-04-30,,,0.0,,
1961-05-01,,,25.0,,
1961-05-02,,,109.0,,
1961-05-03,,,0.0,,
1961-05-04,,,0.0,,
1961-05-05,,,0.0,,
1961-05-06,,,0.0,,
1961-05-07,,,0.0,,
1961-05-08,,,0.0,,
1961-05-09,,,211.0,,
1961-05-10,,,20.0,,
1961-05-11,,,28.0,,
1961-05-12,,,208.0,,
1961-05-13,,,3.0,,
1961-05-14,,,0.0,,
1961-05-15,,,0.0,,
1961-05-16,,,193.0,,
1961-05-17,,,0.0,,
1961-05-18,,,0.0,,
1961-05-19,,,76.0,,
1961-05-20,,,0.0,,
1961-05-21,,,0.0,,
1961-05-22,,,0.0,,
1961-05-23,,,165.0,,
1961-05-24,,,0.0,,
1961-05-25,,,30.0,,
1961-05-26,,,272.0,,
1961-05-27,,,28.0,,
1961-05-28,,,0.0,,
1961-05-29,,,0.0,,
1961-05-30,,,0.0,,
1961-05-31,,,0.0,,
1961-06-01,,,0.0,,
1961-06-02,,,0.0,,
1961-06-03,,,0.0,,
1961-06-04,,,0.0,,
1961-06-05,,,33.0,,
1961-06-06,,,46.0,,
1961-06-07,,,8.0,,
1961-06-08,,,0.0,,
1961-06-09,,,20.0,,
1961-06-10,,,196.0,,
1961-06-11,,,0.0,,
1961-06-12,,,0.0,,
1961-06-13,,,0.0,,
1961-06-14,,,79.0,,
1961-06-15,,,152.0,,
1961-06-16,,,130.0,,
1961-06-17,,,3.0,,
1961-06-18,,,0.0,,
1961-06-19,,,0.0,,
1961-06-20,,,0.0,,
1961-06-21,,,351.0,,
1961-06-22,,,254.0,,
1961-06-23,,,0.0,,
1961-06-24,,,10.0,,
1961-06-25,,,0.0,,
1961-06-26,,,191.0,,
1961-06-27,,,102.0,,
1961-06-28,,,170.0,,
1961-06-29,,,0.0,,
1961-06-30,,,0.0,,
1961-07-01,,,0.0,,
1961-07-02,,,0.0,,
1961-07-03,,,3.0,,
1961-07-04,,,8.0,,
1961-07-05,,,0.0,,
1961-07-06,,,0.0,,
1961-07-07,,,36.0,,
1961-07-08,,,86.0,,
1961-07-09,,,0.0,,
1961-07-10,,,0.0,,
1961-07-11,,,0.0,,
1961-07-12,,,43.0,,
1961-07-13,,,10.0,,
1961-07-14,,,3.0,,
1961-07-15,,,5.0,,
1961-07-16,,,310.0,,
1961-07-17,,,259.0,,
1961-07-18,,,3.0,,
1961-07-19,,,5.0,,
1961-07-20,,,185.0,,
1961-07-21,,,0.0,,
1961-07-22,,,25.0,,
1961-07-23,,,18.0,,
1961-07-24,,,0.0,,
1961-07-25,,,0.0,,
1961-07-26,,,0.0,,
1961-07-27,,,107.0,,
1961-07-28,,,0.0,,
1961-07-29,,,0.0,,
1961-07-30,,,0.0,,
1961-07-31,,,0.0,,
1961-08-01,,,0.0,,
1961-08-02,,,0.0,,
1961-08-03,,,33.0,,
1961-08-04,,,10.0,,
1961-08-05,,,0.0,,
1961-08-06,,,0.0,,
1961-08-07,,,97.0,,
1961-08-08,,,36.0,,
1961-08-09,,,188.0,,
1961-08-10,,,8.0,,
1961-08-11,,,239.0,,
1961-08-12,,,0.0,,
1961-08-13,,,188.0,,
1961-08-14,,,0.0,,
1961-08-15,,,0.0,,
1961-08-16,,,0.0,,
1961-08-17,,,0.0,,
1961-08-18,,,0.0,,
1961-08-19,,,0.0,,
1961-08-20,,,0.0,,
1961-08-21,,,0.0,,
1961-08-22,,,8.0,,
1961-08-23,,,0.0,,
1961-08-24,,,38.0,,
1961-08-25,,,61.0,,
1961-08-26,,,71.0,,
1961-08-27,,,114.0,,
1961-08-28,,,0.0,,
1961-08-29,,,0.0,,
1961-08-30,,,0.0,,
1961-08-31,,,0.0,,
1961-09-01,,,185.0,,
1961-09-02,,,23.0,,
1961-09-03,,,0.0,,
1961-09-04,,,0.0,,
1961-09-05,,,0.0,,
1961-09-06,,,0.0,,
1961-09-07,,,8.0,,
1961-09-08,,,0.0,,
1961-09-09,,,0.0,,
1961-09-10,,,3.0,,
1961-09-11,,,0.0,,
1961-09-12,,,97.0,,
1961-09-13,,,0.0,,
1961-09-14,,,20.0,,
1961-09-15,,,81.0,,
1961-09-16,,,0.0,,
1961-09-17,,,0.0,,
1961-09-18,,,0.0,,
1961-09-19,,,8.0,,
1961-09-20,,,122.0,,
1961-09-21,,,0.0,,
1961-09-22,,,0.0,,
1961-09-23,,,0.0,,
1961-09-24,,,0.0,,
1961-09-25,,,0.0,,
1961-09-26,,,0.0,,
1961-09-27,,,0.0,,
1961-09-28,,,0.0,,
1961-09-29,,,0.0,,
1961-09-30,,,0.0,,
1961-10-01,,,0.0,,
1961-10-02,,,0.0,,
1961-10-03,,,137.0,,
1961-10-04,,,168.0,,
1961-10-05,,,0.0,,
1961-10-06,,,0.0,,
1961-10-07,,,0.0,,
1961-10-08,,,0.0,,
1961-10-09,,,0.0,,
1961-10-10,,,0.0,,
1961-10-11,,,0.0,,
1961-10-12,,,0.0,,
1961-10-13,,,0.0,,
1961-10-14,,,0.0,,
1961-10-15,,,0.0,,
1961-10-16,,,0.0,,
1961-10-17,,,0.0,,
1961-10-18,,,0.0,,
1961-10-19,,,0.0,,
1961-10-20,,,25.0,,
1961-10-21,,,0.0,,
1961-10-22,,,0.0,,
1961-10-23,,,0.0,,
1961-10-24,,,0.0,,
1961-10-25,,,0.0,,
1961-10-26,,,20.0,,
1961-10-27,,,0.0,,
1961-10-28,,,0.0,,
1961-10-29,,,0.0,,
1961-10-30,,,0.0,,
1961-10-31,,,0.0,,
1961-11-01,,,61.0,,
1961-11-02,,,0.0,,
1961-11-03,,,0.0,,
1961-11-04,,,69.0,,
1961-11-05,,,25.0,,
1961-11-06,,,0.0,,
1961-11-07,,,160.0,,
1961-11-08,,,0.0,,
1961-11-09,,,0.0,,
1961-11-10,,,0.0,,
1961-11-11,,,0.0,,
1961-11-12,,,0.0,,
1961-11-13,,,0.0,,
1961-11-14,,,74.0,,
1961-11-15,,,5.0,,
1961-11-16,,,152.0,,
1961-11-17,,,25.0,,
1961-11-18,,,0.0,,
1961-11-19,,,5.0,,
1961-11-20,,,0.0,,
1961-11-21,,,0.0,,
1961-11-22,,,0.0,,
1961-11-23,,,152.0,,
1961-11-24,,,142.0,,
1961-11-25,,,0.0,,
1961-11-26,,,0.0,,
1961-11-27,,,0.0,,
1961-11-28,,,0.0,,
1961-11-29,,,0.0,,
1961-11-30,,,0.0,,
1961-12-01,,,0.0,,
1961-12-02,,,0.0,,
1961-12-03,,,0.0,,
1961-12-04,,,0.0,,
1961-12-05,,,84.0,,
1961-12-06,,,48.0,,
1961-12-07,,,0.0,,
1961-12-08,,,0.0,,
1961-12-09,,,3.0,,
1961-12-10,,,505.0,,
1961-12-11,,,23.0,,
1961-12-12,,,892.0,,
1961-12-13,,,173.0,,
1961-12-14,,,0.0,,
1961-12-15,,,23.0,,
1961-12-16,,,58.0,,
1961-12-17,,,325.0,,
1961-12-18,,,831.0,,
1961-12-19,,,0.0,,
1961-12-20,,,0.0,,
1961-12-21,,,0.0,,
1961-12-22,,,0.0,,
1961-12-23,,,56.0,,
1961-12-24,,,0.0,,
1961-12-25,,,0.0,,
1961-12-26,,,0.0,,
1961-12-27,,,0.0,,
1961-12-28,,,241.0,,
1961-12-29,,,5.0,,
1961-12-30,,,0.0,,
1961-12-31,,,0.0,,
1962-01-01,,,102.0,,
1962-01-02,,,5.0,,
1962-01-03,,,0.0,,
1962-01-04,,,0.0,,
1962-01-05,,,0.0,,
1962-01-06,,,157.0,,
1962-01-07,,,5.0,,
1962-01-08,,,28.0,,
1962-01-09,,,0.0,,
1962-01-10,,,79.0,,
1962-01-11,,,0.0,,
1962-01-12,,,0.0,,
1962-01-13,,,0.0,,
1962-01-14,,,0.0,,
1962-01-15,,,91.0,,
1962-01-16,,,0.0,,
1962-01-17,,,0.0,,
1962-01-18,,,0.0,,
1962-01-19,,,94.0,,
1962-01-20,,,0.0,,
1962-01-21,,,0.0,,
1962-01-22,,,0.0,,
1962-01-23,,,178.0,,
1962-01-24,,,0.0,,
1962-01-25,,,381.0,,
1962-01-26,,,231.0,,
1962-01-27,,,310.0,,
1962-01-28,,,287.0,,
1962-01-29,,,38.0,,
1962-01-30,,,0.0,,
1962-01-31,,,0.0,,
1962-02-01,,,0.0,,
1962-02-02,,,0.0,,
1962-02-03,,,0.0,,
1962-02-04,,,0.0,,
1962-02-05,,,0.0,,
1962-02-06,,,30.0,,
1962-02-07,,,0.0,,
1962-02-08,,,0.0,,
1962-02-09,,,109.0,,
1962-02-10,,,0.0,,
1962-02-11,,,0.0,,
1962-02-12,,,0.0,,
1962-02-13,,,0.0,,
1962-02-14,,,0.0,,
1962-02-15,,,0.0,,
1962-02-16,,,51.0,,
1962-02-17,,,15.0,,
1962-02-18,,,0.0,,
1962-02-19,,,122.0,,
1962-02-20,,,0.0,,
1962-02-21,,,20.0,,
1962-02-22,,,434.0,,
1962-02-23,,,432.0,,
1962-02-24,,,249.0,,
1962-02-25,,,0.0,,
1962-02-26,,,318.0,,
1962-02-27,,,0.0,,
1962-02-28,,,122.0,,
1962-03-01,,,8.0,,
1962-03-02,,,0.0,,
1962-03-03,,,0.0,,
1962-03-04,,,0.0,,
1962-03-05,,,41.0,,
1962-03-06,,,8.0,,
1962-03-07,,,15.0,,
1962-03-08,,,0.0,,
1962-03-09,,,193.0,,
1962-03-10,,,36.0,,
1962-03-11,,,122.0,,
1962-03-12,,,84.0,,
1962-03-13,,,0.0,,
1962-03-14,,,0.0,,
1962-03-15,,,0.0,,
1962-03-16,,,0.0,,
1962-03-17,,,0.0,,
1962-03-18,,,0.0,,
1962-03-19,,,0.0,,
1962-03-20,,,124.0,,
1962-03-21,,,340.0,,
1962-03-22,,,0.0,,
1962-03-23,,,0.0,,
1962-03-24,,,0.0,,
1962-03-25,,,0.0,,
1962-03-26,,,251.0,,
1962-03-27,,,56.0,,
1962-03-28,,,0.0,,
1962-03-29,,,0.0,,
1962-03-30,,,0.0,,
1962-03-31,,,84.0,,
1962-04-01,,,168.0,,
1962-04-02,,,0.0,,
1962-04-03,,,0.0,,
1962-04-04,,,0.0,,
1962-04-05,,,0.0,,
1962-04-06,,,69.0,,
1962-04-07,,,130.0,,
1962-04-08,,,30.0,,
1962-04-09,,,28.0,,
1962-04-10,,,0.0,,
1962-04-11,,,180.0,,
1962-04-12,,,518.0,,
1962-04-13,,,38.0,,
1962-04-14,,,0.0,,
1962-04-15,,,99.0,,
1962-04-16,,,0.0,,
1962-04-17,,,0.0,,
1962-04-18,,,0.0,,
1962-04-19,,,0.0,,
1962-04-20,,,0.0,,
1962-04-21,,,0.0,,
1962-04-22,,,0.0,,
1962-04-23,,,0.0,,
1962-04-24,,,0.0,,
1962-04-25,,,0.0,,
1962-04-26,,,8.0,,
1962-04-27,,,0.0,,
1962-04-28,,,0.0,,
1962-04-29,,,36.0,,
1962-04-30,,,0.0,,
1962-05-01,,,0.0,,
1962-05-02,,,23.0,,
1962-05-03,,,0.0,,
1962-05-04,,,0.0,,
1962-05-05,,,0.0,,
1962-05-06,,,0.0,,
1962-05-07,,,0.0,,
1962-05-08,,,0.0,,
1962-05-09,,,0.0,,
1962-05-10,,,0.0,,
1962-05-11,,,0.0,,
1962-05-12,,,0.0,,
1962-05-13,,,0.0,,
1962-05-14,,,0.0,,
1962-05-15,,,0.0,,
1962-05-16,,,5.0,,
1962-05-17,,,0.0,,
1962-05-18,,,33.0,,
1962-05-19,,,0.0,,
1962-05-20,,,0.0,,
1962-05-21,,,0.0,,
1962-05-22,,,0.0,,
1962-05-23,,,0.0,,
1962-05-24,,,0.0,,
1962-05-25,,,74.0,,
1962-05-26,,,0.0,,
1962-05-27,,,0.0,,
1962-05-28,,,0.0,,
1962-05-29,,,0.0,,
1962-05-30,,,168.0,,
1962-05-31,,,53.0,,
1962-06-01,,,23.0,,
1962-06-02,,,0.0,,
1962-06-03,,,,,
1962-06-04,,,,,
1962-06-05,,,107.0,,
1962-06-06,,,30.0,,
1962-06-07,,,0.0,,
1962-06-08,,,28.0,,
1962-06-09,,,0.0,,
1962-06-10,,,0.0,,
1962-06-11,,,48.0,,
1962-06-12,,,381.0,,
1962-06-13,,,117.0,,
1962-06-14,,,0.0,,
1962-06-15,,,0.0,,
1962-06-16,,,0.0,,
1962-06-17,,,0.0,,
1962-06-18,,,0.0,,
1962-06-19,,,0.0,,
1962-06-20,,,8.0,,
1962-06-21,,,28.0,,
1962-06-22,,,0.0,,
1962-06-23,,,5.0,,
1962-06-24,,,3.0,,
1962-06-25,,,0.0,,
1962-06-26,,,5.0,,
1962-06-27,,,25.0,,
1962-06-28,,,76.0,,
1962-06-29,,,8.0,,
1962-06-30,,,0.0,,
1962-07-01,,,0.0,,
1962-07-02,,,0.0,,
1962-07-03,,,0.0,,
1962-07-04,,,135.0,,
1962-07-05,,,0.0,,
1962-07-06,,,239.0,,
1962-07-07,,,13.0,,
1962-07-08,,,0.0,,
1962-07-09,,,790.0,,
1962-07-10,,,0.0,,
1962-07-11,,,0.0,,
1962-07-12,,,38.0,,
1962-07-13,,,5.0,,
1962-07-14,,,0.0,,
1962-07-15,,,0.0,,
1962-07-16,,,5.0,,
1962-07-17,,,0.0,,
1962-07-18,,,0.0,,
1962-07-19,,,0.0,,
1962-07-20,,,0.0,,
1962-07-21,,,0.0,,
1962-07-22,,,0.0,,
1962-07-23,,,0.0,,
1962-07-24,,,8.0,,
1962-07-25,,,157.0,,
1962-07-26,,,221.0,,
1962-07-27,,,0.0,,
1962-07-28,,,0.0,,
1962-07-29,,,61.0,,
1962-07-30,,,23.0,,
1962-07-31,,,5.0,,
1962-08-01,,,0.0,,
1962-08-02,,,0.0,,
1962-08-03,,,183.0,,
1962-08-04,,,0.0,,
1962-08-05,,,0.0,,
1962-08-06,,,8.0,,
1962-08-07,,,277.0,,
1962-08-08,,,89.0,,
1962-08-09,,,0.0,,
1962-08-10,,,0.0,,
1962-08-11,,,0.0,,
1962-08-12,,,0.0,,
1962-08-13,,,157.0,,
1962-08-14,,,20.0,,
1962-08-15,,,0.0,,
1962-08-16,,,0.0,,
1962-08-17,,,0.0,,
1962-08-18,,,0.0,,
1962-08-19,,,0.0,,
1962-08-20,,,0.0,,
1962-08-21,,,0.0,,
1962-08-22,,,8.0,,
1962-08-23,,,0.0,,
1962-08-24,,,15.0,,
1962-08-25,,,0.0,,
1962-08-26,,,0.0,,
1962-08-27,,,0.0,,
1962-08-28,,,0.0,,
1962-08-29,,,0.0,,
1962-08-30,,,0.0,,
1962-08-31,,,0.0,,
1962-09-01,,,0.0,,
1962-09-02,,,0.0,,
1962-09-03,,,0.0,,
1962-09-04,,,0.0,,
1962-09-05,,,178.0,,
1962-09-06,,,0.0,,
1962-09-07,,,46.0,,
1962-09-08,,,0.0,,
1962-09-09,,,0.0,,
1962-09-10,,,3.0,,
1962-09-11,,,76.0,,
1962-09-12,,,0.0,,
1962-09-13,,,0.0,,
1962-09-14,,,0.0,,
1962-09-15,,,663.0,,
1962-09-16,,,132.0,,
1962-09-17,,,381.0,,
1962-09-18,,,5.0,,
1962-09-19,,,0.0,,
1962-09-20,,,0.0,,
1962-09-21,,,0.0,,
1962-09-22,,,0.0,,
1962-09-23,,,0.0,,
1962-09-24,,,0.0,,
1962-09-25,,,0.0,,
1962-09-26,,,378.0,,
1962-09-27,,,180.0,,
1962-09-28,,,0.0,,
1962-09-29,,,0.0,,
1962-09-30,,,0.0,,
1962-10-01,,,0.0,,
1962-10-02,,,38.0,,
1962-10-03,,,127.0,,
1962-10-04,,,165.0,,
1962-10-05,,,3.0,,
1962-10-06,,,0.0,,
1962-10-07,,,0.0,,
1962-10-08,,,109.0,,
1962-10-09,,,0.0,,
1962-10-10,,,0.0,,
1962-10-11,,,0.0,,
1962-10-12,,,0.0,,
1962-10-13,,,0.0,,
1962-10-14,,,0.0,,
1962-10-15,,,0.0,,
1962-10-16,,,0.0,,
1962-10-17,,,0.0,,
1962-10-18,,,0.0,,
1962-10-19,,,0.0,,
1962-10-20,,,0.0,,
1962-10-21,,,64.0,,
1962-10-22,,,147.0,,
1962-10-23,,,0.0,,
1962-10-24,,,0.0,,
1962-10-25,,,0.0,,
1962-10-26,,,0.0,,
1962-10-27,,,0.0,,
1962-10-28,,,0.0,,
1962-10-29,,,0.0,,
1962-10-30,,,0.0,,
1962-10-31,,,30.0,,
1962-11-01,,,5.0,,
1962-11-02,,,0.0,,
1962-11-03,,,0.0,,
1962-11-04,,,3.0,,
1962-11-05,,,25.0,,
1962-11-06,,,5.0,,
1962-11-07,,,0.0,,
1962-11-08,,,91.0,,
1962-11-09,,,325.0,,
1962-11-10,,,152.0,,
1962-11-11,,,0.0,,
1962-11-12,,,25.0,,
1962-11-13,,,5.0,,
1962-11-14,,,0.0,,
1962-11-15,,,5.0,,
1962-11-16,,,0.0,,
1962-11-17,,,165.0,,
1962-11-18,,,358.0,,
1962-11-19,,,5.0,,
1962-11-20,,,46.0,,
1962-11-21,,,173.0,,
1962-11-22,,,76.0,,
1962-11-23,,,5.0,,
1962-11-24,,,0.0,,
1962-11-25,,,38.0,,
1962-11-26,,,0.0,,
1962-11-27,,,3.0,,
1962-11-28,,,0.0,,
1962-11-29,,,0.0,,
1962-11-30,,,0.0,,
1962-12-01,,,0.0,,
1962-12-02,,,0.0,,
1962-12-03,,,0.0,,
1962-12-04,,,10.0,,
1962-12-05,,,0.0,,
1962-12-06,,,76.0,,
1962-12-07,,,10.0,,
1962-12-08,,,25.0,,
1962-12-09,,,5.0,,
1962-12-10,,,0.0,,
1962-12-11,,,0.0,,
1962-12-12,,,0.0,,
1962-12-13,,,0.0,,
1962-12-14,,,0.0,,
1962-12-15,,,0.0,,
1962-12-16,,,8.0,,
1962-12-17,,,0.0,,
1962-12-18,,,0.0,,
1962-12-19,,,0.0,,
1962-12-20,,,0.0,,
1962-12-21,,,0.0,,
1962-12-22,,,107.0,,
1962-12-23,,,0.0,,
1962-12-24,,,0.0,,
1962-12-25,,,203.0,,
1962-12-26,,,23.0,,
1962-12-27,,,0.0,,
1962-12-28,,,0.0,,
1962-12-29,,,122.0,,
1962-12-30,,,58.0,,
1962-12-31,,,0.0,,
1963-01-01,,,0.0,,
1963-01-02,,,0.0,,
1963-01-03,,,0.0,,
1963-01-04,,,0.0,,
1963-01-05,,,0.0,,
1963-01-06,,,0.0,,
1963-01-07,,,0.0,,
1963-01-08,,,0.0,,
1963-01-09,,,0.0,,
1963-01-10,,,0.0,,
1963-01-11,,,30.0,,
1963-01-12,,,282.0,,
1963-01-13,,,56.0,,
1963-01-14,,,0.0,,
1963-01-15,,,0.0,,
1963-01-16,,,0.0,,
1963-01-17,,,0.0,,
1963-01-18,,,48.0,,
1963-01-19,,,5.0,,
1963-01-20,,,328.0,,
1963-01-21,,,30.0,,
1963-01-22,,,0.0,,
1963-01-23,,,20.0,,
1963-01-24,,,135.0,,
1963-01-25,,,0.0,,
1963-01-26,,,0.0,,
1963-01-27,,,104.0,,
1963-01-28,,,0.0,,
1963-01-29,,,0.0,,
1963-01-30,,,147.0,,
1963-01-31,,,112.0,,
1963-02-01,,,8.0,,
1963-02-02,,,18.0,,
1963-02-03,,,236.0,,
1963-02-04,,,0.0,,
1963-02-05,,,0.0,,
1963-02-06,,,0.0,,
1963-02-07,,,0.0,,
1963-02-08,,,0.0,,
1963-02-09,,,0.0,,
1963-02-10,,,0.0,,
1963-02-11,,,0.0,,
1963-02-12,,,130.0,,
1963-02-13,,,23.0,,
1963-02-14,,,0.0,,
1963-02-15,,,0.0,,
1963-02-16,,,0.0,,
1963-02-17,,,0.0,,
1963-02-18,,,0.0,,
1963-02-19,,,157.0,,
1963-02-20,,,41.0,,
1963-02-21,,,0.0,,
1963-02-22,,,0.0,,
1963-02-23,,,0.0,,
1963-02-24,,,10.0,,
1963-02-25,,,0.0,,
1963-02-26,,,0.0,,
1963-02-27,,,0.0,,
1963-02-28,,,0.0,,
1963-03-01,,,0.0,,
1963-03-02,,,208.0,,
1963-03-03,,,0.0,,
1963-03-04,,,0.0,,
1963-03-05,,,0.0,,
1963-03-06,,,859.0,,
1963-03-07,,,0.0,,
1963-03-08,,,0.0,,
1963-03-09,,,0.0,,
1963-03-10,,,8.0,,
1963-03-11,,,145.0,,
1963-03-12,,,569.0,,
1963-03-13,,,493.0,,
1963-03-14,,,0.0,,
1963-03-15,,,0.0,,
1963-03-16,,,23.0,,
1963-03-17,,,102.0,,
1963-03-18,,,0.0,,
1963-03-19,,,0.0,,
1963-03-20,,,325.0,,
1963-03-21,,,0.0,,
1963-03-22,,,0.0,,
1963-03-23,,,0.0,,
1963-03-24,,,0.0,,
1963-03-25,,,0.0,,
1963-03-26,,,104.0,,
1963-03-27,,,0.0,,
1963-03-28,,,0.0,,
1963-03-29,,,0.0,,
1963-03-30,,,0.0,,
1963-03-31,,,0.0,,
1963-04-01,,,0.0,,
1963-04-02,,,0.0,,
1963-04-03,,,0.0,,
1963-04-04,,,0.0,,
1963-04-05,,,38.0,,
1963-04-06,,,216.0,,
1963-04-07,,,0.0,,
1963-04-08,,,0.0,,
1963-04-09,,,0.0,,
1963-04-10,,,0.0,,
1963-04-11,,,0.0,,
1963-04-12,,,0.0,,
1963-04-13,,,0.0,,
1963-04-14,,,0.0,,
1963-04-15,,,0.0,,
1963-04-16,,,0.0,,
1963-04-17,,,0.0,,
1963-04-18,,,0.0,,
1963-04-19,,,0.0,,
1963-04-20,,,15.0,,
1963-04-21,,,0.0,,
1963-04-22,,,0.0,,
1963-04-23,,,0.0,,
1963-04-24,,,0.0,,
1963-04-25,,,3.0,,
1963-04-26,,,15.0,,
1963-04-27,,,0.0,,
1963-04-28,,,97.0,,
1963-04-29,,,589.0,,
1963-04-30,,,663.0,,
1963-05-01,,,0.0,,
1963-05-02,,,0.0,,
1963-05-03,,,0.0,,
1963-05-04,,,0.0,,
1963-05-05,,,0.0,,
1963-05-06,,,0.0,,
1963-05-07,,,0.0,,
1963-05-08,,,0.0,,
1963-05-09,,,0.0,,
1963-05-10,,,0.0,,
1963-05-11,,,102.0,,
1963-05-12,,,0.0,,
1963-05-13,,,0.0,,
1963-05-14,,,272.0,,
1963-05-15,,,8.0,,
1963-05-16,,,0.0,,
1963-05-17,,,0.0,,
1963-05-18,,,236.0,,
1963-05-19,,,0.0,,
1963-05-20,,,0.0,,
1963-05-21,,,36.0,,
1963-05-22,,,5.0,,
1963-05-23,,,13.0,,
1963-05-24,,,0.0,,
1963-05-25,,,18.0,,
1963-05-26,,,122.0,,
1963-05-27,,,33.0,,
1963-05-28,,,257.0,,
1963-05-29,,,51.0,,
1963-05-30,,,0.0,,
1963-05-31,,,0.0,,
1963-06-01,,,0.0,,
1963-06-02,,,0.0,,
1963-06-03,,,0.0,,
1963-06-04,,,0.0,,
1963-06-05,,,0.0,,
1963-06-06,,,0.0,,
1963-06-07,,,10.0,,
1963-06-08,,,0.0,,
1963-06-09,,,155.0,,
1963-06-10,,,0.0,,
1963-06-11,,,0.0,,
1963-06-12,,,0.0,,
1963-06-13,,,0.0,,
1963-06-14,,,36.0,,
1963-06-15,,,0.0,,
1963-06-16,,,157.0,,
1963-06-17,,,142.0,,
1963-06-18,,,5.0,,
1963-06-19,,,3.0,,
1963-06-20,,,122.0,,
1963-06-21,,,160.0,,
1963-06-22,,,5.0,,
1963-06-23,,,3.0,,
1963-06-24,,,43.0,,
1963-06-25,,,0.0,,
1963-06-26,,,86.0,,
1963-06-27,,,117.0,,
1963-06-28,,,13.0,,
1963-06-29,,,373.0,,
1963-06-30,,,183.0,,
1963-07-01,,,5.0,,
1963-07-02,,,0.0,,
1963-07-03,,,3.0,,
1963-07-04,,,0.0,,
1963-07-05,,,0.0,,
1963-07-06,,,0.0,,
1963-07-07,,,198.0,,
1963-07-08,,,53.0,,
1963-07-09,,,0.0,,
1963-07-10,,,0.0,,
1963-07-11,,,0.0,,
1963-07-12,,,0.0,,
1963-07-13,,,0.0,,
1963-07-14,,,246.0,,
1963-07-15,,,58.0,,
1963-07-16,,,0.0,,
1963-07-17,,,102.0,,
1963-07-18,,,0.0,,
1963-07-19,,,124.0,,
1963-07-20,,,5.0,,
1963-07-21,,,305.0,,
1963-07-22,,,0.0,,
1963-07-23,,,0.0,,
1963-07-24,,,25.0,,
1963-07-25,,,5.0,,
1963-07-26,,,10.0,,
1963-07-27,,,0.0,,
1963-07-28,,,0.0,,
1963-07-29,,,185.0,,
1963-07-30,,,381.0,,
1963-07-31,,,10.0,,
1963-08-01,,,0.0,,
1963-08-02,,,0.0,,
1963-08-03,,,0.0,,
1963-08-04,,,0.0,,
1963-08-05,,,0.0,,
1963-08-06,,,0.0,,
1963-08-07,,,0.0,,
1963-08-08,,,15.0,,
1963-08-09,,,0.0,,
1963-08-10,,,0.0,,
1963-08-11,,,0.0,,
1963-08-12,,,0.0,,
1963-08-13,,,0.0,,
1963-08-14,,,292.0,,
1963-08-15,,,0.0,,
1963-08-16,,,0.0,,
1963-08-17,,,0.0,,
1963-08-18,,,0.0,,
1963-08-19,,,0.0,,
1963-08-20,,,0.0,,
1963-08-21,,,18.0,,
1963-08-22,,,0.0,,
1963-08-23,,,0.0,,
1963-08-24,,,0.0,,
1963-08-25,,,0.0,,
1963-08-26,,,5.0,,
1963-08-27,,,28.0,,
1963-08-28,,,0.0,,
1963-08-29,,,0.0,,
1963-08-30,,,508.0,,
1963-08-31,,,0.0,,
1963-09-01,,,0.0,,
1963-09-02,,,0.0,,
1963-09-03,,,0.0,,
1963-09-04,,,3.0,,
1963-09-05,,,8.0,,
1963-09-06,,,0.0,,
1963-09-07,,,0.0,,
1963-09-08,,,0.0,,
1963-09-09,,,0.0,,
1963-09-10,,,0.0,,
1963-09-11,,,0.0,,
1963-09-12,,,0.0,,
1963-09-13,,,122.0,,
1963-09-14,,,33.0,,
1963-09-15,,,0.0,,
1963-09-16,,,0.0,,
1963-09-17,,,0.0,,
1963-09-18,,,0.0,,
1963-09-19,,,0.0,,
1963-09-20,,,0.0,,
1963-09-21,,,0.0,,
1963-09-22,,,0.0,,
1963-09-23,,,0.0,,
1963-09-24,,,0.0,,
1963-09-25,,,0.0,,
1963-09-26,,,0.0,,
1963-09-27,,,0.0,,
1963-09-28,,,25.0,,
1963-09-29,,,640.0,,
1963-09-30,,,0.0,,
1963-10-01,,,0.0,,
1963-10-02,,,0.0,,
1963-10-03,,,0.0,,
1963-10-04,,,0.0,,
1963-10-05,,,0.0,,
1963-10-06,,,0.0,,
1963-10-07,,,0.0,,
1963-10-08,,,0.0,,
1963-10-09,,,0.0,,
1963-10-10,,,0.0,,
1963-10-11,,,0.0,,
1963-10-12,,,0.0,,
1963-10-13,,,0.0,,
1963-10-14,,,0.0,,
1963-10-15,,,0.0,,
1963-10-16,,,0.0,,
1963-10-17,,,0.0,,
1963-10-18,,,0.0,,
1963-10-19,,,0.0,,
1963-10-20,,,0.0,,
1963-10-21,,,0.0,,
1963-10-22,,,0.0,,
1963-10-23,,,0.0,,
1963-10-24,,,0.0,,
1963-10-25,,,0.0,,
1963-10-26,,,0.0,,
1963-10-27,,,0.0,,
1963-10-28,,,0.0,,
1963-10-29,,,0.0,,
1963-10-30,,,0.0,,
1963-10-31,,,0.0,,
1963-11-01,,,0.0,,
1963-11-02,,,234.0,,
1963-11-03,,,0.0,,
1963-11-04,,,0.0,,
1963-11-05,,,46.0,,
1963-11-06,,,198.0,,
1963-11-07,,,0.0,,
1963-11-08,,,0.0,,
1963-11-09,,,0.0,,
1963-11-10,,,0.0,,
1963-11-11,,,0.0,,
1963-11-12,,,0.0,,
1963-11-13,,,0.0,,
1963-11-14,,,0.0,,
1963-11-15,,,0.0,,
1963-11-16,,,0.0,,
1963-11-17,,,0.0,,
1963-11-18,,,0.0,,
1963-11-19,,,0.0,,
1963-11-20,,,0.0,,
1963-11-21,,,15.0,,
1963-11-22,,,0.0,,
1963-11-23,,,76.0,,
1963-11-24,,,13.0,,
1963-11-25,,,0.0,,
1963-11-26,,,13.0,,
1963-11-27,,,48.0,,
1963-11-28,,,0.0,,
1963-11-29,,,442.0,,
1963-11-30,,,41.0,,
1963-12-01,,,30.0,,
1963-12-02,,,0.0,,
1963-12-03,,,33.0,,
1963-12-04,,,0.0,,
1963-12-05,,,0.0,,
1963-12-06,,,0.0,,
1963-12-07,,,0.0,,
1963-12-08,,,69.0,,
1963-12-09,,,8.0,,
1963-12-10,,,0.0,,
1963-12-11,,,145.0,,
1963-12-12,,,274.0,,
1963-12-13,,,0.0,,
1963-12-14,,,122.0,,
1963-12-15,,,0.0,,
1963-12-16,,,0.0,,
1963-12-17,,,0.0,,
1963-12-18,,,0.0,,
1963-12-19,,,0.0,,
1963-12-20,,,0.0,,
1963-12-21,,,0.0,,
1963-12-22,,,0.0,,
1963-12-23,,,211.0,,
1963-12-24,,,25.0,,
1963-12-25,,,0.0,,
1963-12-26,,,0.0,,
1963-12-27,,,0.0,,
1963-12-28,,,0.0,,
1963-12-29,,,0.0,,
1963-12-30,,,0.0,,
1963-12-31,,,0.0,,
1964-01-01,,,328.0,,
1964-01-02,,,0.0,,
1964-01-03,,,0.0,,
1964-01-04,,,0.0,,
1964-01-05,,,0.0,,
1964-01-06,,,0.0,,
1964-01-07,,,97.0,,
1964-01-08,,,0.0,,
1964-01-09,,,325.0,,
1964-01-10,,,0.0,,
1964-01-11,,,0.0,,
1964-01-12,,,23.0,,
1964-01-13,,,81.0,,
1964-01-14,,,13.0,,
1964-01-15,,,0.0,,
1964-01-16,,,0.0,,
1964-01-17,,,0.0,,
1964-01-18,,,0.0,,
1964-01-19,,,0.0,,
1964-01-20,,,175.0,,
1964-01-21,,,0.0,,
1964-01-22,,,0.0,,
1964-01-23,,,0.0,,
1964-01-24,,,0.0,,
1964-01-25,,,823.0,,
1964-01-26,,,0.0,,
1964-01-27,,,0.0,,
1964-01-28,,,0.0,,
1964-01-29,,,0.0,,
1964-01-30,,,0.0,,
1964-01-31,,,0.0,,
1964-02-01,,,46.0,,
1964-02-02,,,0.0,,
1964-02-03,,,0.0,,
1964-02-04,,,0.0,,
1964-02-05,,,0.0,,
1964-02-06,,,168.0,,
1964-02-07,,,15.0,,
1964-02-08,,,0.0,,
1964-02-09,,,0.0,,
1964-02-10,,,5.0,,
1964-02-11,,,104.0,,
1964-02-12,,,0.0,,
1964-02-13,,,0.0,,
1964-02-14,,,216.0,,
1964-02-15,,,0.0,,
1964-02-16,,,229.0,,
1964-02-17,,,0.0,,
1964-02-18,,,178.0,,
1964-02-19,,,102.0,,
1964-02-20,,,86.0,,
1964-02-21,,,10.0,,
1964-02-22,,,0.0,,
1964-02-23,,,0.0,,
1964-02-24,,,0.0,,
1964-02-25,,,25.0,,
1964-02-26,,,91.0,,
1964-02-27,,,0.0,,
1964-02-28,,,10.0,,
1964-02-29,,,89.0,,
1964-03-01,,,0.0,,
1964-03-02,,,13.0,,
1964-03-03,,,262.0,,
1964-03-04,,,0.0,,
1964-03-05,,,193.0,,
1964-03-06,,,0.0,,
1964-03-07,,,0.0,,
1964-03-08,,,30.0,,
1964-03-09,,,0.0,,
1964-03-10,,,51.0,,
1964-03-11,,,0.0,,
1964-03-12,,,0.0,,
1964-03-13,,,0.0,,
1964-03-14,,,15.0,,
1964-03-15,,,919.0,,
1964-03-16,,,0.0,,
1964-03-17,,,0.0,,
1964-03-18,,,0.0,,
1964-03-19,,,0.0,,
1964-03-20,,,178.0,,
1964-03-21,,,104.0,,
1964-03-22,,,0.0,,
1964-03-23,,,0.0,,
1964-03-24,,,0.0,,
1964-03-25,,,152.0,,
1964-03-26,,,665.0,,
1964-03-27,,,0.0,,
1964-03-28,,,0.0,,
1964-03-29,,,0.0,,
1964-03-30,,,0.0,,
1964-03-31,,,0.0,,
1964-04-01,,,0.0,,
1964-04-02,,,0.0,,
1964-04-03,,,0.0,,
1964-04-04,,,86.0,,
1964-04-05,,,51.0,,
1964-04-06,,,241.0,,
1964-04-07,,,279.0,,
1964-04-08,,,417.0,,
1964-04-09,,,25.0,,
1964-04-10,,,0.0,,
1964-04-11,,,0.0,,
1964-04-12,,,0.0,,
1964-04-13,,,147.0,,
1964-04-14,,,122.0,,
1964-04-15,,,0.0,,
1964-04-16,,,0.0,,
1964-04-17,,,0.0,,
1964-04-18,,,0.0,,
1964-04-19,,,0.0,,
1964-04-20,,,0.0,,
1964-04-21,,,0.0,,
1964-04-22,,,0.0,,
1964-04-23,,,8.0,,
1964-04-24,,,102.0,,
1964-04-25,,,97.0,,
1964-04-26,,,38.0,,
1964-04-27,,,127.0,,
1964-04-28,,,89.0,,
1964-04-29,,,249.0,,
1964-04-30,,,0.0,,
1964-05-01,,,0.0,,
1964-05-02,,,0.0,,
1964-05-03,,,216.0,,
1964-05-04,,,0.0,,
1964-05-05,,,0.0,,
1964-05-06,,,0.0,,
1964-05-07,,,0.0,,
1964-05-08,,,0.0,,
1964-05-09,,,0.0,,
1964-05-10,,,0.0,,
1964-05-11,,,0.0,,
1964-05-12,,,51.0,,
1964-05-13,,,99.0,,
1964-05-14,,,0.0,,
1964-05-15,,,0.0,,
1964-05-16,,,0.0,,
1964-05-17,,,0.0,,
1964-05-18,,,0.0,,
1964-05-19,,,0.0,,
1964-05-20,,,0.0,,
1964-05-21,,,0.0,,
1964-05-22,,,0.0,,
1964-05-23,,,0.0,,
1964-05-24,,,89.0,,
1964-05-25,,,18.0,,
1964-05-26,,,0.0,,
1964-05-27,,,0.0,,
1964-05-28,,,0.0,,
1964-05-29,,,76.0,,
1964-05-30,,,0.0,,
1964-05-31,,,0.0,,
1964-06-01,,,84.0,,
1964-06-02,,,5.0,,
1964-06-03,,,0.0,,
1964-06-04,,,0.0,,
1964-06-05,,,0.0,,
1964-06-06,,,0.0,,
1964-06-07,,,0.0,,
1964-06-08,,,0.0,,
1964-06-09,,,0.0,,
1964-06-10,,,0.0,,
1964-06-11,,,0.0,,
1964-06-12,,,0.0,,
1964-06-13,,,0.0,,
1964-06-14,,,0.0,,
1964-06-15,,,0.0,,
1964-06-16,,,124.0,,
1964-06-17,,,0.0,,
1964-06-18,,,0.0,,
1964-06-19,,,0.0,,
1964-06-20,,,0.0,,
1964-06-21,,,0.0,,
1964-06-22,,,0.0,,
1964-06-23,,,0.0,,
1964-06-24,,,5.0,,
1964-06-25,,,0.0,,
1964-06-26,,,15.0,,
1964-06-27,,,5.0,,
1964-06-28,,,0.0,,
1964-06-29,,,0.0,,
1964-06-30,,,0.0,,
1964-07-01,,,20.0,,
1964-07-02,,,13.0,,
1964-07-03,,,112.0,,
1964-07-04,,,10.0,,
1964-07-05,,,0.0,,
1964-07-06,,,0.0,,
1964-07-07,,,0.0,,
1964-07-08,,,127.0,,
1964-07-09,,,99.0,,
1964-07-10,,,0.0,,
1964-07-11,,,0.0,,
1964-07-12,,,64.0,,
1964-07-13,,,211.0,,
1964-07-14,,,0.0,,
1964-07-15,,,0.0,,
1964-07-16,,,363.0,,
1964-07-17,,,0.0,,
1964-07-18,,,97.0,,
1964-07-19,,,0.0,,
1964-07-20,,,30.0,,
1964-07-21,,,140.0,,
1964-07-22,,,0.0,,
1964-07-23,,,0.0,,
1964-07-24,,,8.0,,
1964-07-25,,,0.0,,
1964-07-26,,,13.0,,
1964-07-27,,,0.0,,
1964-07-28,,,0.0,,
1964-07-29,,,0.0,,
1964-07-30,,,127.0,,
1964-07-31,,,8.0,,
1964-08-01,,,0.0,,
1964-08-02,,,0.0,,
1964-08-03,,,0.0,,
1964-08-04,,,462.0,,
1964-08-05,,,5.0,,
1964-08-06,,,0.0,,
1964-08-07,,,0.0,,
1964-08-08,,,0.0,,
1964-08-09,,,0.0,,
1964-08-10,,,0.0,,
1964-08-11,,,114.0,,
1964-08-12,,,394.0,,
1964-08-13,,,0.0,,
1964-08-14,,,0.0,,
1964-08-15,,,53.0,,
1964-08-16,,,394.0,,
1964-08-17,,,343.0,,
1964-08-18,,,5.0,,
1964-08-19,,,0.0,,
1964-08-20,,,0.0,,
1964-08-21,,,0.0,,
1964-08-22,,,0.0,,
1964-08-23,,,0.0,,
1964-08-24,,,0.0,,
1964-08-25,,,0.0,,
1964-08-26,,,0.0,,
1964-08-27,,,0.0,,
1964-08-28,,,48.0,,
1964-08-29,,,0.0,,
1964-08-30,,,109.0,,
1964-08-31,,,0.0,,
1964-10-01,,,58.0,,
1964-10-02,,,0.0,,
1964-10-03,,,81.0,,
1964-10-04,,,864.0,,
1964-10-05,,,399.0,,
1964-10-06,,,0.0,,
1964-10-07,,,0.0,,
1964-10-08,,,0.0,,
1964-10-09,,,0.0,,
1964-10-10,,,0.0,,
1964-10-11,,,0.0,,
1964-10-12,,,0.0,,
1964-10-13,,,0.0,,
1964-10-14,,,0.0,,
1964-10-15,,,0.0,,
1964-10-16,,,356.0,,
1964-10-17,,,10.0,,
1964-10-18,,,0.0,,
1964-10-19,,,0.0,,
1964-10-20,,,0.0,,
1964-10-21,,,0.0,,
1964-10-22,,,0.0,,
1964-10-23,,,0.0,,
1964-10-24,,,0.0,,
1964-10-25,,,0.0,,
1964-10-26,,,0.0,,
1964-10-27,,,0.0,,
1964-10-28,,,0.0,,
1964-10-29,,,135.0,,
1964-10-30,,,0.0,,
1964-10-31,,,0.0,,
1964-11-01,211.0,44.0,0.0,0.0,0.0
1964-11-02,228.0,6.0,0.0,0.0,0.0
1964-11-03,228.0,11.0,0.0,0.0,0.0
1964-11-04,228.0,28.0,0.0,0.0,0.0
1964-11-05,211.0,22.0,0.0,0.0,0.0
1964-11-06,233.0,-6.0,0.0,0.0,0.0
1964-11-07,222.0,11.0,0.0,0.0,0.0
1964-11-08,211.0,100.0,76.0,0.0,0.0
1964-11-09,211.0,22.0,0.0,0.0,0.0
1964-11-10,233.0,0.0,0.0,0.0,0.0
1964-11-11,239.0,-11.0,0.0,0.0,0.0
1964-11-12,239.0,44.0,0.0,0.0,0.0
1964-11-13,272.0,106.0,0.0,0.0,0.0
1964-11-14,261.0,28.0,0.0,0.0,0.0
1964-11-15,233.0,39.0,0.0,0.0,0.0
1964-11-16,233.0,83.0,0.0,0.0,0.0
1964-11-17,228.0,150.0,5.0,0.0,0.0
1964-11-18,211.0,122.0,0.0,0.0,0.0
1964-11-19,200.0,156.0,152.0,0.0,0.0
1964-11-20,194.0,28.0,137.0,0.0,0.0
1964-11-21,78.0,-39.0,0.0,0.0,0.0
1964-11-22,94.0,-117.0,0.0,0.0,0.0
1964-11-23,122.0,-83.0,0.0,0.0,0.0
1964-11-24,122.0,0.0,30.0,0.0,0.0
1964-11-25,128.0,72.0,361.0,0.0,0.0
1964-11-26,150.0,22.0,0.0,0.0,0.0
1964-11-27,200.0,-28.0,0.0,0.0,0.0
1964-11-28,172.0,67.0,51.0,0.0,0.0
1964-11-29,156.0,-39.0,3.0,0.0,0.0
1964-11-30,156.0,-33.0,0.0,0.0,0.0
1964-12-01,,,0.0,,
1964-12-02,,,0.0,,
1964-12-03,,,0.0,,
1964-12-04,,,254.0,,
1964-12-05,,,0.0,,
1964-12-06,,,0.0,,
1964-12-07,,,0.0,,
1964-12-08,,,0.0,,
1964-12-09,,,0.0,,
1964-12-10,,,0.0,,
1964-12-11,,,0.0,,
1964-12-12,,,251.0,,
1964-12-13,,,0.0,,
1964-12-14,,,0.0,,
1964-12-15,,,0.0,,
1964-12-16,,,0.0,,
1964-12-17,,,0.0,,
1964-12-18,,,97.0,,
1964-12-19,,,0.0,,
1964-12-20,,,259.0,,
1964-12-21,,,5.0,,
1964-12-22,,,0.0,,
1964-12-23,,,0.0,,
1964-12-24,,,0.0,,
1964-12-25,,,135.0,,
1964-12-26,,,20.0,,
1964-12-27,,,109.0,,
1964-12-28,,,0.0,,
1964-12-29,,,0.0,,
1964-12-30,,,5.0,,
1964-12-31,,,46.0,,
1965-01-01,,,0.0,,
1965-01-02,,,5.0,,
1965-01-03,,,150.0,,
1965-01-04,,,0.0,,
1965-01-05,,,0.0,,
1965-01-06,,,0.0,,
1965-01-07,,,0.0,,
1965-01-08,,,0.0,,
1965-01-09,,,0.0,,
1965-01-10,,,267.0,,
1965-01-11,,,10.0,,
1965-01-12,,,0.0,,
1965-01-13,,,0.0,,
1965-01-14,,,0.0,,
1965-01-15,,,0.0,,
1965-01-16,,,,,
1965-01-17,,,,,
1965-01-18,,,0.0,,
1965-01-19,,,0.0,,
1965-01-20,,,0.0,,
1965-01-21,,,0.0,,
1965-01-22,,,0.0,,
1965-01-23,,,107.0,,
1965-01-24,,,165.0,,
1965-01-25,,,5.0,,
1965-01-26,,,0.0,,
1965-01-27,,,0.0,,
1965-01-28,,,0.0,,
1965-01-29,,,0.0,,
1965-01-30,,,152.0,,
1965-01-31,,,0.0,,
1965-02-01,,,0.0,,
1965-02-02,,,191.0,,
1965-02-03,,,0.0,,
1965-02-04,,,0.0,,
1965-02-05,,,0.0,,
1965-02-06,,,0.0,,
1965-02-07,,,147.0,,
1965-02-08,,,23.0,,
1965-02-09,,,0.0,,
1965-02-10,,,5.0,,
1965-02-11,,,472.0,,
1965-02-12,,,180.0,,
1965-02-13,,,0.0,,
1965-02-14,,,0.0,,
1965-02-15,,,36.0,,
1965-02-16,,,0.0,,
1965-02-17,,,0.0,,
1965-02-18,,,0.0,,
1965-02-19,,,0.0,,
1965-02-20,,,0.0,,
1965-02-21,,,5.0,,
1965-02-22,,,23.0,,
1965-02-23,,,0.0,,
1965-02-24,,,10.0,,
1965-02-25,,,345.0,,
1965-02-26,,,0.0,,
1965-02-27,,,0.0,,
1965-02-28,,,0.0,,
1965-04-01,,,0.0,,
1965-04-02,,,0.0,,
1965-04-03,,,0.0,,
1965-04-04,,,180.0,,
1965-04-05,,,5.0,,
1965-04-06,,,0.0,,
1965-04-07,,,46.0,,
1965-04-08,,,33.0,,
1965-04-09,,,0.0,,
1965-04-10,,,0.0,,
1965-04-11,,,0.0,,
1965-04-12,,,356.0,,
1965-04-13,,,0.0,,
1965-04-14,,,0.0,,
1965-04-15,,,0.0,,
1965-04-16,,,145.0,,
1965-04-17,,,0.0,,
1965-04-18,,,0.0,,
1965-04-19,,,81.0,,
1965-04-20,,,0.0,,
1965-04-21,,,0.0,,
1965-04-22,,,0.0,,
1965-04-23,,,0.0,,
1965-04-24,,,0.0,,
1965-04-25,,,135.0,,
1965-04-26,,,33.0,,
1965-04-27,,,102.0,,
1965-04-28,,,8.0,,
1965-04-29,,,8.0,,
1965-04-30,,,0.0,,
1965-05-01,,,0.0,,
1965-05-02,,,0.0,,
1965-05-03,,,0.0,,
1965-05-04,,,0.0,,
1965-05-05,,,0.0,,
1965-05-06,,,0.0,,
1965-05-07,,,0.0,,
1965-05-08,,,0.0,,
1965-05-09,,,0.0,,
1965-05-10,,,0.0,,
1965-05-11,,,8.0,,
1965-05-12,,,157.0,,
1965-05-13,,,0.0,,
1965-05-14,,,0.0,,
1965-05-15,,,0.0,,
1965-05-16,,,0.0,,
1965-05-17,,,0.0,,
1965-05-18,,,74.0,,
1965-05-19,,,157.0,,
1965-05-20,,,0.0,,
1965-05-21,,,384.0,,
1965-05-22,,,287.0,,
1965-05-23,,,5.0,,
1965-05-24,,,0.0,,
1965-05-25,,,0.0,,
1965-05-26,,,13.0,,
1965-05-27,,,0.0,,
1965-05-28,,,234.0,,
1965-05-29,,,23.0,,
1965-05-30,,,0.0,,
1965-05-31,,,0.0,,
1965-06-01,,,0.0,,
1965-06-02,,,0.0,,
1965-06-03,,,140.0,,
1965-06-04,,,20.0,,
1965-06-05,,,30.0,,
1965-06-06,,,0.0,,
1965-06-07,,,89.0,,
1965-06-08,,,142.0,,
1965-06-09,,,0.0,,
1965-06-10,,,0.0,,
1965-06-11,,,20.0,,
1965-06-12,,,46.0,,
1965-06-13,,,97.0,,
1965-06-14,,,18.0,,
1965-06-15,,,107.0,,
1965-06-16,,,97.0,,
1965-06-17,,,5.0,,
1965-06-18,,,0.0,,
1965-06-19,,,0.0,,
1965-06-20,,,0.0,,
1965-06-21,,,0.0,,
1965-06-22,,,0.0,,
1965-06-23,,,89.0,,
1965-06-24,,,15.0,,
1965-06-25,,,8.0,,
1965-06-26,,,76.0,,
1965-06-27,,,0.0,,
1965-06-28,,,0.0,,
1965-06-29,,,0.0,,
1965-06-30,,,0.0,,
1965-07-01,,,5.0,,
1965-07-02,,,0.0,,
1965-07-03,,,3.0,,
1965-07-04,,,173.0,,
1965-07-05,,,0.0,,
1965-07-06,,,38.0,,
1965-07-07,,,0.0,,
1965-07-08,,,0.0,,
1965-07-09,,,0.0,,
1965-07-10,,,267.0,,
1965-07-11,,,351.0,,
1965-07-12,,,0.0,,
1965-07-13,,,36.0,,
1965-07-14,,,8.0,,
1965-07-15,,,0.0,,
1965-07-16,,,5.0,,
1965-07-17,,,0.0,,
1965-07-18,,,0.0,,
1965-07-19,,,8.0,,
1965-07-20,,,0.0,,
1965-07-21,,,10.0,,
1965-07-22,,,0.0,,
1965-07-23,,,0.0,,
1965-07-24,,,25.0,,
1965-07-25,,,0.0,,
1965-07-26,,,25.0,,
1965-07-27,,,0.0,,
1965-07-28,,,0.0,,
1965-07-29,,,124.0,,
1965-07-30,,,23.0,,
1965-07-31,,,0.0,,
1965-08-01,,,0.0,,
1965-08-02,,,0.0,,
1965-08-03,,,0.0,,
1965-08-04,,,0.0,,
1965-08-05,,,0.0,,
1965-08-06,,,0.0,,
1965-08-07,,,10.0,,
1965-08-08,,,122.0,,
1965-08-09,,,0.0,,
1965-08-10,,,0.0,,
1965-08-11,,,0.0,,
1965-08-12,,,10.0,,
1965-08-13,,,46.0,,
1965-08-14,,,0.0,,
1965-08-15,,,0.0,,
1965-08-16,,,0.0,,
1965-08-17,,,0.0,,
1965-08-18,,,0.0,,
1965-08-19,,,0.0,,
1965-08-20,,,0.0,,
1965-08-21,,,8.0,,
1965-08-22,,,13.0,,
1965-08-23,,,165.0,,
1965-08-24,,,0.0,,
1965-08-25,,,89.0,,
1965-08-26,,,36.0,,
1965-08-27,,,0.0,,
1965-08-28,,,0.0,,
1965-08-29,,,0.0,,
1965-08-30,,,0.0,,
1965-08-31,,,0.0,,
1965-09-01,,,0.0,,
1965-09-02,,,51.0,,
1965-09-03,,,0.0,,
1965-09-04,,,0.0,,
1965-09-05,,,0.0,,
1965-09-06,,,23.0,,
1965-09-07,,,36.0,,
1965-09-08,,,0.0,,
1965-09-09,,,0.0,,
1965-09-10,,,0.0,,
1965-09-11,,,76.0,,
1965-09-12,,,229.0,,
1965-09-13,,,51.0,,
1965-09-14,,,0.0,,
1965-09-15,,,0.0,,
1965-09-16,,,81.0,,
1965-09-17,,,0.0,,
1965-09-18,,,84.0,,
1965-09-19,,,5.0,,
1965-09-20,,,0.0,,
1965-09-21,,,0.0,,
1965-09-22,,,0.0,,
1965-09-23,,,0.0,,
1965-09-24,,,236.0,,
1965-09-25,,,191.0,,
1965-09-26,,,0.0,,
1965-09-27,,,0.0,,
1965-09-28,,,0.0,,
1965-09-29,,,0.0,,
1965-09-30,,,10.0,,
1965-10-01,,,325.0,,
1965-10-02,,,5.0,,
1965-10-03,,,0.0,,
1965-10-04,,,0.0,,
1965-10-05,,,0.0,,
1965-10-06,,,0.0,,
1965-10-07,,,218.0,,
1965-10-08,,,76.0,,
1965-10-09,,,0.0,,
1965-10-10,,,0.0,,
1965-10-11,,,0.0,,
1965-10-12,,,0.0,,
1965-10-13,,,0.0,,
1965-10-14,,,0.0,,
1965-10-15,,,0.0,,
1965-10-16,,,0.0,,
1965-10-17,,,0.0,,
1965-10-18,,,0.0,,
1965-10-19,,,0.0,,
1965-10-20,,,0.0,,
1965-10-21,,,13.0,,
1965-10-22,,,71.0,,
1965-10-23,,,0.0,,
1965-10-24,,,0.0,,
1965-10-25,,,0.0,,
1965-10-26,,,0.0,,
1965-10-27,,,0.0,,
1965-10-28,,,0.0,,
1965-10-29,,,0.0,,
1965-10-30,,,0.0,,
1965-10-31,,,0.0,,
1965-11-01,,,0.0,,
1965-11-02,,,0.0,,
1965-11-03,,,0.0,,
1965-11-04,,,0.0,,
1965-11-05,,,0.0,,
1965-11-06,,,0.0,,
1965-11-07,,,0.0,,
1965-11-08,,,0.0,,
1965-11-09,,,0.0,,
1965-11-10,,,97.0,,
1965-11-11,,,69.0,,
1965-11-12,,,0.0,,
1965-11-13,,,13.0,,
1965-11-14,,,0.0,,
1965-11-15,,,0.0,,
1965-11-16,,,0.0,,
1965-11-17,,,8.0,,
1965-11-18,,,0.0,,
1965-11-19,,,0.0,,
1965-11-20,,,0.0,,
1965-11-21,,,13.0,,
1965-11-22,,,498.0,,
1965-11-23,,,0.0,,
1965-11-24,,,0.0,,
1965-11-25,,,20.0,,
1965-11-26,,,0.0,,
1965-11-27,,,81.0,,
1965-11-28,,,0.0,,
1965-11-29,,,0.0,,
1965-11-30,,,0.0,,
1965-12-01,,,0.0,,
1965-12-02,,,0.0,,
1965-12-03,,,0.0,,
1965-12-04,,,13.0,,
1965-12-05,,,0.0,,
1965-12-06,,,0.0,,
1965-12-07,,,0.0,,
1965-12-08,,,0.0,,
1965-12-09,,,0.0,,
1965-12-10,,,0.0,,
1965-12-11,,,0.0,,
1965-12-12,,,0.0,,
1965-12-13,,,13.0,,
1965-12-14,,,0.0,,
1965-12-15,,,0.0,,
1965-12-16,,,15.0,,
1965-12-17,,,33.0,,
1965-12-18,,,0.0,,
1965-12-19,,,0.0,,
1965-12-20,,,0.0,,
1965-12-21,,,0.0,,
1965-12-22,,,0.0,,
1965-12-23,,,0.0,,
1965-12-24,,,0.0,,
1965-12-25,,,48.0,,
1965-12-26,,,0.0,,
1965-12-27,,,0.0,,
1965-12-28,,,0.0,,
1965-12-29,,,0.0,,
1965-12-30,,,0.0,,
1965-12-31,,,0.0,,
1966-01-01,,,0.0,,
1966-01-02,,,5.0,,
1966-01-03,,,147.0,,
1966-01-04,,,0.0,,
1966-01-05,,,51.0,,
1966-01-06,,,188.0,,
1966-01-07,,,5.0,,
1966-01-08,,,0.0,,
1966-01-09,,,0.0,,
1966-01-10,,,0.0,,
1966-01-11,,,10.0,,
1966-01-12,,,0.0,,
1966-01-13,,,0.0,,
1966-01-14,,,119.0,,
1966-01-15,,,51.0,,
1966-01-16,,,267.0,,
1966-01-17,,,0.0,,
1966-01-18,,,0.0,,
1966-01-19,,,0.0,,
1966-01-20,,,0.0,,
1966-01-21,,,0.0,,
1966-01-22,,,79.0,,
1966-01-23,,,71.0,,
1966-01-24,,,0.0,,
1966-01-25,,,0.0,,
1966-01-26,,,25.0,,
1966-01-27,,,5.0,,
1966-01-28,,,0.0,,
1966-01-29,,,71.0,,
1966-01-30,,,64.0,,
1966-01-31,,,0.0,,
1966-02-01,,,0.0,,
1966-02-02,,,109.0,,
1966-02-03,,,0.0,,
1966-02-04,,,0.0,,
1966-02-05,,,0.0,,
1966-02-06,,,0.0,,
1966-02-07,,,0.0,,
1966-02-08,,,23.0,,
1966-02-09,,,0.0,,
1966-02-10,,,0.0,,
1966-02-11,,,224.0,,
1966-02-12,,,0.0,,
1966-02-13,,,688.0,,
1966-02-14,,,81.0,,
1966-02-15,,,0.0,,
1966-02-16,,,384.0,,
1966-02-17,,,64.0,,
1966-02-18,,,0.0,,
1966-02-19,,,0.0,,
1966-02-20,,,0.0,,
1966-02-21,,,0.0,,
1966-02-22,,,0.0,,
1966-02-23,,,0.0,,
1966-02-24,,,69.0,,
1966-02-25,,,58.0,,
1966-02-26,,,0.0,,
1966-02-27,,,0.0,,
1966-02-28,,,135.0,,
1966-03-01,,,13.0,,
1966-03-02,,,0.0,,
1966-03-03,,,71.0,,
1966-03-04,,,526.0,,
1966-03-05,,,0.0,,
1966-03-06,,,0.0,,
1966-03-07,,,0.0,,
1966-03-08,,,0.0,,
1966-03-09,,,0.0,,
1966-03-10,,,0.0,,
1966-03-11,,,0.0,,
1966-03-12,,,0.0,,
1966-03-13,,,0.0,,
1966-03-14,,,0.0,,
1966-03-15,,,53.0,,
1966-03-16,,,188.0,,
1966-03-17,,,13.0,,
1966-03-18,,,0.0,,
1966-03-19,,,25.0,,
1966-03-20,,,0.0,,
1966-03-21,,,0.0,,
1966-03-22,,,0.0,,
1966-03-23,,,0.0,,
1966-03-24,,,351.0,,
1966-03-25,,,0.0,,
1966-03-26,,,0.0,,
1966-03-27,,,23.0,,
1966-03-28,,,0.0,,
1966-03-29,,,0.0,,
1966-03-30,,,0.0,,
1966-03-31,,,23.0,,
1966-04-01,,,0.0,,
1966-04-02,,,0.0,,
1966-04-03,,,0.0,,
1966-04-04,,,224.0,,
1966-04-05,,,0.0,,
1966-04-06,,,0.0,,
1966-04-07,,,0.0,,
1966-04-08,,,0.0,,
1966-04-09,,,5.0,,
1966-04-10,,,0.0,,
1966-04-11,,,0.0,,
1966-04-12,,,0.0,,
1966-04-13,,,229.0,,
1966-04-14,,,51.0,,
1966-04-15,,,38.0,,
1966-04-16,,,0.0,,
1966-04-17,,,0.0,,
1966-04-18,,,0.0,,
1966-04-19,,,0.0,,
1966-04-20,,,0.0,,
1966-04-21,,,41.0,,
1966-04-22,,,300.0,,
1966-04-23,,,13.0,,
1966-04-24,,,0.0,,
1966-04-25,,,51.0,,
1966-04-26,,,0.0,,
1966-04-27,,,170.0,,
1966-04-28,,,33.0,,
1966-04-29,,,274.0,,
1966-04-30,,,145.0,,
1966-05-01,,,38.0,,
1966-05-02,,,109.0,,
1966-05-03,,,0.0,,
1966-05-04,,,0.0,,
1966-05-05,,,0.0,,
1966-05-06,,,0.0,,
1966-05-07,,,0.0,,
1966-05-08,,,0.0,,
1966-05-09,,,107.0,,
1966-05-10,,,0.0,,
1966-05-11,,,0.0,,
1966-05-12,,,0.0,,
1966-05-13,,,135.0,,
1966-05-14,,,107.0,,
1966-05-15,,,5.0,,
1966-05-16,,,0.0,,
1966-05-17,,,112.0,,
1966-05-18,,,0.0,,
1966-05-19,,,41.0,,
1966-05-20,,,0.0,,
1966-05-21,,,0.0,,
1966-05-22,,,18.0,,
1966-05-23,,,18.0,,
1966-05-24,,,0.0,,
1966-05-25,,,0.0,,
1966-05-26,,,191.0,,
1966-05-27,,,38.0,,
1966-05-28,,,5.0,,
1966-05-29,,,0.0,,
1966-05-30,,,0.0,,
1966-05-31,,,0.0,,
1966-06-01,,,0.0,,
1966-06-02,,,0.0,,
1966-06-03,,,0.0,,
1966-06-04,,,0.0,,
1966-06-05,,,0.0,,
1966-06-06,,,0.0,,
1966-06-07,,,0.0,,
1966-06-08,,,0.0,,
1966-06-09,,,28.0,,
1966-06-10,,,5.0,,
1966-06-11,,,0.0,,
1966-06-12,,,0.0,,
1966-06-13,,,0.0,,
1966-06-14,,,142.0,,
1966-06-15,,,10.0,,
1966-06-16,,,0.0,,
1966-06-17,,,358.0,,
1966-06-18,,,20.0,,
1966-06-19,,,5.0,,
1966-06-20,,,58.0,,
1966-06-21,,,0.0,,
1966-06-22,,,0.0,,
1966-06-23,,,0.0,,
1966-06-24,,,0.0,,
1966-06-25,,,0.0,,
1966-06-26,,,0.0,,
1966-06-27,,,0.0,,
1966-06-28,,,0.0,,
1966-06-29,,,0.0,,
1966-06-30,,,33.0,,
1966-07-01,,,38.0,,
1966-07-02,,,38.0,,
1966-07-03,,,0.0,,
1966-07-04,,,132.0,,
1966-07-05,,,109.0,,
1966-07-06,,,38.0,,
1966-07-07,,,58.0,,
1966-07-08,,,330.0,,
1966-07-09,,,0.0,,
1966-07-10,,,0.0,,
1966-07-11,,,0.0,,
1966-07-12,,,0.0,,
1966-07-13,,,0.0,,
1966-07-14,,,119.0,,
1966-07-15,,,5.0,,
1966-07-16,,,5.0,,
1966-07-17,,,114.0,,
1966-07-18,,,18.0,,
1966-07-19,,,0.0,,
1966-07-20,,,140.0,,
1966-07-21,,,0.0,,
1966-07-22,,,0.0,,
1966-07-23,,,0.0,,
1966-07-24,,,0.0,,
1966-07-25,,,0.0,,
1966-07-26,,,0.0,,
1966-07-27,,,8.0,,
1966-07-28,,,0.0,,
1966-07-29,,,64.0,,
1966-07-30,,,155.0,,
1966-07-31,,,117.0,,
1966-08-01,,,0.0,,
1966-08-02,,,0.0,,
1966-08-03,,,30.0,,
1966-08-04,,,155.0,,
1966-08-05,,,0.0,,
1966-08-06,,,191.0,,
1966-08-07,,,0.0,,
1966-08-08,,,0.0,,
1966-08-09,,,13.0,,
1966-08-10,,,5.0,,
1966-08-11,,,191.0,,
1966-08-12,,,18.0,,
1966-08-13,,,165.0,,
1966-08-14,,,13.0,,
1966-08-15,,,216.0,,
1966-08-16,,,0.0,,
1966-08-17,,,0.0,,
1966-08-18,,,0.0,,
1966-08-19,,,76.0,,
1966-08-20,,,0.0,,
1966-08-21,,,305.0,,
1966-08-22,,,0.0,,
1966-08-23,,,20.0,,
1966-08-24,,,0.0,,
1966-08-25,,,0.0,,
1966-08-26,,,0.0,,
1966-08-27,,,0.0,,
1966-08-28,,,0.0,,
1966-08-29,,,0.0,,
1966-08-30,,,0.0,,
1966-08-31,,,0.0,,
1966-09-01,289.0,150.0,0.0,,
1966-09-02,300.0,139.0,0.0,,
1966-09-03,300.0,144.0,0.0,,
1966-09-04,306.0,161.0,53.0,,
1966-09-05,267.0,183.0,23.0,,
1966-09-06,278.0,117.0,0.0,,
1966-09-07,272.0,122.0,0.0,,
1966-09-08,272.0,128.0,0.0,,
1966-09-09,283.0,122.0,0.0,,
1966-09-10,267.0,117.0,0.0,,
1966-09-11,278.0,128.0,0.0,,
1966-09-12,272.0,128.0,0.0,,
1966-09-13,244.0,150.0,102.0,,
1966-09-14,200.0,156.0,272.0,,
1966-09-15,239.0,106.0,0.0,,
1966-09-16,233.0,117.0,5.0,,
1966-09-17,250.0,133.0,0.0,,
1966-09-18,200.0,139.0,69.0,,
1966-09-19,178.0,139.0,66.0,,
1966-09-20,206.0,156.0,69.0,,
1966-09-21,244.0,139.0,10.0,,
1966-09-22,211.0,128.0,0.0,,
1966-09-23,211.0,89.0,0.0,,
1966-09-24,239.0,72.0,0.0,,
1966-09-25,239.0,61.0,0.0,,
1966-09-26,261.0,100.0,0.0,,
1966-09-27,244.0,128.0,0.0,,
1966-09-28,272.0,144.0,33.0,,
1966-09-29,250.0,139.0,279.0,,
1966-09-30,228.0,83.0,3.0,,
1966-10-01,,,173.0,,
1966-10-02,,,25.0,,
1966-10-03,,,0.0,,
1966-10-04,,,0.0,,
1966-10-05,,,10.0,,
1966-10-06,,,0.0,,
1966-10-07,,,0.0,,
1966-10-08,,,0.0,,
1966-10-09,,,13.0,,
1966-10-10,,,119.0,,
1966-10-11,,,0.0,,
1966-10-12,,,0.0,,
1966-10-13,,,0.0,,
1966-10-14,,,0.0,,
1966-10-15,,,0.0,,
1966-10-16,,,315.0,,
1966-10-17,,,0.0,,
1966-10-18,,,145.0,,
1966-10-19,,,455.0,,
1966-10-20,,,0.0,,
1966-10-21,,,0.0,,
1966-10-22,,,0.0,,
1966-10-23,,,0.0,,
1966-10-24,,,0.0,,
1966-10-25,,,5.0,,
1966-10-26,,,64.0,,
1966-10-27,,,0.0,,
1966-10-28,,,0.0,,
1966-10-29,,,0.0,,
1966-10-30,,,0.0,,
1966-10-31,,,0.0,,
1966-11-01,,,0.0,,
1966-11-02,,,333.0,,
1966-11-03,,,97.0,,
1966-11-04,,,0.0,,
1966-11-05,,,0.0,,
1966-11-06,,,0.0,,
1966-11-07,,,0.0,,
1966-11-08,,,0.0,,
1966-11-09,,,0.0,,
1966-11-10,,,81.0,,
1966-11-11,,,175.0,,
1966-11-12,,,152.0,,
1966-11-13,,,0.0,,
1966-11-14,,,0.0,,
1966-11-15,,,0.0,,
1966-11-16,,,0.0,,
1966-11-17,,,0.0,,
1966-11-18,,,0.0,,
1966-11-19,,,0.0,,
1966-11-20,,,0.0,,
1966-11-21,,,0.0,,
1966-11-22,,,3.0,,
1966-11-23,,,0.0,,
1966-11-24,,,0.0,,
1966-11-25,,,0.0,,
1966-11-26,,,5.0,,
1966-11-27,,,0.0,,
1966-11-28,,,145.0,,
1966-11-29,,,41.0,,
1966-11-30,,,0.0,,
1966-12-01,,,0.0,,
1966-12-02,,,0.0,,
1966-12-03,,,0.0,,
1966-12-04,,,0.0,,
1966-12-05,,,0.0,,
1966-12-06,,,0.0,,
1966-12-07,,,13.0,,
1966-12-08,,,53.0,,
1966-12-09,,,0.0,,
1966-12-10,,,175.0,,
1966-12-11,,,33.0,,
1966-12-12,,,0.0,,
1966-12-13,,,25.0,,
1966-12-14,,,0.0,,
1966-12-15,,,0.0,,
1966-12-16,,,0.0,,
1966-12-17,,,0.0,,
1966-12-18,,,0.0,,
1966-12-19,,,0.0,,
1966-12-20,,,0.0,,
1966-12-21,,,0.0,,
1966-12-22,,,0.0,,
1966-12-23,,,3.0,,
1966-12-24,,,142.0,,
1966-12-25,,,0.0,,
1966-12-26,,,0.0,,
1966-12-27,,,0.0,,
1966-12-28,,,81.0,,
1966-12-29,,,180.0,,
1966-12-30,,,0.0,,
1966-12-31,,,20.0,,
1967-01-01,,,53.0,,
1967-01-02,,,0.0,,
1967-01-03,,,0.0,,
1967-01-04,,,0.0,,
1967-01-05,,,0.0,,
1967-01-06,,,0.0,,
1967-01-07,,,0.0,,
1967-01-08,,,414.0,,
1967-01-09,,,0.0,,
1967-01-10,,,0.0,,
1967-01-11,,,0.0,,
1967-01-12,,,0.0,,
1967-01-13,,,0.0,,
1967-01-14,,,165.0,,
1967-01-15,,,13.0,,
1967-01-16,,,0.0,,
1967-01-17,,,0.0,,
1967-01-18,,,0.0,,
1967-01-19,,,33.0,,
1967-01-20,,,0.0,,
1967-01-21,,,0.0,,
1967-01-22,,,0.0,,
1967-01-23,,,0.0,,
1967-01-24,,,0.0,,
1967-01-25,,,0.0,,
1967-01-26,,,0.0,,
1967-01-27,,,246.0,,
1967-01-28,,,10.0,,
1967-01-29,,,0.0,,
1967-01-30,,,0.0,,
1967-01-31,,,0.0,,
1967-02-01,,,0.0,,
1967-02-02,,,0.0,,
1967-02-03,,,102.0,,
1967-02-04,,,0.0,,
1967-02-05,,,0.0,,
1967-02-06,,,0.0,,
1967-02-07,,,163.0,,
1967-02-08,,,0.0,,
1967-02-09,,,0.0,,
1967-02-10,,,10.0,,
1967-02-11,,,0.0,,
1967-02-12,,,69.0,,
1967-02-13,,,0.0,,
1967-02-14,,,0.0,,
1967-02-15,,,0.0,,
1967-02-16,,,5.0,,
1967-02-17,,,191.0,,
1967-02-18,,,216.0,,
1967-02-19,,,0.0,,
1967-02-20,,,183.0,,
1967-02-21,,,216.0,,
1967-02-22,,,0.0,,
1967-02-23,,,18.0,,
1967-02-24,,,0.0,,
1967-02-25,,,0.0,,
1967-02-26,,,0.0,,
1967-02-27,,,25.0,,
1967-02-28,,,251.0,,
1967-03-01,,,0.0,,
1967-03-02,,,0.0,,
1967-03-03,,,0.0,,
1967-03-04,,,0.0,,
1967-03-05,,,0.0,,
1967-03-06,,,0.0,,
1967-03-07,,,203.0,,
1967-03-08,,,0.0,,
1967-03-09,,,0.0,,
1967-03-10,,,0.0,,
1967-03-11,,,51.0,,
1967-03-12,,,0.0,,
1967-03-13,,,0.0,,
1967-03-14,,,0.0,,
1967-03-15,,,0.0,,
1967-03-16,,,0.0,,
1967-03-17,,,0.0,,
1967-03-18,,,0.0,,
1967-03-19,,,0.0,,
1967-03-20,,,0.0,,
1967-03-21,,,127.0,,
1967-03-22,,,0.0,,
1967-03-23,,,0.0,,
1967-03-24,,,0.0,,
1967-03-25,,,0.0,,
1967-03-26,,,0.0,,
1967-03-27,,,0.0,,
1967-03-28,,,0.0,,
1967-03-29,,,30.0,,
1967-03-30,,,0.0,,
1967-03-31,,,0.0,,
1967-04-01,244.0,22.0,0.0,,
1967-04-02,267.0,28.0,0.0,,
1967-04-03,278.0,44.0,0.0,,
1967-04-04,272.0,50.0,0.0,,
1967-04-05,244.0,50.0,0.0,,
1967-04-06,278.0,67.0,0.0,,
1967-04-07,289.0,67.0,0.0,,
1967-04-08,272.0,33.0,0.0,,
1967-04-09,283.0,44.0,0.0,,
1967-04-10,244.0,111.0,0.0,,
1967-04-11,228.0,122.0,8.0,,
1967-04-12,233.0,28.0,0.0,,
1967-04-13,233.0,39.0,0.0,,
1967-04-14,161.0,133.0,0.0,,
1967-04-15,256.0,117.0,0.0,,
1967-04-16,272.0,67.0,0.0,,
1967-04-17,300.0,67.0,0.0,,
1967-04-18,267.0,111.0,0.0,,
1967-04-19,228.0,22.0,0.0,,
1967-04-20,239.0,11.0,0.0,,
1967-04-21,261.0,17.0,0.0,,
1967-04-22,222.0,94.0,201.0,,
1967-04-23,250.0,83.0,41.0,,
1967-04-24,194.0,94.0,279.0,,
1967-04-25,189.0,11.0,0.0,,
1967-04-26,189.0,33.0,224.0,,
1967-04-27,189.0,83.0,310.0,,
1967-04-28,133.0,-22.0,0.0,,
1967-04-29,178.0,-22.0,0.0,,
1967-04-30,233.0,0.0,0.0,,
1967-05-01,,,0.0,,
1967-05-02,,,0.0,,
1967-05-03,,,51.0,,
1967-05-04,,,0.0,,
1967-05-05,,,102.0,,
1967-05-06,,,0.0,,
1967-05-07,,,472.0,,
1967-05-08,,,0.0,,
1967-05-09,,,23.0,,
1967-05-10,,,0.0,,
1967-05-11,,,0.0,,
1967-05-12,,,20.0,,
1967-05-13,,,46.0,,
1967-05-14,,,0.0,,
1967-05-15,,,0.0,,
1967-05-16,,,0.0,,
1967-05-17,,,0.0,,
1967-05-18,,,287.0,,
1967-05-19,,,0.0,,
1967-05-20,,,0.0,,
1967-05-21,,,97.0,,
1967-05-22,,,208.0,,
1967-05-23,,,191.0,,
1967-05-24,,,0.0,,
1967-05-25,,,0.0,,
1967-05-26,,,0.0,,
1967-05-27,,,0.0,,
1967-05-28,,,0.0,,
1967-05-29,,,0.0,,
1967-05-30,,,8.0,,
1967-05-31,,,51.0,,
1967-06-01,244.0,128.0,429.0,,
1967-06-02,194.0,117.0,0.0,,
1967-06-03,183.0,117.0,41.0,,
1967-06-04,206.0,128.0,114.0,,
1967-06-05,217.0,139.0,36.0,,
1967-06-06,256.0,111.0,0.0,,
1967-06-07,267.0,111.0,0.0,,
1967-06-08,289.0,106.0,0.0,,
1967-06-09,278.0,139.0,0.0,,
1967-06-10,278.0,128.0,0.0,,
1967-06-11,283.0,122.0,0.0,,
1967-06-12,278.0,122.0,0.0,,
1967-06-13,272.0,128.0,0.0,,
1967-06-14,300.0,144.0,0.0,,
1967-06-15,311.0,144.0,109.0,,
1967-06-16,294.0,139.0,0.0,,
1967-06-17,311.0,144.0,64.0,,
1967-06-18,300.0,161.0,0.0,,
1967-06-19,311.0,161.0,10.0,,
1967-06-20,306.0,156.0,0.0,,
1967-06-21,300.0,167.0,0.0,,
1967-06-22,278.0,178.0,25.0,,
1967-06-23,311.0,189.0,254.0,,
1967-06-24,289.0,144.0,0.0,,
1967-06-25,311.0,144.0,0.0,,
1967-06-26,306.0,178.0,206.0,,
1967-06-27,272.0,172.0,8.0,,
1967-06-28,261.0,156.0,0.0,,
1967-06-29,278.0,150.0,56.0,,
1967-06-30,272.0,183.0,99.0,,
1967-07-01,,,0.0,,
1967-07-02,,,64.0,,
1967-07-03,,,25.0,,
1967-07-04,,,0.0,,
1967-07-05,,,0.0,,
1967-07-06,,,292.0,,
1967-07-07,,,417.0,,
1967-07-08,,,602.0,,
1967-07-09,,,124.0,,
1967-07-10,,,43.0,,
1967-07-11,,,145.0,,
1967-07-12,,,8.0,,
1967-07-13,,,160.0,,
1967-07-14,,,30.0,,
1967-07-15,,,5.0,,
1967-07-16,,,0.0,,
1967-07-17,,,0.0,,
1967-07-18,,,0.0,,
1967-07-19,,,0.0,,
1967-07-20,,,20.0,,
1967-07-21,,,0.0,,
1967-07-22,,,0.0,,
1967-07-23,,,178.0,,
1967-07-24,,,0.0,,
1967-07-25,,,124.0,,
1967-07-26,,,0.0,,
1967-07-27,,,0.0,,
1967-07-28,,,0.0,,
1967-07-29,,,25.0,,
1967-07-30,,,91.0,,
1967-07-31,,,0.0,,
1967-08-01,,,0.0,,
1967-08-02,,,5.0,,
1967-08-03,,,0.0,,
1967-08-04,,,0.0,,
1967-08-05,,,8.0,,
1967-08-06,,,0.0,,
1967-08-07,,,0.0,,
1967-08-08,,,0.0,,
1967-08-09,,,5.0,,
1967-08-10,,,13.0,,
1967-08-11,,,0.0,,
1967-08-12,,,0.0,,
1967-08-13,,,66.0,,
1967-08-14,,,0.0,,
1967-08-15,,,0.0,,
1967-08-16,,,0.0,,
1967-08-17,,,0.0,,
1967-08-18,,,0.0,,
1967-08-19,,,0.0,,
1967-08-20,,,130.0,,
1967-08-21,,,191.0,,
1967-08-22,,,513.0,,
1967-08-23,,,564.0,,
1967-08-24,,,239.0,,
1967-08-25,,,218.0,,
1967-08-26,,,30.0,,
1967-08-27,,,335.0,,
1967-08-28,,,69.0,,
1967-08-29,,,0.0,,
1967-08-30,,,0.0,,
1967-08-31,,,0.0,,
1967-09-01,261.0,133.0,107.0,,
1967-09-02,200.0,117.0,229.0,,
1967-09-03,256.0,111.0,0.0,,
1967-09-04,228.0,128.0,0.0,,
1967-09-05,244.0,83.0,0.0,,
1967-09-06,272.0,83.0,0.0,,
1967-09-07,272.0,94.0,0.0,,
1967-09-08,267.0,117.0,0.0,,
1967-09-09,239.0,156.0,46.0,,
1967-09-10,272.0,156.0,46.0,,
1967-09-11,278.0,156.0,10.0,,
1967-09-12,206.0,139.0,53.0,,
1967-09-13,239.0,117.0,0.0,,
1967-09-14,250.0,106.0,0.0,,
1967-09-15,250.0,89.0,0.0,,
1967-09-16,261.0,89.0,0.0,,
1967-09-17,283.0,72.0,0.0,,
1967-09-18,289.0,72.0,0.0,,
1967-09-19,289.0,111.0,0.0,,
1967-09-20,289.0,128.0,0.0,,
1967-09-21,300.0,133.0,0.0,,
1967-09-22,267.0,111.0,5.0,,
1967-09-23,228.0,33.0,0.0,,
1967-09-24,222.0,22.0,0.0,,
1967-09-25,239.0,39.0,0.0,,
1967-09-26,256.0,56.0,0.0,,
1967-09-27,250.0,78.0,0.0,,
1967-09-28,244.0,117.0,287.0,,
1967-09-29,156.0,44.0,18.0,,
1967-09-30,128.0,-22.0,0.0,,
1967-10-01,,,0.0,,
1967-10-02,,,0.0,,
1967-10-03,,,0.0,,
1967-10-04,,,0.0,,
1967-10-05,,,0.0,,
1967-10-06,,,0.0,,
1967-10-07,,,0.0,,
1967-10-08,,,0.0,,
1967-10-09,,,208.0,,
1967-10-10,,,10.0,,
1967-10-11,,,0.0,,
1967-10-12,,,0.0,,
1967-10-13,,,0.0,,
1967-10-14,,,0.0,,
1967-10-15,,,0.0,,
1967-10-16,,,0.0,,
1967-10-17,,,0.0,,
1967-10-18,,,122.0,,
1967-10-19,,,10.0,,
1967-10-20,,,0.0,,
1967-10-21,,,0.0,,
1967-10-22,,,0.0,,
1967-10-23,,,0.0,,
1967-10-24,,,0.0,,
1967-10-25,,,203.0,,
1967-10-26,,,0.0,,
1967-10-27,,,0.0,,
1967-10-28,,,0.0,,
1967-10-29,,,0.0,,
1967-10-30,,,0.0,,
1967-10-31,,,25.0,,
1967-11-01,,,508.0,,
1967-11-02,,,521.0,,
1967-11-03,,,0.0,,
1967-11-04,,,5.0,,
1967-11-05,,,0.0,,
1967-11-06,,,0.0,,
1967-11-07,,,0.0,,
1967-11-08,,,0.0,,
1967-11-09,,,0.0,,
1967-11-10,,,0.0,,
1967-11-11,,,0.0,,
1967-11-12,,,0.0,,
1967-11-13,,,0.0,,
1967-11-14,,,0.0,,
1967-11-15,,,0.0,,
1967-11-16,,,0.0,,
1967-11-17,,,0.0,,
1967-11-18,,,0.0,,
1967-11-19,,,0.0,,
1967-11-20,,,0.0,,
1967-11-21,,,3.0,,
1967-11-22,,,208.0,,
1967-11-23,,,28.0,,
1967-11-24,,,3.0,,
1967-11-25,,,259.0,,
1967-11-26,,,0.0,,
1967-11-27,,,0.0,,
1967-11-28,,,0.0,,
1967-11-29,,,0.0,,
1967-11-30,,,173.0,,
1967-12-01,150.0,-28.0,18.0,,
1967-12-02,122.0,-28.0,0.0,,
1967-12-03,83.0,17.0,262.0,,
1967-12-04,161.0,-56.0,0.0,,
1967-12-05,167.0,-78.0,0.0,,
1967-12-06,150.0,-11.0,0.0,,
1967-12-07,189.0,44.0,0.0,,
1967-12-08,200.0,50.0,0.0,,
1967-12-09,172.0,83.0,36.0,,
1967-12-10,150.0,122.0,114.0,,
1967-12-11,194.0,122.0,135.0,,
1967-12-12,150.0,50.0,0.0,,
1967-12-13,172.0,-33.0,0.0,,
1967-12-14,172.0,0.0,0.0,,
1967-12-15,156.0,72.0,25.0,,
1967-12-16,111.0,-39.0,0.0,,
1967-12-17,206.0,-33.0,0.0,,
1967-12-18,167.0,117.0,305.0,,
1967-12-19,189.0,128.0,457.0,,
1967-12-20,233.0,128.0,33.0,,
1967-12-21,211.0,89.0,0.0,,
1967-12-22,194.0,11.0,414.0,,
1967-12-23,22.0,-78.0,64.0,,
1967-12-24,89.0,-100.0,0.0,,
1967-12-25,122.0,-39.0,0.0,,
1967-12-26,83.0,-22.0,0.0,,
1967-12-27,111.0,-83.0,0.0,,
1967-12-28,83.0,11.0,180.0,,
1967-12-29,33.0,-22.0,51.0,,
1967-12-30,106.0,-67.0,0.0,,
1967-12-31,94.0,-11.0,30.0,,
1968-01-01,,,74.0,,
1968-01-02,,,25.0,,
1968-01-03,,,0.0,,
1968-01-04,,,246.0,,
1968-01-05,,,0.0,,
1968-01-06,,,76.0,,
1968-01-07,,,297.0,,
1968-01-08,,,0.0,,
1968-01-09,,,36.0,,
1968-01-10,,,274.0,,
1968-01-11,,,147.0,,
1968-01-12,,,0.0,,
1968-01-13,,,18.0,,
1968-01-14,,,0.0,,
1968-01-15,,,5.0,,
1968-01-16,,,13.0,,
1968-01-17,,,0.0,,
1968-01-18,,,0.0,,
1968-01-19,,,0.0,,
1968-01-20,,,0.0,,
1968-01-21,,,0.0,,
1968-01-22,,,0.0,,
1968-01-23,,,0.0,,
1968-01-24,,,170.0,,
1968-01-25,,,8.0,,
1968-01-26,,,0.0,,
1968-01-27,,,0.0,,
1968-01-28,,,0.0,,
1968-01-29,,,0.0,,
1968-01-30,,,0.0,,
1968-01-31,,,13.0,,
1968-02-01,,,0.0,,
1968-02-02,,,51.0,,
1968-02-03,,,51.0,,
1968-02-04,,,0.0,,
1968-02-05,,,0.0,,
1968-02-06,,,0.0,,
1968-02-07,,,0.0,,
1968-02-08,,,3.0,,
1968-02-09,,,0.0,,
1968-02-10,,,0.0,,
1968-02-11,,,25.0,,
1968-02-12,,,0.0,,
1968-02-13,,,0.0,,
1968-02-14,,,0.0,,
1968-02-15,,,0.0,,
1968-02-16,,,0.0,,
1968-02-17,,,0.0,,
1968-02-18,,,0.0,,
1968-02-19,,,0.0,,
1968-02-20,,,0.0,,
1968-02-21,,,0.0,,
1968-02-22,,,0.0,,
1968-02-23,,,0.0,,
1968-02-24,,,0.0,,
1968-02-25,,,0.0,,
1968-02-26,,,0.0,,
1968-02-27,,,0.0,,
1968-02-28,,,0.0,,
1968-02-29,,,183.0,,
1968-03-01,,,8.0,,
1968-03-02,,,0.0,,
1968-03-03,,,0.0,,
1968-03-04,,,0.0,,
1968-03-05,,,0.0,,
1968-03-06,,,0.0,,
1968-03-07,,,0.0,,
1968-03-08,,,0.0,,
1968-03-09,,,0.0,,
1968-03-10,,,124.0,,
1968-03-11,,,109.0,,
1968-03-12,,,429.0,,
1968-03-13,,,46.0,,
1968-03-14,,,0.0,,
1968-03-15,,,0.0,,
1968-03-16,,,0.0,,
1968-03-17,,,86.0,,
1968-03-18,,,0.0,,
1968-03-19,,,0.0,,
1968-03-20,,,0.0,,
1968-03-21,,,0.0,,
1968-03-22,,,8.0,,
1968-03-23,,,239.0,,
1968-03-24,,,0.0,,
1968-03-25,,,0.0,,
1968-03-26,,,0.0,,
1968-03-27,,,0.0,,
1968-03-28,,,0.0,,
1968-03-29,,,0.0,,
1968-03-30,,,0.0,,
1968-03-31,,,142.0,,
1968-04-01,,,94.0,,
1968-04-02,,,0.0,,
1968-04-03,,,76.0,,
1968-04-04,,,0.0,,
1968-04-05,,,368.0,,
1968-04-06,,,0.0,,
1968-04-07,,,0.0,,
1968-04-08,,,0.0,,
1968-04-09,,,25.0,,
1968-04-10,,,46.0,,
1968-04-11,,,25.0,,
1968-04-12,,,0.0,,
1968-04-13,,,0.0,,
1968-04-14,,,25.0,,
1968-04-15,,,152.0,,
1968-04-16,,,0.0,,
1968-04-17,,,0.0,,
1968-04-18,,,33.0,,
1968-04-19,,,8.0,,
1968-04-20,,,0.0,,
1968-04-21,,,0.0,,
1968-04-22,,,0.0,,
1968-04-23,,,25.0,,
1968-04-24,,,137.0,,
1968-04-25,,,0.0,,
1968-04-26,,,0.0,,
1968-04-27,,,0.0,,
1968-04-28,217.0,67.0,3.0,,
1968-04-29,,,15.0,,
1968-04-30,,,191.0,,
1968-05-01,,,0.0,,
1968-05-02,,,0.0,,
1968-05-03,,,0.0,,
1968-05-04,,,5.0,,
1968-05-05,,,25.0,,
1968-05-06,,,0.0,,
1968-05-07,,,0.0,,
1968-05-08,,,0.0,,
1968-05-09,,,0.0,,
1968-05-10,,,0.0,,
1968-05-11,,,0.0,,
1968-05-12,,,490.0,,
1968-05-13,,,3.0,,
1968-05-14,,,13.0,,
1968-05-15,,,216.0,,
1968-05-16,,,178.0,,
1968-05-17,,,13.0,,
1968-05-18,,,48.0,,
1968-05-19,,,0.0,,
1968-05-20,,,0.0,,
1968-05-21,,,0.0,,
1968-05-22,,,0.0,,
1968-05-23,,,0.0,,
1968-05-24,,,0.0,,
1968-05-25,,,0.0,,
1968-05-26,,,5.0,,
1968-05-27,,,264.0,,
1968-05-28,,,0.0,,
1968-05-29,,,0.0,,
1968-05-30,,,147.0,,
1968-05-31,,,0.0,,
1968-06-01,,,0.0,,
1968-06-02,,,0.0,,
1968-06-03,,,36.0,,
1968-06-04,,,0.0,,
1968-06-05,,,0.0,,
1968-06-06,,,0.0,,
1968-06-07,,,0.0,,
1968-06-08,,,155.0,,
1968-06-09,,,124.0,,
1968-06-10,,,36.0,,
1968-06-11,,,0.0,,
1968-06-12,,,76.0,,
1968-06-13,,,0.0,,
1968-06-14,,,0.0,,
1968-06-15,,,0.0,,
1968-06-16,,,0.0,,
1968-06-17,,,38.0,,
1968-06-18,,,64.0,,
1968-06-19,,,0.0,,
1968-06-20,,,0.0,,
1968-06-21,,,0.0,,
1968-06-22,,,0.0,,
1968-06-23,,,0.0,,
1968-06-24,,,0.0,,
1968-06-25,,,0.0,,
1968-06-26,,,0.0,,
1968-06-27,,,84.0,,
1968-06-28,,,0.0,,
1968-06-29,,,0.0,,
1968-06-30,,,0.0,,
1968-07-01,,,0.0,,
1968-07-02,,,0.0,,
1968-07-03,,,48.0,,
1968-07-04,,,28.0,,
1968-07-05,,,0.0,,
1968-07-06,,,30.0,,
1968-07-07,,,0.0,,
1968-07-08,,,0.0,,
1968-07-09,,,0.0,,
1968-07-10,,,0.0,,
1968-07-11,,,51.0,,
1968-07-12,,,0.0,,
1968-07-13,,,15.0,,
1968-07-14,,,30.0,,
1968-07-15,,,0.0,,
1968-07-16,,,0.0,,
1968-07-17,,,0.0,,
1968-07-18,,,13.0,,
1968-07-19,,,157.0,,
1968-07-20,,,53.0,,
1968-07-21,,,0.0,,
1968-07-22,,,0.0,,
1968-07-23,,,0.0,,
1968-07-24,,,0.0,,
1968-07-25,,,307.0,,
1968-07-26,,,0.0,,
1968-07-27,,,0.0,,
1968-07-28,,,56.0,,
1968-07-29,,,38.0,,
1968-07-30,,,0.0,,
1968-07-31,,,183.0,,
1968-08-01,,,478.0,,
1968-08-02,,,297.0,,
1968-08-03,,,0.0,,
1968-08-04,,,0.0,,
1968-08-05,,,36.0,,
1968-08-06,,,0.0,,
1968-08-07,,,0.0,,
1968-08-08,,,0.0,,
1968-08-09,,,0.0,,
1968-08-10,,,38.0,,
1968-08-11,,,0.0,,
1968-08-12,,,0.0,,
1968-08-13,,,0.0,,
1968-08-14,,,0.0,,
1968-08-15,,,0.0,,
1968-08-16,,,102.0,,
1968-08-17,,,0.0,,
1968-08-18,,,0.0,,
1968-08-19,,,0.0,,
1968-08-20,,,23.0,,
1968-08-21,,,0.0,,
1968-08-22,,,43.0,,
1968-08-23,,,0.0,,
1968-08-24,,,0.0,,
1968-08-25,,,0.0,,
1968-08-26,,,3.0,,
1968-08-27,,,0.0,,
1968-08-28,,,0.0,,
1968-08-29,,,0.0,,
1968-08-30,,,0.0,,
1968-08-31,,,0.0,,
1968-09-01,233.0,89.0,203.0,,
1968-09-02,261.0,128.0,0.0,,
1968-09-03,283.0,94.0,0.0,,
1968-09-04,306.0,100.0,0.0,,
1968-09-05,267.0,144.0,0.0,,
1968-09-06,222.0,161.0,117.0,,
1968-09-07,256.0,83.0,0.0,,
1968-09-08,278.0,78.0,0.0,,
1968-09-09,289.0,128.0,0.0,,
1968-09-10,267.0,139.0,3.0,,
1968-09-11,261.0,78.0,0.0,,
1968-09-12,211.0,61.0,0.0,,
1968-09-13,256.0,56.0,0.0,,
1968-09-14,261.0,61.0,0.0,,
1968-09-15,283.0,78.0,0.0,,
1968-09-16,278.0,100.0,0.0,,
1968-09-17,239.0,106.0,5.0,,
1968-09-18,250.0,150.0,18.0,,
1968-09-19,200.0,139.0,208.0,,
1968-09-20,239.0,156.0,0.0,,
1968-09-21,256.0,94.0,0.0,,
1968-09-22,289.0,133.0,0.0,,
1968-09-23,283.0,117.0,0.0,,
1968-09-24,289.0,111.0,0.0,,
1968-09-25,289.0,106.0,0.0,,
1968-09-26,283.0,100.0,74.0,,
1968-09-27,233.0,122.0,28.0,,
1968-09-28,261.0,106.0,0.0,,
1968-09-29,267.0,94.0,0.0,,
1968-09-30,267.0,78.0,0.0,,
1968-10-01,278.0,72.0,0.0,,
1968-10-02,272.0,72.0,0.0,,
1968-10-03,272.0,106.0,0.0,,
1968-10-04,228.0,28.0,155.0,,
1968-10-05,161.0,-22.0,0.0,,
1968-10-06,194.0,-28.0,0.0,,
1968-10-07,139.0,83.0,366.0,,
1968-10-08,250.0,100.0,0.0,,
1968-10-09,267.0,100.0,0.0,,
1968-10-10,228.0,100.0,3.0,,
1968-10-11,222.0,100.0,5.0,,
1968-10-12,267.0,106.0,0.0,,
1968-10-13,261.0,111.0,0.0,,
1968-10-14,278.0,100.0,0.0,,
1968-10-15,278.0,94.0,43.0,,
1968-10-16,272.0,106.0,0.0,,
1968-10-17,250.0,133.0,8.0,,
1968-10-18,244.0,156.0,0.0,,
1968-10-19,228.0,128.0,94.0,,
1968-10-20,217.0,33.0,0.0,,
1968-10-21,228.0,6.0,0.0,,
1968-10-22,244.0,0.0,0.0,,
1968-10-23,222.0,33.0,0.0,,
1968-10-24,222.0,22.0,0.0,,
1968-10-25,178.0,22.0,0.0,,
1968-10-26,83.0,-39.0,0.0,,
1968-10-27,133.0,-44.0,0.0,,
1968-10-28,200.0,22.0,0.0,,
1968-10-29,128.0,11.0,0.0,,
1968-10-30,106.0,-44.0,0.0,,
1968-10-31,178.0,-22.0,0.0,,
1968-11-01,256.0,11.0,0.0,,
1968-11-02,239.0,33.0,0.0,,
1968-11-03,228.0,33.0,0.0,,
1968-11-04,211.0,89.0,130.0,,
1968-11-05,211.0,83.0,0.0,,
1968-11-06,189.0,106.0,0.0,,
1968-11-07,150.0,78.0,137.0,,
1968-11-08,89.0,44.0,0.0,,
1968-11-09,72.0,-6.0,51.0,,
1968-11-10,61.0,-11.0,117.0,,
1968-11-11,56.0,-33.0,0.0,,
1968-11-12,28.0,-17.0,76.0,,
1968-11-13,89.0,-61.0,5.0,,
1968-11-14,161.0,-72.0,0.0,,
1968-11-15,189.0,-28.0,0.0,,
1968-11-16,200.0,83.0,41.0,,
1968-11-17,178.0,33.0,3.0,,
1968-11-18,150.0,72.0,208.0,,
1968-11-19,94.0,-22.0,0.0,,
1968-11-20,39.0,-61.0,0.0,,
1968-11-21,111.0,-100.0,0.0,,
1968-11-22,172.0,-83.0,0.0,,
1968-11-23,183.0,-39.0,0.0,,
1968-11-24,167.0,-17.0,0.0,,
1968-11-25,139.0,-39.0,36.0,,
1968-11-26,172.0,-72.0,0.0,,
1968-11-27,161.0,-39.0,0.0,,
1968-11-28,194.0,128.0,0.0,,
1968-11-29,194.0,22.0,25.0,,
1968-11-30,117.0,6.0,0.0,,
1968-12-01,78.0,11.0,76.0,,
1968-12-02,172.0,44.0,58.0,,
1968-12-03,144.0,22.0,0.0,,
1968-12-04,111.0,-17.0,91.0,,
1968-12-05,100.0,-83.0,13.0,,
1968-12-06,117.0,-89.0,0.0,,
1968-12-07,100.0,-39.0,0.0,,
1968-12-08,22.0,-78.0,0.0,,
1968-12-09,50.0,-133.0,0.0,,
1968-12-10,61.0,-94.0,0.0,,
1968-12-11,100.0,-78.0,0.0,,
1968-12-12,128.0,-94.0,0.0,,
1968-12-13,128.0,11.0,0.0,,
1968-12-14,100.0,-67.0,114.0,,
1968-12-15,-22.0,-111.0,0.0,,
1968-12-16,56.0,-128.0,0.0,,
1968-12-17,89.0,-117.0,0.0,,
1968-12-18,161.0,-17.0,0.0,,
1968-12-19,139.0,-22.0,0.0,,
1968-12-20,122.0,-56.0,23.0,,
1968-12-21,106.0,-61.0,0.0,,
1968-12-22,83.0,28.0,259.0,,
1968-12-23,89.0,-33.0,241.0,,
1968-12-24,17.0,-72.0,0.0,,
1968-12-25,56.0,-100.0,0.0,,
1968-12-26,106.0,-89.0,0.0,,
1968-12-27,111.0,17.0,0.0,,
1968-12-28,156.0,33.0,257.0,,
1968-12-29,78.0,-22.0,0.0,,
1968-12-30,122.0,-83.0,0.0,,
1968-12-31,100.0,33.0,69.0,,
1969-01-01,78.0,-122.0,3.0,,
1969-01-02,33.0,-122.0,0.0,,
1969-01-03,33.0,-44.0,0.0,,
1969-01-04,22.0,-111.0,25.0,,
1969-01-05,28.0,-178.0,0.0,,
1969-01-06,33.0,-128.0,0.0,,
1969-01-07,28.0,-17.0,0.0,,
1969-01-08,33.0,-94.0,0.0,,
1969-01-09,128.0,22.0,18.0,,
1969-01-10,44.0,-111.0,8.0,,
1969-01-11,44.0,-122.0,0.0,,
1969-01-12,61.0,-144.0,0.0,,
1969-01-13,83.0,-67.0,0.0,,
1969-01-14,94.0,-111.0,0.0,,
1969-01-15,122.0,-83.0,0.0,,
1969-01-16,133.0,-61.0,0.0,,
1969-01-17,111.0,-11.0,0.0,,
1969-01-18,133.0,83.0,25.0,,
1969-01-19,139.0,78.0,127.0,,
1969-01-20,122.0,67.0,394.0,,
1969-01-21,128.0,33.0,0.0,,
1969-01-22,150.0,44.0,0.0,,
1969-01-23,133.0,67.0,0.0,,
1969-01-24,178.0,50.0,10.0,,
1969-01-25,144.0,-44.0,165.0,,
1969-01-26,67.0,-94.0,0.0,,
1969-01-27,67.0,-11.0,15.0,,
1969-01-28,67.0,6.0,8.0,,
1969-01-29,128.0,50.0,213.0,,
1969-01-30,183.0,83.0,5.0,,
1969-01-31,156.0,94.0,130.0,,
1969-02-01,156.0,100.0,353.0,,
1969-02-02,167.0,100.0,584.0,,
1969-02-03,172.0,0.0,198.0,,
1969-02-04,83.0,-44.0,0.0,,
1969-02-05,128.0,-72.0,0.0,,
1969-02-06,111.0,6.0,38.0,,
1969-02-07,156.0,22.0,145.0,,
1969-02-08,150.0,-11.0,0.0,,
1969-02-09,94.0,6.0,147.0,,
1969-02-10,133.0,-89.0,0.0,,
1969-02-11,133.0,-67.0,0.0,,
1969-02-12,94.0,-22.0,0.0,,
1969-02-13,61.0,-100.0,0.0,,
1969-02-14,83.0,-94.0,0.0,,
1969-02-15,83.0,-22.0,15.0,,
1969-02-16,33.0,-6.0,137.0,,
1969-02-17,28.0,-11.0,30.0,,
1969-02-18,56.0,-11.0,0.0,,
1969-02-19,106.0,-72.0,0.0,,
1969-02-20,139.0,-83.0,0.0,,
1969-02-21,172.0,-72.0,0.0,,
1969-02-22,167.0,0.0,0.0,,
1969-02-23,78.0,17.0,112.0,,
1969-02-24,100.0,-28.0,0.0,,
1969-02-25,89.0,-61.0,0.0,,
1969-02-26,94.0,-61.0,0.0,,
1969-02-27,133.0,-78.0,0.0,,
1969-02-28,122.0,-33.0,0.0,,
1969-03-01,50.0,-6.0,89.0,,
1969-03-02,122.0,-39.0,0.0,,
1969-03-03,111.0,-67.0,0.0,,
1969-03-04,83.0,-61.0,0.0,,
1969-03-05,128.0,-89.0,0.0,,
1969-03-06,117.0,-6.0,13.0,,
1969-03-07,83.0,-6.0,185.0,,
1969-03-08,144.0,-39.0,0.0,,
1969-03-09,89.0,-22.0,91.0,,
1969-03-10,-6.0,-67.0,25.0,,
1969-03-11,28.0,-56.0,0.0,,
1969-03-12,67.0,-111.0,0.0,,
1969-03-13,78.0,-78.0,0.0,,
1969-03-14,100.0,-83.0,0.0,,
1969-03-15,122.0,-50.0,0.0,,
1969-03-16,161.0,-17.0,0.0,,
1969-03-17,211.0,-44.0,0.0,,
1969-03-18,200.0,56.0,41.0,,
1969-03-19,206.0,28.0,330.0,,
1969-03-20,239.0,-11.0,0.0,,
1969-03-21,233.0,22.0,10.0,,
1969-03-22,183.0,-44.0,0.0,,
1969-03-23,150.0,-33.0,0.0,,
1969-03-24,217.0,50.0,114.0,,
1969-03-25,217.0,39.0,0.0,,
1969-03-26,56.0,-17.0,0.0,,
1969-03-27,106.0,-39.0,0.0,,
1969-03-28,183.0,-61.0,0.0,,
1969-03-29,183.0,-28.0,0.0,,
1969-03-30,144.0,39.0,10.0,,
1969-03-31,150.0,-39.0,0.0,,
1969-04-01,239.0,-39.0,0.0,,
1969-04-02,239.0,33.0,0.0,,
1969-04-03,256.0,100.0,0.0,,
1969-04-04,272.0,117.0,8.0,,
1969-04-05,261.0,100.0,25.0,,
1969-04-06,261.0,128.0,231.0,,
1969-04-07,261.0,-6.0,0.0,,
1969-04-08,261.0,6.0,0.0,,
1969-04-09,250.0,56.0,0.0,,
1969-04-10,244.0,128.0,51.0,,
1969-04-11,239.0,106.0,71.0,,
1969-04-12,250.0,22.0,0.0,,
1969-04-13,239.0,89.0,0.0,,
1969-04-14,167.0,94.0,23.0,,
1969-04-15,183.0,128.0,188.0,,
1969-04-16,256.0,106.0,74.0,,
1969-04-17,278.0,100.0,10.0,,
1969-04-18,261.0,150.0,180.0,,
1969-04-19,178.0,89.0,333.0,,
1969-04-20,200.0,11.0,25.0,,
1969-04-21,239.0,6.0,0.0,,
1969-04-22,228.0,72.0,53.0,,
1969-04-23,172.0,-6.0,0.0,,
1969-04-24,189.0,-22.0,0.0,,
1969-04-25,233.0,-22.0,0.0,,
1969-04-26,283.0,11.0,0.0,,
1969-04-27,278.0,33.0,0.0,,
1969-04-28,272.0,83.0,0.0,,
1969-04-29,189.0,83.0,53.0,,
1969-04-30,217.0,6.0,0.0,,
1969-05-01,217.0,39.0,0.0,,
1969-05-02,239.0,61.0,0.0,,
1969-05-03,244.0,33.0,0.0,,
1969-05-04,244.0,61.0,0.0,,
1969-05-05,283.0,67.0,0.0,,
1969-05-06,289.0,56.0,0.0,,
1969-05-07,294.0,67.0,0.0,,
1969-05-08,300.0,94.0,8.0,,
1969-05-09,222.0,144.0,224.0,,
1969-05-10,183.0,22.0,0.0,,
1969-05-11,222.0,22.0,56.0,,
1969-05-12,161.0,22.0,0.0,,
1969-05-13,206.0,22.0,0.0,,
1969-05-14,244.0,22.0,0.0,,
1969-05-15,267.0,67.0,0.0,,
1969-05-16,244.0,83.0,3.0,,
1969-05-17,222.0,150.0,0.0,,
1969-05-18,222.0,161.0,58.0,,
1969-05-19,200.0,156.0,122.0,,
1969-05-20,272.0,144.0,0.0,,
1969-05-21,278.0,100.0,0.0,,
1969-05-22,300.0,100.0,0.0,,
1969-05-23,289.0,133.0,38.0,,
1969-05-24,278.0,139.0,0.0,,
1969-05-25,283.0,133.0,41.0,,
1969-05-26,261.0,122.0,0.0,,
1969-05-27,283.0,111.0,0.0,,
1969-05-28,278.0,117.0,0.0,,
1969-05-29,278.0,117.0,0.0,,
1969-05-30,306.0,111.0,0.0,,
1969-05-31,306.0,117.0,0.0,,
1969-06-01,328.0,139.0,0.0,,
1969-06-02,294.0,156.0,224.0,,
1969-06-03,256.0,67.0,5.0,,
1969-06-04,228.0,39.0,0.0,,
1969-06-05,244.0,44.0,5.0,,
1969-06-06,278.0,94.0,0.0,,
1969-06-07,294.0,100.0,0.0,,
1969-06-08,317.0,117.0,0.0,,
1969-06-09,328.0,161.0,18.0,,
1969-06-10,311.0,156.0,13.0,,
1969-06-11,239.0,139.0,203.0,,
1969-06-12,294.0,144.0,0.0,,
1969-06-13,294.0,161.0,0.0,,
1969-06-14,306.0,161.0,0.0,,
1969-06-15,311.0,161.0,325.0,,
1969-06-16,289.0,172.0,58.0,,
1969-06-17,261.0,139.0,0.0,,
1969-06-18,289.0,150.0,0.0,,
1969-06-19,300.0,150.0,25.0,,
1969-06-20,294.0,150.0,0.0,,
1969-06-21,294.0,156.0,0.0,,
1969-06-22,306.0,150.0,0.0,,
1969-06-23,317.0,172.0,0.0,,
1969-06-24,267.0,167.0,86.0,,
1969-06-25,300.0,161.0,198.0,,
1969-06-26,339.0,172.0,0.0,,
1969-06-27,322.0,183.0,91.0,,
1969-06-28,333.0,183.0,0.0,,
1969-06-29,339.0,183.0,0.0,,
1969-06-30,350.0,183.0,0.0,,
1969-07-01,339.0,167.0,203.0,,
1969-07-02,317.0,178.0,38.0,,
1969-07-03,311.0,178.0,0.0,,
1969-07-04,322.0,156.0,0.0,,
1969-07-05,339.0,178.0,0.0,,
1969-07-06,333.0,189.0,0.0,,
1969-07-07,339.0,194.0,5.0,,
1969-07-08,300.0,200.0,79.0,,
1969-07-09,322.0,189.0,0.0,,
1969-07-10,322.0,194.0,0.0,,
1969-07-11,328.0,206.0,0.0,,
1969-07-12,344.0,194.0,15.0,,
1969-07-13,317.0,172.0,0.0,,
1969-07-14,328.0,156.0,0.0,,
1969-07-15,333.0,161.0,0.0,,
1969-07-16,322.0,167.0,0.0,,
1969-07-17,322.0,156.0,0.0,,
1969-07-18,328.0,156.0,0.0,,
1969-07-19,333.0,172.0,0.0,,
1969-07-20,344.0,167.0,0.0,,
1969-07-21,333.0,172.0,244.0,,
1969-07-22,322.0,178.0,0.0,,
1969-07-23,311.0,200.0,8.0,,
1969-07-24,283.0,183.0,208.0,,
1969-07-25,294.0,167.0,0.0,,
1969-07-26,322.0,178.0,102.0,,
1969-07-27,317.0,178.0,0.0,,
1969-07-28,311.0,183.0,356.0,,
1969-07-29,294.0,156.0,10.0,,
1969-07-30,278.0,128.0,5.0,,
1969-07-31,294.0,122.0,0.0,,
1969-08-01,306.0,183.0,8.0,,
1969-08-02,289.0,167.0,0.0,,
1969-08-03,306.0,183.0,38.0,,
1969-08-04,267.0,172.0,0.0,,
1969-08-05,289.0,139.0,5.0,,
1969-08-06,289.0,122.0,0.0,,
1969-08-07,294.0,117.0,0.0,,
1969-08-08,306.0,122.0,0.0,,
1969-08-09,317.0,144.0,0.0,,
1969-08-10,322.0,161.0,10.0,,
1969-08-11,289.0,128.0,0.0,,
1969-08-12,289.0,122.0,0.0,,
1969-08-13,283.0,128.0,8.0,,
1969-08-14,300.0,156.0,38.0,,
1969-08-15,289.0,156.0,0.0,,
1969-08-16,283.0,172.0,381.0,,
1969-08-17,267.0,183.0,358.0,,
1969-08-18,306.0,183.0,3.0,,
1969-08-19,306.0,183.0,5.0,,
1969-08-20,278.0,200.0,597.0,,
1969-08-21,300.0,161.0,0.0,,
1969-08-22,306.0,156.0,231.0,,
1969-08-23,211.0,117.0,356.0,,
1969-08-24,289.0,100.0,0.0,,
1969-08-25,294.0,122.0,0.0,,
1969-08-26,294.0,122.0,0.0,,
1969-08-27,306.0,122.0,0.0,,
1969-08-28,306.0,111.0,0.0,,
1969-08-29,294.0,128.0,0.0,,
1969-08-30,294.0,106.0,0.0,,
1969-08-31,306.0,106.0,18.0,,
1969-09-01,272.0,172.0,25.0,,
1969-09-02,283.0,167.0,0.0,,
1969-09-03,294.0,167.0,0.0,,
1969-09-04,294.0,156.0,5.0,,
1969-09-05,294.0,183.0,0.0,,
1969-09-06,294.0,161.0,315.0,,
1969-09-07,289.0,172.0,0.0,,
1969-09-08,300.0,161.0,381.0,,
1969-09-09,289.0,128.0,0.0,,
1969-09-10,239.0,61.0,0.0,,
1969-09-11,233.0,61.0,0.0,,
1969-09-12,233.0,72.0,0.0,,
1969-09-13,239.0,72.0,0.0,,
1969-09-14,261.0,78.0,0.0,,
1969-09-15,261.0,78.0,0.0,,
1969-09-16,283.0,72.0,0.0,,
1969-09-17,278.0,94.0,0.0,,
1969-09-18,289.0,161.0,0.0,,
1969-09-19,244.0,178.0,0.0,,
1969-09-20,250.0,150.0,234.0,,
1969-09-21,211.0,139.0,25.0,,
1969-09-22,244.0,150.0,28.0,,
1969-09-23,211.0,139.0,119.0,,
1969-09-24,206.0,167.0,97.0,,
1969-09-25,244.0,139.0,0.0,,
1969-09-26,250.0,111.0,0.0,,
1969-09-27,267.0,106.0,0.0,,
1969-09-28,272.0,100.0,0.0,,
1969-09-29,256.0,61.0,0.0,,
1969-09-30,244.0,61.0,0.0,,
1969-10-01,233.0,78.0,3.0,,
1969-10-02,239.0,122.0,58.0,,
1969-10-03,222.0,117.0,0.0,,
1969-10-04,267.0,78.0,0.0,,
1969-10-05,272.0,83.0,0.0,,
1969-10-06,239.0,72.0,0.0,,
1969-10-07,244.0,78.0,0.0,,
1969-10-08,183.0,122.0,76.0,,
1969-10-09,239.0,44.0,0.0,,
1969-10-10,256.0,44.0,0.0,,
1969-10-11,256.0,72.0,0.0,,
1969-10-12,256.0,106.0,0.0,,
1969-10-13,283.0,100.0,0.0,,
1969-10-14,283.0,100.0,0.0,,
1969-10-15,144.0,100.0,13.0,,
1969-10-16,183.0,111.0,0.0,,
1969-10-17,222.0,28.0,0.0,,
1969-10-18,161.0,-33.0,0.0,,
1969-10-19,222.0,-6.0,0.0,,
1969-10-20,256.0,128.0,0.0,,
1969-10-21,217.0,100.0,127.0,,
1969-10-22,222.0,22.0,0.0,,
1969-10-23,200.0,0.0,0.0,,
1969-10-24,172.0,-22.0,0.0,,
1969-10-25,172.0,-11.0,5.0,,
1969-10-26,128.0,72.0,53.0,,
1969-10-27,206.0,83.0,0.0,,
1969-10-28,200.0,28.0,0.0,,
1969-10-29,178.0,-22.0,0.0,,
1969-10-30,194.0,-28.0,0.0,,
1969-10-31,183.0,-28.0,0.0,,
1969-11-01,206.0,28.0,102.0,,
1969-11-02,161.0,117.0,226.0,,
1969-11-03,161.0,67.0,0.0,,
1969-11-04,117.0,-17.0,0.0,,
1969-11-05,83.0,33.0,0.0,,
1969-11-06,156.0,-39.0,0.0,,
1969-11-07,206.0,-22.0,0.0,,
1969-11-08,189.0,-39.0,0.0,,
1969-11-09,200.0,-28.0,0.0,,
1969-11-10,178.0,0.0,0.0,,
1969-11-11,194.0,-22.0,0.0,,
1969-11-12,183.0,100.0,89.0,,
1969-11-13,139.0,-22.0,0.0,,
1969-11-14,67.0,-44.0,38.0,,
1969-11-15,28.0,-128.0,10.0,,
1969-11-16,144.0,-94.0,0.0,,
1969-11-17,161.0,-39.0,0.0,,
1969-11-18,167.0,83.0,0.0,,
1969-11-19,167.0,-6.0,150.0,,
1969-11-20,89.0,-83.0,0.0,,
1969-11-21,139.0,-67.0,0.0,,
1969-11-22,167.0,-56.0,0.0,,
1969-11-23,172.0,-50.0,0.0,,
1969-11-24,189.0,33.0,5.0,,
1969-11-25,172.0,-11.0,0.0,,
1969-11-26,150.0,39.0,0.0,,
1969-11-27,139.0,-44.0,0.0,,
1969-11-28,111.0,22.0,23.0,,
1969-11-29,128.0,33.0,0.0,,
1969-11-30,100.0,-78.0,0.0,,
1969-12-01,94.0,-67.0,0.0,,
1969-12-02,117.0,-89.0,0.0,,
1969-12-03,106.0,-44.0,0.0,,
1969-12-04,83.0,-67.0,0.0,,
1969-12-05,67.0,-111.0,0.0,,
1969-12-06,72.0,0.0,0.0,,
1969-12-07,117.0,17.0,188.0,,
1969-12-08,89.0,17.0,8.0,,
1969-12-09,117.0,11.0,0.0,,
1969-12-10,94.0,17.0,25.0,,
1969-12-11,89.0,39.0,102.0,,
1969-12-12,72.0,0.0,28.0,,
1969-12-13,100.0,-111.0,0.0,,
1969-12-14,122.0,-11.0,0.0,,
1969-12-15,72.0,-33.0,0.0,,
1969-12-16,67.0,-100.0,0.0,,
1969-12-17,83.0,-100.0,0.0,,
1969-12-18,83.0,-100.0,0.0,,
1969-12-19,83.0,-28.0,10.0,,
1969-12-20,61.0,-94.0,0.0,,
1969-12-21,33.0,-50.0,0.0,,
1969-12-22,22.0,-17.0,152.0,,
1969-12-23,44.0,-44.0,0.0,,
1969-12-24,44.0,-56.0,0.0,,
1969-12-25,33.0,-22.0,0.0,,
1969-12-26,11.0,-22.0,157.0,,
1969-12-27,33.0,-106.0,0.0,,
1969-12-28,44.0,-33.0,0.0,,
1969-12-29,144.0,17.0,5.0,,
1969-12-30,183.0,-78.0,10.0,,
1969-12-31,183.0,11.0,450.0,,
1970-01-01,28.0,-11.0,0.0,,
1970-01-02,72.0,-100.0,0.0,,
1970-01-03,61.0,-39.0,0.0,,
1970-01-04,44.0,-122.0,0.0,,
1970-01-05,78.0,-94.0,0.0,,
1970-01-06,56.0,-11.0,58.0,,
1970-01-07,11.0,-133.0,43.0,,
1970-01-08,-106.0,-189.0,0.0,,
1970-01-09,-111.0,-233.0,0.0,,
1970-01-10,-17.0,-222.0,0.0,,
1970-01-11,11.0,-50.0,5.0,,
1970-01-12,44.0,-6.0,140.0,,
1970-01-13,67.0,-44.0,0.0,,
1970-01-14,94.0,-111.0,0.0,,
1970-01-15,128.0,-56.0,0.0,,
1970-01-16,139.0,-61.0,0.0,,
1970-01-17,111.0,11.0,61.0,,
1970-01-18,122.0,56.0,36.0,,
1970-01-19,106.0,-6.0,0.0,,
1970-01-20,11.0,-39.0,0.0,,
1970-01-21,-28.0,-144.0,20.0,,
1970-01-22,6.0,-172.0,0.0,,
1970-01-23,6.0,-72.0,66.0,,
1970-01-24,44.0,-133.0,0.0,,
1970-01-25,78.0,-67.0,0.0,,
1970-01-26,161.0,0.0,124.0,,
1970-01-27,172.0,-44.0,0.0,,
1970-01-28,172.0,-33.0,0.0,,
1970-01-29,183.0,106.0,198.0,,
1970-01-30,128.0,-28.0,0.0,,
1970-01-31,100.0,-100.0,0.0,,
1970-02-01,100.0,-94.0,0.0,,
1970-02-02,117.0,44.0,79.0,,
1970-02-03,106.0,-89.0,56.0,,
1970-02-04,44.0,-183.0,0.0,,
1970-02-05,78.0,-94.0,0.0,,
1970-02-06,117.0,-6.0,0.0,,
1970-02-07,122.0,22.0,0.0,,
1970-02-08,156.0,17.0,0.0,,
1970-02-09,117.0,-6.0,127.0,,
1970-02-10,33.0,-22.0,15.0,,
1970-02-11,122.0,-61.0,10.0,,
1970-02-12,122.0,-28.0,0.0,,
1970-02-13,128.0,-94.0,0.0,,
1970-02-14,122.0,-33.0,8.0,,
1970-02-15,172.0,33.0,0.0,,
1970-02-16,139.0,44.0,244.0,,
1970-02-17,133.0,44.0,53.0,,
1970-02-18,178.0,44.0,0.0,,
1970-02-19,178.0,-6.0,0.0,,
1970-02-20,50.0,-56.0,0.0,,
1970-02-21,100.0,-106.0,0.0,,
1970-02-22,144.0,-89.0,0.0,,
1970-02-23,144.0,39.0,10.0,,
1970-02-24,139.0,-50.0,0.0,,
1970-02-25,100.0,22.0,64.0,,
1970-02-26,100.0,-117.0,69.0,,
1970-02-27,161.0,-94.0,0.0,,
1970-02-28,194.0,-39.0,0.0,,
1970-03-01,178.0,44.0,0.0,,
1970-03-02,222.0,0.0,13.0,,
1970-03-03,211.0,44.0,0.0,,
1970-03-04,194.0,117.0,15.0,,
1970-03-05,178.0,61.0,51.0,,
1970-03-06,161.0,17.0,0.0,,
1970-03-07,167.0,-22.0,0.0,,
1970-03-08,183.0,-33.0,0.0,,
1970-03-09,217.0,-33.0,0.0,,
1970-03-10,222.0,-22.0,0.0,,
1970-03-11,217.0,11.0,0.0,,
1970-03-12,194.0,111.0,25.0,,
1970-03-13,133.0,-11.0,33.0,,
1970-03-14,67.0,-33.0,0.0,,
1970-03-15,72.0,-67.0,0.0,,
1970-03-16,89.0,-106.0,0.0,,
1970-03-17,128.0,-67.0,0.0,,
1970-03-18,206.0,67.0,84.0,,
1970-03-19,200.0,11.0,0.0,,
1970-03-20,167.0,106.0,284.0,,
1970-03-21,156.0,44.0,36.0,,
1970-03-22,89.0,17.0,124.0,,
1970-03-23,100.0,-22.0,0.0,,
1970-03-24,122.0,-39.0,18.0,,
1970-03-25,217.0,11.0,25.0,,
1970-03-26,200.0,61.0,38.0,,
1970-03-27,144.0,-50.0,15.0,,
1970-03-28,222.0,-33.0,0.0,,
1970-03-29,183.0,83.0,30.0,,
1970-03-30,183.0,11.0,0.0,,
1970-03-31,211.0,83.0,18.0,,
1970-04-01,206.0,56.0,178.0,,
1970-04-02,194.0,111.0,307.0,,
1970-04-03,122.0,-28.0,0.0,,
1970-04-04,172.0,-33.0,0.0,,
1970-04-05,206.0,0.0,0.0,,
1970-04-06,200.0,56.0,28.0,,
1970-04-07,172.0,0.0,0.0,,
1970-04-08,200.0,-28.0,0.0,,
1970-04-09,233.0,44.0,0.0,,
1970-04-10,222.0,22.0,0.0,,
1970-04-11,194.0,6.0,0.0,,
1970-04-12,256.0,39.0,0.0,,
1970-04-13,194.0,94.0,15.0,,
1970-04-14,244.0,17.0,13.0,,
1970-04-15,156.0,22.0,0.0,,
1970-04-16,228.0,72.0,0.0,,
1970-04-17,239.0,100.0,8.0,,
1970-04-18,178.0,100.0,74.0,,
1970-04-19,278.0,117.0,0.0,,
1970-04-20,283.0,100.0,132.0,,
1970-04-21,244.0,106.0,0.0,,
1970-04-22,239.0,56.0,0.0,,
1970-04-23,289.0,89.0,0.0,,
1970-04-24,300.0,144.0,0.0,,
1970-04-25,211.0,122.0,127.0,,
1970-04-26,222.0,133.0,102.0,,
1970-04-27,189.0,122.0,127.0,,
1970-04-28,244.0,161.0,0.0,,
1970-04-29,272.0,139.0,0.0,,
1970-04-30,317.0,139.0,0.0,,
1970-05-01,306.0,156.0,0.0,,
1970-05-02,272.0,111.0,0.0,,
1970-05-03,200.0,94.0,81.0,,
1970-05-04,133.0,89.0,201.0,,
1970-05-05,228.0,50.0,0.0,,
1970-05-06,244.0,44.0,0.0,,
1970-05-07,239.0,0.0,0.0,,
1970-05-08,256.0,6.0,0.0,,
1970-05-09,289.0,78.0,0.0,,
1970-05-10,283.0,72.0,0.0,,
1970-05-11,300.0,167.0,0.0,,
1970-05-12,256.0,100.0,8.0,,
1970-05-13,294.0,100.0,28.0,,
1970-05-14,283.0,111.0,0.0,,
1970-05-15,289.0,106.0,0.0,,
1970-05-16,311.0,106.0,0.0,,
1970-05-17,267.0,94.0,0.0,,
1970-05-18,211.0,17.0,0.0,,
1970-05-19,256.0,17.0,0.0,,
1970-05-20,289.0,50.0,0.0,,
1970-05-21,306.0,67.0,0.0,,
1970-05-22,322.0,83.0,0.0,,
1970-05-23,322.0,100.0,0.0,,
1970-05-24,322.0,111.0,0.0,,
1970-05-25,322.0,150.0,18.0,,
1970-05-26,306.0,144.0,15.0,,
1970-05-27,272.0,67.0,0.0,,
1970-05-28,294.0,72.0,0.0,,
1970-05-29,278.0,111.0,76.0,,
1970-05-30,256.0,167.0,94.0,,
1970-05-31,233.0,161.0,0.0,,
1970-06-01,250.0,167.0,38.0,,
1970-06-02,294.0,167.0,20.0,,
1970-06-03,267.0,167.0,340.0,,
1970-06-04,200.0,167.0,236.0,,
1970-06-05,256.0,133.0,368.0,,
1970-06-06,239.0,111.0,33.0,,
1970-06-07,228.0,106.0,0.0,,
1970-06-08,267.0,78.0,0.0,,
1970-06-09,289.0,106.0,0.0,,
1970-06-10,294.0,144.0,0.0,,
1970-06-11,294.0,156.0,0.0,,
1970-06-12,289.0,122.0,0.0,,
1970-06-13,283.0,128.0,0.0,,
1970-06-14,261.0,133.0,61.0,,
1970-06-15,283.0,139.0,0.0,,
1970-06-16,278.0,161.0,0.0,,
1970-06-17,289.0,161.0,0.0,,
1970-06-18,317.0,167.0,0.0,,
1970-06-19,322.0,156.0,38.0,,
1970-06-20,311.0,167.0,140.0,,
1970-06-21,289.0,167.0,224.0,,
1970-06-22,317.0,172.0,5.0,,
1970-06-23,294.0,156.0,0.0,,
1970-06-24,300.0,144.0,0.0,,
1970-06-25,311.0,156.0,0.0,,
1970-06-26,278.0,156.0,0.0,,
1970-06-27,294.0,178.0,28.0,,
1970-06-28,256.0,94.0,0.0,,
1970-06-29,256.0,106.0,0.0,,
1970-06-30,283.0,128.0,0.0,,
1970-07-01,294.0,128.0,0.0,,
1970-07-02,339.0,144.0,0.0,,
1970-07-03,350.0,167.0,0.0,,
1970-07-04,350.0,183.0,0.0,,
1970-07-05,317.0,111.0,0.0,,
1970-07-06,256.0,100.0,0.0,,
1970-07-07,283.0,100.0,0.0,,
1970-07-08,306.0,106.0,0.0,,
1970-07-09,311.0,122.0,0.0,,
1970-07-10,306.0,156.0,25.0,,
1970-07-11,294.0,128.0,0.0,,
1970-07-12,294.0,128.0,0.0,,
1970-07-13,311.0,144.0,0.0,,
1970-07-14,333.0,150.0,0.0,,
1970-07-15,328.0,167.0,196.0,,
1970-07-16,333.0,167.0,0.0,,
1970-07-17,294.0,106.0,0.0,,
1970-07-18,311.0,100.0,0.0,,
1970-07-19,322.0,128.0,0.0,,
1970-07-20,306.0,183.0,109.0,,
1970-07-21,289.0,183.0,20.0,,
1970-07-22,256.0,178.0,465.0,,
1970-07-23,222.0,178.0,147.0,,
1970-07-24,283.0,156.0,122.0,,
1970-07-25,294.0,183.0,15.0,,
1970-07-26,317.0,194.0,23.0,,
1970-07-27,306.0,178.0,178.0,,
1970-07-28,306.0,183.0,0.0,,
1970-07-29,333.0,183.0,0.0,,
1970-07-30,333.0,183.0,0.0,,
1970-07-31,322.0,156.0,0.0,,
1970-08-01,322.0,161.0,0.0,,
1970-08-02,322.0,172.0,20.0,,
1970-08-03,322.0,189.0,0.0,,
1970-08-04,322.0,156.0,0.0,,
1970-08-05,317.0,150.0,0.0,,
1970-08-06,322.0,183.0,0.0,,
1970-08-07,322.0,172.0,0.0,,
1970-08-08,322.0,178.0,0.0,,
1970-08-09,306.0,183.0,0.0,,
1970-08-10,256.0,194.0,145.0,,
1970-08-11,256.0,167.0,178.0,,
1970-08-12,256.0,167.0,0.0,,
1970-08-13,244.0,172.0,0.0,,
1970-08-14,294.0,172.0,0.0,,
1970-08-15,300.0,167.0,0.0,,
1970-08-16,311.0,161.0,0.0,,
1970-08-17,306.0,167.0,0.0,,
1970-08-18,311.0,161.0,0.0,,
1970-08-19,306.0,167.0,0.0,,
1970-08-20,317.0,172.0,38.0,,
1970-08-21,306.0,172.0,0.0,,
1970-08-22,322.0,167.0,0.0,,
1970-08-23,294.0,189.0,84.0,,
1970-08-24,289.0,150.0,94.0,,
1970-08-25,283.0,144.0,0.0,,
1970-08-26,306.0,144.0,0.0,,
1970-08-27,300.0,156.0,0.0,,
1970-08-28,294.0,183.0,175.0,,
1970-08-29,294.0,167.0,0.0,,
1970-08-30,311.0,161.0,0.0,,
1970-08-31,322.0,167.0,0.0,,
1970-09-01,317.0,156.0,0.0,,
1970-09-02,322.0,156.0,0.0,,
1970-09-03,322.0,156.0,0.0,,
1970-09-04,311.0,156.0,201.0,,
1970-09-05,300.0,172.0,216.0,,
1970-09-06,294.0,167.0,0.0,,
1970-09-07,306.0,150.0,0.0,,
1970-09-08,283.0,183.0,3.0,,
1970-09-09,289.0,156.0,0.0,,
1970-09-10,300.0,167.0,0.0,,
1970-09-11,306.0,167.0,8.0,,
1970-09-12,294.0,150.0,0.0,,
1970-09-13,294.0,133.0,0.0,,
1970-09-14,311.0,156.0,0.0,,
1970-09-15,317.0,128.0,0.0,,
1970-09-16,294.0,128.0,0.0,,
1970-09-17,311.0,117.0,0.0,,
1970-09-18,306.0,144.0,0.0,,
1970-09-19,317.0,161.0,0.0,,
1970-09-20,322.0,172.0,0.0,,
1970-09-21,322.0,172.0,23.0,,
1970-09-22,311.0,167.0,0.0,,
1970-09-23,317.0,167.0,0.0,,
1970-09-24,317.0,161.0,0.0,,
1970-09-25,328.0,139.0,0.0,,
1970-09-26,317.0,156.0,0.0,,
1970-09-27,294.0,139.0,10.0,,
1970-09-28,183.0,94.0,74.0,,
1970-09-29,217.0,22.0,0.0,,
1970-09-30,222.0,11.0,0.0,,
1970-10-01,261.0,56.0,0.0,,
1970-10-02,267.0,67.0,0.0,,
1970-10-03,256.0,83.0,0.0,,
1970-10-04,267.0,11.0,0.0,,
1970-10-05,239.0,-11.0,0.0,,
1970-10-06,244.0,-11.0,0.0,,
1970-10-07,256.0,17.0,0.0,,
1970-10-08,233.0,156.0,0.0,,
1970-10-09,228.0,161.0,0.0,,
1970-10-10,267.0,167.0,56.0,,
1970-10-11,239.0,128.0,18.0,,
1970-10-12,283.0,111.0,0.0,,
1970-10-13,256.0,100.0,0.0,,
1970-10-14,278.0,128.0,38.0,,
1970-10-15,206.0,156.0,284.0,,
1970-10-16,256.0,89.0,0.0,,
1970-10-17,189.0,-28.0,0.0,,
1970-10-18,194.0,-6.0,0.0,,
1970-10-19,228.0,11.0,0.0,,
1970-10-20,211.0,72.0,175.0,,
1970-10-21,156.0,100.0,173.0,,
1970-10-22,211.0,83.0,0.0,,
1970-10-23,222.0,44.0,0.0,,
1970-10-24,239.0,44.0,0.0,,
1970-10-25,217.0,83.0,46.0,,
1970-10-26,239.0,100.0,0.0,,
1970-10-27,233.0,100.0,0.0,,
1970-10-28,211.0,89.0,0.0,,
1970-10-29,200.0,111.0,178.0,,
1970-10-30,150.0,111.0,320.0,,
1970-10-31,211.0,100.0,8.0,,
1970-11-01,211.0,89.0,0.0,,
1970-11-02,194.0,117.0,0.0,,
1970-11-03,122.0,11.0,30.0,,
1970-11-04,83.0,-11.0,36.0,,
1970-11-05,111.0,22.0,10.0,,
1970-11-06,150.0,-33.0,0.0,,
1970-11-07,194.0,-39.0,0.0,,
1970-11-08,233.0,-28.0,0.0,,
1970-11-09,206.0,17.0,0.0,,
1970-11-10,189.0,72.0,208.0,,
1970-11-11,189.0,39.0,0.0,,
1970-11-12,167.0,39.0,0.0,,
1970-11-13,172.0,11.0,0.0,,
1970-11-14,167.0,28.0,13.0,,
1970-11-15,139.0,0.0,13.0,,
1970-11-16,50.0,-17.0,0.0,,
1970-11-17,133.0,-89.0,0.0,,
1970-11-18,111.0,-39.0,0.0,,
1970-11-19,167.0,22.0,8.0,,
1970-11-20,161.0,83.0,198.0,,
1970-11-21,178.0,-44.0,3.0,,
1970-11-22,183.0,-50.0,0.0,,
1970-11-23,144.0,-56.0,0.0,,
1970-11-24,-33.0,-133.0,0.0,,
1970-11-25,83.0,-144.0,0.0,,
1970-11-26,150.0,-89.0,0.0,,
1970-11-27,172.0,-22.0,0.0,,
1970-11-28,200.0,-6.0,0.0,,
1970-11-29,222.0,67.0,0.0,,
1970-11-30,222.0,44.0,0.0,,
1970-12-01,211.0,33.0,0.0,,
1970-12-02,217.0,56.0,0.0,,
1970-12-03,217.0,39.0,0.0,,
1970-12-04,189.0,94.0,0.0,,
1970-12-05,167.0,-72.0,0.0,,
1970-12-06,156.0,-22.0,18.0,,
1970-12-07,72.0,-111.0,0.0,,
1970-12-08,139.0,-94.0,0.0,,
1970-12-09,178.0,-44.0,0.0,,
1970-12-10,194.0,56.0,0.0,,
1970-12-11,194.0,22.0,0.0,,
1970-12-12,156.0,72.0,178.0,,
1970-12-13,89.0,-11.0,3.0,,
1970-12-14,89.0,-67.0,0.0,,
1970-12-15,111.0,-78.0,0.0,,
1970-12-16,100.0,-33.0,102.0,,
1970-12-17,117.0,22.0,13.0,,
1970-12-18,139.0,-50.0,0.0,,
1970-12-19,150.0,-33.0,0.0,,
1970-12-20,139.0,72.0,13.0,,
1970-12-21,189.0,100.0,38.0,,
1970-12-22,183.0,78.0,0.0,,
1970-12-23,200.0,122.0,206.0,,
1970-12-24,183.0,-39.0,99.0,,
1970-12-25,61.0,-78.0,0.0,,
1970-12-26,28.0,-117.0,5.0,,
1970-12-27,50.0,-139.0,0.0,,
1970-12-28,89.0,-100.0,0.0,,
1970-12-29,56.0,-44.0,10.0,,
1970-12-30,83.0,-28.0,23.0,,
1970-12-31,56.0,-11.0,38.0,,
1971-01-01,50.0,-67.0,56.0,,
1971-01-02,122.0,-94.0,0.0,,
1971-01-03,117.0,-56.0,0.0,,
1971-01-04,156.0,72.0,5.0,,
1971-01-05,139.0,-11.0,203.0,,
1971-01-06,44.0,-50.0,0.0,,
1971-01-07,22.0,-67.0,0.0,,
1971-01-08,17.0,-33.0,18.0,,
1971-01-09,100.0,-11.0,25.0,,
1971-01-10,100.0,-56.0,0.0,,
1971-01-11,167.0,33.0,25.0,,
1971-01-12,183.0,28.0,0.0,,
1971-01-13,183.0,0.0,0.0,,
1971-01-14,156.0,83.0,0.0,,
1971-01-15,144.0,67.0,325.0,,
1971-01-16,72.0,-89.0,0.0,,
1971-01-17,50.0,-39.0,0.0,,
1971-01-18,39.0,-17.0,0.0,,
1971-01-19,0.0,-100.0,0.0,,
1971-01-20,22.0,-161.0,0.0,,
1971-01-21,117.0,-122.0,0.0,,
1971-01-22,89.0,17.0,122.0,,
1971-01-23,144.0,44.0,389.0,,
1971-01-24,128.0,-11.0,147.0,,
1971-01-25,122.0,56.0,102.0,,
1971-01-26,111.0,22.0,10.0,,
1971-01-27,33.0,-111.0,0.0,,
1971-01-28,33.0,-117.0,0.0,,
1971-01-29,94.0,-100.0,0.0,,
1971-01-30,156.0,83.0,48.0,,
1971-01-31,122.0,-56.0,76.0,,
1971-02-01,-28.0,-133.0,0.0,,
1971-02-02,11.0,-100.0,0.0,,
1971-02-03,28.0,-22.0,0.0,,
1971-02-04,100.0,-11.0,229.0,,
1971-02-05,144.0,56.0,279.0,,
1971-02-06,161.0,-67.0,0.0,,
1971-02-07,139.0,-22.0,56.0,,
1971-02-08,89.0,-67.0,175.0,,
1971-02-09,-33.0,-150.0,36.0,,
1971-02-10,22.0,-172.0,0.0,,
1971-02-11,128.0,-117.0,0.0,,
1971-02-12,139.0,-44.0,0.0,,
1971-02-13,111.0,-67.0,112.0,,
1971-02-14,22.0,-172.0,15.0,,
1971-02-15,111.0,-94.0,0.0,,
1971-02-16,172.0,-67.0,0.0,,
1971-02-17,156.0,-11.0,0.0,,
1971-02-18,222.0,0.0,0.0,,
1971-02-19,211.0,17.0,0.0,,
1971-02-20,211.0,61.0,64.0,,
1971-02-21,172.0,-6.0,0.0,,
1971-02-22,211.0,111.0,432.0,,
1971-02-23,172.0,-6.0,56.0,,
1971-02-24,128.0,-61.0,0.0,,
1971-02-25,200.0,-33.0,0.0,,
1971-02-26,194.0,28.0,127.0,,
1971-02-27,167.0,72.0,188.0,,
1971-02-28,183.0,-28.0,0.0,,
1971-03-01,211.0,89.0,0.0,,
1971-03-02,211.0,100.0,130.0,,
1971-03-03,167.0,-22.0,117.0,,
1971-03-04,28.0,-78.0,46.0,,
1971-03-05,156.0,-100.0,0.0,,
1971-03-06,133.0,-50.0,0.0,,
1971-03-07,111.0,-28.0,140.0,,
1971-03-08,44.0,-50.0,0.0,,
1971-03-09,128.0,-67.0,0.0,,
1971-03-10,122.0,-11.0,30.0,,
1971-03-11,167.0,-50.0,107.0,,
1971-03-12,178.0,17.0,0.0,,
1971-03-13,189.0,33.0,66.0,,
1971-03-14,261.0,100.0,165.0,,
1971-03-15,228.0,106.0,0.0,,
1971-03-16,172.0,-28.0,74.0,,
1971-03-17,161.0,-33.0,0.0,,
1971-03-18,178.0,-67.0,0.0,,
1971-03-19,156.0,33.0,81.0,,
1971-03-20,50.0,-17.0,0.0,,
1971-03-21,156.0,-67.0,0.0,,
1971-03-22,128.0,17.0,0.0,,
1971-03-23,89.0,-6.0,8.0,,
1971-03-24,89.0,-67.0,0.0,,
1971-03-25,67.0,-22.0,0.0,,
1971-03-26,56.0,-6.0,300.0,,
1971-03-27,161.0,-33.0,0.0,,
1971-03-28,167.0,-6.0,0.0,,
1971-03-29,150.0,83.0,216.0,,
1971-03-30,150.0,-28.0,0.0,,
1971-03-31,211.0,-56.0,0.0,,
1971-04-01,217.0,-17.0,0.0,,
1971-04-02,211.0,28.0,117.0,,
1971-04-03,106.0,-39.0,0.0,,
1971-04-04,183.0,-28.0,0.0,,
1971-04-05,228.0,-17.0,0.0,,
1971-04-06,211.0,0.0,178.0,,
1971-04-07,89.0,-11.0,28.0,,
1971-04-08,128.0,-44.0,0.0,,
1971-04-09,206.0,-28.0,0.0,,
1971-04-10,233.0,17.0,0.0,,
1971-04-11,239.0,-11.0,0.0,,
1971-04-12,267.0,0.0,0.0,,
1971-04-13,267.0,33.0,0.0,,
1971-04-14,272.0,28.0,0.0,,
1971-04-15,183.0,-28.0,0.0,,
1971-04-16,233.0,-6.0,0.0,,
1971-04-17,239.0,0.0,0.0,,
1971-04-18,267.0,39.0,0.0,,
1971-04-19,278.0,67.0,0.0,,
1971-04-20,289.0,83.0,0.0,,
1971-04-21,289.0,83.0,43.0,,
1971-04-22,233.0,72.0,140.0,,
1971-04-23,206.0,28.0,152.0,,
1971-04-24,167.0,39.0,69.0,,
1971-04-25,194.0,17.0,0.0,,
1971-04-26,228.0,28.0,0.0,,
1971-04-27,256.0,78.0,0.0,,
1971-04-28,256.0,111.0,36.0,,
1971-04-29,256.0,50.0,0.0,,
1971-04-30,206.0,67.0,0.0,,
1971-05-01,194.0,22.0,0.0,,
1971-05-02,217.0,17.0,0.0,,
1971-05-03,189.0,22.0,0.0,,
1971-05-04,133.0,-39.0,0.0,,
1971-05-05,194.0,-11.0,0.0,,
1971-05-06,239.0,61.0,0.0,,
1971-05-07,239.0,111.0,58.0,,
1971-05-08,250.0,117.0,196.0,,
1971-05-09,250.0,67.0,0.0,,
1971-05-10,233.0,50.0,0.0,,
1971-05-11,250.0,72.0,0.0,,
1971-05-12,233.0,111.0,13.0,,
1971-05-13,256.0,139.0,165.0,,
1971-05-14,183.0,44.0,13.0,,
1971-05-15,250.0,56.0,36.0,,
1971-05-16,150.0,122.0,76.0,,
1971-05-17,239.0,61.0,0.0,,
1971-05-18,289.0,67.0,0.0,,
1971-05-19,300.0,106.0,0.0,,
1971-05-20,278.0,94.0,0.0,,
1971-05-21,250.0,67.0,0.0,,
1971-05-22,250.0,28.0,0.0,,
1971-05-23,256.0,50.0,0.0,,
1971-05-24,283.0,133.0,0.0,,
1971-05-25,272.0,144.0,46.0,,
1971-05-26,250.0,67.0,3.0,,
1971-05-27,267.0,56.0,0.0,,
1971-05-28,283.0,83.0,3.0,,
1971-05-29,244.0,78.0,0.0,,
1971-05-30,194.0,50.0,8.0,,
1971-05-31,233.0,61.0,0.0,,
1971-06-01,278.0,44.0,0.0,,
1971-06-02,306.0,122.0,104.0,,
1971-06-03,289.0,122.0,0.0,,
1971-06-04,300.0,150.0,5.0,,
1971-06-05,311.0,139.0,0.0,,
1971-06-06,322.0,139.0,0.0,,
1971-06-07,317.0,167.0,0.0,,
1971-06-08,311.0,161.0,173.0,,
1971-06-09,261.0,150.0,5.0,,
1971-06-10,272.0,144.0,0.0,,
1971-06-11,294.0,150.0,434.0,,
1971-06-12,267.0,150.0,0.0,,
1971-06-13,278.0,144.0,196.0,,
1971-06-14,261.0,161.0,13.0,,
1971-06-15,300.0,172.0,18.0,,
1971-06-16,300.0,167.0,107.0,,
1971-06-17,278.0,167.0,30.0,,
1971-06-18,244.0,156.0,30.0,,
1971-06-19,267.0,156.0,0.0,,
1971-06-20,272.0,167.0,0.0,,
1971-06-21,261.0,144.0,25.0,,
1971-06-22,306.0,161.0,0.0,,
1971-06-23,267.0,128.0,0.0,,
1971-06-24,278.0,133.0,0.0,,
1971-06-25,294.0,133.0,0.0,,
1971-06-26,322.0,150.0,0.0,,
1971-06-27,317.0,172.0,0.0,,
1971-06-28,306.0,156.0,43.0,,
1971-06-29,306.0,167.0,8.0,,
1971-06-30,267.0,167.0,56.0,,
1971-07-01,256.0,178.0,38.0,,
1971-07-02,300.0,178.0,0.0,,
1971-07-03,250.0,133.0,0.0,,
1971-07-04,278.0,139.0,0.0,,
1971-07-05,267.0,144.0,0.0,,
1971-07-06,244.0,161.0,127.0,,
1971-07-07,222.0,172.0,127.0,,
1971-07-08,278.0,167.0,0.0,,
1971-07-09,289.0,178.0,0.0,,
1971-07-10,322.0,178.0,0.0,,
1971-07-11,300.0,172.0,0.0,,
1971-07-12,300.0,167.0,0.0,,
1971-07-13,289.0,167.0,0.0,,
1971-07-14,294.0,172.0,0.0,,
1971-07-15,278.0,156.0,0.0,,
1971-07-16,267.0,167.0,89.0,,
1971-07-17,267.0,156.0,0.0,,
1971-07-18,306.0,144.0,0.0,,
1971-07-19,317.0,156.0,61.0,,
1971-07-20,250.0,167.0,206.0,,
1971-07-21,256.0,133.0,5.0,,
1971-07-22,272.0,150.0,0.0,,
1971-07-23,278.0,133.0,0.0,,
1971-07-24,272.0,156.0,56.0,,
1971-07-25,256.0,183.0,25.0,,
1971-07-26,211.0,178.0,361.0,,
1971-07-27,217.0,161.0,343.0,,
1971-07-28,278.0,150.0,8.0,,
1971-07-29,278.0,156.0,91.0,,
1971-07-30,233.0,167.0,102.0,,
1971-07-31,250.0,161.0,356.0,,
1971-08-01,233.0,167.0,89.0,,
1971-08-02,244.0,167.0,615.0,,
1971-08-03,244.0,161.0,53.0,,
1971-08-04,256.0,167.0,97.0,,
1971-08-05,306.0,172.0,15.0,,
1971-08-06,300.0,161.0,0.0,,
1971-08-07,300.0,172.0,371.0,,
1971-08-08,294.0,167.0,18.0,,
1971-08-09,306.0,156.0,0.0,,
1971-08-10,311.0,156.0,0.0,,
1971-08-11,300.0,183.0,38.0,,
1971-08-12,306.0,167.0,25.0,,
1971-08-13,272.0,156.0,0.0,,
1971-08-14,272.0,156.0,0.0,,
1971-08-15,272.0,139.0,0.0,,
1971-08-16,300.0,144.0,0.0,,
1971-08-17,294.0,156.0,0.0,,
1971-08-18,283.0,144.0,208.0,,
1971-08-19,272.0,150.0,0.0,,
1971-08-20,306.0,144.0,0.0,,
1971-08-21,317.0,150.0,0.0,,
1971-08-22,311.0,167.0,0.0,,
1971-08-23,267.0,183.0,56.0,,
1971-08-24,289.0,139.0,0.0,,
1971-08-25,306.0,128.0,0.0,,
1971-08-26,306.0,133.0,0.0,,
1971-08-27,306.0,133.0,0.0,,
1971-08-28,289.0,111.0,0.0,,
1971-08-29,283.0,106.0,0.0,,
1971-08-30,300.0,128.0,0.0,,
1971-08-31,300.0,133.0,0.0,,
1971-09-01,289.0,167.0,5.0,,
1971-09-02,261.0,167.0,8.0,,
1971-09-03,267.0,133.0,0.0,,
1971-09-04,294.0,128.0,0.0,,
1971-09-05,283.0,133.0,0.0,,
1971-09-06,306.0,161.0,0.0,,
1971-09-07,278.0,156.0,170.0,,
1971-09-08,289.0,128.0,56.0,,
1971-09-09,300.0,128.0,0.0,,
1971-09-10,289.0,133.0,0.0,,
1971-09-11,289.0,139.0,0.0,,
1971-09-12,267.0,150.0,18.0,,
1971-09-13,239.0,106.0,25.0,,
1971-09-14,239.0,83.0,0.0,,
1971-09-15,272.0,89.0,0.0,,
1971-09-16,311.0,122.0,0.0,,
1971-09-17,206.0,139.0,76.0,,
1971-09-18,183.0,139.0,254.0,,
1971-09-19,217.0,156.0,15.0,,
1971-09-20,272.0,122.0,0.0,,
1971-09-21,250.0,128.0,46.0,,
1971-09-22,267.0,133.0,0.0,,
1971-09-23,267.0,133.0,0.0,,
1971-09-24,261.0,156.0,0.0,,
1971-09-25,267.0,144.0,0.0,,
1971-09-26,217.0,144.0,0.0,,
1971-09-27,211.0,144.0,0.0,,
1971-09-28,294.0,128.0,0.0,,
1971-09-29,294.0,128.0,0.0,,
1971-09-30,278.0,100.0,0.0,,
1971-10-01,306.0,106.0,0.0,,
1971-10-02,289.0,128.0,0.0,,
1971-10-03,283.0,89.0,0.0,,
1971-10-04,283.0,128.0,0.0,,
1971-10-05,294.0,106.0,0.0,,
1971-10-06,239.0,94.0,64.0,,
1971-10-07,239.0,50.0,0.0,,
1971-10-08,200.0,6.0,0.0,,
1971-10-09,228.0,11.0,33.0,,
1971-10-10,194.0,78.0,3.0,,
1971-10-11,144.0,-6.0,0.0,,
1971-10-12,217.0,11.0,0.0,,
1971-10-13,256.0,33.0,0.0,,
1971-10-14,250.0,56.0,0.0,,
1971-10-15,272.0,61.0,0.0,,
1971-10-16,217.0,106.0,91.0,,
1971-10-17,250.0,78.0,0.0,,
1971-10-18,272.0,89.0,0.0,,
1971-10-19,239.0,89.0,0.0,,
1971-10-20,256.0,94.0,0.0,,
1971-10-21,250.0,128.0,0.0,,
1971-10-22,233.0,128.0,0.0,,
1971-10-23,228.0,128.0,15.0,,
1971-10-24,228.0,156.0,0.0,,
1971-10-25,233.0,117.0,152.0,,
1971-10-26,194.0,56.0,0.0,,
1971-10-27,239.0,56.0,0.0,,
1971-10-28,256.0,61.0,0.0,,
1971-10-29,256.0,78.0,0.0,,
1971-10-30,278.0,89.0,0.0,,
1971-10-31,278.0,156.0,0.0,,
1971-11-01,256.0,111.0,13.0,,
1971-11-02,256.0,161.0,41.0,,
1971-11-03,239.0,128.0,328.0,,
1971-11-04,156.0,17.0,0.0,,
1971-11-05,172.0,-50.0,0.0,,
1971-11-06,194.0,-11.0,0.0,,
1971-11-07,178.0,0.0,23.0,,
1971-11-08,117.0,-89.0,0.0,,
1971-11-09,117.0,-50.0,0.0,,
1971-11-10,133.0,-11.0,0.0,,
1971-11-11,172.0,-67.0,0.0,,
1971-11-12,194.0,-39.0,0.0,,
1971-11-13,211.0,-28.0,0.0,,
1971-11-14,228.0,-6.0,0.0,,
1971-11-15,217.0,0.0,0.0,,
1971-11-16,244.0,0.0,0.0,,
1971-11-17,244.0,22.0,0.0,,
1971-11-18,233.0,28.0,0.0,,
1971-11-19,194.0,61.0,0.0,,
1971-11-20,156.0,-6.0,18.0,,
1971-11-21,122.0,-28.0,0.0,,
1971-11-22,72.0,-78.0,0.0,,
1971-11-23,72.0,-67.0,0.0,,
1971-11-24,56.0,-6.0,132.0,,
1971-11-25,83.0,-39.0,15.0,,
1971-11-26,89.0,-56.0,0.0,,
1971-11-27,83.0,22.0,84.0,,
1971-11-28,156.0,-28.0,0.0,,
1971-11-29,144.0,56.0,53.0,,
1971-11-30,128.0,17.0,0.0,,
1971-12-01,100.0,-44.0,0.0,,
1971-12-02,100.0,-61.0,0.0,,
1971-12-03,89.0,-11.0,368.0,,
1971-12-04,128.0,17.0,99.0,,
1971-12-05,106.0,56.0,0.0,,
1971-12-06,144.0,72.0,36.0,,
1971-12-07,183.0,122.0,239.0,,
1971-12-08,167.0,83.0,0.0,,
1971-12-09,139.0,44.0,0.0,,
1971-12-10,194.0,111.0,10.0,,
1971-12-11,200.0,44.0,58.0,,
1971-12-12,194.0,83.0,0.0,,
1971-12-13,178.0,61.0,64.0,,
1971-12-14,178.0,33.0,0.0,,
1971-12-15,211.0,139.0,13.0,,
1971-12-16,211.0,156.0,5.0,,
1971-12-17,156.0,61.0,145.0,,
1971-12-18,72.0,-44.0,18.0,,
1971-12-19,144.0,-67.0,0.0,,
1971-12-20,156.0,56.0,267.0,,
1971-12-21,189.0,83.0,23.0,,
1971-12-22,156.0,11.0,0.0,,
1971-12-23,111.0,-22.0,0.0,,
1971-12-24,167.0,22.0,0.0,,
1971-12-25,178.0,22.0,0.0,,
1971-12-26,211.0,17.0,0.0,,
1971-12-27,217.0,22.0,0.0,,
1971-12-28,178.0,67.0,0.0,,
1971-12-29,200.0,61.0,8.0,,
1971-12-30,189.0,128.0,0.0,,
1971-12-31,161.0,6.0,69.0,,
1972-01-01,111.0,-28.0,0.0,,
1972-01-02,94.0,50.0,292.0,,
1972-01-03,128.0,-28.0,8.0,,
1972-01-04,128.0,50.0,254.0,,
1972-01-05,128.0,-11.0,221.0,,
1972-01-06,44.0,-72.0,0.0,,
1972-01-07,100.0,-89.0,0.0,,
1972-01-08,144.0,-78.0,0.0,,
1972-01-09,128.0,44.0,0.0,,
1972-01-10,161.0,83.0,439.0,,
1972-01-11,172.0,89.0,328.0,,
1972-01-12,183.0,0.0,0.0,,
1972-01-13,211.0,67.0,13.0,,
1972-01-14,156.0,11.0,160.0,,
1972-01-15,28.0,-50.0,0.0,,
1972-01-16,-39.0,-178.0,0.0,,
1972-01-17,61.0,-122.0,0.0,,
1972-01-18,117.0,-100.0,0.0,,
1972-01-19,139.0,17.0,56.0,,
1972-01-20,156.0,22.0,46.0,,
1972-01-21,178.0,89.0,102.0,,
1972-01-22,178.0,100.0,0.0,,
1972-01-23,172.0,67.0,38.0,,
1972-01-24,211.0,67.0,0.0,,
1972-01-25,189.0,44.0,8.0,,
1972-01-26,172.0,-72.0,0.0,,
1972-01-27,161.0,-33.0,0.0,,
1972-01-28,167.0,61.0,38.0,,
1972-01-29,100.0,39.0,0.0,,
1972-01-30,100.0,17.0,76.0,,
1972-01-31,78.0,-72.0,0.0,,
1972-02-01,78.0,-61.0,0.0,,
1972-02-02,100.0,11.0,61.0,,
1972-02-03,78.0,0.0,185.0,,
1972-02-04,17.0,-83.0,8.0,,
1972-02-05,72.0,-117.0,0.0,,
1972-02-06,78.0,-44.0,20.0,,
1972-02-07,56.0,0.0,157.0,,
1972-02-08,83.0,-33.0,0.0,,
1972-02-09,111.0,-78.0,0.0,,
1972-02-10,128.0,-72.0,0.0,,
1972-02-11,156.0,-33.0,0.0,,
1972-02-12,156.0,-28.0,104.0,,
1972-02-13,78.0,22.0,218.0,,
1972-02-14,150.0,-33.0,13.0,,
1972-02-15,156.0,-22.0,3.0,,
1972-02-16,128.0,-50.0,3.0,,
1972-02-17,111.0,33.0,102.0,,
1972-02-18,100.0,0.0,43.0,,
1972-02-19,39.0,-78.0,13.0,,
1972-02-20,61.0,-50.0,8.0,,
1972-02-21,39.0,-72.0,13.0,,
1972-02-22,139.0,17.0,15.0,,
1972-02-23,122.0,-39.0,20.0,,
1972-02-24,178.0,28.0,0.0,,
1972-02-25,183.0,89.0,51.0,,
1972-02-26,172.0,56.0,64.0,,
1972-02-27,156.0,-28.0,0.0,,
1972-02-28,211.0,-39.0,0.0,,
1972-02-29,244.0,-6.0,0.0,,
1972-03-01,244.0,17.0,38.0,,
1972-03-02,194.0,89.0,155.0,,
1972-03-03,122.0,6.0,0.0,,
1972-03-04,156.0,-33.0,33.0,,
1972-03-05,122.0,0.0,48.0,,
1972-03-06,122.0,-67.0,0.0,,
1972-03-07,178.0,-39.0,0.0,,
1972-03-08,156.0,33.0,221.0,,
1972-03-09,106.0,-67.0,0.0,,
1972-03-10,156.0,-61.0,0.0,,
1972-03-11,211.0,-28.0,0.0,,
1972-03-12,244.0,-17.0,0.0,,
1972-03-13,233.0,0.0,0.0,,
1972-03-14,211.0,67.0,64.0,,
1972-03-15,217.0,-22.0,3.0,,
1972-03-16,222.0,78.0,127.0,,
1972-03-17,144.0,39.0,18.0,,
1972-03-18,83.0,-28.0,20.0,,
1972-03-19,189.0,33.0,25.0,,
1972-03-20,239.0,-17.0,0.0,,
1972-03-21,206.0,50.0,0.0,,
1972-03-22,183.0,72.0,201.0,,
1972-03-23,172.0,17.0,0.0,,
1972-03-24,111.0,-50.0,0.0,,
1972-03-25,94.0,-6.0,157.0,,
1972-03-26,144.0,-39.0,5.0,,
1972-03-27,122.0,44.0,254.0,,
1972-03-28,239.0,78.0,127.0,,
1972-03-29,222.0,89.0,117.0,,
1972-03-30,211.0,17.0,10.0,,
1972-03-31,111.0,39.0,69.0,,
1972-04-01,94.0,28.0,8.0,,
1972-04-02,133.0,-39.0,0.0,,
1972-04-03,83.0,-33.0,30.0,,
1972-04-04,211.0,-6.0,94.0,,
1972-04-05,122.0,-28.0,15.0,,
1972-04-06,211.0,0.0,0.0,,
1972-04-07,244.0,17.0,0.0,,
1972-04-08,211.0,28.0,150.0,,
1972-04-09,89.0,-44.0,18.0,,
1972-04-10,161.0,-22.0,10.0,,
1972-04-11,222.0,33.0,71.0,,
1972-04-12,156.0,89.0,287.0,,
1972-04-13,261.0,144.0,0.0,,
1972-04-14,267.0,133.0,0.0,,
1972-04-15,289.0,106.0,0.0,,
1972-04-16,294.0,117.0,10.0,,
1972-04-17,267.0,94.0,10.0,,
1972-04-18,244.0,39.0,0.0,,
1972-04-19,267.0,72.0,0.0,,
1972-04-20,261.0,94.0,0.0,,
1972-04-21,289.0,106.0,20.0,,
1972-04-22,250.0,100.0,455.0,,
1972-04-23,183.0,28.0,13.0,,
1972-04-24,272.0,44.0,0.0,,
1972-04-25,211.0,0.0,0.0,,
1972-04-26,161.0,-22.0,0.0,,
1972-04-27,189.0,-17.0,0.0,,
1972-04-28,239.0,17.0,0.0,,
1972-04-29,233.0,83.0,0.0,,
1972-04-30,239.0,72.0,0.0,,
1972-05-01,222.0,72.0,0.0,,
1972-05-02,256.0,94.0,0.0,,
1972-05-03,256.0,122.0,211.0,,
1972-05-04,200.0,78.0,142.0,,
1972-05-05,194.0,39.0,8.0,,
1972-05-06,239.0,33.0,0.0,,
1972-05-07,250.0,72.0,0.0,,
1972-05-08,239.0,78.0,76.0,,
1972-05-09,211.0,122.0,56.0,,
1972-05-10,189.0,56.0,0.0,,
1972-05-11,217.0,44.0,0.0,,
1972-05-12,222.0,44.0,0.0,,
1972-05-13,239.0,50.0,64.0,,
1972-05-14,167.0,122.0,401.0,,
1972-05-15,256.0,122.0,84.0,,
1972-05-16,239.0,67.0,10.0,,
1972-05-17,239.0,67.0,0.0,,
1972-05-18,256.0,72.0,0.0,,
1972-05-19,261.0,78.0,0.0,,
1972-05-20,200.0,100.0,38.0,,
1972-05-21,233.0,100.0,8.0,,
1972-05-22,244.0,117.0,10.0,,
1972-05-23,272.0,94.0,0.0,,
1972-05-24,244.0,106.0,15.0,,
1972-05-25,267.0,83.0,13.0,,
1972-05-26,294.0,106.0,137.0,,
1972-05-27,278.0,78.0,0.0,,
1972-05-28,267.0,106.0,0.0,,
1972-05-29,256.0,117.0,0.0,,
1972-05-30,244.0,128.0,0.0,,
1972-05-31,256.0,128.0,71.0,,
1972-06-01,200.0,17.0,0.0,0.0,0.0
1972-06-02,250.0,28.0,0.0,0.0,0.0
1972-06-03,267.0,50.0,0.0,0.0,0.0
1972-06-04,289.0,72.0,0.0,0.0,0.0
1972-06-05,294.0,117.0,0.0,0.0,0.0
1972-06-06,317.0,128.0,0.0,0.0,0.0
1972-06-07,311.0,144.0,191.0,0.0,0.0
1972-06-08,283.0,111.0,0.0,0.0,0.0
1972-06-09,289.0,122.0,0.0,0.0,0.0
1972-06-10,267.0,139.0,10.0,0.0,0.0
1972-06-11,272.0,50.0,0.0,0.0,0.0
1972-06-12,267.0,56.0,0.0,0.0,0.0
1972-06-13,267.0,106.0,0.0,0.0,0.0
1972-06-14,289.0,122.0,0.0,0.0,0.0
1972-06-15,300.0,133.0,0.0,0.0,0.0
1972-06-16,306.0,156.0,0.0,0.0,0.0
1972-06-17,283.0,156.0,18.0,0.0,0.0
1972-06-18,289.0,144.0,15.0,0.0,0.0
1972-06-19,244.0,156.0,0.0,0.0,0.0
1972-06-20,250.0,161.0,135.0,0.0,0.0
1972-06-21,239.0,178.0,76.0,0.0,0.0
1972-06-22,189.0,122.0,5.0,0.0,0.0
1972-06-23,217.0,94.0,0.0,0.0,0.0
1972-06-24,239.0,33.0,0.0,0.0,0.0
1972-06-25,267.0,50.0,0.0,0.0,0.0
1972-06-26,294.0,78.0,8.0,0.0,0.0
1972-06-27,294.0,133.0,46.0,0.0,0.0
1972-06-28,239.0,178.0,361.0,0.0,0.0
1972-06-29,256.0,161.0,51.0,0.0,0.0
1972-06-30,283.0,133.0,46.0,0.0,0.0
1972-07-01,283.0,117.0,0.0,0.0,0.0
1972-07-02,300.0,144.0,0.0,0.0,0.0
1972-07-03,283.0,167.0,107.0,0.0,0.0
1972-07-04,283.0,161.0,53.0,0.0,0.0
1972-07-05,267.0,161.0,607.0,0.0,0.0
1972-07-06,239.0,89.0,5.0,0.0,0.0
1972-07-07,256.0,78.0,0.0,0.0,0.0
1972-07-08,256.0,94.0,0.0,0.0,0.0
1972-07-09,278.0,111.0,0.0,0.0,0.0
1972-07-10,278.0,122.0,0.0,0.0,0.0
1972-07-11,294.0,128.0,25.0,0.0,0.0
1972-07-12,306.0,128.0,0.0,0.0,0.0
1972-07-13,306.0,133.0,0.0,0.0,0.0
1972-07-14,311.0,144.0,76.0,0.0,0.0
1972-07-15,294.0,167.0,3.0,0.0,0.0
1972-07-16,300.0,167.0,0.0,0.0,0.0
1972-07-17,278.0,183.0,249.0,0.0,0.0
1972-07-18,289.0,156.0,20.0,0.0,0.0
1972-07-19,306.0,167.0,3.0,0.0,0.0
1972-07-20,322.0,161.0,15.0,0.0,0.0
1972-07-21,322.0,139.0,0.0,0.0,0.0
1972-07-22,322.0,183.0,178.0,0.0,0.0
1972-07-23,333.0,178.0,13.0,0.0,0.0
1972-07-24,328.0,167.0,5.0,0.0,0.0
1972-07-25,333.0,150.0,15.0,0.0,0.0
1972-07-26,311.0,167.0,0.0,0.0,0.0
1972-07-27,311.0,183.0,51.0,0.0,0.0
1972-07-28,283.0,178.0,340.0,0.0,0.0
1972-07-29,272.0,178.0,114.0,0.0,0.0
1972-07-30,283.0,178.0,84.0,0.0,0.0
1972-07-31,267.0,167.0,8.0,0.0,0.0
1972-08-01,306.0,156.0,89.0,,
1972-08-02,278.0,172.0,91.0,,
1972-08-03,294.0,161.0,8.0,,
1972-08-04,311.0,167.0,0.0,,
1972-08-05,311.0,156.0,0.0,,
1972-08-06,294.0,167.0,0.0,,
1972-08-07,272.0,167.0,18.0,,
1972-08-08,317.0,167.0,97.0,,
1972-08-09,278.0,150.0,8.0,,
1972-08-10,300.0,150.0,79.0,,
1972-08-11,294.0,156.0,0.0,,
1972-08-12,283.0,156.0,0.0,,
1972-08-13,294.0,150.0,0.0,,
1972-08-14,294.0,144.0,43.0,,
1972-08-15,300.0,144.0,0.0,,
1972-08-16,311.0,144.0,0.0,,
1972-08-17,311.0,167.0,178.0,,
1972-08-18,300.0,156.0,5.0,,
1972-08-19,306.0,156.0,0.0,,
1972-08-20,317.0,156.0,94.0,,
1972-08-21,311.0,156.0,0.0,,
1972-08-22,300.0,167.0,51.0,,
1972-08-23,300.0,128.0,5.0,,
1972-08-24,294.0,150.0,5.0,,
1972-08-25,300.0,156.0,150.0,,
1972-08-26,306.0,167.0,0.0,,
1972-08-27,311.0,178.0,5.0,,
1972-08-28,294.0,128.0,0.0,,
1972-08-29,289.0,111.0,0.0,,
1972-08-30,294.0,100.0,0.0,,
1972-08-31,300.0,139.0,0.0,,
1972-09-01,289.0,128.0,0.0,,
1972-09-02,278.0,122.0,8.0,,
1972-09-03,289.0,106.0,0.0,,
1972-09-04,294.0,128.0,0.0,,
1972-09-05,283.0,144.0,231.0,,
1972-09-06,256.0,117.0,3.0,,
1972-09-07,256.0,100.0,0.0,,
1972-09-08,278.0,106.0,0.0,,
1972-09-09,289.0,106.0,0.0,,
1972-09-10,306.0,117.0,0.0,,
1972-09-11,272.0,100.0,0.0,,
1972-09-12,289.0,94.0,0.0,,
1972-09-13,294.0,89.0,0.0,,
1972-09-14,300.0,100.0,0.0,,
1972-09-15,306.0,117.0,20.0,,
1972-09-16,294.0,128.0,0.0,,
1972-09-17,311.0,156.0,132.0,,
1972-09-18,239.0,161.0,122.0,,
1972-09-19,283.0,139.0,8.0,,
1972-09-20,311.0,122.0,0.0,,
1972-09-21,294.0,122.0,0.0,,
1972-09-22,261.0,122.0,0.0,,
1972-09-23,289.0,122.0,0.0,,
1972-09-24,256.0,139.0,0.0,,
1972-09-25,267.0,100.0,5.0,,
1972-09-26,283.0,122.0,25.0,,
1972-09-27,272.0,161.0,89.0,,
1972-09-28,261.0,139.0,127.0,,
1972-09-29,283.0,139.0,5.0,,
1972-09-30,256.0,78.0,577.0,,
1972-10-01,150.0,-6.0,13.0,,
1972-10-02,194.0,22.0,0.0,,
1972-10-03,233.0,22.0,0.0,,
1972-10-04,250.0,33.0,0.0,,
1972-10-05,222.0,89.0,498.0,,
1972-10-06,233.0,61.0,5.0,,
1972-10-07,228.0,56.0,0.0,,
1972-10-08,211.0,11.0,0.0,,
1972-10-09,222.0,6.0,0.0,,
1972-10-10,250.0,11.0,0.0,,
1972-10-11,222.0,17.0,0.0,,
1972-10-12,239.0,28.0,0.0,,
1972-10-13,256.0,56.0,46.0,,
1972-10-14,239.0,94.0,89.0,,
1972-10-15,250.0,83.0,8.0,,
1972-10-16,244.0,61.0,10.0,,
1972-10-17,167.0,89.0,36.0,,
1972-10-18,239.0,56.0,51.0,,
1972-10-19,144.0,78.0,269.0,,
1972-10-20,117.0,,5.0,,
1972-10-21,167.0,-44.0,0.0,,
1972-10-22,189.0,-33.0,0.0,,
1972-10-23,211.0,44.0,66.0,,
1972-10-24,172.0,117.0,117.0,,
1972-10-25,189.0,17.0,8.0,,
1972-10-26,144.0,17.0,0.0,,
1972-10-27,189.0,17.0,25.0,,
1972-10-28,150.0,78.0,132.0,,
1972-10-29,172.0,83.0,13.0,,
1972-10-30,178.0,33.0,0.0,,
1972-10-31,222.0,39.0,41.0,,
1972-11-01,211.0,78.0,3.0,,
1972-11-02,239.0,94.0,0.0,,
1972-11-03,244.0,133.0,168.0,,
1972-11-04,233.0,61.0,18.0,,
1972-11-05,189.0,-17.0,0.0,,
1972-11-06,206.0,-17.0,0.0,,
1972-11-07,144.0,106.0,36.0,,
1972-11-08,156.0,39.0,264.0,,
1972-11-09,122.0,-22.0,13.0,,
1972-11-10,189.0,-6.0,0.0,,
1972-11-11,200.0,17.0,0.0,,
1972-11-12,172.0,0.0,0.0,,
1972-11-13,211.0,22.0,0.0,,
1972-11-14,183.0,100.0,180.0,,
1972-11-15,161.0,-11.0,5.0,,
1972-11-16,100.0,-22.0,0.0,,
1972-11-17,100.0,-6.0,5.0,,
1972-11-18,83.0,-39.0,0.0,,
1972-11-19,106.0,0.0,99.0,,
1972-11-20,100.0,33.0,122.0,,
1972-11-21,67.0,-11.0,0.0,,
1972-11-22,72.0,11.0,38.0,,
1972-11-23,56.0,-44.0,8.0,,
1972-11-24,39.0,-78.0,0.0,,
1972-11-25,106.0,-78.0,56.0,,
1972-11-26,89.0,17.0,127.0,,
1972-11-27,122.0,-50.0,0.0,,
1972-11-28,100.0,-28.0,25.0,,
1972-11-29,117.0,-28.0,0.0,,
1972-11-30,78.0,-28.0,117.0,,
1972-12-01,56.0,0.0,8.0,,
1972-12-02,83.0,-56.0,0.0,,
1972-12-03,144.0,-44.0,0.0,,
1972-12-04,150.0,-6.0,0.0,,
1972-12-05,111.0,33.0,33.0,,
1972-12-06,167.0,106.0,152.0,,
1972-12-07,156.0,6.0,81.0,,
1972-12-08,122.0,17.0,0.0,,
1972-12-09,133.0,106.0,36.0,,
1972-12-10,178.0,133.0,145.0,,
1972-12-11,178.0,50.0,203.0,,
1972-12-12,122.0,56.0,13.0,,
1972-12-13,167.0,106.0,18.0,,
1972-12-14,133.0,117.0,0.0,,
1972-12-15,144.0,111.0,533.0,,
1972-12-16,133.0,-67.0,25.0,,
1972-12-17,-17.0,-111.0,0.0,,
1972-12-18,11.0,-111.0,0.0,,
1972-12-19,94.0,-78.0,0.0,,
1972-12-20,106.0,-33.0,74.0,,
1972-12-21,144.0,67.0,145.0,,
1972-12-22,128.0,83.0,114.0,,
1972-12-23,94.0,67.0,0.0,,
1972-12-24,111.0,50.0,0.0,,
1972-12-25,106.0,22.0,33.0,,
1972-12-26,78.0,33.0,0.0,,
1972-12-27,44.0,-39.0,13.0,,
1972-12-28,67.0,-50.0,0.0,,
1972-12-29,144.0,-28.0,0.0,,
1972-12-30,144.0,-28.0,0.0,,
1972-12-31,156.0,122.0,86.0,,
1973-01-01,167.0,39.0,0.0,,
1973-01-02,139.0,39.0,0.0,,
1973-01-03,100.0,39.0,48.0,,
1973-01-04,83.0,33.0,130.0,,
1973-01-05,144.0,-11.0,0.0,,
1973-01-06,56.0,17.0,66.0,,
1973-01-07,44.0,0.0,0.0,,
1973-01-08,11.0,-6.0,272.0,,
1973-01-09,11.0,-39.0,0.0,,
1973-01-10,-22.0,-61.0,0.0,,
1973-01-11,-6.0,-61.0,0.0,,
1973-01-12,6.0,-94.0,0.0,,
1973-01-13,-6.0,-122.0,0.0,,
1973-01-14,39.0,-100.0,0.0,,
1973-01-15,72.0,-67.0,0.0,,
1973-01-16,78.0,-67.0,0.0,,
1973-01-17,133.0,-44.0,0.0,,
1973-01-18,156.0,-44.0,0.0,,
1973-01-19,156.0,11.0,140.0,,
1973-01-20,122.0,-44.0,0.0,,
1973-01-21,156.0,-33.0,0.0,,
1973-01-22,100.0,44.0,114.0,,
1973-01-23,144.0,-17.0,0.0,,
1973-01-24,111.0,-44.0,0.0,,
1973-01-25,100.0,-61.0,0.0,,
1973-01-26,156.0,-44.0,0.0,,
1973-01-27,100.0,33.0,117.0,,
1973-01-28,72.0,33.0,5.0,,
1973-01-29,94.0,-33.0,97.0,,
1973-01-30,-17.0,-106.0,3.0,,
1973-01-31,67.0,-78.0,0.0,,
1973-02-01,89.0,-67.0,0.0,,
1973-02-02,128.0,83.0,251.0,,
1973-02-03,122.0,11.0,28.0,,
1973-02-04,22.0,-50.0,0.0,,
1973-02-05,122.0,-28.0,0.0,,
1973-02-06,178.0,-11.0,53.0,,
1973-02-07,133.0,11.0,43.0,,
1973-02-08,156.0,22.0,165.0,,
1973-02-09,94.0,-56.0,152.0,,
1973-02-10,-17.0,-56.0,0.0,,
1973-02-11,17.0,-117.0,0.0,,
1973-02-12,72.0,-111.0,0.0,,
1973-02-13,61.0,-67.0,0.0,,
1973-02-14,89.0,-17.0,137.0,,
1973-02-15,94.0,39.0,23.0,,
1973-02-16,39.0,-44.0,0.0,,
1973-02-17,-22.0,-122.0,0.0,,
1973-02-18,22.0,-122.0,0.0,,
1973-02-19,67.0,-89.0,0.0,,
1973-02-20,117.0,-61.0,0.0,,
1973-02-21,61.0,-72.0,5.0,,
1973-02-22,94.0,-39.0,0.0,,
1973-02-23,78.0,-56.0,0.0,,
1973-02-24,117.0,-56.0,0.0,,
1973-02-25,183.0,-39.0,0.0,,
1973-02-26,172.0,-17.0,0.0,,
1973-02-27,172.0,44.0,48.0,,
1973-02-28,111.0,17.0,0.0,,
1973-03-01,194.0,-22.0,0.0,,
1973-03-02,167.0,-6.0,0.0,,
1973-03-03,144.0,39.0,292.0,,
1973-03-04,200.0,50.0,5.0,,
1973-03-05,194.0,61.0,53.0,,
1973-03-06,233.0,67.0,5.0,,
1973-03-07,189.0,100.0,53.0,,
1973-03-08,200.0,111.0,25.0,,
1973-03-09,250.0,128.0,84.0,,
1973-03-10,189.0,144.0,0.0,,
1973-03-11,217.0,128.0,0.0,,
1973-03-12,183.0,39.0,234.0,,
1973-03-13,222.0,6.0,0.0,,
1973-03-14,261.0,6.0,0.0,,
1973-03-15,272.0,167.0,0.0,,
1973-03-16,211.0,133.0,378.0,,
1973-03-17,194.0,28.0,353.0,,
1973-03-18,44.0,6.0,0.0,,
1973-03-19,117.0,-33.0,0.0,,
1973-03-20,194.0,33.0,0.0,,
1973-03-21,106.0,28.0,112.0,,
1973-03-22,56.0,-56.0,0.0,,
1973-03-23,150.0,-39.0,0.0,,
1973-03-24,189.0,-6.0,0.0,,
1973-03-25,194.0,17.0,86.0,,
1973-03-26,178.0,72.0,86.0,,
1973-03-27,111.0,67.0,10.0,,
1973-03-28,189.0,61.0,0.0,,
1973-03-29,150.0,72.0,25.0,,
1973-03-30,128.0,72.0,53.0,,
1973-03-31,233.0,122.0,188.0,,
1973-04-01,194.0,83.0,15.0,,
1973-04-02,217.0,78.0,0.0,,
1973-04-03,194.0,28.0,0.0,,
1973-04-04,222.0,56.0,30.0,,
1973-04-05,139.0,39.0,30.0,,
1973-04-06,89.0,-28.0,0.0,,
1973-04-07,194.0,0.0,38.0,,
1973-04-08,167.0,67.0,394.0,,
1973-04-09,133.0,17.0,0.0,,
1973-04-10,139.0,0.0,5.0,,
1973-04-11,39.0,-17.0,0.0,,
1973-04-12,106.0,-39.0,0.0,,
1973-04-13,189.0,-22.0,0.0,,
1973-04-14,150.0,-33.0,0.0,,
1973-04-15,200.0,0.0,0.0,,
1973-04-16,211.0,83.0,0.0,,
1973-04-17,156.0,100.0,74.0,,
1973-04-18,161.0,117.0,30.0,,
1973-04-19,183.0,133.0,91.0,,
1973-04-20,200.0,106.0,3.0,,
1973-04-21,256.0,106.0,0.0,,
1973-04-22,278.0,94.0,0.0,,
1973-04-23,261.0,128.0,0.0,,
1973-04-24,222.0,128.0,10.0,,
1973-04-25,233.0,139.0,363.0,,
1973-04-26,211.0,111.0,18.0,,
1973-04-27,222.0,89.0,290.0,,
1973-04-28,100.0,17.0,79.0,,
1973-04-29,156.0,-6.0,0.0,,
1973-04-30,233.0,11.0,0.0,,
1973-05-01,267.0,33.0,0.0,0.0,0.0
1973-05-02,272.0,106.0,0.0,0.0,0.0
1973-05-03,239.0,156.0,25.0,0.0,0.0
1973-05-04,183.0,33.0,69.0,0.0,0.0
1973-05-05,189.0,-6.0,0.0,0.0,0.0
1973-05-06,211.0,-17.0,0.0,0.0,0.0
1973-05-07,222.0,50.0,0.0,0.0,0.0
1973-05-08,233.0,150.0,348.0,0.0,0.0
1973-05-09,211.0,117.0,36.0,0.0,0.0
1973-05-10,244.0,67.0,0.0,0.0,0.0
1973-05-11,289.0,94.0,0.0,0.0,0.0
1973-05-12,278.0,111.0,3.0,0.0,0.0
1973-05-13,222.0,44.0,0.0,0.0,0.0
1973-05-14,211.0,28.0,0.0,0.0,0.0
1973-05-15,222.0,39.0,0.0,0.0,0.0
1973-05-16,183.0,0.0,0.0,0.0,0.0
1973-05-17,206.0,22.0,13.0,0.0,0.0
1973-05-18,189.0,6.0,0.0,0.0,0.0
1973-05-19,217.0,-11.0,0.0,0.0,0.0
1973-05-20,222.0,72.0,216.0,0.0,0.0
1973-05-21,228.0,67.0,0.0,0.0,0.0
1973-05-22,278.0,61.0,0.0,0.0,0.0
1973-05-23,267.0,117.0,0.0,0.0,0.0
1973-05-24,272.0,144.0,279.0,0.0,0.0
1973-05-25,211.0,122.0,43.0,0.0,0.0
1973-05-26,256.0,111.0,0.0,0.0,0.0
1973-05-27,267.0,133.0,124.0,0.0,0.0
1973-05-28,244.0,178.0,859.0,0.0,0.0
1973-05-29,267.0,122.0,0.0,0.0,0.0
1973-05-30,244.0,94.0,0.0,0.0,0.0
1973-05-31,261.0,72.0,0.0,0.0,0.0
1973-06-01,250.0,111.0,64.0,0.0,0.0
1973-06-02,267.0,139.0,8.0,0.0,0.0
1973-06-03,300.0,133.0,0.0,0.0,0.0
1973-06-04,306.0,150.0,0.0,0.0,0.0
1973-06-05,300.0,150.0,0.0,0.0,0.0
1973-06-06,244.0,161.0,284.0,0.0,0.0
1973-06-07,239.0,172.0,155.0,0.0,0.0
1973-06-08,283.0,156.0,5.0,0.0,0.0
1973-06-09,294.0,183.0,0.0,0.0,0.0
1973-06-10,283.0,178.0,43.0,0.0,0.0
1973-06-11,294.0,183.0,5.0,0.0,0.0
1973-06-12,306.0,183.0,272.0,0.0,0.0
1973-06-13,278.0,189.0,145.0,0.0,0.0
1973-06-14,283.0,183.0,51.0,0.0,0.0
1973-06-15,294.0,183.0,0.0,0.0,0.0
1973-06-16,322.0,189.0,23.0,0.0,0.0
1973-06-17,289.0,172.0,30.0,0.0,0.0
1973-06-18,311.0,167.0,18.0,0.0,0.0
1973-06-19,306.0,156.0,0.0,0.0,0.0
1973-06-20,317.0,178.0,0.0,0.0,0.0
1973-06-21,283.0,183.0,0.0,0.0,0.0
1973-06-22,300.0,183.0,89.0,0.0,0.0
1973-06-23,283.0,139.0,0.0,0.0,0.0
1973-06-24,289.0,111.0,0.0,0.0,0.0
1973-06-25,289.0,128.0,0.0,0.0,0.0
1973-06-26,300.0,144.0,33.0,0.0,0.0
1973-06-27,306.0,156.0,0.0,0.0,0.0
1973-06-28,289.0,172.0,178.0,0.0,0.0
1973-06-29,261.0,133.0,127.0,0.0,0.0
1973-06-30,261.0,144.0,0.0,0.0,0.0
1973-07-01,289.0,156.0,3.0,,
1973-07-02,283.0,172.0,43.0,,
1973-07-03,311.0,183.0,0.0,,
1973-07-04,317.0,183.0,119.0,,
1973-07-05,322.0,178.0,318.0,,
1973-07-06,311.0,161.0,0.0,,
1973-07-07,317.0,161.0,0.0,,
1973-07-08,300.0,183.0,36.0,,
1973-07-09,294.0,167.0,36.0,,
1973-07-10,317.0,172.0,0.0,,
1973-07-11,317.0,189.0,89.0,,
1973-07-12,300.0,144.0,0.0,,
1973-07-13,300.0,150.0,0.0,,
1973-07-14,311.0,161.0,10.0,,
1973-07-15,300.0,194.0,206.0,,
1973-07-16,300.0,178.0,51.0,,
1973-07-17,256.0,183.0,140.0,,
1973-07-18,294.0,194.0,13.0,,
1973-07-19,289.0,200.0,0.0,,
1973-07-20,267.0,178.0,89.0,,
1973-07-21,311.0,178.0,5.0,,
1973-07-22,289.0,183.0,0.0,,
1973-07-23,294.0,183.0,0.0,,
1973-07-24,317.0,183.0,0.0,,
1973-07-25,328.0,189.0,15.0,,
1973-07-26,278.0,183.0,15.0,,
1973-07-27,294.0,189.0,140.0,,
1973-07-28,294.0,144.0,13.0,,
1973-07-29,300.0,150.0,0.0,,
1973-07-30,306.0,139.0,0.0,,
1973-07-31,317.0,144.0,8.0,,
1973-08-01,294.0,194.0,23.0,0.0,0.0
1973-08-02,278.0,189.0,269.0,0.0,0.0
1973-08-03,289.0,167.0,0.0,0.0,0.0
1973-08-04,294.0,144.0,0.0,0.0,0.0
1973-08-05,289.0,144.0,0.0,0.0,0.0
1973-08-06,294.0,150.0,0.0,0.0,0.0
1973-08-07,289.0,156.0,0.0,0.0,0.0
1973-08-08,294.0,178.0,0.0,0.0,0.0
1973-08-09,317.0,178.0,0.0,0.0,0.0
1973-08-10,317.0,172.0,23.0,0.0,0.0
1973-08-11,317.0,183.0,43.0,0.0,0.0
1973-08-12,311.0,183.0,300.0,0.0,0.0
1973-08-13,294.0,189.0,38.0,0.0,0.0
1973-08-14,272.0,183.0,254.0,0.0,0.0
1973-08-15,278.0,178.0,8.0,0.0,0.0
1973-08-16,278.0,144.0,0.0,0.0,0.0
1973-08-17,294.0,172.0,56.0,0.0,0.0
1973-08-18,239.0,178.0,53.0,0.0,0.0
1973-08-19,300.0,133.0,0.0,0.0,0.0
1973-08-20,278.0,144.0,0.0,0.0,0.0
1973-08-21,283.0,139.0,51.0,0.0,0.0
1973-08-22,289.0,133.0,0.0,0.0,0.0
1973-08-23,272.0,122.0,0.0,0.0,0.0
1973-08-24,289.0,122.0,0.0,0.0,0.0
1973-08-25,289.0,133.0,38.0,0.0,0.0
1973-08-26,294.0,144.0,5.0,0.0,0.0
1973-08-27,306.0,150.0,0.0,0.0,0.0
1973-08-28,311.0,161.0,0.0,0.0,0.0
1973-08-29,317.0,161.0,58.0,0.0,0.0
1973-08-30,322.0,167.0,0.0,0.0,0.0
1973-08-31,317.0,167.0,30.0,0.0,0.0
1973-09-01,306.0,144.0,0.0,0.0,0.0
1973-09-02,306.0,144.0,0.0,0.0,0.0
1973-09-03,306.0,128.0,0.0,0.0,0.0
1973-09-04,328.0,144.0,0.0,0.0,0.0
1973-09-05,306.0,150.0,0.0,0.0,0.0
1973-09-06,300.0,150.0,5.0,0.0,0.0
1973-09-07,300.0,161.0,0.0,0.0,0.0
1973-09-08,306.0,167.0,0.0,0.0,0.0
1973-09-09,333.0,172.0,0.0,0.0,0.0
1973-09-10,306.0,178.0,130.0,0.0,0.0
1973-09-11,300.0,156.0,0.0,0.0,0.0
1973-09-12,278.0,128.0,0.0,0.0,0.0
1973-09-13,289.0,122.0,0.0,0.0,0.0
1973-09-14,200.0,133.0,597.0,0.0,0.0
1973-09-15,261.0,133.0,18.0,0.0,0.0
1973-09-16,272.0,122.0,0.0,0.0,0.0
1973-09-17,278.0,133.0,0.0,0.0,0.0
1973-09-18,256.0,156.0,109.0,0.0,0.0
1973-09-19,211.0,61.0,3.0,0.0,0.0
1973-09-20,256.0,67.0,5.0,0.0,0.0
1973-09-21,261.0,89.0,0.0,0.0,0.0
1973-09-22,283.0,122.0,0.0,0.0,0.0
1973-09-23,272.0,150.0,0.0,0.0,0.0
1973-09-24,289.0,133.0,0.0,0.0,0.0
1973-09-25,306.0,128.0,0.0,0.0,0.0
1973-09-26,289.0,128.0,0.0,0.0,0.0
1973-09-27,267.0,133.0,0.0,0.0,0.0
1973-09-28,256.0,178.0,3.0,0.0,0.0
1973-09-29,256.0,167.0,5.0,0.0,0.0
1973-09-30,278.0,172.0,234.0,0.0,0.0
1973-10-01,256.0,150.0,114.0,0.0,0.0
1973-10-02,211.0,194.0,30.0,0.0,0.0
1973-10-03,272.0,133.0,0.0,0.0,0.0
1973-10-04,278.0,117.0,0.0,0.0,0.0
1973-10-05,283.0,122.0,0.0,0.0,0.0
1973-10-06,289.0,122.0,0.0,0.0,0.0
1973-10-07,267.0,117.0,0.0,0.0,0.0
1973-10-08,267.0,117.0,0.0,0.0,0.0
1973-10-09,239.0,106.0,0.0,0.0,0.0
1973-10-10,261.0,106.0,0.0,0.0,0.0
1973-10-11,267.0,122.0,0.0,0.0,0.0
1973-10-12,244.0,78.0,0.0,0.0,0.0
1973-10-13,239.0,83.0,0.0,0.0,0.0
1973-10-14,244.0,94.0,5.0,0.0,0.0
1973-10-15,244.0,39.0,5.0,0.0,0.0
1973-10-16,256.0,39.0,0.0,0.0,0.0
1973-10-17,228.0,0.0,0.0,0.0,0.0
1973-10-18,194.0,-28.0,0.0,0.0,0.0
1973-10-19,228.0,-28.0,0.0,0.0,0.0
1973-10-20,244.0,-11.0,0.0,0.0,0.0
1973-10-21,256.0,11.0,0.0,0.0,0.0
1973-10-22,261.0,39.0,0.0,0.0,0.0
1973-10-23,244.0,39.0,0.0,0.0,0.0
1973-10-24,239.0,33.0,0.0,0.0,0.0
1973-10-25,239.0,50.0,0.0,0.0,0.0
1973-10-26,233.0,44.0,0.0,0.0,0.0
1973-10-27,244.0,28.0,0.0,0.0,0.0
1973-10-28,250.0,22.0,38.0,0.0,0.0
1973-10-29,144.0,28.0,229.0,0.0,0.0
1973-10-30,94.0,28.0,13.0,0.0,0.0
1973-10-31,106.0,89.0,0.0,0.0,0.0
1973-11-01,122.0,6.0,135.0,,
1973-11-02,183.0,0.0,0.0,,
1973-11-03,233.0,11.0,0.0,,
1973-11-04,239.0,61.0,0.0,,
1973-11-05,233.0,106.0,8.0,,
1973-11-06,183.0,-17.0,0.0,,
1973-11-07,139.0,-11.0,0.0,,
1973-11-08,117.0,44.0,8.0,,
1973-11-09,139.0,83.0,119.0,,
1973-11-10,117.0,-67.0,0.0,,
1973-11-11,83.0,-72.0,0.0,,
1973-11-12,122.0,-56.0,0.0,,
1973-11-13,161.0,-50.0,0.0,,
1973-11-14,200.0,-39.0,0.0,,
1973-11-15,217.0,39.0,0.0,,
1973-11-16,217.0,61.0,46.0,,
1973-11-17,128.0,-50.0,0.0,,
1973-11-18,172.0,-44.0,0.0,,
1973-11-19,161.0,0.0,0.0,,
1973-11-20,211.0,44.0,0.0,,
1973-11-21,211.0,56.0,56.0,,
1973-11-22,172.0,22.0,292.0,,
1973-11-23,200.0,28.0,0.0,,
1973-11-24,250.0,50.0,0.0,,
1973-11-25,233.0,72.0,0.0,,
1973-11-26,206.0,117.0,142.0,,
1973-11-27,211.0,128.0,51.0,,
1973-11-28,233.0,133.0,508.0,,
1973-11-29,156.0,6.0,0.0,,
1973-11-30,94.0,-44.0,0.0,,
1973-12-01,167.0,-22.0,0.0,,
1973-12-02,200.0,-17.0,0.0,,
1973-12-03,178.0,-6.0,0.0,,
1973-12-04,172.0,44.0,0.0,,
1973-12-05,161.0,106.0,178.0,,
1973-12-06,133.0,-28.0,0.0,,
1973-12-07,111.0,-44.0,0.0,,
1973-12-08,89.0,-39.0,0.0,,
1973-12-09,83.0,-33.0,0.0,,
1973-12-10,94.0,-11.0,0.0,,
1973-12-11,22.0,-72.0,0.0,,
1973-12-12,17.0,-72.0,5.0,,
1973-12-13,89.0,-6.0,25.0,,
1973-12-14,156.0,17.0,84.0,,
1973-12-15,94.0,6.0,23.0,,
1973-12-16,56.0,17.0,5.0,,
1973-12-17,22.0,-56.0,0.0,,
1973-12-18,-17.0,-94.0,0.0,,
1973-12-19,61.0,-72.0,0.0,,
1973-12-20,94.0,-56.0,51.0,,
1973-12-21,89.0,-61.0,140.0,,
1973-12-22,-22.0,-122.0,0.0,,
1973-12-23,56.0,-122.0,0.0,,
1973-12-24,78.0,-22.0,0.0,,
1973-12-25,144.0,-17.0,0.0,,
1973-12-26,139.0,83.0,152.0,,
1973-12-27,189.0,17.0,178.0,,
1973-12-28,139.0,-50.0,0.0,,
1973-12-29,144.0,-50.0,0.0,,
1973-12-30,111.0,0.0,127.0,,
1973-12-31,178.0,39.0,589.0,,
1974-01-01,133.0,28.0,318.0,0.0,0.0
1974-01-02,44.0,11.0,8.0,0.0,0.0
1974-01-03,106.0,44.0,183.0,0.0,0.0
1974-01-04,167.0,78.0,262.0,0.0,0.0
1974-01-05,89.0,50.0,5.0,0.0,0.0
1974-01-06,117.0,67.0,0.0,0.0,0.0
1974-01-07,100.0,44.0,79.0,0.0,0.0
1974-01-08,78.0,-28.0,0.0,0.0,0.0
1974-01-09,144.0,0.0,211.0,0.0,0.0
1974-01-10,139.0,100.0,178.0,0.0,0.0
1974-01-11,200.0,128.0,86.0,0.0,0.0
1974-01-12,156.0,-6.0,97.0,0.0,0.0
1974-01-13,39.0,-44.0,0.0,0.0,0.0
1974-01-14,100.0,-33.0,25.0,0.0,0.0
1974-01-15,72.0,17.0,279.0,0.0,0.0
1974-01-16,133.0,72.0,15.0,0.0,0.0
1974-01-17,150.0,111.0,0.0,0.0,0.0
1974-01-18,189.0,50.0,0.0,0.0,0.0
1974-01-19,156.0,50.0,0.0,0.0,0.0
1974-01-20,200.0,56.0,0.0,0.0,0.0
1974-01-21,167.0,72.0,84.0,0.0,0.0
1974-01-22,161.0,6.0,0.0,0.0,0.0
1974-01-23,211.0,6.0,0.0,0.0,0.0
1974-01-24,122.0,44.0,109.0,0.0,0.0
1974-01-25,161.0,106.0,109.0,0.0,0.0
1974-01-26,161.0,106.0,81.0,0.0,0.0
1974-01-27,161.0,67.0,251.0,0.0,0.0
1974-01-28,194.0,61.0,0.0,0.0,0.0
1974-01-29,161.0,67.0,130.0,0.0,0.0
1974-01-30,161.0,33.0,0.0,0.0,0.0
1974-01-31,167.0,-22.0,0.0,0.0,0.0
1974-02-01,167.0,-22.0,0.0,0.0,0.0
1974-02-02,206.0,-17.0,366.0,0.0,0.0
1974-02-03,139.0,100.0,145.0,0.0,0.0
1974-02-04,117.0,-17.0,5.0,0.0,0.0
1974-02-05,33.0,-67.0,0.0,0.0,0.0
1974-02-06,133.0,-67.0,0.0,0.0,0.0
1974-02-07,83.0,44.0,170.0,0.0,0.0
1974-02-08,100.0,17.0,135.0,0.0,0.0
1974-02-09,17.0,-61.0,0.0,0.0,0.0
1974-02-10,-11.0,-89.0,0.0,0.0,0.0
1974-02-11,72.0,-89.0,0.0,0.0,0.0
1974-02-12,61.0,-72.0,0.0,0.0,0.0
1974-02-13,150.0,-72.0,0.0,0.0,0.0
1974-02-14,156.0,-28.0,152.0,0.0,0.0
1974-02-15,128.0,83.0,76.0,0.0,0.0
1974-02-16,150.0,39.0,198.0,0.0,0.0
1974-02-17,100.0,0.0,30.0,0.0,0.0
1974-02-18,100.0,-39.0,0.0,0.0,0.0
1974-02-19,133.0,-33.0,89.0,0.0,0.0
1974-02-20,144.0,6.0,15.0,0.0,0.0
1974-02-21,133.0,-22.0,0.0,0.0,0.0
1974-02-22,178.0,6.0,229.0,0.0,0.0
1974-02-23,89.0,-44.0,0.0,0.0,0.0
1974-02-24,122.0,-44.0,0.0,0.0,0.0
1974-02-25,122.0,-78.0,0.0,0.0,0.0
1974-02-26,-56.0,-128.0,0.0,0.0,0.0
1974-02-27,50.0,-128.0,0.0,0.0,0.0
1974-02-28,139.0,-94.0,0.0,0.0,0.0
1974-03-01,78.0,28.0,0.0,0.0,0.0
1974-03-02,167.0,44.0,0.0,0.0,0.0
1974-03-03,189.0,44.0,0.0,0.0,0.0
1974-03-04,211.0,44.0,0.0,0.0,0.0
1974-03-05,222.0,56.0,0.0,0.0,0.0
1974-03-06,,,13.0,0.0,0.0
1974-03-07,,,0.0,0.0,0.0
1974-03-08,250.0,50.0,0.0,0.0,0.0
1974-03-09,250.0,39.0,0.0,0.0,0.0
1974-03-10,256.0,39.0,0.0,0.0,0.0
1974-03-11,250.0,61.0,0.0,0.0,0.0
1974-03-12,200.0,67.0,0.0,0.0,0.0
1974-03-13,211.0,33.0,0.0,0.0,0.0
1974-03-14,156.0,-33.0,0.0,0.0,0.0
1974-03-15,167.0,-22.0,0.0,0.0,0.0
1974-03-16,167.0,-22.0,51.0,0.0,0.0
1974-03-17,106.0,-6.0,107.0,0.0,0.0
1974-03-18,61.0,-44.0,0.0,0.0,0.0
1974-03-19,106.0,-33.0,0.0,0.0,0.0
1974-03-20,144.0,89.0,191.0,0.0,0.0
1974-03-21,172.0,117.0,89.0,0.0,0.0
1974-03-22,133.0,-39.0,0.0,0.0,0.0
1974-03-23,156.0,-39.0,0.0,0.0,0.0
1974-03-24,167.0,22.0,0.0,0.0,0.0
1974-03-25,150.0,-6.0,38.0,0.0,0.0
1974-03-26,128.0,0.0,0.0,0.0,0.0
1974-03-27,167.0,50.0,0.0,0.0,0.0
1974-03-28,111.0,72.0,81.0,0.0,0.0
1974-03-29,217.0,83.0,102.0,0.0,0.0
1974-03-30,211.0,67.0,178.0,0.0,0.0
1974-03-31,194.0,44.0,0.0,0.0,0.0
1974-04-01,222.0,56.0,0.0,0.0,0.0
1974-04-02,278.0,128.0,157.0,0.0,0.0
1974-04-03,256.0,117.0,0.0,0.0,0.0
1974-04-04,244.0,144.0,508.0,0.0,0.0
1974-04-05,178.0,44.0,165.0,0.0,0.0
1974-04-06,122.0,22.0,0.0,0.0,0.0
1974-04-07,122.0,-17.0,0.0,0.0,0.0
1974-04-08,189.0,33.0,13.0,0.0,0.0
1974-04-09,150.0,11.0,211.0,0.0,0.0
1974-04-10,106.0,-28.0,0.0,0.0,0.0
1974-04-11,200.0,-17.0,0.0,0.0,0.0
1974-04-12,206.0,39.0,0.0,0.0,0.0
1974-04-13,172.0,117.0,584.0,0.0,0.0
1974-04-14,228.0,128.0,0.0,0.0,0.0
1974-04-15,222.0,61.0,76.0,0.0,0.0
1974-04-16,139.0,0.0,0.0,0.0,0.0
1974-04-17,183.0,11.0,0.0,0.0,0.0
1974-04-18,133.0,-11.0,0.0,0.0,0.0
1974-04-19,206.0,6.0,0.0,0.0,0.0
1974-04-20,228.0,33.0,0.0,0.0,0.0
1974-04-21,228.0,67.0,0.0,0.0,0.0
1974-04-22,228.0,144.0,0.0,0.0,0.0
1974-04-23,194.0,72.0,135.0,0.0,0.0
1974-04-24,206.0,33.0,0.0,0.0,0.0
1974-04-25,161.0,-17.0,0.0,0.0,0.0
1974-04-26,206.0,-6.0,0.0,0.0,0.0
1974-04-27,256.0,22.0,0.0,0.0,0.0
1974-04-28,278.0,61.0,0.0,0.0,0.0
1974-04-29,289.0,83.0,0.0,0.0,0.0
1974-04-30,267.0,78.0,0.0,0.0,0.0
1974-05-01,261.0,83.0,0.0,0.0,0.0
1974-05-02,244.0,156.0,0.0,0.0,0.0
1974-05-03,222.0,122.0,114.0,0.0,0.0
1974-05-04,261.0,128.0,36.0,0.0,0.0
1974-05-05,244.0,128.0,25.0,0.0,0.0
1974-05-06,189.0,61.0,43.0,0.0,0.0
1974-05-07,200.0,22.0,0.0,0.0,0.0
1974-05-08,200.0,28.0,0.0,0.0,0.0
1974-05-09,233.0,100.0,0.0,0.0,0.0
1974-05-10,239.0,122.0,84.0,0.0,0.0
1974-05-11,256.0,122.0,58.0,0.0,0.0
1974-05-12,256.0,139.0,208.0,0.0,0.0
1974-05-13,211.0,50.0,0.0,0.0,0.0
1974-05-14,256.0,50.0,0.0,0.0,0.0
1974-05-15,272.0,83.0,0.0,0.0,0.0
1974-05-16,228.0,144.0,25.0,0.0,0.0
1974-05-17,278.0,139.0,0.0,0.0,0.0
1974-05-18,294.0,156.0,0.0,0.0,0.0
1974-05-19,300.0,139.0,0.0,0.0,0.0
1974-05-20,300.0,144.0,0.0,0.0,0.0
1974-05-21,300.0,156.0,,0.0,0.0
1974-05-22,244.0,167.0,,0.0,0.0
1974-05-23,256.0,167.0,,0.0,0.0
1974-05-24,272.0,133.0,0.0,0.0,0.0
1974-05-25,283.0,133.0,0.0,0.0,0.0
1974-05-26,244.0,100.0,0.0,0.0,0.0
1974-05-27,139.0,106.0,483.0,0.0,0.0
1974-05-28,228.0,72.0,0.0,0.0,0.0
1974-05-29,256.0,83.0,0.0,0.0,0.0
1974-05-30,278.0,150.0,0.0,0.0,0.0
1974-05-31,300.0,133.0,36.0,0.0,0.0
1974-06-01,300.0,156.0,208.0,0.0,0.0
1974-06-02,256.0,167.0,203.0,0.0,0.0
1974-06-03,250.0,128.0,0.0,0.0,0.0
1974-06-04,283.0,133.0,0.0,0.0,0.0
1974-06-05,267.0,117.0,0.0,0.0,0.0
1974-06-06,256.0,161.0,0.0,0.0,0.0
1974-06-07,233.0,167.0,51.0,0.0,0.0
1974-06-08,267.0,144.0,0.0,0.0,0.0
1974-06-09,272.0,161.0,0.0,0.0,0.0
1974-06-10,283.0,172.0,0.0,0.0,0.0
1974-06-11,272.0,106.0,0.0,0.0,0.0
1974-06-12,256.0,106.0,0.0,0.0,0.0
1974-06-13,239.0,128.0,0.0,0.0,0.0
1974-06-14,261.0,111.0,0.0,0.0,0.0
1974-06-15,283.0,133.0,0.0,0.0,0.0
1974-06-16,272.0,144.0,0.0,0.0,0.0
1974-06-17,256.0,61.0,25.0,0.0,0.0
1974-06-18,222.0,61.0,0.0,0.0,0.0
1974-06-19,244.0,94.0,0.0,0.0,0.0
1974-06-20,294.0,133.0,0.0,0.0,0.0
1974-06-21,300.0,172.0,0.0,0.0,0.0
1974-06-22,300.0,178.0,10.0,0.0,0.0
1974-06-23,306.0,172.0,76.0,0.0,0.0
1974-06-24,228.0,111.0,0.0,0.0,0.0
1974-06-25,239.0,117.0,0.0,0.0,0.0
1974-06-26,244.0,72.0,0.0,0.0,0.0
1974-06-27,256.0,100.0,0.0,0.0,0.0
1974-06-28,200.0,117.0,0.0,0.0,0.0
1974-06-29,228.0,94.0,0.0,0.0,0.0
1974-06-30,261.0,89.0,0.0,0.0,0.0
1974-07-01,283.0,117.0,0.0,0.0,0.0
1974-07-02,283.0,139.0,0.0,0.0,0.0
1974-07-03,317.0,156.0,0.0,0.0,0.0
1974-07-04,267.0,167.0,64.0,0.0,0.0
1974-07-05,244.0,172.0,356.0,0.0,0.0
1974-07-06,283.0,172.0,229.0,0.0,0.0
1974-07-07,272.0,178.0,97.0,0.0,0.0
1974-07-08,300.0,183.0,46.0,0.0,0.0
1974-07-09,289.0,172.0,0.0,0.0,0.0
1974-07-10,289.0,178.0,0.0,0.0,0.0
1974-07-11,289.0,178.0,0.0,0.0,0.0
1974-07-12,283.0,161.0,0.0,0.0,0.0
1974-07-13,300.0,150.0,0.0,0.0,0.0
1974-07-14,300.0,150.0,0.0,0.0,0.0
1974-07-15,306.0,156.0,0.0,0.0,0.0
1974-07-16,311.0,167.0,0.0,0.0,0.0
1974-07-17,311.0,161.0,0.0,0.0,0.0
1974-07-18,311.0,178.0,203.0,0.0,0.0
1974-07-19,306.0,183.0,0.0,0.0,0.0
1974-07-20,300.0,178.0,127.0,0.0,0.0
1974-07-21,300.0,167.0,89.0,0.0,0.0
1974-07-22,300.0,161.0,0.0,0.0,0.0
1974-07-23,278.0,183.0,0.0,0.0,0.0
1974-07-24,272.0,194.0,71.0,0.0,0.0
1974-07-25,294.0,178.0,0.0,0.0,0.0
1974-07-26,300.0,183.0,0.0,0.0,0.0
1974-07-27,283.0,189.0,102.0,0.0,0.0
1974-07-28,272.0,178.0,0.0,0.0,0.0
1974-07-29,289.0,150.0,0.0,0.0,0.0
1974-07-30,294.0,150.0,0.0,0.0,0.0
1974-07-31,283.0,106.0,0.0,0.0,0.0
1974-08-01,272.0,122.0,0.0,0.0,0.0
1974-08-02,300.0,161.0,25.0,0.0,0.0
1974-08-03,294.0,183.0,135.0,0.0,0.0
1974-08-04,233.0,178.0,559.0,0.0,0.0
1974-08-05,272.0,161.0,8.0,0.0,0.0
1974-08-06,278.0,167.0,0.0,0.0,0.0
1974-08-07,272.0,161.0,0.0,0.0,0.0
1974-08-08,228.0,178.0,140.0,0.0,0.0
1974-08-09,233.0,183.0,56.0,0.0,0.0
1974-08-10,289.0,172.0,0.0,0.0,0.0
1974-08-11,294.0,172.0,0.0,0.0,0.0
1974-08-12,261.0,178.0,0.0,0.0,0.0
1974-08-13,278.0,167.0,0.0,0.0,0.0
1974-08-14,289.0,167.0,0.0,0.0,0.0
1974-08-15,278.0,167.0,0.0,0.0,0.0
1974-08-16,294.0,183.0,0.0,0.0,0.0
1974-08-17,278.0,178.0,343.0,0.0,0.0
1974-08-18,289.0,167.0,0.0,0.0,0.0
1974-08-19,294.0,172.0,0.0,0.0,0.0
1974-08-20,300.0,139.0,0.0,0.0,0.0
1974-08-21,294.0,144.0,437.0,0.0,0.0
1974-08-22,283.0,144.0,51.0,0.0,0.0
1974-08-23,267.0,150.0,0.0,0.0,0.0
1974-08-24,289.0,139.0,0.0,0.0,0.0
1974-08-25,294.0,150.0,0.0,0.0,0.0
1974-08-26,300.0,161.0,0.0,0.0,0.0
1974-08-27,306.0,172.0,0.0,0.0,0.0
1974-08-28,311.0,183.0,0.0,0.0,0.0
1974-08-29,300.0,183.0,81.0,0.0,0.0
1974-08-30,267.0,183.0,89.0,0.0,0.0
1974-08-31,272.0,178.0,13.0,0.0,0.0
1974-09-01,272.0,183.0,13.0,0.0,0.0
1974-09-02,256.0,189.0,25.0,0.0,0.0
1974-09-03,272.0,183.0,20.0,0.0,0.0
1974-09-04,211.0,122.0,30.0,0.0,0.0
1974-09-05,228.0,128.0,0.0,0.0,0.0
1974-09-06,217.0,156.0,46.0,0.0,0.0
1974-09-07,217.0,156.0,69.0,0.0,0.0
1974-09-08,228.0,156.0,0.0,0.0,0.0
1974-09-09,250.0,167.0,0.0,0.0,0.0
1974-09-10,272.0,167.0,0.0,0.0,0.0
1974-09-11,272.0,150.0,36.0,0.0,0.0
1974-09-12,300.0,156.0,0.0,0.0,0.0
1974-09-13,289.0,144.0,0.0,0.0,0.0
1974-09-14,283.0,144.0,0.0,0.0,0.0
1974-09-15,244.0,150.0,0.0,0.0,0.0
1974-09-16,233.0,128.0,0.0,0.0,0.0
1974-09-17,267.0,139.0,0.0,0.0,0.0
1974-09-18,222.0,100.0,0.0,0.0,0.0
1974-09-19,261.0,111.0,0.0,0.0,0.0
1974-09-20,272.0,100.0,0.0,0.0,0.0
1974-09-21,256.0,100.0,0.0,0.0,0.0
1974-09-22,239.0,122.0,25.0,0.0,0.0
1974-09-23,211.0,50.0,0.0,0.0,0.0
1974-09-24,211.0,50.0,0.0,0.0,0.0
1974-09-25,150.0,78.0,0.0,0.0,0.0
1974-09-26,189.0,67.0,0.0,0.0,0.0
1974-09-27,244.0,78.0,0.0,0.0,0.0
1974-09-28,228.0,150.0,0.0,0.0,0.0
1974-09-29,272.0,161.0,173.0,0.0,0.0
1974-09-30,222.0,44.0,0.0,0.0,0.0
1974-10-01,217.0,11.0,0.0,0.0,0.0
1974-10-02,217.0,17.0,0.0,0.0,0.0
1974-10-03,167.0,-17.0,0.0,0.0,0.0
1974-10-04,167.0,-33.0,0.0,0.0,0.0
1974-10-05,200.0,-17.0,0.0,0.0,0.0
1974-10-06,244.0,0.0,0.0,0.0,0.0
1974-10-07,261.0,22.0,0.0,0.0,0.0
1974-10-08,267.0,44.0,0.0,0.0,0.0
1974-10-09,211.0,11.0,0.0,0.0,0.0
1974-10-10,228.0,11.0,0.0,0.0,0.0
1974-10-11,244.0,11.0,0.0,0.0,0.0
1974-10-12,256.0,28.0,0.0,0.0,0.0
1974-10-13,239.0,67.0,0.0,0.0,0.0
1974-10-14,261.0,78.0,0.0,0.0,0.0
1974-10-15,244.0,94.0,0.0,0.0,0.0
1974-10-16,189.0,133.0,340.0,0.0,0.0
1974-10-17,156.0,56.0,0.0,0.0,0.0
1974-10-18,194.0,11.0,0.0,0.0,0.0
1974-10-19,233.0,17.0,0.0,0.0,0.0
1974-10-20,144.0,-28.0,0.0,0.0,0.0
1974-10-21,144.0,-39.0,0.0,0.0,0.0
1974-10-22,161.0,-44.0,0.0,0.0,0.0
1974-10-23,178.0,-61.0,0.0,0.0,0.0
1974-10-24,194.0,-56.0,0.0,0.0,0.0
1974-10-25,211.0,-22.0,0.0,0.0,0.0
1974-10-26,228.0,6.0,0.0,0.0,0.0
1974-10-27,233.0,17.0,0.0,0.0,0.0
1974-10-28,222.0,11.0,0.0,0.0,0.0
1974-10-29,222.0,11.0,0.0,0.0,0.0
1974-10-30,244.0,56.0,0.0,0.0,0.0
1974-10-31,244.0,44.0,0.0,0.0,0.0
1974-11-01,244.0,44.0,0.0,,
1974-11-02,261.0,72.0,0.0,,
1974-11-03,272.0,72.0,0.0,,
1974-11-04,272.0,61.0,0.0,,
1974-11-05,244.0,83.0,183.0,,
1974-11-06,183.0,22.0,0.0,,
1974-11-07,161.0,-6.0,0.0,,
1974-11-08,178.0,11.0,0.0,,
1974-11-09,183.0,-22.0,0.0,,
1974-11-10,211.0,-22.0,0.0,,
1974-11-11,211.0,-17.0,0.0,,
1974-11-12,150.0,61.0,188.0,,
1974-11-13,94.0,-28.0,0.0,,
1974-11-14,122.0,-22.0,0.0,,
1974-11-15,78.0,-56.0,76.0,,
1974-11-16,67.0,-50.0,0.0,,
1974-11-17,150.0,-39.0,81.0,,
1974-11-18,144.0,44.0,86.0,,
1974-11-19,139.0,89.0,0.0,,
1974-11-20,150.0,100.0,472.0,,
1974-11-21,156.0,39.0,30.0,,
1974-11-22,100.0,-39.0,0.0,,
1974-11-23,167.0,-39.0,0.0,,
1974-11-24,200.0,-28.0,0.0,,
1974-11-25,194.0,-11.0,0.0,,
1974-11-26,72.0,-67.0,0.0,,
1974-11-27,111.0,-67.0,0.0,,
1974-11-28,106.0,-61.0,0.0,,
1974-11-29,117.0,-56.0,0.0,,
1974-11-30,144.0,-56.0,0.0,,
1974-12-01,83.0,-11.0,338.0,,
1974-12-02,-6.0,-11.0,79.0,,
1974-12-03,17.0,-11.0,20.0,,
1974-12-04,67.0,-72.0,0.0,,
1974-12-05,83.0,-72.0,0.0,,
1974-12-06,117.0,-67.0,0.0,,
1974-12-07,117.0,-56.0,0.0,,
1974-12-08,89.0,39.0,168.0,,
1974-12-09,78.0,-11.0,5.0,,
1974-12-10,22.0,-89.0,0.0,,
1974-12-11,100.0,-89.0,0.0,,
1974-12-12,128.0,-33.0,20.0,,
1974-12-13,117.0,17.0,0.0,,
1974-12-14,78.0,-33.0,0.0,,
1974-12-15,128.0,-33.0,0.0,,
1974-12-16,89.0,6.0,86.0,,
1974-12-17,94.0,-28.0,0.0,,
1974-12-18,22.0,-78.0,0.0,,
1974-12-19,67.0,-78.0,46.0,,
1974-12-20,78.0,6.0,0.0,,
1974-12-21,83.0,6.0,0.0,,
1974-12-22,94.0,-44.0,0.0,,
1974-12-23,150.0,-44.0,0.0,,
1974-12-24,156.0,-33.0,84.0,,
1974-12-25,161.0,89.0,333.0,,
1974-12-26,128.0,-11.0,30.0,,
1974-12-27,100.0,-11.0,43.0,,
1974-12-28,94.0,50.0,333.0,,
1974-12-29,144.0,61.0,51.0,,
1974-12-30,106.0,78.0,84.0,,
1974-12-31,144.0,106.0,30.0,,
1975-01-01,206.0,106.0,15.0,0.0,0.0
1975-01-02,139.0,-50.0,15.0,0.0,0.0
1975-01-03,117.0,-50.0,0.0,0.0,0.0
1975-01-04,67.0,39.0,231.0,0.0,0.0
1975-01-05,61.0,-67.0,0.0,0.0,0.0
1975-01-06,111.0,-67.0,0.0,0.0,0.0
1975-01-07,117.0,-50.0,0.0,0.0,0.0
1975-01-08,144.0,-50.0,0.0,0.0,0.0
1975-01-09,94.0,67.0,30.0,0.0,0.0
1975-01-10,183.0,61.0,8.0,0.0,0.0
1975-01-11,167.0,94.0,234.0,0.0,0.0
1975-01-12,139.0,0.0,5.0,0.0,0.0
1975-01-13,33.0,-28.0,236.0,0.0,0.0
1975-01-14,6.0,-111.0,0.0,0.0,0.0
1975-01-15,17.0,-111.0,0.0,0.0,0.0
1975-01-16,94.0,-17.0,0.0,0.0,0.0
1975-01-17,111.0,-67.0,5.0,0.0,0.0
1975-01-18,111.0,-61.0,0.0,0.0,0.0
1975-01-19,72.0,33.0,38.0,0.0,0.0
1975-01-20,133.0,11.0,152.0,0.0,0.0
1975-01-21,22.0,-50.0,0.0,0.0,0.0
1975-01-22,106.0,-50.0,0.0,0.0,0.0
1975-01-23,106.0,-11.0,0.0,0.0,0.0
1975-01-24,150.0,6.0,10.0,0.0,0.0
1975-01-25,139.0,89.0,579.0,0.0,0.0
1975-01-26,122.0,56.0,0.0,0.0,0.0
1975-01-27,111.0,-22.0,0.0,0.0,0.0
1975-01-28,217.0,11.0,0.0,0.0,0.0
1975-01-29,200.0,39.0,0.0,0.0,0.0
1975-01-30,217.0,44.0,10.0,0.0,0.0
1975-01-31,222.0,50.0,0.0,0.0,0.0
1975-02-01,222.0,100.0,0.0,0.0,0.0
1975-02-02,178.0,117.0,323.0,0.0,0.0
1975-02-03,150.0,61.0,155.0,0.0,0.0
1975-02-04,78.0,33.0,117.0,0.0,0.0
1975-02-05,72.0,50.0,424.0,0.0,0.0
1975-02-06,111.0,44.0,5.0,0.0,0.0
1975-02-07,100.0,-28.0,20.0,0.0,0.0
1975-02-08,17.0,-83.0,0.0,0.0,0.0
1975-02-09,122.0,-83.0,0.0,0.0,0.0
1975-02-10,39.0,-61.0,15.0,0.0,0.0
1975-02-11,128.0,-56.0,0.0,0.0,0.0
1975-02-12,144.0,72.0,188.0,0.0,0.0
1975-02-13,133.0,-11.0,0.0,0.0,0.0
1975-02-14,128.0,-28.0,0.0,0.0,0.0
1975-02-15,167.0,-11.0,0.0,0.0,0.0
1975-02-16,161.0,61.0,224.0,0.0,0.0
1975-02-17,156.0,111.0,150.0,0.0,0.0
1975-02-18,211.0,67.0,76.0,0.0,0.0
1975-02-19,133.0,72.0,221.0,0.0,0.0
1975-02-20,89.0,-11.0,0.0,0.0,0.0
1975-02-21,122.0,-39.0,0.0,0.0,0.0
1975-02-22,194.0,0.0,0.0,0.0,0.0
1975-02-23,133.0,39.0,86.0,0.0,0.0
1975-02-24,183.0,50.0,295.0,0.0,0.0
1975-02-25,50.0,-6.0,0.0,0.0,0.0
1975-02-26,128.0,-39.0,0.0,0.0,0.0
1975-02-27,133.0,-28.0,30.0,0.0,0.0
1975-02-28,111.0,-33.0,0.0,0.0,0.0
1975-03-01,122.0,-39.0,0.0,,
1975-03-02,50.0,-72.0,76.0,,
1975-03-03,-33.0,-94.0,3.0,,
1975-03-04,11.0,-100.0,0.0,,
1975-03-05,89.0,-106.0,0.0,,
1975-03-06,144.0,-72.0,0.0,,
1975-03-07,178.0,-44.0,0.0,,
1975-03-08,139.0,11.0,76.0,,
1975-03-09,50.0,-89.0,0.0,,
1975-03-10,111.0,-83.0,13.0,,
1975-03-11,39.0,0.0,38.0,,
1975-03-12,122.0,28.0,81.0,,
1975-03-13,167.0,111.0,399.0,,
1975-03-14,167.0,83.0,356.0,,
1975-03-15,83.0,-33.0,0.0,,
1975-03-16,139.0,-33.0,8.0,,
1975-03-17,89.0,50.0,20.0,,
1975-03-18,189.0,50.0,0.0,,
1975-03-19,83.0,61.0,140.0,,
1975-03-20,89.0,22.0,15.0,,
1975-03-21,200.0,17.0,0.0,,
1975-03-22,250.0,39.0,0.0,,
1975-03-23,183.0,33.0,114.0,,
1975-03-24,239.0,44.0,224.0,,
1975-03-25,194.0,17.0,262.0,,
1975-03-26,156.0,-22.0,0.0,,
1975-03-27,144.0,-17.0,0.0,,
1975-03-28,172.0,50.0,0.0,,
1975-03-29,189.0,117.0,30.0,,
1975-03-30,167.0,44.0,1118.0,,
1975-03-31,56.0,-6.0,0.0,,
1975-04-01,156.0,17.0,8.0,0.0,0.0
1975-04-02,200.0,17.0,0.0,0.0,0.0
1975-04-03,211.0,11.0,114.0,0.0,0.0
1975-04-04,50.0,-17.0,0.0,0.0,0.0
1975-04-05,89.0,-44.0,0.0,0.0,0.0
1975-04-06,139.0,-39.0,0.0,0.0,0.0
1975-04-07,156.0,-39.0,0.0,0.0,0.0
1975-04-08,172.0,-33.0,0.0,0.0,0.0
1975-04-09,167.0,33.0,0.0,0.0,0.0
1975-04-10,189.0,56.0,69.0,0.0,0.0
1975-04-11,183.0,67.0,0.0,0.0,0.0
1975-04-12,178.0,-11.0,0.0,0.0,0.0
1975-04-13,111.0,-39.0,0.0,0.0,0.0
1975-04-14,172.0,-33.0,25.0,0.0,0.0
1975-04-15,94.0,61.0,43.0,0.0,0.0
1975-04-16,117.0,-22.0,0.0,0.0,0.0
1975-04-17,178.0,-17.0,0.0,0.0,0.0
1975-04-18,256.0,17.0,0.0,0.0,0.0
1975-04-19,244.0,133.0,0.0,0.0,0.0
1975-04-20,206.0,33.0,160.0,0.0,0.0
1975-04-21,189.0,-6.0,0.0,0.0,0.0
1975-04-22,211.0,6.0,0.0,0.0,0.0
1975-04-23,261.0,33.0,0.0,0.0,0.0
1975-04-24,239.0,83.0,0.0,0.0,0.0
1975-04-25,239.0,161.0,0.0,0.0,0.0
1975-04-26,244.0,100.0,56.0,0.0,0.0
1975-04-27,272.0,78.0,0.0,0.0,0.0
1975-04-28,283.0,94.0,0.0,0.0,0.0
1975-04-29,278.0,133.0,0.0,0.0,0.0
1975-04-30,256.0,133.0,229.0,0.0,0.0
1975-05-01,256.0,133.0,0.0,0.0,0.0
1975-05-02,250.0,117.0,0.0,0.0,0.0
1975-05-03,256.0,111.0,0.0,0.0,0.0
1975-05-04,183.0,133.0,69.0,0.0,0.0
1975-05-05,228.0,50.0,0.0,0.0,0.0
1975-05-06,256.0,61.0,0.0,0.0,0.0
1975-05-07,272.0,72.0,8.0,0.0,0.0
1975-05-08,211.0,133.0,150.0,0.0,0.0
1975-05-09,228.0,139.0,66.0,0.0,0.0
1975-05-10,267.0,128.0,0.0,0.0,0.0
1975-05-11,256.0,89.0,0.0,0.0,0.0
1975-05-12,261.0,94.0,0.0,0.0,0.0
1975-05-13,256.0,117.0,135.0,0.0,0.0
1975-05-14,,,0.0,0.0,0.0
1975-05-15,,,66.0,0.0,0.0
1975-05-16,,,264.0,0.0,0.0
1975-05-17,272.0,144.0,0.0,0.0,0.0
1975-05-18,250.0,161.0,15.0,0.0,0.0
1975-05-19,250.0,133.0,0.0,0.0,0.0
1975-05-20,278.0,111.0,0.0,0.0,0.0
1975-05-21,300.0,133.0,0.0,0.0,0.0
1975-05-22,306.0,161.0,0.0,0.0,0.0
1975-05-23,300.0,150.0,0.0,0.0,0.0
1975-05-24,300.0,156.0,0.0,0.0,0.0
1975-05-25,306.0,139.0,0.0,0.0,0.0
1975-05-26,317.0,133.0,0.0,0.0,0.0
1975-05-27,278.0,139.0,0.0,0.0,0.0
1975-05-28,283.0,128.0,0.0,0.0,0.0
1975-05-29,278.0,144.0,5.0,0.0,0.0
1975-05-30,250.0,167.0,30.0,0.0,0.0
1975-05-31,278.0,172.0,0.0,0.0,0.0
1975-06-01,222.0,167.0,411.0,0.0,0.0
1975-06-02,244.0,111.0,0.0,0.0,0.0
1975-06-03,272.0,100.0,0.0,0.0,0.0
1975-06-04,256.0,111.0,0.0,0.0,0.0
1975-06-05,289.0,128.0,0.0,0.0,0.0
1975-06-06,283.0,144.0,46.0,0.0,0.0
1975-06-07,278.0,161.0,56.0,0.0,0.0
1975-06-08,272.0,100.0,0.0,0.0,0.0
1975-06-09,272.0,94.0,0.0,0.0,0.0
1975-06-10,283.0,128.0,0.0,0.0,0.0
1975-06-11,244.0,178.0,51.0,0.0,0.0
1975-06-12,222.0,183.0,81.0,0.0,0.0
1975-06-13,272.0,122.0,33.0,0.0,0.0
1975-06-14,278.0,111.0,0.0,0.0,0.0
1975-06-15,300.0,122.0,0.0,0.0,0.0
1975-06-16,278.0,156.0,188.0,0.0,0.0
1975-06-17,272.0,133.0,0.0,0.0,0.0
1975-06-18,306.0,156.0,0.0,0.0,0.0
1975-06-19,322.0,178.0,0.0,0.0,0.0
1975-06-20,322.0,167.0,0.0,0.0,0.0
1975-06-21,311.0,167.0,20.0,0.0,0.0
1975-06-22,300.0,150.0,71.0,0.0,0.0
1975-06-23,278.0,139.0,0.0,0.0,0.0
1975-06-24,289.0,156.0,0.0,0.0,0.0
1975-06-25,294.0,161.0,0.0,0.0,0.0
1975-06-26,300.0,178.0,71.0,0.0,0.0
1975-06-27,278.0,172.0,0.0,0.0,0.0
1975-06-28,300.0,189.0,0.0,0.0,0.0
1975-06-29,300.0,178.0,38.0,0.0,0.0
1975-06-30,306.0,172.0,0.0,0.0,0.0
1975-07-01,311.0,183.0,15.0,0.0,0.0
1975-07-02,294.0,178.0,178.0,0.0,0.0
1975-07-03,267.0,183.0,91.0,0.0,0.0
1975-07-04,306.0,167.0,0.0,0.0,0.0
1975-07-05,289.0,161.0,114.0,0.0,0.0
1975-07-06,300.0,156.0,0.0,0.0,0.0
1975-07-07,217.0,172.0,28.0,0.0,0.0
1975-07-08,317.0,200.0,0.0,0.0,0.0
1975-07-09,300.0,189.0,0.0,0.0,0.0
1975-07-10,317.0,178.0,0.0,0.0,0.0
1975-07-11,300.0,189.0,0.0,0.0,0.0
1975-07-12,289.0,189.0,36.0,0.0,0.0
1975-07-13,283.0,133.0,0.0,0.0,0.0
1975-07-14,283.0,111.0,0.0,0.0,0.0
1975-07-15,306.0,139.0,0.0,0.0,0.0
1975-07-16,306.0,189.0,0.0,0.0,0.0
1975-07-17,300.0,178.0,0.0,0.0,0.0
1975-07-18,294.0,183.0,10.0,0.0,0.0
1975-07-19,317.0,183.0,300.0,0.0,0.0
1975-07-20,311.0,189.0,0.0,0.0,0.0
1975-07-21,294.0,189.0,318.0,0.0,0.0
1975-07-22,317.0,194.0,0.0,0.0,0.0
1975-07-23,328.0,206.0,71.0,0.0,0.0
1975-07-24,317.0,211.0,30.0,0.0,0.0
1975-07-25,294.0,211.0,74.0,0.0,0.0
1975-07-26,306.0,194.0,0.0,0.0,0.0
1975-07-27,306.0,200.0,0.0,0.0,0.0
1975-07-28,311.0,156.0,0.0,0.0,0.0
1975-07-29,322.0,178.0,0.0,0.0,0.0
1975-07-30,317.0,178.0,38.0,0.0,0.0
1975-07-31,300.0,172.0,97.0,0.0,0.0
1975-08-01,283.0,194.0,0.0,0.0,0.0
1975-08-02,294.0,178.0,48.0,0.0,0.0
1975-08-03,300.0,178.0,0.0,0.0,0.0
1975-08-04,306.0,194.0,175.0,0.0,0.0
1975-08-05,283.0,194.0,66.0,0.0,0.0
1975-08-06,294.0,200.0,170.0,0.0,0.0
1975-08-07,256.0,178.0,15.0,0.0,0.0
1975-08-08,278.0,178.0,132.0,0.0,0.0
1975-08-09,272.0,161.0,0.0,0.0,0.0
1975-08-10,289.0,172.0,76.0,0.0,0.0
1975-08-11,211.0,178.0,112.0,0.0,0.0
1975-08-12,294.0,172.0,0.0,0.0,0.0
1975-08-13,306.0,178.0,46.0,0.0,0.0
1975-08-14,322.0,189.0,0.0,0.0,0.0
1975-08-15,317.0,189.0,0.0,0.0,0.0
1975-08-16,306.0,200.0,191.0,0.0,0.0
1975-08-17,322.0,194.0,0.0,0.0,0.0
1975-08-18,306.0,194.0,56.0,0.0,0.0
1975-08-19,294.0,189.0,0.0,0.0,0.0
1975-08-20,300.0,172.0,0.0,0.0,0.0
1975-08-21,317.0,183.0,13.0,0.0,0.0
1975-08-22,322.0,178.0,0.0,0.0,0.0
1975-08-23,322.0,189.0,0.0,0.0,0.0
1975-08-24,322.0,194.0,0.0,0.0,0.0
1975-08-25,322.0,189.0,0.0,0.0,0.0
1975-08-26,328.0,172.0,0.0,0.0,0.0
1975-08-27,333.0,194.0,0.0,0.0,0.0
1975-08-28,344.0,183.0,0.0,0.0,0.0
1975-08-29,300.0,167.0,0.0,0.0,0.0
1975-08-30,300.0,172.0,0.0,0.0,0.0
1975-08-31,294.0,183.0,0.0,0.0,0.0
1975-09-01,283.0,189.0,18.0,0.0,0.0
1975-09-02,306.0,144.0,0.0,0.0,0.0
1975-09-03,328.0,139.0,0.0,0.0,0.0
1975-09-04,339.0,150.0,0.0,0.0,0.0
1975-09-05,356.0,156.0,0.0,0.0,0.0
1975-09-06,339.0,183.0,0.0,0.0,0.0
1975-09-07,244.0,183.0,56.0,0.0,0.0
1975-09-08,211.0,178.0,183.0,0.0,0.0
1975-09-09,289.0,172.0,0.0,0.0,0.0
1975-09-10,306.0,156.0,0.0,0.0,0.0
1975-09-11,306.0,178.0,241.0,0.0,0.0
1975-09-12,272.0,194.0,20.0,0.0,0.0
1975-09-13,272.0,122.0,0.0,0.0,0.0
1975-09-14,233.0,111.0,0.0,0.0,0.0
1975-09-15,222.0,106.0,0.0,0.0,0.0
1975-09-16,233.0,122.0,0.0,0.0,0.0
1975-09-17,250.0,144.0,46.0,0.0,0.0
1975-09-18,206.0,189.0,117.0,0.0,0.0
1975-09-19,256.0,178.0,0.0,0.0,0.0
1975-09-20,283.0,144.0,0.0,0.0,0.0
1975-09-21,289.0,122.0,0.0,0.0,0.0
1975-09-22,267.0,139.0,0.0,0.0,0.0
1975-09-23,161.0,139.0,399.0,0.0,0.0
1975-09-24,228.0,150.0,132.0,0.0,0.0
1975-09-25,194.0,128.0,0.0,0.0,0.0
1975-09-26,161.0,100.0,0.0,0.0,0.0
1975-09-27,189.0,89.0,0.0,0.0,0.0
1975-09-28,217.0,78.0,0.0,0.0,0.0
1975-09-29,244.0,78.0,0.0,0.0,0.0
1975-09-30,250.0,89.0,0.0,0.0,0.0
1975-10-01,267.0,106.0,0.0,0.0,0.0
1975-10-02,178.0,128.0,333.0,0.0,0.0
1975-10-03,189.0,28.0,0.0,0.0,0.0
1975-10-04,222.0,50.0,0.0,0.0,0.0
1975-10-05,206.0,83.0,0.0,0.0,0.0
1975-10-06,183.0,122.0,25.0,0.0,0.0
1975-10-07,244.0,139.0,0.0,0.0,0.0
1975-10-08,228.0,161.0,38.0,0.0,0.0
1975-10-09,239.0,150.0,36.0,0.0,0.0
1975-10-10,256.0,122.0,0.0,0.0,0.0
1975-10-11,267.0,111.0,0.0,0.0,0.0
1975-10-12,272.0,117.0,0.0,0.0,0.0
1975-10-13,278.0,72.0,0.0,0.0,0.0
1975-10-14,294.0,83.0,0.0,0.0,0.0
1975-10-15,278.0,106.0,0.0,0.0,0.0
1975-10-16,267.0,128.0,0.0,0.0,0.0
1975-10-17,211.0,161.0,183.0,0.0,0.0
1975-10-18,233.0,94.0,0.0,0.0,0.0
1975-10-19,100.0,50.0,0.0,0.0,0.0
1975-10-20,89.0,28.0,0.0,0.0,0.0
1975-10-21,178.0,11.0,0.0,0.0,0.0
1975-10-22,239.0,17.0,0.0,0.0,0.0
1975-10-23,250.0,33.0,0.0,0.0,0.0
1975-10-24,250.0,39.0,0.0,0.0,0.0
1975-10-25,278.0,56.0,0.0,0.0,0.0
1975-10-26,261.0,56.0,0.0,0.0,0.0
1975-10-27,161.0,128.0,25.0,0.0,0.0
1975-10-28,228.0,117.0,0.0,0.0,0.0
1975-10-29,217.0,117.0,0.0,0.0,0.0
1975-10-30,250.0,61.0,13.0,0.0,0.0
1975-10-31,194.0,-17.0,0.0,0.0,0.0
1975-11-01,194.0,-6.0,0.0,,
1975-11-02,206.0,6.0,0.0,,
1975-11-03,233.0,22.0,0.0,,
1975-11-04,244.0,56.0,0.0,,
1975-11-05,250.0,61.0,0.0,,
1975-11-06,256.0,83.0,0.0,,
1975-11-07,228.0,128.0,71.0,,
1975-11-08,222.0,122.0,198.0,,
1975-11-09,250.0,89.0,0.0,,
1975-11-10,228.0,106.0,86.0,,
1975-11-11,211.0,106.0,13.0,,
1975-11-12,222.0,133.0,41.0,,
1975-11-13,167.0,28.0,279.0,,
1975-11-14,33.0,-6.0,13.0,,
1975-11-15,28.0,-61.0,0.0,,
1975-11-16,122.0,-61.0,0.0,,
1975-11-17,172.0,-39.0,0.0,,
1975-11-18,206.0,-22.0,0.0,,
1975-11-19,206.0,-22.0,0.0,,
1975-11-20,194.0,28.0,0.0,,
1975-11-21,189.0,17.0,185.0,,
1975-11-22,61.0,6.0,0.0,,
1975-11-23,67.0,-17.0,10.0,,
1975-11-24,33.0,-11.0,20.0,,
1975-11-25,61.0,-28.0,0.0,,
1975-11-26,61.0,-44.0,0.0,,
1975-11-27,106.0,-44.0,56.0,,
1975-11-28,122.0,-39.0,0.0,,
1975-11-29,156.0,-39.0,0.0,,
1975-11-30,161.0,56.0,0.0,,
1975-12-01,172.0,6.0,165.0,,
1975-12-02,111.0,-50.0,0.0,,
1975-12-03,128.0,-39.0,0.0,,
1975-12-04,161.0,-33.0,0.0,,
1975-12-05,200.0,-11.0,0.0,,
1975-12-06,206.0,11.0,0.0,,
1975-12-07,194.0,33.0,8.0,,
1975-12-08,172.0,72.0,0.0,,
1975-12-09,133.0,61.0,36.0,,
1975-12-10,61.0,-6.0,13.0,,
1975-12-11,44.0,-50.0,0.0,,
1975-12-12,144.0,-39.0,0.0,,
1975-12-13,178.0,-17.0,0.0,,
1975-12-14,178.0,-11.0,0.0,,
1975-12-15,183.0,56.0,0.0,,
1975-12-16,122.0,72.0,178.0,,
1975-12-17,72.0,11.0,0.0,,
1975-12-18,117.0,-67.0,0.0,,
1975-12-19,-50.0,-133.0,0.0,,
1975-12-20,22.0,-94.0,0.0,,
1975-12-21,6.0,-89.0,0.0,,
1975-12-22,6.0,-94.0,0.0,,
1975-12-23,44.0,-100.0,0.0,,
1975-12-24,83.0,-100.0,0.0,,
1975-12-25,78.0,-39.0,61.0,,
1975-12-26,72.0,22.0,201.0,,
1975-12-27,44.0,0.0,5.0,,
1975-12-28,28.0,-17.0,0.0,,
1975-12-29,83.0,-39.0,0.0,,
1975-12-30,106.0,-33.0,51.0,,
1975-12-31,128.0,78.0,267.0,,
1976-01-01,128.0,28.0,140.0,,
1976-01-02,83.0,-11.0,0.0,,
1976-01-03,139.0,-11.0,244.0,,
1976-01-04,78.0,-72.0,0.0,,
1976-01-05,-22.0,-128.0,0.0,,
1976-01-06,22.0,-122.0,0.0,,
1976-01-07,83.0,-100.0,0.0,,
1976-01-08,78.0,-39.0,124.0,,
1976-01-09,-28.0,-150.0,0.0,,
1976-01-10,-28.0,-144.0,0.0,,
1976-01-11,72.0,-117.0,0.0,,
1976-01-12,11.0,-28.0,102.0,,
1976-01-13,72.0,-28.0,76.0,,
1976-01-14,128.0,-22.0,84.0,,
1976-01-15,83.0,-94.0,0.0,,
1976-01-16,89.0,-83.0,0.0,,
1976-01-17,61.0,-56.0,25.0,,
1976-01-18,-44.0,-144.0,0.0,,
1976-01-19,,,0.0,,
1976-01-20,,,0.0,,
1976-01-21,-6.0,-100.0,10.0,,
1976-01-22,56.0,-89.0,0.0,,
1976-01-23,44.0,-78.0,0.0,,
1976-01-24,133.0,-72.0,0.0,,
1976-01-25,94.0,33.0,127.0,,
1976-01-26,144.0,94.0,165.0,,
1976-01-27,128.0,11.0,267.0,,
1976-01-28,22.0,-83.0,0.0,,
1976-01-29,56.0,-78.0,0.0,,
1976-01-30,67.0,-67.0,0.0,,
1976-01-31,111.0,-56.0,0.0,,
1976-02-01,111.0,-33.0,,,
1976-02-02,56.0,-83.0,,,
1976-02-03,28.0,-78.0,,,
1976-02-04,117.0,-33.0,0.0,,
1976-02-05,172.0,-28.0,0.0,,
1976-02-06,189.0,22.0,25.0,,
1976-02-07,100.0,-61.0,0.0,,
1976-02-08,22.0,-111.0,0.0,,
1976-02-09,61.0,-111.0,0.0,,
1976-02-10,117.0,-67.0,0.0,,
1976-02-11,194.0,-39.0,3.0,,
1976-02-12,111.0,-61.0,15.0,,
1976-02-13,178.0,-50.0,0.0,,
1976-02-14,189.0,56.0,0.0,,
1976-02-15,228.0,61.0,0.0,,
1976-02-16,150.0,39.0,0.0,,
1976-02-17,222.0,67.0,0.0,,
1976-02-18,200.0,106.0,64.0,,
1976-02-19,156.0,-6.0,262.0,,
1976-02-20,172.0,-17.0,0.0,,
1976-02-21,211.0,-6.0,0.0,,
1976-02-22,183.0,56.0,58.0,,
1976-02-23,61.0,-33.0,0.0,,
1976-02-24,106.0,-61.0,0.0,,
1976-02-25,183.0,-28.0,0.0,,
1976-02-26,206.0,-6.0,0.0,,
1976-02-27,200.0,-11.0,0.0,,
1976-02-28,222.0,-28.0,0.0,,
1976-02-29,228.0,-17.0,0.0,,
1976-03-01,228.0,-6.0,0.0,0.0,0.0
1976-03-02,239.0,28.0,0.0,0.0,0.0
1976-03-03,250.0,33.0,0.0,0.0,0.0
1976-03-04,244.0,56.0,0.0,0.0,0.0
1976-03-05,267.0,111.0,0.0,0.0,0.0
1976-03-06,211.0,89.0,203.0,0.0,0.0
1976-03-07,111.0,-17.0,0.0,0.0,0.0
1976-03-08,150.0,-11.0,0.0,0.0,0.0
1976-03-09,94.0,17.0,178.0,0.0,0.0
1976-03-10,117.0,-11.0,76.0,0.0,0.0
1976-03-11,150.0,-17.0,0.0,0.0,0.0
1976-03-12,194.0,-6.0,0.0,0.0,0.0
1976-03-13,100.0,89.0,257.0,0.0,0.0
1976-03-14,111.0,-17.0,0.0,0.0,0.0
1976-03-15,139.0,0.0,0.0,0.0,0.0
1976-03-16,94.0,33.0,267.0,0.0,0.0
1976-03-17,133.0,-28.0,30.0,0.0,0.0
1976-03-18,72.0,-56.0,0.0,0.0,0.0
1976-03-19,167.0,0.0,0.0,0.0,0.0
1976-03-20,200.0,61.0,0.0,0.0,0.0
1976-03-21,167.0,89.0,335.0,0.0,0.0
1976-03-22,167.0,0.0,0.0,0.0,0.0
1976-03-23,167.0,-28.0,0.0,0.0,0.0
1976-03-24,189.0,-17.0,0.0,0.0,0.0
1976-03-25,194.0,22.0,20.0,0.0,0.0
1976-03-26,194.0,67.0,0.0,0.0,0.0
1976-03-27,211.0,89.0,76.0,0.0,0.0
1976-03-28,206.0,-6.0,0.0,0.0,0.0
1976-03-29,233.0,17.0,0.0,0.0,0.0
1976-03-30,206.0,133.0,254.0,0.0,0.0
1976-03-31,178.0,122.0,203.0,0.0,0.0
1976-04-01,156.0,-11.0,183.0,0.0,0.0
1976-04-02,117.0,-11.0,0.0,0.0,0.0
1976-04-03,183.0,-17.0,0.0,0.0,0.0
1976-04-04,244.0,22.0,0.0,0.0,0.0
1976-04-05,200.0,-11.0,0.0,0.0,0.0
1976-04-06,217.0,0.0,0.0,0.0,0.0
1976-04-07,211.0,-6.0,0.0,0.0,0.0
1976-04-08,244.0,11.0,0.0,0.0,0.0
1976-04-09,222.0,-11.0,0.0,0.0,0.0
1976-04-10,178.0,-33.0,0.0,0.0,0.0
1976-04-11,211.0,-11.0,0.0,0.0,0.0
1976-04-12,222.0,-6.0,46.0,0.0,0.0
1976-04-13,194.0,-11.0,0.0,0.0,0.0
1976-04-14,239.0,6.0,0.0,0.0,0.0
1976-04-15,256.0,44.0,0.0,0.0,0.0
1976-04-16,267.0,72.0,0.0,0.0,0.0
1976-04-17,250.0,56.0,0.0,0.0,0.0
1976-04-18,278.0,50.0,0.0,0.0,0.0
1976-04-19,278.0,56.0,0.0,0.0,0.0
1976-04-20,300.0,72.0,0.0,0.0,0.0
1976-04-21,294.0,94.0,0.0,0.0,0.0
1976-04-22,250.0,83.0,61.0,0.0,0.0
1976-04-23,239.0,33.0,0.0,0.0,0.0
1976-04-24,289.0,61.0,0.0,0.0,0.0
1976-04-25,261.0,122.0,86.0,0.0,0.0
1976-04-26,200.0,50.0,0.0,0.0,0.0
1976-04-27,133.0,-11.0,0.0,0.0,0.0
1976-04-28,178.0,-11.0,0.0,0.0,0.0
1976-04-29,189.0,56.0,0.0,0.0,0.0
1976-04-30,189.0,72.0,0.0,0.0,0.0
1976-05-01,200.0,117.0,163.0,0.0,0.0
1976-05-02,167.0,83.0,61.0,0.0,0.0
1976-05-03,189.0,39.0,0.0,0.0,0.0
1976-05-04,156.0,-22.0,0.0,0.0,0.0
1976-05-05,194.0,0.0,0.0,0.0,0.0
1976-05-06,244.0,67.0,0.0,0.0,0.0
1976-05-07,222.0,139.0,457.0,0.0,0.0
1976-05-08,194.0,89.0,137.0,0.0,0.0
1976-05-09,194.0,56.0,0.0,0.0,0.0
1976-05-10,222.0,56.0,0.0,0.0,0.0
1976-05-11,211.0,72.0,163.0,0.0,0.0
1976-05-12,217.0,94.0,15.0,0.0,0.0
1976-05-13,244.0,83.0,0.0,0.0,0.0
1976-05-14,250.0,117.0,58.0,0.0,0.0
1976-05-15,194.0,139.0,991.0,0.0,0.0
1976-05-16,256.0,117.0,64.0,0.0,0.0
1976-05-17,194.0,106.0,0.0,0.0,0.0
1976-05-18,217.0,100.0,0.0,0.0,0.0
1976-05-19,122.0,6.0,0.0,0.0,0.0
1976-05-20,189.0,17.0,0.0,0.0,0.0
1976-05-21,244.0,44.0,0.0,0.0,0.0
1976-05-22,250.0,50.0,0.0,0.0,0.0
1976-05-23,278.0,83.0,0.0,0.0,0.0
1976-05-24,267.0,128.0,0.0,0.0,0.0
1976-05-25,206.0,67.0,0.0,0.0,0.0
1976-05-26,222.0,39.0,0.0,0.0,0.0
1976-05-27,222.0,89.0,0.0,0.0,0.0
1976-05-28,183.0,139.0,5.0,0.0,0.0
1976-05-29,189.0,122.0,353.0,0.0,0.0
1976-05-30,178.0,133.0,25.0,0.0,0.0
1976-05-31,256.0,133.0,0.0,0.0,0.0
1976-06-01,283.0,128.0,0.0,0.0,0.0
1976-06-02,261.0,139.0,109.0,0.0,0.0
1976-06-03,206.0,139.0,0.0,0.0,0.0
1976-06-04,250.0,139.0,20.0,0.0,0.0
1976-06-05,239.0,94.0,0.0,0.0,0.0
1976-06-06,228.0,44.0,0.0,0.0,0.0
1976-06-07,233.0,67.0,0.0,0.0,0.0
1976-06-08,244.0,89.0,0.0,0.0,0.0
1976-06-09,261.0,122.0,48.0,0.0,0.0
1976-06-10,272.0,122.0,13.0,0.0,0.0
1976-06-11,283.0,111.0,97.0,0.0,0.0
1976-06-12,278.0,117.0,0.0,0.0,0.0
1976-06-13,294.0,122.0,0.0,0.0,0.0
1976-06-14,300.0,156.0,0.0,0.0,0.0
1976-06-15,278.0,139.0,0.0,0.0,0.0
1976-06-16,289.0,150.0,0.0,0.0,0.0
1976-06-17,278.0,167.0,76.0,0.0,0.0
1976-06-18,278.0,183.0,48.0,0.0,0.0
1976-06-19,261.0,172.0,76.0,0.0,0.0
1976-06-20,194.0,161.0,889.0,0.0,0.0
1976-06-21,228.0,133.0,25.0,0.0,0.0
1976-06-22,233.0,100.0,0.0,0.0,0.0
1976-06-23,244.0,117.0,0.0,0.0,0.0
1976-06-24,256.0,167.0,0.0,0.0,0.0
1976-06-25,261.0,156.0,0.0,0.0,0.0
1976-06-26,294.0,183.0,64.0,0.0,0.0
1976-06-27,244.0,172.0,137.0,0.0,0.0
1976-06-28,272.0,161.0,0.0,0.0,0.0
1976-06-29,289.0,139.0,0.0,0.0,0.0
1976-06-30,283.0,144.0,191.0,0.0,0.0
1976-07-01,239.0,111.0,91.0,0.0,0.0
1976-07-02,244.0,106.0,0.0,0.0,0.0
1976-07-03,250.0,111.0,0.0,0.0,0.0
1976-07-04,250.0,128.0,254.0,0.0,0.0
1976-07-05,178.0,139.0,533.0,0.0,0.0
1976-07-06,228.0,139.0,23.0,0.0,0.0
1976-07-07,222.0,117.0,584.0,0.0,0.0
1976-07-08,250.0,111.0,0.0,0.0,0.0
1976-07-09,272.0,128.0,23.0,0.0,0.0
1976-07-10,283.0,117.0,20.0,0.0,0.0
1976-07-11,294.0,133.0,0.0,0.0,0.0
1976-07-12,300.0,144.0,0.0,0.0,0.0
1976-07-13,294.0,167.0,0.0,0.0,0.0
1976-07-14,283.0,106.0,0.0,0.0,0.0
1976-07-15,294.0,150.0,0.0,0.0,0.0
1976-07-16,300.0,167.0,0.0,0.0,0.0
1976-07-17,278.0,167.0,36.0,0.0,0.0
1976-07-18,244.0,83.0,0.0,0.0,0.0
1976-07-19,272.0,94.0,0.0,0.0,0.0
1976-07-20,283.0,133.0,28.0,0.0,0.0
1976-07-21,278.0,150.0,25.0,0.0,0.0
1976-07-22,289.0,144.0,0.0,0.0,0.0
1976-07-23,300.0,161.0,0.0,0.0,0.0
1976-07-24,317.0,161.0,419.0,0.0,0.0
1976-07-25,306.0,156.0,0.0,0.0,0.0
1976-07-26,306.0,167.0,0.0,0.0,0.0
1976-07-27,311.0,178.0,0.0,0.0,0.0
1976-07-28,300.0,167.0,0.0,0.0,0.0
1976-07-29,278.0,167.0,0.0,0.0,0.0
1976-07-30,294.0,167.0,0.0,0.0,0.0
1976-07-31,256.0,150.0,0.0,0.0,0.0
1976-08-01,306.0,133.0,0.0,0.0,0.0
1976-08-02,322.0,150.0,0.0,0.0,0.0
1976-08-03,300.0,161.0,51.0,0.0,0.0
1976-08-04,294.0,144.0,0.0,0.0,0.0
1976-08-05,306.0,144.0,0.0,0.0,0.0
1976-08-06,306.0,144.0,25.0,0.0,0.0
1976-08-07,294.0,150.0,0.0,0.0,0.0
1976-08-08,294.0,167.0,0.0,0.0,0.0
1976-08-09,272.0,133.0,0.0,0.0,0.0
1976-08-10,283.0,106.0,0.0,0.0,0.0
1976-08-11,317.0,117.0,0.0,0.0,0.0
1976-08-12,333.0,139.0,0.0,0.0,0.0
1976-08-13,339.0,156.0,0.0,0.0,0.0
1976-08-14,306.0,156.0,0.0,0.0,0.0
1976-08-15,317.0,161.0,0.0,0.0,0.0
1976-08-16,278.0,150.0,0.0,0.0,0.0
1976-08-17,311.0,144.0,0.0,0.0,0.0
1976-08-18,317.0,144.0,0.0,0.0,0.0
1976-08-19,306.0,122.0,0.0,0.0,0.0
1976-08-20,317.0,94.0,0.0,0.0,0.0
1976-08-21,306.0,100.0,0.0,0.0,0.0
1976-08-22,317.0,167.0,0.0,0.0,0.0
1976-08-23,328.0,194.0,0.0,0.0,0.0
1976-08-24,306.0,183.0,25.0,0.0,0.0
1976-08-25,328.0,167.0,0.0,0.0,0.0
1976-08-26,322.0,161.0,229.0,0.0,0.0
1976-08-27,300.0,183.0,0.0,0.0,0.0
1976-08-28,300.0,189.0,140.0,0.0,0.0
1976-08-29,294.0,189.0,0.0,0.0,0.0
1976-08-30,311.0,156.0,0.0,0.0,0.0
1976-08-31,289.0,133.0,0.0,0.0,0.0
1976-09-01,289.0,122.0,0.0,0.0,0.0
1976-09-02,239.0,122.0,89.0,0.0,0.0
1976-09-03,256.0,150.0,0.0,0.0,0.0
1976-09-04,261.0,150.0,0.0,0.0,0.0
1976-09-05,228.0,156.0,107.0,0.0,0.0
1976-09-06,294.0,150.0,0.0,0.0,0.0
1976-09-07,294.0,144.0,0.0,0.0,0.0
1976-09-08,289.0,133.0,0.0,0.0,0.0
1976-09-09,306.0,133.0,0.0,0.0,0.0
1976-09-10,289.0,139.0,76.0,0.0,0.0
1976-09-11,228.0,44.0,0.0,0.0,0.0
1976-09-12,256.0,33.0,0.0,0.0,0.0
1976-09-13,289.0,50.0,0.0,0.0,0.0
1976-09-14,283.0,72.0,0.0,0.0,0.0
1976-09-15,222.0,122.0,0.0,0.0,0.0
1976-09-16,239.0,106.0,0.0,0.0,0.0
1976-09-17,272.0,83.0,0.0,0.0,0.0
1976-09-18,261.0,72.0,0.0,0.0,0.0
1976-09-19,272.0,72.0,0.0,0.0,0.0
1976-09-20,267.0,89.0,0.0,0.0,0.0
1976-09-21,222.0,122.0,56.0,0.0,0.0
1976-09-22,250.0,56.0,0.0,0.0,0.0
1976-09-23,244.0,28.0,0.0,0.0,0.0
1976-09-24,278.0,33.0,0.0,0.0,0.0
1976-09-25,283.0,67.0,0.0,0.0,0.0
1976-09-26,283.0,89.0,0.0,0.0,0.0
1976-09-27,239.0,161.0,318.0,0.0,0.0
1976-09-28,256.0,172.0,259.0,0.0,0.0
1976-09-29,267.0,161.0,0.0,0.0,0.0
1976-09-30,222.0,139.0,0.0,0.0,0.0
1976-10-01,167.0,100.0,0.0,0.0,0.0
1976-10-02,222.0,72.0,0.0,0.0,0.0
1976-10-03,244.0,72.0,0.0,0.0,0.0
1976-10-04,267.0,89.0,0.0,0.0,0.0
1976-10-05,267.0,83.0,0.0,0.0,0.0
1976-10-06,256.0,89.0,25.0,0.0,0.0
1976-10-07,211.0,156.0,56.0,0.0,0.0
1976-10-08,239.0,139.0,521.0,0.0,0.0
1976-10-09,189.0,100.0,198.0,0.0,0.0
1976-10-10,156.0,22.0,0.0,0.0,0.0
1976-10-11,200.0,17.0,0.0,0.0,0.0
1976-10-12,217.0,11.0,0.0,0.0,0.0
1976-10-13,222.0,28.0,0.0,0.0,0.0
1976-10-14,256.0,50.0,0.0,0.0,0.0
1976-10-15,233.0,11.0,0.0,0.0,0.0
1976-10-16,244.0,11.0,0.0,0.0,0.0
1976-10-17,217.0,67.0,30.0,0.0,0.0
1976-10-18,161.0,-6.0,0.0,0.0,0.0
1976-10-19,189.0,-17.0,0.0,0.0,0.0
1976-10-20,161.0,-11.0,46.0,0.0,0.0
1976-10-21,133.0,33.0,30.0,0.0,0.0
1976-10-22,128.0,-28.0,0.0,0.0,0.0
1976-10-23,183.0,-28.0,0.0,0.0,0.0
1976-10-24,167.0,6.0,0.0,0.0,0.0
1976-10-25,167.0,89.0,356.0,0.0,0.0
1976-10-26,156.0,33.0,66.0,0.0,0.0
1976-10-27,150.0,22.0,69.0,0.0,0.0
1976-10-28,122.0,-22.0,0.0,0.0,0.0
1976-10-29,128.0,-39.0,0.0,0.0,0.0
1976-10-30,200.0,-33.0,0.0,0.0,0.0
1976-10-31,133.0,50.0,229.0,0.0,0.0
1976-11-01,161.0,-28.0,0.0,0.0,0.0
1976-11-02,178.0,-28.0,0.0,0.0,0.0
1976-11-03,172.0,-28.0,0.0,0.0,0.0
1976-11-04,128.0,-67.0,0.0,0.0,0.0
1976-11-05,72.0,-78.0,0.0,0.0,0.0
1976-11-06,144.0,-67.0,0.0,0.0,0.0
1976-11-07,100.0,-100.0,0.0,0.0,0.0
1976-11-08,56.0,-61.0,0.0,0.0,0.0
1976-11-09,167.0,-11.0,0.0,0.0,0.0
1976-11-10,200.0,-33.0,0.0,0.0,0.0
1976-11-11,161.0,-28.0,0.0,0.0,0.0
1976-11-12,78.0,-56.0,97.0,0.0,0.0
1976-11-13,94.0,-44.0,0.0,0.0,0.0
1976-11-14,44.0,0.0,0.0,0.0,0.0
1976-11-15,111.0,33.0,102.0,0.0,0.0
1976-11-16,122.0,22.0,0.0,0.0,0.0
1976-11-17,139.0,-17.0,0.0,0.0,0.0
1976-11-18,200.0,-17.0,0.0,0.0,0.0
1976-11-19,183.0,17.0,0.0,0.0,0.0
1976-11-20,117.0,-11.0,0.0,0.0,0.0
1976-11-21,100.0,-22.0,0.0,0.0,0.0
1976-11-22,50.0,-89.0,0.0,0.0,0.0
1976-11-23,72.0,-67.0,0.0,0.0,0.0
1976-11-24,128.0,-44.0,0.0,0.0,0.0
1976-11-25,172.0,-33.0,0.0,0.0,0.0
1976-11-26,111.0,39.0,0.0,0.0,0.0
1976-11-27,189.0,111.0,127.0,0.0,0.0
1976-11-28,156.0,-22.0,38.0,0.0,0.0
1976-11-29,-17.0,-111.0,305.0,0.0,0.0
1976-11-30,17.0,-111.0,0.0,0.0,0.0
1976-12-01,,,0.0,0.0,0.0
1976-12-02,106.0,-106.0,0.0,0.0,0.0
1976-12-03,94.0,-83.0,0.0,0.0,0.0
1976-12-04,122.0,-78.0,0.0,0.0,0.0
1976-12-05,133.0,-67.0,0.0,0.0,0.0
1976-12-06,167.0,-44.0,0.0,0.0,0.0
1976-12-07,83.0,50.0,330.0,0.0,0.0
1976-12-08,89.0,-17.0,25.0,0.0,0.0
1976-12-09,-11.0,-100.0,0.0,0.0,0.0
1976-12-10,117.0,-94.0,0.0,0.0,0.0
1976-12-11,106.0,0.0,0.0,0.0,0.0
1976-12-12,122.0,72.0,127.0,0.0,0.0
1976-12-13,128.0,17.0,56.0,0.0,0.0
1976-12-14,94.0,-61.0,0.0,0.0,0.0
1976-12-15,122.0,-50.0,178.0,0.0,0.0
1976-12-16,100.0,39.0,18.0,0.0,0.0
1976-12-17,150.0,-44.0,0.0,0.0,0.0
1976-12-18,167.0,-39.0,0.0,0.0,0.0
1976-12-19,200.0,-28.0,0.0,0.0,0.0
1976-12-20,194.0,-11.0,127.0,0.0,0.0
1976-12-21,94.0,-106.0,142.0,0.0,0.0
1976-12-22,-28.0,-139.0,0.0,0.0,0.0
1976-12-23,44.0,-128.0,0.0,0.0,0.0
1976-12-24,78.0,-83.0,0.0,0.0,0.0
1976-12-25,128.0,-89.0,0.0,0.0,0.0
1976-12-26,44.0,-39.0,229.0,0.0,0.0
1976-12-27,56.0,-50.0,0.0,0.0,0.0
1976-12-28,139.0,-50.0,0.0,0.0,0.0
1976-12-29,111.0,-50.0,0.0,0.0,0.0
1976-12-30,11.0,-100.0,0.0,0.0,0.0
1976-12-31,100.0,-94.0,185.0,0.0,0.0
1977-01-01,-22.0,-133.0,0.0,0.0,0.0
1977-01-02,28.0,-128.0,0.0,0.0,0.0
1977-01-03,11.0,-111.0,3.0,25.0,18.0
1977-01-04,33.0,-11.0,56.0,51.0,51.0
1977-01-05,67.0,11.0,15.0,0.0,0.0
1977-01-06,72.0,0.0,0.0,0.0,0.0
1977-01-07,33.0,0.0,183.0,0.0,0.0
1977-01-08,28.0,-89.0,0.0,0.0,0.0
1977-01-09,50.0,-78.0,0.0,0.0,0.0
1977-01-10,56.0,-17.0,335.0,0.0,0.0
1977-01-11,-17.0,-161.0,0.0,0.0,0.0
1977-01-12,0.0,-156.0,0.0,0.0,0.0
1977-01-13,28.0,-144.0,0.0,0.0,0.0
1977-01-14,83.0,-89.0,20.0,0.0,0.0
1977-01-15,67.0,0.0,132.0,0.0,0.0
1977-01-16,72.0,-50.0,0.0,0.0,0.0
1977-01-17,-17.0,-206.0,3.0,0.0,30.0
1977-01-18,-39.0,-194.0,0.0,0.0,0.0
1977-01-19,-50.0,-183.0,0.0,0.0,0.0
1977-01-20,-28.0,-167.0,3.0,51.0,51.0
1977-01-21,-28.0,-167.0,8.0,102.0,89.0
1977-01-22,22.0,-156.0,0.0,25.0,0.0
1977-01-23,44.0,-111.0,0.0,0.0,0.0
1977-01-24,83.0,-100.0,51.0,76.0,64.0
1977-01-25,17.0,-11.0,56.0,102.0,38.0
1977-01-26,17.0,-78.0,0.0,25.0,0.0
1977-01-27,89.0,-72.0,0.0,0.0,0.0
1977-01-28,106.0,-39.0,0.0,0.0,0.0
1977-01-29,89.0,-161.0,0.0,0.0,0.0
1977-01-30,-44.0,-167.0,0.0,0.0,0.0
1977-01-31,17.0,-139.0,0.0,0.0,0.0
1977-02-01,17.0,-128.0,0.0,,
1977-02-02,28.0,-150.0,0.0,,
1977-02-03,106.0,-144.0,0.0,,
1977-02-04,61.0,-72.0,0.0,,
1977-02-05,133.0,-17.0,0.0,,
1977-02-06,28.0,-122.0,0.0,,
1977-02-07,28.0,-128.0,0.0,,
1977-02-08,33.0,-139.0,0.0,,
1977-02-09,89.0,-117.0,0.0,,
1977-02-10,133.0,-89.0,0.0,,
1977-02-11,161.0,-67.0,0.0,,
1977-02-12,172.0,-33.0,0.0,,
1977-02-13,72.0,17.0,140.0,,
1977-02-14,106.0,-67.0,0.0,,
1977-02-15,161.0,-61.0,0.0,,
1977-02-16,67.0,-94.0,0.0,,
1977-02-17,28.0,-122.0,0.0,,
1977-02-18,50.0,-122.0,3.0,,
1977-02-19,172.0,-33.0,0.0,,
1977-02-20,161.0,-44.0,0.0,,
1977-02-21,33.0,-72.0,0.0,,
1977-02-22,78.0,-67.0,0.0,,
1977-02-23,200.0,-44.0,0.0,,
1977-02-24,167.0,56.0,254.0,,
1977-02-25,167.0,11.0,0.0,,
1977-02-26,239.0,11.0,0.0,,
1977-02-27,272.0,17.0,203.0,,
1977-02-28,133.0,-17.0,0.0,,
1977-03-01,94.0,-72.0,0.0,0.0,0.0
1977-03-02,100.0,-67.0,0.0,0.0,0.0
1977-03-03,161.0,-50.0,0.0,0.0,0.0
1977-03-04,161.0,67.0,76.0,0.0,0.0
1977-03-05,189.0,0.0,0.0,0.0,0.0
1977-03-06,139.0,11.0,267.0,0.0,0.0
1977-03-07,100.0,-6.0,38.0,0.0,0.0
1977-03-08,122.0,-56.0,0.0,0.0,0.0
1977-03-09,183.0,-56.0,0.0,0.0,0.0
1977-03-10,206.0,-22.0,0.0,0.0,0.0
1977-03-11,178.0,28.0,0.0,0.0,0.0
1977-03-12,189.0,128.0,0.0,0.0,0.0
1977-03-13,189.0,39.0,394.0,0.0,0.0
1977-03-14,206.0,28.0,0.0,0.0,0.0
1977-03-15,233.0,11.0,0.0,0.0,0.0
1977-03-16,283.0,17.0,0.0,0.0,0.0
1977-03-17,189.0,44.0,0.0,0.0,0.0
1977-03-18,239.0,56.0,0.0,0.0,0.0
1977-03-19,178.0,56.0,0.0,0.0,0.0
1977-03-20,183.0,61.0,89.0,0.0,0.0
1977-03-21,150.0,33.0,0.0,0.0,0.0
1977-03-22,156.0,11.0,165.0,0.0,0.0
1977-03-23,72.0,-28.0,0.0,0.0,0.0
1977-03-24,183.0,-22.0,0.0,0.0,0.0
1977-03-25,206.0,11.0,0.0,0.0,0.0
1977-03-26,239.0,17.0,0.0,0.0,0.0
1977-03-27,233.0,72.0,0.0,0.0,0.0
1977-03-28,217.0,144.0,0.0,0.0,0.0
1977-03-29,194.0,144.0,56.0,0.0,0.0
1977-03-30,228.0,133.0,478.0,0.0,0.0
1977-03-31,200.0,72.0,191.0,0.0,0.0
1977-04-01,,,0.0,0.0,0.0
1977-04-02,228.0,22.0,0.0,0.0,0.0
1977-04-03,222.0,122.0,508.0,0.0,0.0
1977-04-04,206.0,128.0,56.0,0.0,0.0
1977-04-05,228.0,83.0,589.0,0.0,0.0
1977-04-06,100.0,-11.0,0.0,0.0,0.0
1977-04-07,150.0,-17.0,0.0,0.0,0.0
1977-04-08,239.0,0.0,0.0,0.0,0.0
1977-04-09,233.0,-17.0,0.0,0.0,0.0
1977-04-10,239.0,0.0,0.0,0.0,0.0
1977-04-11,283.0,33.0,0.0,0.0,0.0
1977-04-12,300.0,56.0,0.0,0.0,0.0
1977-04-13,300.0,61.0,0.0,0.0,0.0
1977-04-14,300.0,78.0,0.0,0.0,0.0
1977-04-15,294.0,78.0,0.0,0.0,0.0
1977-04-16,289.0,67.0,0.0,0.0,0.0
1977-04-17,300.0,56.0,0.0,0.0,0.0
1977-04-18,306.0,78.0,0.0,0.0,0.0
1977-04-19,294.0,106.0,0.0,0.0,0.0
1977-04-20,261.0,89.0,13.0,0.0,0.0
1977-04-21,272.0,89.0,0.0,0.0,0.0
1977-04-22,256.0,167.0,0.0,0.0,0.0
1977-04-23,217.0,156.0,160.0,0.0,0.0
1977-04-24,250.0,128.0,249.0,0.0,0.0
1977-04-25,194.0,78.0,0.0,0.0,0.0
1977-04-26,172.0,17.0,0.0,0.0,0.0
1977-04-27,161.0,0.0,0.0,0.0,0.0
1977-04-28,228.0,17.0,0.0,0.0,0.0
1977-04-29,244.0,28.0,0.0,0.0,0.0
1977-04-30,250.0,139.0,38.0,0.0,0.0
1977-05-01,244.0,150.0,0.0,0.0,0.0
1977-05-02,239.0,106.0,0.0,0.0,0.0
1977-05-03,233.0,111.0,0.0,0.0,0.0
1977-05-04,228.0,144.0,208.0,0.0,0.0
1977-05-05,239.0,128.0,41.0,0.0,0.0
1977-05-06,289.0,122.0,0.0,0.0,0.0
1977-05-07,289.0,117.0,0.0,0.0,0.0
1977-05-08,250.0,139.0,25.0,0.0,0.0
1977-05-09,261.0,83.0,0.0,0.0,0.0
1977-05-10,217.0,11.0,0.0,0.0,0.0
1977-05-11,211.0,11.0,0.0,0.0,0.0
1977-05-12,239.0,11.0,25.0,0.0,0.0
1977-05-13,250.0,28.0,0.0,0.0,0.0
1977-05-14,272.0,28.0,51.0,0.0,0.0
1977-05-15,261.0,67.0,0.0,0.0,0.0
1977-05-16,278.0,78.0,0.0,0.0,0.0
1977-05-17,311.0,106.0,0.0,0.0,0.0
1977-05-18,300.0,117.0,0.0,0.0,0.0
1977-05-19,294.0,111.0,0.0,0.0,0.0
1977-05-20,294.0,128.0,0.0,0.0,0.0
1977-05-21,300.0,111.0,0.0,0.0,0.0
1977-05-22,267.0,111.0,0.0,0.0,0.0
1977-05-23,250.0,133.0,33.0,0.0,0.0
1977-05-24,267.0,139.0,89.0,0.0,0.0
1977-05-25,222.0,128.0,462.0,0.0,0.0
1977-05-26,267.0,156.0,61.0,0.0,0.0
1977-05-27,244.0,156.0,0.0,0.0,0.0
1977-05-28,261.0,150.0,20.0,0.0,0.0
1977-05-29,283.0,139.0,0.0,0.0,0.0
1977-05-30,300.0,144.0,0.0,0.0,0.0
1977-05-31,300.0,156.0,0.0,0.0,0.0
1977-06-01,300.0,161.0,0.0,0.0,0.0
1977-06-02,272.0,94.0,0.0,0.0,0.0
1977-06-03,278.0,94.0,0.0,0.0,0.0
1977-06-04,267.0,106.0,0.0,0.0,0.0
1977-06-05,300.0,122.0,0.0,0.0,0.0
1977-06-06,317.0,100.0,0.0,0.0,0.0
1977-06-07,322.0,78.0,64.0,0.0,0.0
1977-06-08,228.0,33.0,0.0,0.0,0.0
1977-06-09,267.0,44.0,0.0,0.0,0.0
1977-06-10,261.0,56.0,0.0,0.0,0.0
1977-06-11,283.0,50.0,0.0,0.0,0.0
1977-06-12,311.0,72.0,267.0,0.0,0.0
1977-06-13,322.0,156.0,0.0,0.0,0.0
1977-06-14,333.0,156.0,81.0,0.0,0.0
1977-06-15,267.0,178.0,178.0,0.0,0.0
1977-06-16,283.0,178.0,0.0,0.0,0.0
1977-06-17,300.0,172.0,0.0,0.0,0.0
1977-06-18,256.0,189.0,0.0,0.0,0.0
1977-06-19,300.0,172.0,264.0,0.0,0.0
1977-06-20,311.0,178.0,0.0,0.0,0.0
1977-06-21,278.0,178.0,127.0,0.0,0.0
1977-06-22,294.0,150.0,0.0,0.0,0.0
1977-06-23,311.0,150.0,94.0,0.0,0.0
1977-06-24,311.0,183.0,0.0,0.0,0.0
1977-06-25,317.0,183.0,0.0,0.0,0.0
1977-06-26,317.0,178.0,51.0,0.0,0.0
1977-06-27,306.0,183.0,30.0,0.0,0.0
1977-06-28,322.0,172.0,0.0,0.0,0.0
1977-06-29,311.0,172.0,76.0,0.0,0.0
1977-06-30,306.0,189.0,0.0,0.0,0.0
1977-07-01,317.0,183.0,0.0,0.0,0.0
1977-07-02,317.0,183.0,56.0,0.0,0.0
1977-07-03,294.0,139.0,0.0,0.0,0.0
1977-07-04,317.0,144.0,0.0,0.0,0.0
1977-07-05,333.0,161.0,0.0,0.0,0.0
1977-07-06,311.0,178.0,0.0,0.0,0.0
1977-07-07,350.0,183.0,0.0,0.0,0.0
1977-07-08,367.0,183.0,0.0,0.0,0.0
1977-07-09,367.0,178.0,0.0,0.0,0.0
1977-07-10,344.0,183.0,0.0,0.0,0.0
1977-07-11,328.0,178.0,0.0,0.0,0.0
1977-07-12,333.0,178.0,0.0,0.0,0.0
1977-07-13,328.0,178.0,0.0,0.0,0.0
1977-07-14,361.0,183.0,0.0,0.0,0.0
1977-07-15,367.0,189.0,0.0,0.0,0.0
1977-07-16,367.0,189.0,0.0,0.0,0.0
1977-07-17,356.0,178.0,178.0,0.0,0.0
1977-07-18,322.0,178.0,0.0,0.0,0.0
1977-07-19,344.0,178.0,0.0,0.0,0.0
1977-07-20,350.0,172.0,0.0,0.0,0.0
1977-07-21,339.0,172.0,0.0,0.0,0.0
1977-07-22,361.0,183.0,0.0,0.0,0.0
1977-07-23,256.0,194.0,254.0,0.0,0.0
1977-07-24,306.0,161.0,0.0,0.0,0.0
1977-07-25,311.0,167.0,178.0,0.0,0.0
1977-07-26,278.0,189.0,0.0,0.0,0.0
1977-07-27,311.0,178.0,0.0,0.0,0.0
1977-07-28,300.0,156.0,0.0,0.0,0.0
1977-07-29,239.0,150.0,0.0,0.0,0.0
1977-07-30,211.0,183.0,81.0,0.0,0.0
1977-07-31,311.0,172.0,0.0,0.0,0.0
1977-08-01,328.0,172.0,0.0,0.0,0.0
1977-08-02,317.0,172.0,0.0,0.0,0.0
1977-08-03,317.0,167.0,25.0,0.0,0.0
1977-08-04,272.0,156.0,20.0,0.0,0.0
1977-08-05,311.0,156.0,0.0,0.0,0.0
1977-08-06,339.0,183.0,0.0,0.0,0.0
1977-08-07,339.0,172.0,0.0,0.0,0.0
1977-08-08,283.0,189.0,38.0,0.0,0.0
1977-08-09,311.0,178.0,152.0,0.0,0.0
1977-08-10,294.0,172.0,25.0,0.0,0.0
1977-08-11,328.0,167.0,140.0,0.0,0.0
1977-08-12,333.0,178.0,0.0,0.0,0.0
1977-08-13,333.0,178.0,0.0,0.0,0.0
1977-08-14,328.0,183.0,0.0,0.0,0.0
1977-08-15,306.0,189.0,0.0,0.0,0.0
1977-08-16,289.0,194.0,0.0,0.0,0.0
1977-08-17,306.0,183.0,0.0,0.0,0.0
1977-08-18,267.0,200.0,1003.0,0.0,0.0
1977-08-19,289.0,161.0,0.0,0.0,0.0
1977-08-20,289.0,139.0,0.0,0.0,0.0
1977-08-21,294.0,139.0,0.0,0.0,0.0
1977-08-22,289.0,150.0,0.0,0.0,0.0
1977-08-23,317.0,156.0,0.0,0.0,0.0
1977-08-24,306.0,161.0,0.0,0.0,0.0
1977-08-25,300.0,183.0,241.0,0.0,0.0
1977-08-26,311.0,178.0,0.0,0.0,0.0
1977-08-27,300.0,178.0,152.0,0.0,0.0
1977-08-28,300.0,183.0,0.0,0.0,0.0
1977-08-29,311.0,172.0,0.0,0.0,0.0
1977-08-30,317.0,167.0,0.0,0.0,0.0
1977-08-31,333.0,167.0,0.0,0.0,0.0
1977-09-01,339.0,172.0,0.0,0.0,0.0
1977-09-02,311.0,156.0,51.0,0.0,0.0
1977-09-03,322.0,156.0,0.0,0.0,0.0
1977-09-04,328.0,156.0,0.0,0.0,0.0
1977-09-05,311.0,156.0,0.0,0.0,0.0
1977-09-06,328.0,189.0,0.0,0.0,0.0
1977-09-07,306.0,189.0,89.0,0.0,0.0
1977-09-08,250.0,194.0,546.0,0.0,0.0
1977-09-09,300.0,178.0,0.0,0.0,0.0
1977-09-10,300.0,172.0,0.0,0.0,0.0
1977-09-11,294.0,156.0,0.0,0.0,0.0
1977-09-12,267.0,106.0,0.0,0.0,0.0
1977-09-13,278.0,111.0,0.0,0.0,0.0
1977-09-14,256.0,167.0,127.0,0.0,0.0
1977-09-15,300.0,161.0,109.0,0.0,0.0
1977-09-16,306.0,167.0,43.0,0.0,0.0
1977-09-17,278.0,189.0,173.0,0.0,0.0
1977-09-18,267.0,178.0,0.0,0.0,0.0
1977-09-19,294.0,167.0,0.0,0.0,0.0
1977-09-20,267.0,167.0,132.0,0.0,0.0
1977-09-21,272.0,133.0,0.0,0.0,0.0
1977-09-22,267.0,122.0,0.0,0.0,0.0
1977-09-23,289.0,122.0,0.0,0.0,0.0
1977-09-24,294.0,139.0,0.0,0.0,0.0
1977-09-25,267.0,144.0,0.0,0.0,0.0
1977-09-26,267.0,156.0,112.0,0.0,0.0
1977-09-27,239.0,156.0,64.0,0.0,0.0
1977-09-28,244.0,144.0,76.0,0.0,0.0
1977-09-29,250.0,89.0,0.0,0.0,0.0
1977-09-30,206.0,100.0,41.0,0.0,0.0
1977-10-01,194.0,144.0,0.0,0.0,0.0
1977-10-02,278.0,178.0,64.0,0.0,0.0
1977-10-03,261.0,50.0,0.0,0.0,0.0
1977-10-04,178.0,17.0,0.0,0.0,0.0
1977-10-05,217.0,17.0,0.0,0.0,0.0
1977-10-06,244.0,44.0,0.0,0.0,0.0
1977-10-07,211.0,56.0,0.0,0.0,0.0
1977-10-08,228.0,72.0,0.0,0.0,0.0
1977-10-09,161.0,133.0,389.0,0.0,0.0
1977-10-10,183.0,33.0,0.0,0.0,0.0
1977-10-11,189.0,33.0,0.0,0.0,0.0
1977-10-12,206.0,50.0,0.0,0.0,0.0
1977-10-13,161.0,-6.0,0.0,0.0,0.0
1977-10-14,139.0,-6.0,0.0,0.0,0.0
1977-10-15,150.0,0.0,0.0,0.0,0.0
1977-10-16,239.0,6.0,0.0,0.0,0.0
1977-10-17,128.0,11.0,0.0,0.0,0.0
1977-10-18,156.0,-17.0,0.0,0.0,0.0
1977-10-19,206.0,-11.0,0.0,0.0,0.0
1977-10-20,167.0,0.0,0.0,0.0,0.0
1977-10-21,211.0,-11.0,0.0,0.0,0.0
1977-10-22,239.0,0.0,0.0,0.0,0.0
1977-10-23,244.0,17.0,0.0,0.0,0.0
1977-10-24,228.0,28.0,0.0,0.0,0.0
1977-10-25,217.0,56.0,25.0,0.0,0.0
1977-10-26,167.0,133.0,483.0,0.0,0.0
1977-10-27,194.0,78.0,0.0,0.0,0.0
1977-10-28,228.0,89.0,0.0,0.0,0.0
1977-10-29,256.0,89.0,0.0,0.0,0.0
1977-10-30,244.0,83.0,0.0,0.0,0.0
1977-10-31,189.0,122.0,0.0,0.0,0.0
1977-11-01,172.0,56.0,0.0,0.0,0.0
1977-11-02,244.0,50.0,0.0,0.0,0.0
1977-11-03,206.0,94.0,0.0,0.0,0.0
1977-11-04,206.0,156.0,89.0,0.0,0.0
1977-11-05,200.0,156.0,107.0,0.0,0.0
1977-11-06,211.0,128.0,445.0,0.0,0.0
1977-11-07,200.0,122.0,64.0,0.0,0.0
1977-11-08,189.0,128.0,0.0,0.0,0.0
1977-11-09,217.0,100.0,0.0,0.0,0.0
1977-11-10,206.0,67.0,25.0,0.0,0.0
1977-11-11,89.0,-22.0,0.0,0.0,0.0
1977-11-12,111.0,-50.0,0.0,0.0,0.0
1977-11-13,83.0,-78.0,0.0,0.0,0.0
1977-11-14,106.0,-67.0,0.0,0.0,0.0
1977-11-15,178.0,-50.0,0.0,0.0,0.0
1977-11-16,167.0,-33.0,0.0,0.0,0.0
1977-11-17,156.0,17.0,279.0,0.0,0.0
1977-11-18,183.0,-17.0,0.0,0.0,0.0
1977-11-19,156.0,-33.0,0.0,0.0,0.0
1977-11-20,200.0,-33.0,0.0,0.0,0.0
1977-11-21,167.0,33.0,25.0,0.0,0.0
1977-11-22,144.0,117.0,46.0,0.0,0.0
1977-11-23,161.0,122.0,64.0,0.0,0.0
1977-11-24,183.0,117.0,56.0,0.0,0.0
1977-11-25,206.0,83.0,0.0,0.0,0.0
1977-11-26,122.0,-78.0,0.0,0.0,0.0
1977-11-27,33.0,-89.0,0.0,0.0,0.0
1977-11-28,89.0,-28.0,76.0,0.0,0.0
1977-11-29,128.0,44.0,64.0,0.0,0.0
1977-11-30,167.0,89.0,0.0,0.0,0.0
1977-12-01,183.0,122.0,71.0,0.0,0.0
1977-12-02,139.0,-6.0,0.0,0.0,0.0
1977-12-03,133.0,-22.0,0.0,0.0,0.0
1977-12-04,167.0,0.0,0.0,0.0,0.0
1977-12-05,183.0,128.0,64.0,0.0,0.0
1977-12-06,206.0,6.0,51.0,0.0,0.0
1977-12-07,11.0,-139.0,0.0,0.0,0.0
1977-12-08,6.0,-133.0,0.0,0.0,0.0
1977-12-09,72.0,-44.0,127.0,0.0,0.0
1977-12-10,67.0,-111.0,0.0,0.0,0.0
1977-12-11,22.0,-111.0,0.0,0.0,0.0
1977-12-12,61.0,-100.0,0.0,0.0,0.0
1977-12-13,117.0,-67.0,0.0,0.0,0.0
1977-12-14,167.0,39.0,25.0,0.0,0.0
1977-12-15,156.0,33.0,0.0,0.0,0.0
1977-12-16,178.0,-11.0,0.0,0.0,0.0
1977-12-17,172.0,-11.0,0.0,0.0,0.0
1977-12-18,183.0,44.0,163.0,0.0,0.0
1977-12-19,106.0,-39.0,0.0,0.0,0.0
1977-12-20,183.0,-22.0,0.0,0.0,0.0
1977-12-21,122.0,-33.0,0.0,0.0,0.0
1977-12-22,6.0,-39.0,0.0,0.0,0.0
1977-12-23,44.0,-56.0,0.0,0.0,0.0
1977-12-24,89.0,-33.0,0.0,0.0,0.0
1977-12-25,117.0,44.0,300.0,0.0,0.0
1977-12-26,56.0,-100.0,0.0,0.0,0.0
1977-12-27,-6.0,-106.0,0.0,0.0,0.0
1977-12-28,33.0,-128.0,0.0,0.0,0.0
1977-12-29,22.0,-128.0,0.0,0.0,0.0
1977-12-30,44.0,-122.0,0.0,0.0,0.0
1977-12-31,39.0,6.0,76.0,0.0,3.0
1978-01-01,56.0,11.0,0.0,0.0,0.0
1978-01-02,67.0,-50.0,33.0,0.0,0.0
1978-01-03,6.0,-111.0,0.0,0.0,0.0
1978-01-04,67.0,-117.0,0.0,0.0,0.0
1978-01-05,128.0,-83.0,0.0,0.0,0.0
1978-01-06,106.0,-28.0,38.0,0.0,0.0
1978-01-07,94.0,67.0,36.0,0.0,0.0
1978-01-08,167.0,61.0,0.0,0.0,0.0
1978-01-09,133.0,-144.0,381.0,25.0,25.0
1978-01-10,-78.0,-150.0,0.0,0.0,0.0
1978-01-11,-61.0,-161.0,0.0,0.0,0.0
1978-01-12,17.0,-156.0,0.0,0.0,0.0
1978-01-13,11.0,-72.0,56.0,25.0,25.0
1978-01-14,11.0,-56.0,0.0,25.0,0.0
1978-01-15,-39.0,-72.0,5.0,51.0,25.0
1978-01-16,-6.0,-89.0,0.0,0.0,0.0
1978-01-17,56.0,-78.0,127.0,0.0,0.0
1978-01-18,50.0,-22.0,107.0,0.0,0.0
1978-01-19,67.0,-17.0,0.0,0.0,0.0
1978-01-20,44.0,-22.0,284.0,25.0,13.0
1978-01-21,-17.0,-61.0,0.0,0.0,0.0
1978-01-22,-22.0,-56.0,0.0,0.0,0.0
1978-01-23,44.0,-61.0,0.0,0.0,0.0
1978-01-24,106.0,-56.0,0.0,0.0,0.0
1978-01-25,78.0,0.0,310.0,0.0,0.0
1978-01-26,128.0,-83.0,356.0,76.0,64.0
1978-01-27,-22.0,-111.0,0.0,25.0,0.0
1978-01-28,6.0,-122.0,0.0,0.0,0.0
1978-01-29,-6.0,-122.0,0.0,0.0,0.0
1978-01-30,-11.0,-150.0,0.0,0.0,0.0
1978-01-31,11.0,-122.0,0.0,0.0,0.0
1978-02-01,11.0,-83.0,0.0,0.0,0.0
1978-02-02,83.0,-72.0,0.0,0.0,0.0
1978-02-03,83.0,-50.0,0.0,0.0,0.0
1978-02-04,28.0,-72.0,0.0,0.0,0.0
1978-02-05,83.0,-56.0,0.0,0.0,0.0
1978-02-06,50.0,-94.0,0.0,0.0,0.0
1978-02-07,-39.0,-144.0,0.0,0.0,0.0
1978-02-08,17.0,-122.0,0.0,0.0,0.0
1978-02-09,56.0,-117.0,0.0,0.0,0.0
1978-02-10,83.0,-83.0,0.0,0.0,0.0
1978-02-11,94.0,-83.0,0.0,0.0,0.0
1978-02-12,106.0,-83.0,0.0,0.0,0.0
1978-02-13,144.0,-61.0,76.0,0.0,0.0
1978-02-14,111.0,0.0,38.0,0.0,0.0
1978-02-15,22.0,-22.0,0.0,0.0,0.0
1978-02-16,117.0,-11.0,0.0,0.0,0.0
1978-02-17,139.0,6.0,0.0,0.0,0.0
1978-02-18,133.0,11.0,0.0,0.0,0.0
1978-02-19,100.0,-22.0,0.0,0.0,0.0
1978-02-20,56.0,-94.0,0.0,0.0,0.0
1978-02-21,72.0,-83.0,0.0,0.0,0.0
1978-02-22,6.0,-83.0,46.0,102.0,102.0
1978-02-23,11.0,-78.0,0.0,25.0,0.0
1978-02-24,17.0,-39.0,25.0,25.0,0.0
1978-02-25,100.0,-61.0,0.0,0.0,0.0
1978-02-26,172.0,-44.0,0.0,0.0,0.0
1978-02-27,78.0,-89.0,0.0,0.0,0.0
1978-02-28,117.0,-83.0,30.0,0.0,0.0
1978-03-01,39.0,11.0,56.0,,
1978-03-02,78.0,6.0,0.0,,
1978-03-03,33.0,17.0,229.0,,
1978-03-04,56.0,-56.0,0.0,,
1978-03-05,22.0,-122.0,0.0,,
1978-03-06,106.0,-117.0,0.0,,
1978-03-07,167.0,-56.0,0.0,,
1978-03-08,150.0,11.0,0.0,,
1978-03-09,106.0,72.0,104.0,,
1978-03-10,117.0,44.0,356.0,,
1978-03-11,94.0,0.0,0.0,,
1978-03-12,211.0,22.0,0.0,,
1978-03-13,156.0,22.0,0.0,,
1978-03-14,200.0,33.0,152.0,,
1978-03-15,228.0,22.0,0.0,,
1978-03-16,222.0,33.0,0.0,,
1978-03-17,94.0,-6.0,0.0,,
1978-03-18,44.0,-67.0,30.0,,
1978-03-19,128.0,-61.0,0.0,,
1978-03-20,228.0,0.0,0.0,,
1978-03-21,244.0,6.0,0.0,,
1978-03-22,206.0,28.0,76.0,,
1978-03-23,222.0,0.0,0.0,,
1978-03-24,267.0,22.0,0.0,,
1978-03-25,261.0,33.0,0.0,,
1978-03-26,206.0,78.0,127.0,,
1978-03-27,100.0,0.0,0.0,,
1978-03-28,72.0,-28.0,0.0,,
1978-03-29,206.0,-11.0,0.0,,
1978-03-30,239.0,-6.0,0.0,,
1978-03-31,228.0,0.0,0.0,,
1978-04-01,283.0,6.0,0.0,0.0,0.0
1978-04-02,267.0,50.0,0.0,0.0,0.0
1978-04-03,283.0,67.0,0.0,0.0,0.0
1978-04-04,278.0,83.0,0.0,0.0,0.0
1978-04-05,278.0,94.0,0.0,0.0,0.0
1978-04-06,283.0,78.0,0.0,0.0,0.0
1978-04-07,250.0,83.0,0.0,0.0,0.0
1978-04-08,278.0,22.0,0.0,0.0,0.0
1978-04-09,300.0,28.0,0.0,0.0,0.0
1978-04-10,294.0,56.0,0.0,0.0,0.0
1978-04-11,294.0,67.0,0.0,0.0,0.0
1978-04-12,172.0,28.0,178.0,0.0,0.0
1978-04-13,211.0,33.0,25.0,0.0,0.0
1978-04-14,228.0,6.0,0.0,0.0,0.0
1978-04-15,244.0,17.0,0.0,0.0,0.0
1978-04-16,250.0,17.0,0.0,0.0,0.0
1978-04-17,272.0,39.0,0.0,0.0,0.0
1978-04-18,256.0,122.0,0.0,0.0,0.0
1978-04-19,183.0,94.0,203.0,0.0,0.0
1978-04-20,200.0,67.0,0.0,0.0,0.0
1978-04-21,117.0,0.0,0.0,0.0,0.0
1978-04-22,122.0,-33.0,0.0,0.0,0.0
1978-04-23,211.0,-22.0,0.0,0.0,0.0
1978-04-24,217.0,39.0,0.0,0.0,0.0
1978-04-25,261.0,83.0,25.0,0.0,0.0
1978-04-26,167.0,61.0,152.0,0.0,0.0
1978-04-27,139.0,22.0,0.0,0.0,0.0
1978-04-28,194.0,6.0,0.0,0.0,0.0
1978-04-29,228.0,17.0,0.0,0.0,0.0
1978-04-30,261.0,67.0,0.0,0.0,0.0
1978-05-01,178.0,89.0,102.0,0.0,0.0
1978-05-02,178.0,56.0,0.0,0.0,0.0
1978-05-03,206.0,22.0,0.0,0.0,0.0
1978-05-04,144.0,28.0,0.0,0.0,0.0
1978-05-05,211.0,100.0,0.0,0.0,0.0
1978-05-06,239.0,111.0,0.0,0.0,0.0
1978-05-07,283.0,122.0,0.0,0.0,0.0
1978-05-08,194.0,144.0,132.0,0.0,0.0
1978-05-09,217.0,139.0,165.0,0.0,0.0
1978-05-10,256.0,94.0,0.0,0.0,0.0
1978-05-11,239.0,39.0,0.0,0.0,0.0
1978-05-12,267.0,39.0,0.0,0.0,0.0
1978-05-13,200.0,122.0,127.0,0.0,0.0
1978-05-14,217.0,128.0,0.0,0.0,0.0
1978-05-15,133.0,78.0,0.0,0.0,0.0
1978-05-16,117.0,61.0,0.0,0.0,0.0
1978-05-17,167.0,33.0,0.0,0.0,0.0
1978-05-18,244.0,44.0,0.0,0.0,0.0
1978-05-19,272.0,72.0,0.0,0.0,0.0
1978-05-20,289.0,83.0,0.0,0.0,0.0
1978-05-21,306.0,106.0,0.0,0.0,0.0
1978-05-22,283.0,100.0,0.0,0.0,0.0
1978-05-23,317.0,111.0,0.0,0.0,0.0
1978-05-24,283.0,150.0,254.0,0.0,0.0
1978-05-25,300.0,128.0,0.0,0.0,0.0
1978-05-26,306.0,150.0,0.0,0.0,0.0
1978-05-27,311.0,156.0,0.0,0.0,0.0
1978-05-28,300.0,156.0,0.0,0.0,0.0
1978-05-29,228.0,156.0,0.0,0.0,0.0
1978-05-30,283.0,172.0,0.0,0.0,0.0
1978-05-31,278.0,139.0,0.0,0.0,0.0
1978-06-01,300.0,111.0,0.0,0.0,0.0
1978-06-02,317.0,122.0,0.0,0.0,0.0
1978-06-03,311.0,144.0,0.0,0.0,0.0
1978-06-04,211.0,139.0,0.0,0.0,0.0
1978-06-05,283.0,89.0,0.0,0.0,0.0
1978-06-06,294.0,117.0,0.0,0.0,0.0
1978-06-07,306.0,156.0,0.0,0.0,0.0
1978-06-08,272.0,178.0,0.0,0.0,0.0
1978-06-09,217.0,189.0,254.0,0.0,0.0
1978-06-10,272.0,139.0,203.0,0.0,0.0
1978-06-11,300.0,144.0,0.0,0.0,0.0
1978-06-12,289.0,150.0,0.0,0.0,0.0
1978-06-13,300.0,167.0,51.0,0.0,0.0
1978-06-14,278.0,83.0,0.0,0.0,0.0
1978-06-15,278.0,78.0,0.0,0.0,0.0
1978-06-16,283.0,94.0,0.0,0.0,0.0
1978-06-17,306.0,133.0,0.0,0.0,0.0
1978-06-18,306.0,133.0,0.0,0.0,0.0
1978-06-19,317.0,139.0,0.0,0.0,0.0
1978-06-20,289.0,178.0,178.0,0.0,0.0
1978-06-21,278.0,161.0,0.0,0.0,0.0
1978-06-22,289.0,144.0,0.0,0.0,0.0
1978-06-23,306.0,161.0,0.0,0.0,0.0
1978-06-24,311.0,156.0,0.0,0.0,0.0
1978-06-25,322.0,178.0,0.0,0.0,0.0
1978-06-26,306.0,178.0,0.0,0.0,0.0
1978-06-27,344.0,183.0,0.0,0.0,0.0
1978-06-28,333.0,172.0,0.0,0.0,0.0
1978-06-29,361.0,183.0,0.0,0.0,0.0
1978-06-30,350.0,183.0,0.0,0.0,0.0
1978-07-01,350.0,161.0,0.0,0.0,0.0
1978-07-02,367.0,172.0,0.0,0.0,0.0
1978-07-03,333.0,200.0,0.0,0.0,0.0
1978-07-04,317.0,178.0,0.0,0.0,0.0
1978-07-05,322.0,172.0,0.0,0.0,0.0
1978-07-06,328.0,178.0,0.0,0.0,0.0
1978-07-07,311.0,183.0,0.0,0.0,0.0
1978-07-08,339.0,178.0,0.0,0.0,0.0
1978-07-09,333.0,178.0,0.0,0.0,0.0
1978-07-10,339.0,183.0,64.0,0.0,0.0
1978-07-11,333.0,183.0,0.0,0.0,0.0
1978-07-12,300.0,150.0,0.0,0.0,0.0
1978-07-13,322.0,183.0,310.0,0.0,0.0
1978-07-14,256.0,183.0,0.0,0.0,0.0
1978-07-15,317.0,189.0,0.0,0.0,0.0
1978-07-16,233.0,178.0,559.0,0.0,0.0
1978-07-17,289.0,139.0,0.0,0.0,0.0
1978-07-18,306.0,139.0,0.0,0.0,0.0
1978-07-19,317.0,156.0,0.0,0.0,0.0
1978-07-20,328.0,161.0,0.0,0.0,0.0
1978-07-21,322.0,167.0,0.0,0.0,0.0
1978-07-22,339.0,167.0,0.0,0.0,0.0
1978-07-23,350.0,167.0,0.0,0.0,0.0
1978-07-24,322.0,178.0,0.0,0.0,0.0
1978-07-25,317.0,183.0,203.0,0.0,0.0
1978-07-26,283.0,167.0,0.0,0.0,0.0
1978-07-27,317.0,183.0,0.0,0.0,0.0
1978-07-28,283.0,178.0,0.0,0.0,0.0
1978-07-29,317.0,161.0,0.0,0.0,0.0
1978-07-30,328.0,172.0,0.0,0.0,0.0
1978-07-31,344.0,172.0,0.0,0.0,0.0
1978-08-01,344.0,183.0,0.0,0.0,0.0
1978-08-02,306.0,150.0,0.0,0.0,0.0
1978-08-03,328.0,150.0,0.0,0.0,0.0
1978-08-04,322.0,144.0,0.0,0.0,0.0
1978-08-05,228.0,161.0,157.0,0.0,0.0
1978-08-06,294.0,172.0,157.0,0.0,0.0
1978-08-07,300.0,172.0,152.0,0.0,0.0
1978-08-08,239.0,183.0,127.0,0.0,0.0
1978-08-09,267.0,183.0,0.0,0.0,0.0
1978-08-10,211.0,172.0,224.0,0.0,0.0
1978-08-11,267.0,172.0,0.0,0.0,0.0
1978-08-12,261.0,178.0,165.0,0.0,0.0
1978-08-13,289.0,178.0,30.0,0.0,0.0
1978-08-14,306.0,178.0,0.0,0.0,0.0
1978-08-15,317.0,183.0,0.0,0.0,0.0
1978-08-16,289.0,183.0,76.0,0.0,0.0
1978-08-17,317.0,178.0,0.0,0.0,0.0
1978-08-18,339.0,183.0,0.0,0.0,0.0
1978-08-19,328.0,183.0,0.0,0.0,0.0
1978-08-20,333.0,189.0,0.0,0.0,0.0
1978-08-21,317.0,189.0,0.0,0.0,0.0
1978-08-22,317.0,183.0,0.0,0.0,0.0
1978-08-23,306.0,194.0,76.0,0.0,0.0
1978-08-24,317.0,183.0,0.0,0.0,0.0
1978-08-25,311.0,178.0,0.0,0.0,0.0
1978-08-26,317.0,178.0,0.0,0.0,0.0
1978-08-27,278.0,172.0,0.0,0.0,0.0
1978-08-28,311.0,178.0,0.0,0.0,0.0
1978-08-29,317.0,178.0,0.0,0.0,0.0
1978-08-30,306.0,183.0,0.0,0.0,0.0
1978-08-31,322.0,183.0,0.0,0.0,0.0
1978-09-01,306.0,161.0,0.0,0.0,0.0
1978-09-02,306.0,161.0,0.0,0.0,0.0
1978-09-03,300.0,167.0,102.0,0.0,0.0
1978-09-04,294.0,122.0,0.0,0.0,0.0
1978-09-05,306.0,122.0,0.0,0.0,0.0
1978-09-06,294.0,128.0,0.0,0.0,0.0
1978-09-07,300.0,144.0,0.0,0.0,0.0
1978-09-08,306.0,144.0,0.0,0.0,0.0
1978-09-09,328.0,139.0,0.0,0.0,0.0
1978-09-10,339.0,139.0,0.0,0.0,0.0
1978-09-11,300.0,128.0,0.0,0.0,0.0
1978-09-12,289.0,150.0,0.0,0.0,0.0
1978-09-13,256.0,167.0,0.0,0.0,0.0
1978-09-14,311.0,167.0,0.0,0.0,0.0
1978-09-15,239.0,183.0,0.0,0.0,0.0
1978-09-16,272.0,161.0,0.0,0.0,0.0
1978-09-17,283.0,161.0,0.0,0.0,0.0
1978-09-18,328.0,156.0,0.0,0.0,0.0
1978-09-19,328.0,156.0,0.0,0.0,0.0
1978-09-20,328.0,161.0,0.0,0.0,0.0
1978-09-21,333.0,167.0,0.0,0.0,0.0
1978-09-22,333.0,172.0,10.0,0.0,0.0
1978-09-23,317.0,183.0,0.0,0.0,0.0
1978-09-24,294.0,183.0,0.0,0.0,0.0
1978-09-25,228.0,150.0,0.0,0.0,0.0
1978-09-26,272.0,122.0,0.0,0.0,0.0
1978-09-27,267.0,100.0,0.0,0.0,0.0
1978-09-28,267.0,100.0,0.0,0.0,0.0
1978-09-29,,,0.0,0.0,0.0
1978-09-30,261.0,106.0,0.0,0.0,0.0
1978-10-01,211.0,128.0,58.0,0.0,0.0
1978-10-02,222.0,72.0,0.0,0.0,0.0
1978-10-03,244.0,67.0,0.0,0.0,0.0
1978-10-04,250.0,94.0,0.0,0.0,0.0
1978-10-05,233.0,28.0,0.0,0.0,0.0
1978-10-06,244.0,17.0,0.0,0.0,0.0
1978-10-07,178.0,17.0,0.0,0.0,0.0
1978-10-08,172.0,-17.0,0.0,0.0,0.0
1978-10-09,178.0,-22.0,0.0,0.0,0.0
1978-10-10,194.0,-6.0,0.0,0.0,0.0
1978-10-11,217.0,33.0,0.0,0.0,0.0
1978-10-12,239.0,44.0,0.0,0.0,0.0
1978-10-13,272.0,83.0,0.0,0.0,0.0
1978-10-14,244.0,83.0,0.0,0.0,0.0
1978-10-15,161.0,-22.0,0.0,0.0,0.0
1978-10-16,122.0,-11.0,0.0,0.0,0.0
1978-10-17,178.0,-28.0,0.0,0.0,0.0
1978-10-18,183.0,-39.0,0.0,0.0,0.0
1978-10-19,194.0,-33.0,0.0,0.0,0.0
1978-10-20,217.0,-22.0,0.0,0.0,0.0
1978-10-21,239.0,0.0,0.0,0.0,0.0
1978-10-22,256.0,6.0,0.0,0.0,0.0
1978-10-23,261.0,22.0,0.0,0.0,0.0
1978-10-24,261.0,50.0,0.0,0.0,0.0
1978-10-25,250.0,111.0,0.0,0.0,0.0
1978-10-26,256.0,100.0,0.0,0.0,0.0
1978-10-27,244.0,106.0,0.0,0.0,0.0
1978-10-28,239.0,33.0,0.0,0.0,0.0
1978-10-29,239.0,0.0,0.0,0.0,0.0
1978-10-30,250.0,6.0,0.0,0.0,0.0
1978-10-31,228.0,11.0,0.0,0.0,0.0
1978-11-01,233.0,6.0,0.0,0.0,0.0
1978-11-02,239.0,0.0,0.0,0.0,0.0
1978-11-03,228.0,-6.0,0.0,0.0,0.0
1978-11-04,233.0,-28.0,0.0,0.0,0.0
1978-11-05,217.0,-28.0,0.0,0.0,0.0
1978-11-06,233.0,-28.0,0.0,0.0,0.0
1978-11-07,239.0,-6.0,0.0,0.0,0.0
1978-11-08,,,0.0,0.0,0.0
1978-11-09,172.0,50.0,0.0,0.0,0.0
1978-11-10,178.0,61.0,0.0,0.0,0.0
1978-11-11,222.0,33.0,0.0,0.0,0.0
1978-11-12,217.0,6.0,0.0,0.0,0.0
1978-11-13,228.0,6.0,0.0,0.0,0.0
1978-11-14,233.0,39.0,0.0,0.0,0.0
1978-11-15,211.0,122.0,0.0,0.0,0.0
1978-11-16,206.0,122.0,25.0,0.0,0.0
1978-11-17,217.0,122.0,0.0,0.0,0.0
1978-11-18,194.0,83.0,127.0,0.0,0.0
1978-11-19,161.0,0.0,0.0,0.0,0.0
1978-11-20,161.0,-6.0,0.0,0.0,0.0
1978-11-21,194.0,28.0,0.0,0.0,0.0
1978-11-22,167.0,-6.0,0.0,0.0,0.0
1978-11-23,150.0,11.0,127.0,0.0,0.0
1978-11-24,139.0,83.0,25.0,0.0,0.0
1978-11-25,161.0,-6.0,0.0,0.0,0.0
1978-11-26,167.0,-11.0,0.0,0.0,0.0
1978-11-27,139.0,-6.0,0.0,0.0,0.0
1978-11-28,122.0,33.0,102.0,0.0,0.0
1978-11-29,128.0,67.0,127.0,0.0,0.0
1978-11-30,106.0,11.0,0.0,0.0,0.0
1978-12-01,117.0,33.0,28.0,0.0,0.0
1978-12-02,100.0,33.0,0.0,0.0,0.0
1978-12-03,150.0,-22.0,0.0,0.0,0.0
1978-12-04,167.0,-22.0,0.0,0.0,0.0
1978-12-05,183.0,72.0,216.0,0.0,0.0
1978-12-06,161.0,-22.0,13.0,0.0,0.0
1978-12-07,133.0,-50.0,0.0,0.0,0.0
1978-12-08,167.0,-61.0,0.0,0.0,0.0
1978-12-09,189.0,-28.0,0.0,0.0,0.0
1978-12-10,211.0,-100.0,0.0,0.0,0.0
1978-12-11,17.0,-94.0,0.0,0.0,0.0
1978-12-12,72.0,-94.0,0.0,0.0,0.0
1978-12-13,106.0,-83.0,0.0,0.0,0.0
1978-12-14,122.0,-83.0,0.0,0.0,0.0
1978-12-15,89.0,-111.0,0.0,0.0,0.0
1978-12-16,133.0,-106.0,122.0,0.0,0.0
1978-12-17,139.0,-28.0,0.0,0.0,0.0
1978-12-18,128.0,-94.0,0.0,0.0,0.0
1978-12-19,117.0,-78.0,0.0,0.0,0.0
1978-12-20,139.0,56.0,0.0,0.0,0.0
1978-12-21,194.0,39.0,191.0,0.0,0.0
1978-12-22,100.0,-78.0,0.0,0.0,0.0
1978-12-23,106.0,-94.0,0.0,0.0,0.0
1978-12-24,128.0,-78.0,51.0,0.0,0.0
1978-12-25,117.0,-6.0,279.0,0.0,0.0
1978-12-26,72.0,-72.0,0.0,0.0,0.0
1978-12-27,111.0,-67.0,0.0,0.0,0.0
1978-12-28,78.0,-100.0,0.0,0.0,0.0
1978-12-29,94.0,-72.0,0.0,0.0,0.0
1978-12-30,106.0,-67.0,38.0,0.0,0.0
1978-12-31,100.0,61.0,191.0,0.0,0.0
1979-01-01,139.0,94.0,3.0,,
1979-01-02,161.0,-61.0,287.0,,
1979-01-03,0.0,-156.0,0.0,,
1979-01-04,-44.0,-150.0,0.0,,
1979-01-05,22.0,-150.0,0.0,,
1979-01-06,28.0,-28.0,0.0,,
1979-01-07,111.0,6.0,114.0,,
1979-01-08,128.0,-44.0,127.0,,
1979-01-09,17.0,-161.0,0.0,,
1979-01-10,11.0,-150.0,0.0,,
1979-01-11,56.0,-139.0,0.0,,
1979-01-12,67.0,-72.0,0.0,,
1979-01-13,89.0,33.0,25.0,,
1979-01-14,122.0,11.0,13.0,,
1979-01-15,89.0,-133.0,0.0,,
1979-01-16,67.0,-128.0,0.0,,
1979-01-17,72.0,-56.0,0.0,,
1979-01-18,183.0,28.0,30.0,,
1979-01-19,111.0,-39.0,0.0,,
1979-01-20,67.0,0.0,257.0,,
1979-01-21,94.0,56.0,445.0,,
1979-01-22,72.0,-44.0,64.0,,
1979-01-23,33.0,-61.0,0.0,,
1979-01-24,50.0,-56.0,81.0,,
1979-01-25,33.0,-94.0,0.0,,
1979-01-26,22.0,-78.0,0.0,,
1979-01-27,67.0,-67.0,0.0,,
1979-01-28,94.0,-28.0,25.0,,
1979-01-29,50.0,-61.0,0.0,,
1979-01-30,44.0,-94.0,0.0,,
1979-01-31,89.0,-72.0,0.0,,
1979-02-01,-11.0,-122.0,0.0,,0.0
1979-02-02,-22.0,-150.0,0.0,,0.0
1979-02-03,44.0,-128.0,0.0,,0.0
1979-02-04,22.0,-22.0,46.0,,0.0
1979-02-05,67.0,-50.0,0.0,,0.0
1979-02-06,28.0,-50.0,0.0,,0.0
1979-02-07,22.0,-39.0,165.0,,0.0
1979-02-08,22.0,-67.0,0.0,,0.0
1979-02-09,72.0,-61.0,0.0,,0.0
1979-02-10,-33.0,-156.0,0.0,,0.0
1979-02-11,61.0,-150.0,0.0,,0.0
1979-02-12,94.0,-117.0,0.0,,0.0
1979-02-13,78.0,-39.0,0.0,,0.0
1979-02-14,72.0,-44.0,0.0,,0.0
1979-02-15,122.0,-6.0,0.0,,0.0
1979-02-16,194.0,83.0,0.0,,0.0
1979-02-17,122.0,-33.0,0.0,,0.0
1979-02-18,78.0,-56.0,127.0,,74.0
1979-02-19,28.0,-61.0,127.0,,152.0
1979-02-20,67.0,-106.0,0.0,,0.0
1979-02-21,122.0,-94.0,8.0,,0.0
1979-02-22,94.0,50.0,51.0,,0.0
1979-02-23,178.0,67.0,5.0,,0.0
1979-02-24,167.0,111.0,160.0,,0.0
1979-02-25,161.0,94.0,140.0,,0.0
1979-02-26,167.0,-22.0,119.0,,0.0
1979-02-27,-6.0,-50.0,0.0,,0.0
1979-02-28,106.0,-39.0,0.0,,0.0
1979-03-01,161.0,-39.0,0.0,0.0,0.0
1979-03-02,161.0,-17.0,0.0,0.0,0.0
1979-03-03,217.0,-17.0,0.0,0.0,0.0
1979-03-04,150.0,94.0,813.0,0.0,0.0
1979-03-05,150.0,67.0,457.0,0.0,0.0
1979-03-06,161.0,-22.0,0.0,0.0,0.0
1979-03-07,128.0,-56.0,0.0,0.0,0.0
1979-03-08,111.0,-50.0,18.0,0.0,0.0
1979-03-09,111.0,-17.0,0.0,0.0,0.0
1979-03-10,189.0,-6.0,0.0,0.0,0.0
1979-03-11,189.0,-22.0,140.0,0.0,0.0
1979-03-12,50.0,-50.0,0.0,0.0,0.0
1979-03-13,189.0,-28.0,0.0,0.0,0.0
1979-03-14,128.0,-6.0,13.0,0.0,0.0
1979-03-15,111.0,-72.0,0.0,0.0,0.0
1979-03-16,106.0,-72.0,0.0,0.0,0.0
1979-03-17,200.0,-39.0,0.0,0.0,0.0
1979-03-18,194.0,0.0,0.0,0.0,0.0
1979-03-19,256.0,22.0,3.0,0.0,0.0
1979-03-20,250.0,78.0,20.0,0.0,0.0
1979-03-21,239.0,106.0,25.0,0.0,0.0
1979-03-22,,72.0,0.0,0.0,0.0
1979-03-23,156.0,,81.0,0.0,0.0
1979-03-24,183.0,56.0,71.0,0.0,0.0
1979-03-25,67.0,-22.0,0.0,0.0,0.0
1979-03-26,50.0,-33.0,0.0,0.0,0.0
1979-03-27,128.0,-33.0,0.0,0.0,0.0
1979-03-28,178.0,-22.0,0.0,0.0,0.0
1979-03-29,233.0,39.0,0.0,0.0,0.0
1979-03-30,239.0,72.0,0.0,0.0,0.0
1979-03-31,239.0,111.0,0.0,0.0,0.0
1979-04-01,222.0,133.0,10.0,0.0,0.0
1979-04-02,239.0,139.0,0.0,0.0,0.0
1979-04-03,228.0,106.0,381.0,0.0,0.0
1979-04-04,194.0,122.0,259.0,0.0,0.0
1979-04-05,183.0,56.0,23.0,0.0,0.0
1979-04-06,183.0,-28.0,0.0,0.0,0.0
1979-04-07,156.0,-17.0,0.0,0.0,0.0
1979-04-08,222.0,-17.0,0.0,0.0,0.0
1979-04-09,161.0,50.0,318.0,0.0,0.0
1979-04-10,122.0,-6.0,0.0,0.0,0.0
1979-04-11,222.0,-6.0,0.0,0.0,0.0
1979-04-12,228.0,106.0,0.0,0.0,0.0
1979-04-13,183.0,128.0,597.0,0.0,0.0
1979-04-14,189.0,56.0,262.0,0.0,0.0
1979-04-15,200.0,0.0,0.0,0.0,0.0
1979-04-16,194.0,50.0,0.0,0.0,0.0
1979-04-17,206.0,17.0,0.0,0.0,0.0
1979-04-18,217.0,-11.0,0.0,0.0,0.0
1979-04-19,222.0,-17.0,0.0,0.0,0.0
1979-04-20,239.0,-17.0,0.0,0.0,0.0
1979-04-21,272.0,11.0,0.0,0.0,0.0
1979-04-22,272.0,50.0,0.0,0.0,0.0
1979-04-23,261.0,67.0,0.0,0.0,0.0
1979-04-24,256.0,89.0,0.0,0.0,0.0
1979-04-25,222.0,139.0,0.0,0.0,0.0
1979-04-26,194.0,106.0,140.0,0.0,0.0
1979-04-27,217.0,89.0,152.0,0.0,0.0
1979-04-28,206.0,39.0,0.0,0.0,0.0
1979-04-29,117.0,-17.0,0.0,0.0,0.0
1979-04-30,194.0,-22.0,0.0,0.0,0.0
1979-05-01,222.0,-22.0,0.0,0.0,0.0
1979-05-02,256.0,22.0,0.0,0.0,0.0
1979-05-03,250.0,56.0,58.0,0.0,0.0
1979-05-04,239.0,144.0,33.0,0.0,0.0
1979-05-05,244.0,139.0,8.0,0.0,0.0
1979-05-06,228.0,72.0,0.0,0.0,0.0
1979-05-07,256.0,78.0,0.0,0.0,0.0
1979-05-08,261.0,139.0,0.0,0.0,0.0
1979-05-09,261.0,172.0,0.0,0.0,0.0
1979-05-10,261.0,178.0,0.0,0.0,0.0
1979-05-11,267.0,172.0,0.0,0.0,0.0
1979-05-12,300.0,139.0,0.0,0.0,0.0
1979-05-13,289.0,161.0,0.0,0.0,0.0
1979-05-14,222.0,56.0,0.0,0.0,0.0
1979-05-15,239.0,50.0,0.0,0.0,0.0
1979-05-16,261.0,50.0,0.0,0.0,0.0
1979-05-17,256.0,50.0,0.0,0.0,0.0
1979-05-18,250.0,39.0,0.0,0.0,0.0
1979-05-19,261.0,33.0,0.0,0.0,0.0
1979-05-20,233.0,72.0,0.0,0.0,0.0
1979-05-21,272.0,100.0,318.0,0.0,0.0
1979-05-22,256.0,156.0,89.0,0.0,0.0
1979-05-23,267.0,156.0,0.0,0.0,0.0
1979-05-24,239.0,156.0,394.0,0.0,0.0
1979-05-25,217.0,56.0,0.0,0.0,0.0
1979-05-26,106.0,0.0,0.0,0.0,0.0
1979-05-27,194.0,33.0,135.0,0.0,0.0
1979-05-28,250.0,83.0,0.0,0.0,0.0
1979-05-29,261.0,117.0,0.0,0.0,0.0
1979-05-30,233.0,106.0,36.0,0.0,0.0
1979-05-31,261.0,139.0,0.0,0.0,0.0
1979-06-01,256.0,156.0,0.0,0.0,0.0
1979-06-02,283.0,167.0,109.0,0.0,0.0
1979-06-03,306.0,139.0,218.0,0.0,0.0
1979-06-04,300.0,133.0,18.0,0.0,0.0
1979-06-05,256.0,122.0,0.0,0.0,0.0
1979-06-06,278.0,128.0,0.0,0.0,0.0
1979-06-07,272.0,161.0,0.0,0.0,0.0
1979-06-08,306.0,161.0,0.0,0.0,0.0
1979-06-09,294.0,178.0,0.0,0.0,0.0
1979-06-10,300.0,194.0,76.0,0.0,0.0
1979-06-11,306.0,106.0,20.0,0.0,0.0
1979-06-12,228.0,50.0,0.0,0.0,0.0
1979-06-13,261.0,56.0,0.0,0.0,0.0
1979-06-14,272.0,94.0,0.0,0.0,0.0
1979-06-15,261.0,94.0,0.0,0.0,0.0
1979-06-16,250.0,72.0,0.0,0.0,0.0
1979-06-17,217.0,83.0,0.0,0.0,0.0
1979-06-18,261.0,122.0,0.0,0.0,0.0
1979-06-19,294.0,150.0,0.0,0.0,0.0
1979-06-20,317.0,150.0,0.0,0.0,0.0
1979-06-21,267.0,161.0,0.0,0.0,0.0
1979-06-22,228.0,161.0,33.0,0.0,0.0
1979-06-23,300.0,139.0,102.0,0.0,0.0
1979-06-24,,,,0.0,0.0
1979-06-25,244.0,111.0,,0.0,0.0
1979-06-26,211.0,117.0,0.0,0.0,0.0
1979-06-27,261.0,89.0,0.0,0.0,0.0
1979-06-28,272.0,61.0,0.0,0.0,0.0
1979-06-29,267.0,94.0,0.0,0.0,0.0
1979-06-30,272.0,122.0,3.0,0.0,0.0
1979-07-01,239.0,100.0,0.0,0.0,0.0
1979-07-02,272.0,111.0,0.0,0.0,0.0
1979-07-03,272.0,117.0,0.0,0.0,0.0
1979-07-04,289.0,139.0,0.0,0.0,0.0
1979-07-05,317.0,161.0,0.0,0.0,0.0
1979-07-06,272.0,161.0,0.0,0.0,0.0
1979-07-07,233.0,161.0,102.0,0.0,0.0
1979-07-08,239.0,139.0,114.0,0.0,0.0
1979-07-09,228.0,133.0,43.0,0.0,0.0
1979-07-10,233.0,161.0,127.0,0.0,0.0
1979-07-11,233.0,156.0,0.0,0.0,0.0
1979-07-12,239.0,156.0,254.0,0.0,0.0
1979-07-13,294.0,183.0,25.0,0.0,0.0
1979-07-14,300.0,167.0,0.0,0.0,0.0
1979-07-15,267.0,178.0,64.0,0.0,0.0
1979-07-16,294.0,161.0,0.0,0.0,0.0
1979-07-17,317.0,156.0,0.0,0.0,0.0
1979-07-18,311.0,172.0,0.0,0.0,0.0
1979-07-19,289.0,172.0,0.0,0.0,0.0
1979-07-20,244.0,194.0,18.0,0.0,0.0
1979-07-21,222.0,183.0,434.0,0.0,0.0
1979-07-22,239.0,183.0,241.0,0.0,0.0
1979-07-23,278.0,183.0,0.0,0.0,0.0
1979-07-24,283.0,178.0,0.0,0.0,0.0
1979-07-25,250.0,183.0,25.0,0.0,0.0
1979-07-26,244.0,178.0,114.0,0.0,0.0
1979-07-27,283.0,178.0,0.0,0.0,0.0
1979-07-28,267.0,161.0,0.0,0.0,0.0
1979-07-29,278.0,178.0,0.0,0.0,0.0
1979-07-30,300.0,178.0,0.0,0.0,0.0
1979-07-31,306.0,172.0,0.0,0.0,0.0
1979-08-01,306.0,183.0,0.0,0.0,0.0
1979-08-02,322.0,167.0,0.0,0.0,0.0
1979-08-03,300.0,139.0,0.0,0.0,0.0
1979-08-04,300.0,139.0,0.0,0.0,0.0
1979-08-05,294.0,150.0,0.0,0.0,0.0
1979-08-06,322.0,139.0,0.0,0.0,0.0
1979-08-07,317.0,156.0,0.0,0.0,0.0
1979-08-08,322.0,150.0,0.0,0.0,0.0
1979-08-09,328.0,161.0,0.0,0.0,0.0
1979-08-10,333.0,156.0,0.0,0.0,0.0
1979-08-11,306.0,144.0,0.0,0.0,0.0
1979-08-12,272.0,161.0,109.0,0.0,0.0
1979-08-13,278.0,156.0,0.0,0.0,0.0
1979-08-14,272.0,139.0,0.0,0.0,0.0
1979-08-15,267.0,122.0,0.0,0.0,0.0
1979-08-16,278.0,111.0,0.0,0.0,0.0
1979-08-17,289.0,106.0,0.0,0.0,0.0
1979-08-18,294.0,122.0,0.0,0.0,0.0
1979-08-19,317.0,150.0,0.0,0.0,0.0
1979-08-20,322.0,161.0,0.0,0.0,0.0
1979-08-21,328.0,150.0,0.0,0.0,0.0
1979-08-22,322.0,161.0,51.0,0.0,0.0
1979-08-23,289.0,106.0,1854.0,0.0,0.0
1979-08-24,267.0,144.0,10.0,0.0,0.0
1979-08-25,283.0,161.0,89.0,0.0,0.0
1979-08-26,272.0,172.0,97.0,0.0,0.0
1979-08-27,289.0,178.0,132.0,0.0,0.0
1979-08-28,278.0,178.0,0.0,0.0,0.0
1979-08-29,272.0,172.0,86.0,0.0,0.0
1979-08-30,294.0,178.0,0.0,0.0,0.0
1979-08-31,272.0,161.0,0.0,0.0,0.0
1979-09-01,294.0,139.0,152.0,0.0,0.0
1979-09-02,267.0,156.0,0.0,0.0,0.0
1979-09-03,300.0,156.0,0.0,0.0,0.0
1979-09-04,294.0,172.0,25.0,0.0,0.0
1979-09-05,283.0,156.0,0.0,0.0,0.0
1979-09-06,278.0,161.0,0.0,0.0,0.0
1979-09-07,294.0,161.0,0.0,0.0,0.0
1979-09-08,278.0,150.0,0.0,0.0,0.0
1979-09-09,267.0,128.0,0.0,0.0,0.0
1979-09-10,272.0,111.0,0.0,0.0,0.0
1979-09-11,272.0,111.0,0.0,0.0,0.0
1979-09-12,289.0,89.0,0.0,0.0,0.0
1979-09-13,278.0,89.0,0.0,0.0,0.0
1979-09-14,256.0,133.0,64.0,0.0,0.0
1979-09-15,256.0,106.0,0.0,0.0,0.0
1979-09-16,256.0,117.0,0.0,0.0,0.0
1979-09-17,250.0,128.0,0.0,0.0,0.0
1979-09-18,256.0,144.0,58.0,0.0,0.0
1979-09-19,233.0,139.0,0.0,0.0,0.0
1979-09-20,239.0,128.0,0.0,0.0,0.0
1979-09-21,217.0,117.0,38.0,0.0,0.0
1979-09-22,239.0,128.0,178.0,0.0,0.0
1979-09-23,194.0,89.0,25.0,0.0,0.0
1979-09-24,217.0,100.0,0.0,0.0,0.0
1979-09-25,239.0,122.0,0.0,0.0,0.0
1979-09-26,228.0,133.0,0.0,0.0,0.0
1979-09-27,250.0,150.0,36.0,0.0,0.0
1979-09-28,194.0,156.0,94.0,0.0,0.0
1979-09-29,217.0,172.0,38.0,0.0,0.0
1979-09-30,278.0,144.0,0.0,0.0,0.0
1979-10-01,267.0,133.0,0.0,0.0,0.0
1979-10-02,233.0,150.0,0.0,0.0,0.0
1979-10-03,244.0,89.0,51.0,0.0,0.0
1979-10-04,217.0,72.0,0.0,0.0,0.0
1979-10-05,150.0,67.0,160.0,0.0,0.0
1979-10-06,161.0,11.0,0.0,0.0,0.0
1979-10-07,200.0,22.0,8.0,0.0,0.0
1979-10-08,183.0,17.0,0.0,0.0,0.0
1979-10-09,250.0,22.0,0.0,0.0,0.0
1979-10-10,261.0,6.0,58.0,0.0,0.0
1979-10-11,144.0,67.0,0.0,0.0,0.0
1979-10-12,167.0,44.0,0.0,0.0,0.0
1979-10-13,256.0,39.0,0.0,0.0,0.0
1979-10-14,206.0,-33.0,0.0,0.0,0.0
1979-10-15,178.0,-39.0,0.0,0.0,0.0
1979-10-16,211.0,-17.0,0.0,0.0,0.0
1979-10-17,222.0,17.0,0.0,0.0,0.0
1979-10-18,239.0,44.0,0.0,0.0,0.0
1979-10-19,256.0,39.0,0.0,0.0,0.0
1979-10-20,250.0,28.0,0.0,0.0,0.0
1979-10-21,267.0,100.0,0.0,0.0,0.0
1979-10-22,272.0,94.0,0.0,0.0,0.0
1979-10-23,256.0,67.0,183.0,0.0,0.0
1979-10-24,161.0,-17.0,0.0,0.0,0.0
1979-10-25,156.0,-39.0,0.0,0.0,0.0
1979-10-26,178.0,-33.0,0.0,0.0,0.0
1979-10-27,172.0,-56.0,0.0,0.0,0.0
1979-10-28,211.0,-39.0,0.0,0.0,0.0
1979-10-29,233.0,-17.0,0.0,0.0,0.0
1979-10-30,150.0,0.0,264.0,0.0,0.0
1979-10-31,211.0,33.0,0.0,0.0,0.0
1979-11-01,211.0,111.0,0.0,0.0,0.0
1979-11-02,206.0,89.0,318.0,0.0,0.0
1979-11-03,161.0,-6.0,0.0,0.0,0.0
1979-11-04,144.0,-56.0,0.0,0.0,0.0
1979-11-05,161.0,-61.0,0.0,0.0,0.0
1979-11-06,172.0,-28.0,0.0,0.0,0.0
1979-11-07,178.0,-17.0,0.0,0.0,0.0
1979-11-08,156.0,-28.0,0.0,0.0,0.0
1979-11-09,172.0,-6.0,0.0,0.0,0.0
1979-11-10,178.0,106.0,541.0,0.0,0.0
1979-11-11,167.0,78.0,127.0,0.0,0.0
1979-11-12,117.0,78.0,10.0,0.0,0.0
1979-11-13,161.0,50.0,0.0,0.0,0.0
1979-11-14,178.0,-33.0,0.0,0.0,0.0
1979-11-15,122.0,-72.0,0.0,0.0,0.0
1979-11-16,128.0,-67.0,0.0,0.0,0.0
1979-11-17,172.0,-33.0,0.0,0.0,0.0
1979-11-18,167.0,-39.0,0.0,0.0,0.0
1979-11-19,178.0,-39.0,0.0,0.0,0.0
1979-11-20,206.0,-17.0,0.0,0.0,0.0
1979-11-21,244.0,-17.0,0.0,0.0,0.0
1979-11-22,228.0,50.0,0.0,0.0,0.0
1979-11-23,211.0,89.0,0.0,0.0,0.0
1979-11-24,206.0,100.0,20.0,0.0,0.0
1979-11-25,172.0,100.0,102.0,0.0,0.0
1979-11-26,183.0,72.0,23.0,0.0,0.0
1979-11-27,144.0,-17.0,0.0,0.0,0.0
1979-11-28,206.0,-28.0,0.0,0.0,0.0
1979-11-29,89.0,-28.0,0.0,0.0,0.0
1979-11-30,-6.0,-94.0,0.0,0.0,0.0
1979-12-01,50.0,-117.0,0.0,0.0,0.0
1979-12-02,56.0,-128.0,0.0,0.0,0.0
1979-12-03,94.0,-139.0,0.0,0.0,0.0
1979-12-04,83.0,-111.0,0.0,0.0,0.0
1979-12-05,122.0,-94.0,0.0,0.0,0.0
1979-12-06,167.0,-78.0,0.0,0.0,0.0
1979-12-07,122.0,-28.0,0.0,0.0,0.0
1979-12-08,139.0,-28.0,0.0,0.0,0.0
1979-12-09,100.0,-78.0,0.0,0.0,0.0
1979-12-10,122.0,-78.0,0.0,0.0,0.0
1979-12-11,178.0,-39.0,0.0,0.0,0.0
1979-12-12,183.0,-39.0,0.0,0.0,0.0
1979-12-13,194.0,89.0,0.0,0.0,0.0
1979-12-14,139.0,17.0,114.0,0.0,0.0
1979-12-15,94.0,-39.0,0.0,0.0,0.0
1979-12-16,67.0,-6.0,0.0,0.0,0.0
1979-12-17,106.0,-50.0,0.0,0.0,0.0
1979-12-18,17.0,-100.0,0.0,0.0,0.0
1979-12-19,94.0,-122.0,0.0,0.0,0.0
1979-12-20,133.0,-100.0,0.0,0.0,0.0
1979-12-21,167.0,-72.0,0.0,0.0,0.0
1979-12-22,133.0,-89.0,0.0,0.0,0.0
1979-12-23,128.0,33.0,0.0,0.0,0.0
1979-12-24,172.0,17.0,0.0,0.0,0.0
1979-12-25,106.0,-6.0,127.0,0.0,0.0
1979-12-26,94.0,-28.0,25.0,0.0,0.0
1979-12-27,139.0,-17.0,0.0,0.0,0.0
1979-12-28,122.0,-61.0,0.0,0.0,0.0
1979-12-29,106.0,-17.0,0.0,0.0,0.0
1979-12-30,150.0,-33.0,10.0,0.0,0.0
1979-12-31,150.0,-39.0,51.0,0.0,0.0
1980-01-01,67.0,-33.0,0.0,,
1980-01-02,94.0,-22.0,0.0,,
1980-01-03,83.0,-50.0,0.0,,
1980-01-04,122.0,-33.0,147.0,,
1980-01-05,56.0,-22.0,0.0,,
1980-01-06,6.0,-106.0,0.0,,
1980-01-07,72.0,-106.0,0.0,,
1980-01-08,39.0,11.0,23.0,,
1980-01-09,72.0,33.0,56.0,,
1980-01-10,106.0,0.0,0.0,,
1980-01-11,128.0,-17.0,0.0,,
1980-01-12,72.0,0.0,0.0,,
1980-01-13,72.0,0.0,0.0,,
1980-01-14,83.0,-17.0,56.0,,
1980-01-15,106.0,33.0,0.0,,
1980-01-16,128.0,6.0,0.0,,
1980-01-17,167.0,17.0,30.0,,
1980-01-18,117.0,56.0,119.0,,
1980-01-19,161.0,-6.0,0.0,,
1980-01-20,167.0,-39.0,0.0,,
1980-01-21,167.0,-39.0,0.0,,
1980-01-22,111.0,-17.0,3.0,,
1980-01-23,94.0,-17.0,279.0,,
1980-01-24,11.0,-72.0,0.0,,
1980-01-25,117.0,-67.0,0.0,,
1980-01-26,128.0,-22.0,0.0,,
1980-01-27,94.0,11.0,0.0,,
1980-01-28,89.0,6.0,0.0,,
1980-01-29,56.0,-61.0,0.0,,
1980-01-30,28.0,-11.0,0.0,,
1980-01-31,17.0,-17.0,318.0,,
1980-02-01,-17.0,-144.0,0.0,0.0,0.0
1980-02-02,-39.0,-161.0,0.0,0.0,0.0
1980-02-03,17.0,-133.0,0.0,0.0,0.0
1980-02-04,50.0,-106.0,0.0,0.0,0.0
1980-02-05,44.0,-128.0,0.0,0.0,0.0
1980-02-06,39.0,-111.0,51.0,127.0,114.0
1980-02-07,11.0,-139.0,0.0,,0.0
1980-02-08,17.0,-100.0,0.0,,0.0
1980-02-09,33.0,-83.0,30.0,,0.0
1980-02-10,17.0,-67.0,114.0,152.0,38.0
1980-02-11,33.0,-56.0,0.0,,0.0
1980-02-12,50.0,-83.0,0.0,,0.0
1980-02-13,67.0,-111.0,0.0,,0.0
1980-02-14,100.0,-128.0,0.0,0.0,0.0
1980-02-15,139.0,-83.0,0.0,0.0,0.0
1980-02-16,156.0,6.0,97.0,0.0,0.0
1980-02-17,100.0,-100.0,0.0,0.0,0.0
1980-02-18,94.0,-94.0,0.0,0.0,0.0
1980-02-19,111.0,6.0,0.0,0.0,0.0
1980-02-20,117.0,39.0,23.0,0.0,0.0
1980-02-21,128.0,72.0,51.0,0.0,0.0
1980-02-22,228.0,78.0,0.0,0.0,0.0
1980-02-23,233.0,94.0,0.0,0.0,0.0
1980-02-24,239.0,33.0,0.0,0.0,0.0
1980-02-25,233.0,11.0,10.0,0.0,0.0
1980-02-26,44.0,-94.0,0.0,0.0,0.0
1980-02-27,17.0,-128.0,0.0,0.0,0.0
1980-02-28,106.0,-128.0,0.0,0.0,0.0
1980-02-29,217.0,-17.0,0.0,0.0,0.0
1980-03-01,122.0,-22.0,0.0,,
1980-03-02,28.0,-100.0,76.0,,
1980-03-03,-11.0,-194.0,0.0,,
1980-03-04,61.0,-194.0,0.0,,
1980-03-05,128.0,-78.0,236.0,,
1980-03-06,117.0,-17.0,25.0,,
1980-03-07,200.0,-6.0,0.0,,
1980-03-08,183.0,39.0,737.0,,
1980-03-09,228.0,44.0,13.0,,
1980-03-10,172.0,-17.0,0.0,,
1980-03-11,194.0,-6.0,0.0,,
1980-03-12,117.0,6.0,0.0,,
1980-03-13,67.0,39.0,213.0,,
1980-03-14,122.0,-17.0,13.0,,
1980-03-15,100.0,-56.0,0.0,,
1980-03-16,206.0,-50.0,0.0,,
1980-03-17,128.0,6.0,89.0,,
1980-03-18,128.0,28.0,635.0,,
1980-03-19,139.0,-44.0,0.0,,
1980-03-20,161.0,-39.0,38.0,,
1980-03-21,117.0,94.0,889.0,,
1980-03-22,111.0,-44.0,0.0,,
1980-03-23,150.0,-67.0,0.0,,
1980-03-24,194.0,-17.0,208.0,,
1980-03-25,189.0,67.0,0.0,,
1980-03-26,172.0,-6.0,0.0,,
1980-03-27,183.0,-22.0,0.0,,
1980-03-28,200.0,-6.0,165.0,,
1980-03-29,117.0,17.0,211.0,,
1980-03-30,206.0,61.0,51.0,,
1980-03-31,172.0,39.0,0.0,,
1980-04-01,178.0,-17.0,0.0,0.0,0.0
1980-04-02,228.0,6.0,0.0,0.0,0.0
1980-04-03,222.0,44.0,0.0,0.0,0.0
1980-04-04,233.0,78.0,25.0,0.0,0.0
1980-04-05,172.0,6.0,0.0,0.0,0.0
1980-04-06,156.0,-39.0,0.0,0.0,0.0
1980-04-07,194.0,-17.0,0.0,0.0,0.0
1980-04-08,178.0,39.0,0.0,0.0,0.0
1980-04-09,217.0,11.0,183.0,0.0,0.0
1980-04-10,183.0,-11.0,0.0,0.0,0.0
1980-04-11,228.0,-6.0,0.0,0.0,0.0
1980-04-12,211.0,0.0,127.0,0.0,0.0
1980-04-13,139.0,89.0,56.0,0.0,0.0
1980-04-14,150.0,111.0,419.0,0.0,0.0
1980-04-15,139.0,6.0,0.0,0.0,0.0
1980-04-16,189.0,-22.0,0.0,0.0,0.0
1980-04-17,211.0,-33.0,0.0,0.0,0.0
1980-04-18,172.0,-11.0,0.0,0.0,0.0
1980-04-19,222.0,0.0,0.0,0.0,0.0
1980-04-20,228.0,22.0,0.0,0.0,0.0
1980-04-21,228.0,11.0,0.0,0.0,0.0
1980-04-22,244.0,11.0,0.0,0.0,0.0
1980-04-23,272.0,17.0,0.0,0.0,0.0
1980-04-24,300.0,50.0,0.0,0.0,0.0
1980-04-25,283.0,78.0,165.0,0.0,0.0
1980-04-26,244.0,122.0,221.0,0.0,0.0
1980-04-27,233.0,117.0,224.0,0.0,0.0
1980-04-28,183.0,28.0,0.0,0.0,0.0
1980-04-29,161.0,33.0,51.0,0.0,0.0
1980-04-30,117.0,11.0,0.0,0.0,0.0
1980-05-01,183.0,6.0,0.0,0.0,0.0
1980-05-02,178.0,11.0,0.0,0.0,0.0
1980-05-03,228.0,33.0,0.0,0.0,0.0
1980-05-04,239.0,28.0,0.0,0.0,0.0
1980-05-05,272.0,33.0,0.0,0.0,0.0
1980-05-06,256.0,67.0,33.0,0.0,0.0
1980-05-07,267.0,72.0,0.0,0.0,0.0
1980-05-08,261.0,111.0,249.0,0.0,0.0
1980-05-09,206.0,11.0,0.0,0.0,0.0
1980-05-10,200.0,6.0,0.0,0.0,0.0
1980-05-11,228.0,-11.0,0.0,0.0,0.0
1980-05-12,267.0,72.0,0.0,0.0,0.0
1980-05-13,278.0,133.0,0.0,0.0,0.0
1980-05-14,256.0,139.0,0.0,0.0,0.0
1980-05-15,256.0,144.0,0.0,0.0,0.0
1980-05-16,206.0,144.0,33.0,0.0,0.0
1980-05-17,239.0,139.0,64.0,0.0,0.0
1980-05-18,261.0,133.0,401.0,0.0,0.0
1980-05-19,272.0,144.0,0.0,0.0,0.0
1980-05-20,228.0,139.0,117.0,0.0,0.0
1980-05-21,278.0,111.0,165.0,0.0,0.0
1980-05-22,250.0,100.0,0.0,0.0,0.0
1980-05-23,256.0,117.0,38.0,0.0,0.0
1980-05-24,239.0,139.0,152.0,0.0,0.0
1980-05-25,233.0,144.0,0.0,0.0,0.0
1980-05-26,267.0,106.0,0.0,0.0,0.0
1980-05-27,278.0,106.0,0.0,0.0,0.0
1980-05-28,283.0,117.0,0.0,0.0,0.0
1980-05-29,272.0,122.0,0.0,0.0,0.0
1980-05-30,278.0,139.0,13.0,0.0,0.0
1980-05-31,289.0,139.0,0.0,0.0,0.0
1980-06-01,300.0,100.0,0.0,0.0,0.0
1980-06-02,283.0,128.0,0.0,0.0,0.0
1980-06-03,294.0,156.0,0.0,0.0,0.0
1980-06-04,306.0,144.0,0.0,0.0,0.0
1980-06-05,306.0,150.0,0.0,0.0,0.0
1980-06-06,311.0,144.0,0.0,0.0,0.0
1980-06-07,339.0,128.0,0.0,0.0,0.0
1980-06-08,294.0,150.0,0.0,0.0,0.0
1980-06-09,278.0,100.0,0.0,0.0,0.0
1980-06-10,233.0,39.0,0.0,0.0,0.0
1980-06-11,272.0,72.0,0.0,0.0,0.0
1980-06-12,267.0,56.0,0.0,0.0,0.0
1980-06-13,267.0,61.0,0.0,0.0,0.0
1980-06-14,278.0,117.0,0.0,0.0,0.0
1980-06-15,300.0,111.0,0.0,0.0,0.0
1980-06-16,306.0,133.0,0.0,0.0,0.0
1980-06-17,294.0,128.0,132.0,0.0,0.0
1980-06-18,256.0,178.0,0.0,0.0,0.0
1980-06-19,261.0,122.0,76.0,0.0,0.0
1980-06-20,283.0,111.0,0.0,0.0,0.0
1980-06-21,289.0,139.0,0.0,0.0,0.0
1980-06-22,272.0,106.0,0.0,0.0,0.0
1980-06-23,289.0,122.0,0.0,0.0,0.0
1980-06-24,278.0,156.0,84.0,0.0,0.0
1980-06-25,250.0,161.0,89.0,0.0,0.0
1980-06-26,278.0,156.0,0.0,0.0,0.0
1980-06-27,289.0,128.0,0.0,0.0,0.0
1980-06-28,272.0,128.0,0.0,0.0,0.0
1980-06-29,322.0,111.0,0.0,0.0,0.0
1980-06-30,267.0,167.0,76.0,0.0,0.0
1980-07-01,283.0,94.0,0.0,0.0,0.0
1980-07-02,311.0,106.0,0.0,0.0,0.0
1980-07-03,328.0,150.0,0.0,0.0,0.0
1980-07-04,306.0,172.0,0.0,0.0,0.0
1980-07-05,333.0,183.0,0.0,0.0,0.0
1980-07-06,328.0,172.0,0.0,0.0,0.0
1980-07-07,328.0,139.0,0.0,0.0,0.0
1980-07-08,339.0,133.0,0.0,0.0,0.0
1980-07-09,356.0,139.0,0.0,0.0,0.0
1980-07-10,361.0,183.0,0.0,0.0,0.0
1980-07-11,328.0,183.0,330.0,0.0,0.0
1980-07-12,339.0,172.0,0.0,0.0,0.0
1980-07-13,356.0,183.0,10.0,0.0,0.0
1980-07-14,344.0,183.0,0.0,0.0,0.0
1980-07-15,344.0,200.0,0.0,0.0,0.0
1980-07-16,350.0,189.0,0.0,0.0,0.0
1980-07-17,361.0,183.0,0.0,0.0,0.0
1980-07-18,333.0,183.0,254.0,0.0,0.0
1980-07-19,344.0,172.0,0.0,0.0,0.0
1980-07-20,328.0,122.0,0.0,0.0,0.0
1980-07-21,317.0,178.0,0.0,0.0,0.0
1980-07-22,311.0,194.0,0.0,0.0,0.0
1980-07-23,294.0,178.0,51.0,0.0,0.0
1980-07-24,289.0,172.0,0.0,0.0,0.0
1980-07-25,317.0,167.0,76.0,0.0,0.0
1980-07-26,311.0,178.0,0.0,0.0,0.0
1980-07-27,317.0,106.0,51.0,0.0,0.0
1980-07-28,294.0,150.0,0.0,0.0,0.0
1980-07-29,306.0,128.0,0.0,0.0,0.0
1980-07-30,311.0,122.0,0.0,0.0,0.0
1980-07-31,328.0,139.0,0.0,0.0,0.0
1980-08-01,356.0,161.0,0.0,0.0,0.0
1980-08-02,328.0,139.0,0.0,0.0,0.0
1980-08-03,356.0,106.0,25.0,0.0,0.0
1980-08-04,361.0,106.0,0.0,0.0,0.0
1980-08-05,306.0,156.0,292.0,0.0,0.0
1980-08-06,322.0,144.0,0.0,0.0,0.0
1980-08-07,339.0,144.0,0.0,0.0,0.0
1980-08-08,350.0,150.0,0.0,0.0,0.0
1980-08-09,356.0,156.0,0.0,0.0,0.0
1980-08-10,361.0,156.0,0.0,0.0,0.0
1980-08-11,344.0,156.0,0.0,0.0,0.0
1980-08-12,306.0,183.0,25.0,0.0,0.0
1980-08-13,311.0,156.0,0.0,0.0,0.0
1980-08-14,328.0,161.0,0.0,0.0,0.0
1980-08-15,344.0,172.0,0.0,0.0,0.0
1980-08-16,339.0,172.0,0.0,0.0,0.0
1980-08-17,328.0,167.0,0.0,0.0,0.0
1980-08-18,311.0,161.0,0.0,0.0,0.0
1980-08-19,317.0,161.0,0.0,0.0,0.0
1980-08-20,317.0,183.0,0.0,0.0,0.0
1980-08-21,339.0,156.0,0.0,0.0,0.0
1980-08-22,344.0,172.0,0.0,0.0,0.0
1980-08-23,328.0,150.0,0.0,0.0,0.0
1980-08-24,311.0,144.0,0.0,0.0,0.0
1980-08-25,294.0,133.0,0.0,0.0,0.0
1980-08-26,294.0,133.0,0.0,0.0,0.0
1980-08-27,294.0,128.0,0.0,0.0,0.0
1980-08-28,294.0,133.0,0.0,0.0,0.0
1980-08-29,322.0,144.0,0.0,0.0,0.0
1980-08-30,289.0,178.0,89.0,0.0,0.0
1980-08-31,311.0,167.0,97.0,0.0,0.0
1980-09-01,306.0,172.0,0.0,0.0,0.0
1980-09-02,317.0,156.0,0.0,0.0,0.0
1980-09-03,328.0,150.0,0.0,0.0,0.0
1980-09-04,306.0,156.0,0.0,0.0,0.0
1980-09-05,289.0,161.0,262.0,0.0,0.0
1980-09-06,306.0,161.0,0.0,0.0,0.0
1980-09-07,328.0,156.0,0.0,0.0,0.0
1980-09-08,328.0,128.0,0.0,0.0,0.0
1980-09-09,322.0,122.0,0.0,0.0,0.0
1980-09-10,300.0,128.0,0.0,0.0,0.0
1980-09-11,306.0,139.0,0.0,0.0,0.0
1980-09-12,311.0,106.0,0.0,0.0,0.0
1980-09-13,300.0,128.0,0.0,0.0,0.0
1980-09-14,317.0,94.0,0.0,0.0,0.0
1980-09-15,311.0,133.0,0.0,0.0,0.0
1980-09-16,306.0,94.0,0.0,0.0,0.0
1980-09-17,283.0,100.0,0.0,0.0,0.0
1980-09-18,228.0,172.0,140.0,0.0,0.0
1980-09-19,233.0,183.0,0.0,0.0,0.0
1980-09-20,256.0,194.0,0.0,0.0,0.0
1980-09-21,267.0,178.0,25.0,0.0,0.0
1980-09-22,272.0,172.0,0.0,0.0,0.0
1980-09-23,289.0,172.0,0.0,0.0,0.0
1980-09-24,283.0,167.0,0.0,0.0,0.0
1980-09-25,250.0,172.0,241.0,0.0,0.0
1980-09-26,228.0,161.0,51.0,0.0,0.0
1980-09-27,233.0,83.0,0.0,0.0,0.0
1980-09-28,200.0,94.0,51.0,0.0,0.0
1980-09-29,178.0,117.0,381.0,0.0,0.0
1980-09-30,161.0,133.0,140.0,0.0,0.0
1980-10-01,183.0,139.0,0.0,0.0,0.0
1980-10-02,250.0,128.0,0.0,0.0,0.0
1980-10-03,239.0,78.0,0.0,0.0,0.0
1980-10-04,183.0,11.0,0.0,0.0,0.0
1980-10-05,139.0,39.0,0.0,0.0,0.0
1980-10-06,139.0,11.0,0.0,0.0,0.0
1980-10-07,178.0,11.0,0.0,0.0,0.0
1980-10-08,206.0,28.0,0.0,0.0,0.0
1980-10-09,239.0,33.0,0.0,0.0,0.0
1980-10-10,250.0,83.0,0.0,0.0,0.0
1980-10-11,267.0,100.0,0.0,0.0,0.0
1980-10-12,217.0,0.0,0.0,0.0,0.0
1980-10-13,206.0,-22.0,0.0,0.0,0.0
1980-10-14,183.0,-28.0,0.0,0.0,0.0
1980-10-15,228.0,-22.0,0.0,0.0,0.0
1980-10-16,239.0,-6.0,0.0,0.0,0.0
1980-10-17,239.0,83.0,0.0,0.0,0.0
1980-10-18,228.0,122.0,0.0,0.0,0.0
1980-10-19,211.0,167.0,152.0,0.0,0.0
1980-10-20,217.0,39.0,0.0,0.0,0.0
1980-10-21,194.0,-22.0,0.0,0.0,0.0
1980-10-22,206.0,-6.0,0.0,0.0,0.0
1980-10-23,222.0,28.0,0.0,0.0,0.0
1980-10-24,194.0,39.0,0.0,0.0,0.0
1980-10-25,183.0,50.0,127.0,0.0,0.0
1980-10-26,111.0,-56.0,0.0,0.0,0.0
1980-10-27,183.0,-17.0,0.0,0.0,0.0
1980-10-28,139.0,-39.0,0.0,0.0,0.0
1980-10-29,161.0,39.0,203.0,0.0,0.0
1980-10-30,106.0,67.0,0.0,0.0,0.0
1980-10-31,139.0,78.0,0.0,0.0,0.0
1980-11-01,178.0,-22.0,0.0,0.0,0.0
1980-11-02,206.0,-33.0,0.0,0.0,0.0
1980-11-03,183.0,-22.0,0.0,0.0,0.0
1980-11-04,200.0,39.0,152.0,0.0,0.0
1980-11-05,194.0,6.0,0.0,0.0,0.0
1980-11-06,139.0,-39.0,0.0,0.0,0.0
1980-11-07,150.0,-33.0,0.0,0.0,0.0
1980-11-08,233.0,-33.0,0.0,0.0,0.0
1980-11-09,228.0,72.0,0.0,0.0,0.0
1980-11-10,228.0,94.0,0.0,0.0,0.0
1980-11-11,194.0,-6.0,0.0,0.0,0.0
1980-11-12,167.0,-56.0,0.0,0.0,0.0
1980-11-13,194.0,-50.0,0.0,0.0,0.0
1980-11-14,222.0,-50.0,0.0,0.0,0.0
1980-11-15,189.0,67.0,51.0,0.0,0.0
1980-11-16,189.0,50.0,279.0,0.0,0.0
1980-11-17,172.0,39.0,0.0,0.0,0.0
1980-11-18,122.0,50.0,127.0,0.0,0.0
1980-11-19,72.0,-72.0,0.0,0.0,0.0
1980-11-20,78.0,-72.0,0.0,0.0,0.0
1980-11-21,111.0,-72.0,0.0,0.0,0.0
1980-11-22,122.0,-78.0,0.0,0.0,0.0
1980-11-23,111.0,-72.0,5.0,0.0,0.0
1980-11-24,117.0,22.0,114.0,0.0,0.0
1980-11-25,128.0,56.0,13.0,0.0,0.0
1980-11-26,106.0,-44.0,0.0,0.0,0.0
1980-11-27,61.0,-28.0,25.0,0.0,0.0
1980-11-28,106.0,-6.0,0.0,0.0,0.0
1980-11-29,11.0,-22.0,0.0,0.0,0.0
1980-11-30,89.0,-61.0,0.0,0.0,0.0
1980-12-01,150.0,-78.0,0.0,0.0,0.0
1980-12-02,183.0,-44.0,0.0,0.0,0.0
1980-12-03,139.0,-44.0,0.0,0.0,0.0
1980-12-04,128.0,-78.0,0.0,0.0,0.0
1980-12-05,133.0,-72.0,0.0,0.0,0.0
1980-12-06,156.0,-72.0,0.0,0.0,0.0
1980-12-07,183.0,-39.0,0.0,0.0,0.0
1980-12-08,194.0,-44.0,0.0,0.0,0.0
1980-12-09,206.0,17.0,0.0,0.0,0.0
1980-12-10,194.0,28.0,191.0,0.0,0.0
1980-12-11,83.0,-44.0,0.0,0.0,0.0
1980-12-12,83.0,-67.0,0.0,0.0,0.0
1980-12-13,122.0,-61.0,0.0,0.0,0.0
1980-12-14,133.0,-72.0,0.0,0.0,0.0
1980-12-15,117.0,-83.0,0.0,0.0,0.0
1980-12-16,111.0,-72.0,0.0,0.0,0.0
1980-12-17,106.0,-50.0,0.0,0.0,0.0
1980-12-18,89.0,-67.0,0.0,0.0,0.0
1980-12-19,139.0,-67.0,0.0,0.0,0.0
1980-12-20,72.0,-78.0,0.0,0.0,0.0
1980-12-21,33.0,-122.0,0.0,0.0,0.0
1980-12-22,56.0,-128.0,0.0,0.0,0.0
1980-12-23,56.0,-94.0,0.0,0.0,0.0
1980-12-24,72.0,6.0,25.0,0.0,0.0
1980-12-25,94.0,-122.0,0.0,0.0,0.0
1980-12-26,-11.0,-122.0,0.0,0.0,0.0
1980-12-27,0.0,-67.0,0.0,0.0,0.0
1980-12-28,56.0,-83.0,0.0,0.0,0.0
1980-12-29,156.0,-56.0,0.0,0.0,0.0
1980-12-30,150.0,22.0,0.0,0.0,0.0
1980-12-31,156.0,-33.0,0.0,0.0,0.0
1981-01-01,106.0,-50.0,0.0,0.0,0.0
1981-01-02,44.0,-39.0,0.0,0.0,0.0
1981-01-03,83.0,-44.0,0.0,0.0,0.0
1981-01-04,111.0,-50.0,0.0,0.0,0.0
1981-01-05,44.0,-172.0,0.0,0.0,0.0
1981-01-06,6.0,-161.0,0.0,0.0,0.0
1981-01-07,44.0,-78.0,3.0,,
1981-01-08,11.0,-133.0,0.0,0.0,0.0
1981-01-09,50.0,-133.0,0.0,0.0,0.0
1981-01-10,33.0,-139.0,0.0,0.0,0.0
1981-01-11,0.0,-161.0,0.0,0.0,0.0
1981-01-12,-6.0,-178.0,0.0,0.0,0.0
1981-01-13,44.0,-172.0,0.0,0.0,0.0
1981-01-14,50.0,-161.0,0.0,0.0,0.0
1981-01-15,83.0,-22.0,0.0,0.0,0.0
1981-01-16,106.0,,0.0,0.0,0.0
1981-01-17,,,0.0,0.0,0.0
1981-01-18,,,0.0,0.0,0.0
1981-01-19,72.0,-150.0,0.0,0.0,0.0
1981-01-20,122.0,-28.0,0.0,0.0,0.0
1981-01-21,128.0,-6.0,102.0,0.0,0.0
1981-01-22,67.0,11.0,3.0,0.0,0.0
1981-01-23,61.0,-17.0,0.0,0.0,0.0
1981-01-24,83.0,-72.0,0.0,0.0,0.0
1981-01-25,128.0,-67.0,0.0,0.0,0.0
1981-01-26,172.0,-61.0,0.0,0.0,0.0
1981-01-27,156.0,-28.0,25.0,0.0,0.0
1981-01-28,139.0,-22.0,71.0,0.0,0.0
1981-01-29,111.0,-78.0,0.0,0.0,0.0
1981-01-30,128.0,-72.0,0.0,0.0,0.0
1981-01-31,44.0,-39.0,102.0,,
1981-02-01,61.0,-61.0,102.0,0.0,0.0
1981-02-02,117.0,-56.0,307.0,0.0,0.0
1981-02-03,39.0,-117.0,0.0,0.0,0.0
1981-02-04,6.0,-122.0,0.0,0.0,0.0
1981-02-05,17.0,-144.0,0.0,0.0,0.0
1981-02-06,61.0,-139.0,0.0,0.0,0.0
1981-02-07,89.0,-56.0,0.0,0.0,0.0
1981-02-08,67.0,-50.0,18.0,0.0,0.0
1981-02-09,72.0,-111.0,0.0,0.0,0.0
1981-02-10,94.0,-94.0,0.0,0.0,0.0
1981-02-11,128.0,50.0,559.0,0.0,0.0
1981-02-12,106.0,-161.0,0.0,0.0,0.0
1981-02-13,17.0,-150.0,0.0,0.0,0.0
1981-02-14,94.0,-122.0,0.0,0.0,0.0
1981-02-15,144.0,-56.0,0.0,0.0,0.0
1981-02-16,150.0,-50.0,0.0,0.0,0.0
1981-02-17,139.0,83.0,0.0,0.0,0.0
1981-02-18,128.0,83.0,152.0,0.0,0.0
1981-02-19,128.0,83.0,127.0,0.0,0.0
1981-02-20,150.0,67.0,38.0,0.0,0.0
1981-02-21,150.0,22.0,0.0,0.0,0.0
1981-02-22,200.0,-11.0,0.0,0.0,0.0
1981-02-23,183.0,17.0,25.0,0.0,0.0
1981-02-24,117.0,-28.0,0.0,0.0,0.0
1981-02-25,128.0,-61.0,0.0,0.0,0.0
1981-02-26,194.0,-61.0,0.0,0.0,0.0
1981-02-27,222.0,-28.0,0.0,0.0,0.0
1981-02-28,217.0,-17.0,0.0,0.0,0.0
1981-03-01,228.0,11.0,25.0,0.0,0.0
1981-03-02,150.0,28.0,0.0,0.0,0.0
1981-03-03,156.0,-22.0,0.0,0.0,0.0
1981-03-04,128.0,-6.0,0.0,0.0,0.0
1981-03-05,94.0,39.0,229.0,0.0,0.0
1981-03-06,111.0,-28.0,0.0,0.0,0.0
1981-03-07,100.0,-22.0,0.0,0.0,0.0
1981-03-08,94.0,-61.0,0.0,0.0,0.0
1981-03-09,106.0,-83.0,0.0,0.0,0.0
1981-03-10,111.0,-78.0,0.0,0.0,0.0
1981-03-11,111.0,-67.0,0.0,0.0,0.0
1981-03-12,139.0,-28.0,0.0,0.0,0.0
1981-03-13,150.0,-67.0,0.0,0.0,0.0
1981-03-14,161.0,-61.0,0.0,0.0,0.0
1981-03-15,122.0,-89.0,0.0,0.0,0.0
1981-03-16,150.0,-89.0,76.0,0.0,0.0
1981-03-17,94.0,-83.0,0.0,0.0,0.0
1981-03-18,117.0,-17.0,0.0,0.0,0.0
1981-03-19,72.0,6.0,25.0,0.0,0.0
1981-03-20,28.0,-39.0,0.0,0.0,0.0
1981-03-21,83.0,-61.0,0.0,0.0,0.0
1981-03-22,128.0,-89.0,51.0,0.0,0.0
1981-03-23,67.0,17.0,3.0,0.0,0.0
1981-03-24,117.0,-33.0,0.0,0.0,0.0
1981-03-25,122.0,-50.0,0.0,0.0,0.0
1981-03-26,133.0,-33.0,0.0,0.0,0.0
1981-03-27,206.0,-28.0,0.0,0.0,0.0
1981-03-28,228.0,-17.0,0.0,0.0,0.0
1981-03-29,217.0,17.0,0.0,0.0,0.0
1981-03-30,167.0,72.0,541.0,0.0,0.0
1981-03-31,217.0,28.0,0.0,0.0,0.0
1981-04-01,267.0,39.0,0.0,0.0,0.0
1981-04-02,217.0,-6.0,0.0,0.0,0.0
1981-04-03,267.0,-17.0,0.0,0.0,0.0
1981-04-04,233.0,-6.0,0.0,0.0,0.0
1981-04-05,267.0,128.0,229.0,0.0,0.0
1981-04-06,222.0,-11.0,0.0,0.0,0.0
1981-04-07,167.0,-22.0,0.0,0.0,0.0
1981-04-08,206.0,-17.0,0.0,0.0,0.0
1981-04-09,194.0,61.0,0.0,0.0,0.0
1981-04-10,183.0,94.0,152.0,0.0,0.0
1981-04-11,222.0,83.0,0.0,0.0,0.0
1981-04-12,267.0,78.0,0.0,0.0,0.0
1981-04-13,250.0,122.0,0.0,0.0,0.0
1981-04-14,289.0,128.0,0.0,0.0,0.0
1981-04-15,306.0,83.0,51.0,0.0,0.0
1981-04-16,233.0,11.0,0.0,0.0,0.0
1981-04-17,244.0,28.0,0.0,0.0,0.0
1981-04-18,150.0,61.0,183.0,0.0,0.0
1981-04-19,250.0,72.0,0.0,0.0,0.0
1981-04-20,261.0,117.0,20.0,0.0,0.0
1981-04-21,233.0,78.0,0.0,0.0,0.0
1981-04-22,228.0,78.0,0.0,0.0,0.0
1981-04-23,228.0,100.0,127.0,0.0,0.0
1981-04-24,222.0,67.0,76.0,0.0,0.0
1981-04-25,244.0,94.0,0.0,0.0,0.0
1981-04-26,200.0,17.0,0.0,0.0,0.0
1981-04-27,272.0,44.0,0.0,0.0,0.0
1981-04-28,300.0,61.0,0.0,0.0,0.0
1981-04-29,278.0,67.0,0.0,0.0,0.0
1981-04-30,244.0,94.0,51.0,0.0,0.0
1981-05-01,244.0,106.0,0.0,0.0,0.0
1981-05-02,239.0,22.0,0.0,0.0,0.0
1981-05-03,183.0,-6.0,0.0,0.0,0.0
1981-05-04,244.0,-6.0,0.0,0.0,0.0
1981-05-05,228.0,28.0,0.0,0.0,0.0
1981-05-06,283.0,72.0,0.0,0.0,0.0
1981-05-07,233.0,106.0,46.0,0.0,0.0
1981-05-08,239.0,100.0,0.0,0.0,0.0
1981-05-09,228.0,44.0,0.0,0.0,0.0
1981-05-10,239.0,,0.0,0.0,0.0
1981-05-11,206.0,100.0,76.0,0.0,0.0
1981-05-12,128.0,50.0,13.0,0.0,0.0
1981-05-13,194.0,50.0,0.0,0.0,0.0
1981-05-14,256.0,72.0,0.0,0.0,0.0
1981-05-15,261.0,50.0,18.0,0.0,0.0
1981-05-16,111.0,11.0,0.0,0.0,0.0
1981-05-17,211.0,17.0,0.0,0.0,0.0
1981-05-18,194.0,94.0,0.0,0.0,0.0
1981-05-19,272.0,106.0,178.0,0.0,0.0
1981-05-20,239.0,111.0,38.0,0.0,0.0
1981-05-21,206.0,94.0,127.0,0.0,0.0
1981-05-22,222.0,67.0,0.0,0.0,0.0
1981-05-23,256.0,50.0,0.0,0.0,0.0
1981-05-24,278.0,39.0,0.0,0.0,0.0
1981-05-25,278.0,50.0,0.0,0.0,0.0
1981-05-26,261.0,94.0,0.0,0.0,0.0
1981-05-27,272.0,89.0,584.0,0.0,0.0
1981-05-28,256.0,106.0,127.0,0.0,0.0
1981-05-29,233.0,83.0,0.0,0.0,0.0
1981-05-30,256.0,61.0,0.0,0.0,0.0
1981-05-31,300.0,117.0,0.0,0.0,0.0
1981-06-01,294.0,128.0,178.0,0.0,0.0
1981-06-02,233.0,144.0,25.0,0.0,0.0
1981-06-03,289.0,150.0,102.0,0.0,0.0
1981-06-04,272.0,183.0,64.0,0.0,0.0
1981-06-05,283.0,178.0,279.0,0.0,0.0
1981-06-06,300.0,183.0,0.0,0.0,0.0
1981-06-07,294.0,172.0,0.0,0.0,0.0
1981-06-08,239.0,161.0,102.0,0.0,0.0
1981-06-09,294.0,161.0,0.0,0.0,0.0
1981-06-10,306.0,172.0,0.0,0.0,0.0
1981-06-11,311.0,150.0,76.0,0.0,0.0
1981-06-12,294.0,161.0,0.0,0.0,0.0
1981-06-13,317.0,161.0,0.0,0.0,0.0
1981-06-14,306.0,167.0,0.0,0.0,0.0
1981-06-15,306.0,144.0,0.0,0.0,0.0
1981-06-16,311.0,117.0,0.0,0.0,0.0
1981-06-17,311.0,122.0,0.0,0.0,0.0
1981-06-18,283.0,150.0,0.0,0.0,0.0
1981-06-19,300.0,139.0,0.0,0.0,0.0
1981-06-20,294.0,150.0,20.0,0.0,0.0
1981-06-21,283.0,150.0,51.0,0.0,0.0
1981-06-22,317.0,150.0,0.0,0.0,0.0
1981-06-23,317.0,150.0,30.0,0.0,0.0
1981-06-24,306.0,139.0,0.0,0.0,0.0
1981-06-25,339.0,117.0,0.0,0.0,0.0
1981-06-26,311.0,161.0,25.0,0.0,0.0
1981-06-27,306.0,106.0,0.0,0.0,0.0
1981-06-28,300.0,94.0,0.0,0.0,0.0
1981-06-29,306.0,106.0,0.0,0.0,0.0
1981-06-30,294.0,94.0,0.0,0.0,0.0
1981-07-01,300.0,122.0,13.0,0.0,0.0
1981-07-02,272.0,122.0,0.0,0.0,0.0
1981-07-03,228.0,139.0,0.0,0.0,0.0
1981-07-04,272.0,139.0,0.0,0.0,0.0
1981-07-05,272.0,161.0,8.0,0.0,0.0
1981-07-06,,172.0,107.0,0.0,0.0
1981-07-07,,161.0,25.0,0.0,0.0
1981-07-08,294.0,167.0,0.0,0.0,0.0
1981-07-09,317.0,150.0,0.0,0.0,0.0
1981-07-10,328.0,150.0,0.0,0.0,0.0
1981-07-11,328.0,183.0,0.0,0.0,0.0
1981-07-12,322.0,183.0,13.0,0.0,0.0
1981-07-13,333.0,183.0,0.0,0.0,0.0
1981-07-14,328.0,167.0,0.0,0.0,0.0
1981-07-15,328.0,183.0,0.0,0.0,0.0
1981-07-16,344.0,189.0,0.0,0.0,0.0
1981-07-17,322.0,183.0,56.0,0.0,0.0
1981-07-18,328.0,183.0,0.0,0.0,0.0
1981-07-19,328.0,167.0,0.0,0.0,0.0
1981-07-20,339.0,172.0,0.0,0.0,0.0
1981-07-21,328.0,161.0,0.0,0.0,0.0
1981-07-22,294.0,139.0,0.0,0.0,0.0
1981-07-23,300.0,139.0,0.0,0.0,0.0
1981-07-24,283.0,144.0,0.0,0.0,0.0
1981-07-25,322.0,144.0,178.0,0.0,0.0
1981-07-26,322.0,100.0,178.0,0.0,0.0
1981-07-27,328.0,172.0,0.0,0.0,0.0
1981-07-28,333.0,183.0,51.0,0.0,0.0
1981-07-29,306.0,172.0,81.0,0.0,0.0
1981-07-30,294.0,172.0,0.0,0.0,0.0
1981-07-31,250.0,139.0,0.0,0.0,0.0
1981-08-01,250.0,139.0,51.0,0.0,0.0
1981-08-02,239.0,128.0,8.0,0.0,0.0
1981-08-03,261.0,172.0,25.0,0.0,0.0
1981-08-04,289.0,144.0,0.0,0.0,0.0
1981-08-05,289.0,156.0,0.0,0.0,0.0
1981-08-06,311.0,172.0,0.0,0.0,0.0
1981-08-07,311.0,189.0,51.0,0.0,0.0
1981-08-08,300.0,189.0,64.0,0.0,0.0
1981-08-09,311.0,133.0,0.0,0.0,0.0
1981-08-10,278.0,139.0,0.0,0.0,0.0
1981-08-11,294.0,161.0,0.0,0.0,0.0
1981-08-12,289.0,161.0,51.0,0.0,0.0
1981-08-13,272.0,133.0,0.0,0.0,0.0
1981-08-14,283.0,94.0,0.0,0.0,0.0
1981-08-15,289.0,106.0,0.0,0.0,0.0
1981-08-16,306.0,89.0,0.0,0.0,0.0
1981-08-17,294.0,94.0,0.0,0.0,0.0
1981-08-18,289.0,183.0,5.0,0.0,0.0
1981-08-19,211.0,172.0,0.0,0.0,0.0
1981-08-20,228.0,167.0,0.0,0.0,0.0
1981-08-21,233.0,161.0,51.0,0.0,0.0
1981-08-22,256.0,117.0,51.0,0.0,0.0
1981-08-23,261.0,122.0,0.0,0.0,0.0
1981-08-24,272.0,117.0,0.0,0.0,0.0
1981-08-25,283.0,128.0,0.0,0.0,0.0
1981-08-26,294.0,150.0,0.0,0.0,0.0
1981-08-27,289.0,133.0,0.0,0.0,0.0
1981-08-28,283.0,122.0,0.0,0.0,0.0
1981-08-29,294.0,106.0,0.0,0.0,0.0
1981-08-30,294.0,139.0,0.0,0.0,0.0
1981-08-31,283.0,139.0,0.0,0.0,0.0
1981-09-01,306.0,139.0,0.0,0.0,0.0
1981-09-02,239.0,161.0,25.0,0.0,0.0
1981-09-03,300.0,172.0,0.0,0.0,0.0
1981-09-04,289.0,183.0,25.0,0.0,0.0
1981-09-05,261.0,178.0,0.0,0.0,0.0
1981-09-06,306.0,194.0,3.0,0.0,0.0
1981-09-07,294.0,167.0,330.0,0.0,0.0
1981-09-08,272.0,122.0,5.0,0.0,0.0
1981-09-09,283.0,94.0,0.0,0.0,0.0
1981-09-10,294.0,83.0,0.0,0.0,0.0
1981-09-11,283.0,78.0,0.0,0.0,0.0
1981-09-12,289.0,94.0,0.0,0.0,0.0
1981-09-13,278.0,94.0,0.0,0.0,0.0
1981-09-14,294.0,117.0,0.0,0.0,0.0
1981-09-15,306.0,128.0,0.0,0.0,0.0
1981-09-16,250.0,150.0,381.0,0.0,0.0
1981-09-17,239.0,56.0,0.0,0.0,0.0
1981-09-18,222.0,22.0,0.0,0.0,0.0
1981-09-19,144.0,11.0,0.0,0.0,0.0
1981-09-20,206.0,28.0,0.0,0.0,0.0
1981-09-21,233.0,28.0,0.0,0.0,0.0
1981-09-22,261.0,39.0,0.0,0.0,0.0
1981-09-23,267.0,67.0,0.0,0.0,0.0
1981-09-24,261.0,33.0,0.0,0.0,0.0
1981-09-25,278.0,50.0,0.0,0.0,0.0
1981-09-26,267.0,67.0,0.0,0.0,0.0
1981-09-27,272.0,39.0,0.0,0.0,0.0
1981-09-28,272.0,61.0,0.0,0.0,0.0
1981-09-29,278.0,17.0,0.0,0.0,0.0
1981-09-30,261.0,17.0,0.0,0.0,0.0
1981-10-01,294.0,83.0,0.0,0.0,0.0
1981-10-02,289.0,83.0,25.0,0.0,0.0
1981-10-03,144.0,-22.0,0.0,0.0,0.0
1981-10-04,222.0,-17.0,0.0,0.0,0.0
1981-10-05,272.0,-17.0,0.0,0.0,0.0
1981-10-06,261.0,72.0,0.0,0.0,0.0
1981-10-07,272.0,72.0,0.0,0.0,0.0
1981-10-08,,28.0,0.0,0.0,0.0
1981-10-09,239.0,17.0,0.0,0.0,0.0
1981-10-10,167.0,33.0,102.0,0.0,0.0
1981-10-11,172.0,106.0,0.0,0.0,0.0
1981-10-12,194.0,94.0,0.0,0.0,0.0
1981-10-13,217.0,111.0,0.0,0.0,0.0
1981-10-14,228.0,0.0,0.0,0.0,0.0
1981-10-15,200.0,11.0,0.0,0.0,0.0
1981-10-16,183.0,106.0,0.0,0.0,0.0
1981-10-17,250.0,61.0,0.0,0.0,0.0
1981-10-18,244.0,83.0,5.0,0.0,0.0
1981-10-19,194.0,33.0,89.0,0.0,0.0
1981-10-20,144.0,-50.0,0.0,0.0,0.0
1981-10-21,194.0,-39.0,0.0,0.0,0.0
1981-10-22,211.0,-22.0,0.0,0.0,0.0
1981-10-23,183.0,106.0,76.0,0.0,0.0
1981-10-24,139.0,-11.0,76.0,0.0,0.0
1981-10-25,,-28.0,38.0,0.0,0.0
1981-10-26,150.0,72.0,267.0,0.0,0.0
1981-10-27,172.0,94.0,51.0,0.0,0.0
1981-10-28,178.0,72.0,0.0,0.0,0.0
1981-10-29,211.0,44.0,0.0,0.0,0.0
1981-10-30,222.0,56.0,0.0,0.0,0.0
1981-10-31,228.0,39.0,0.0,0.0,0.0
1981-11-01,228.0,44.0,0.0,0.0,0.0
1981-11-02,222.0,44.0,0.0,0.0,0.0
1981-11-03,211.0,39.0,0.0,0.0,0.0
1981-11-04,233.0,56.0,0.0,0.0,0.0
1981-11-05,217.0,94.0,33.0,0.0,0.0
1981-11-06,172.0,94.0,0.0,0.0,0.0
1981-11-07,167.0,6.0,0.0,0.0,0.0
1981-11-08,156.0,-56.0,0.0,0.0,0.0
1981-11-09,200.0,-56.0,0.0,0.0,0.0
1981-11-10,194.0,-17.0,0.0,0.0,0.0
1981-11-11,194.0,-17.0,0.0,0.0,0.0
1981-11-12,183.0,-39.0,0.0,0.0,0.0
1981-11-13,178.0,-33.0,0.0,0.0,0.0
1981-11-14,172.0,-44.0,0.0,0.0,0.0
1981-11-15,178.0,-50.0,0.0,0.0,0.0
1981-11-16,172.0,-50.0,0.0,0.0,0.0
1981-11-17,150.0,17.0,3.0,0.0,0.0
1981-11-18,128.0,-6.0,0.0,0.0,0.0
1981-11-19,161.0,-17.0,0.0,0.0,0.0
1981-11-20,178.0,0.0,30.0,0.0,0.0
1981-11-21,117.0,-17.0,0.0,0.0,0.0
1981-11-22,39.0,-94.0,0.0,0.0,0.0
1981-11-23,94.0,-83.0,0.0,0.0,0.0
1981-11-24,117.0,-78.0,25.0,0.0,0.0
1981-11-25,83.0,-39.0,0.0,0.0,0.0
1981-11-26,139.0,-39.0,0.0,0.0,0.0
1981-11-27,172.0,-33.0,25.0,0.0,0.0
1981-11-28,144.0,44.0,10.0,0.0,0.0
1981-11-29,144.0,-17.0,0.0,0.0,0.0
1981-11-30,94.0,0.0,0.0,0.0,0.0
1981-12-01,83.0,50.0,254.0,,
1981-12-02,106.0,33.0,0.0,,
1981-12-03,111.0,-17.0,0.0,,
1981-12-04,100.0,-6.0,0.0,,
1981-12-05,50.0,-17.0,0.0,,
1981-12-06,78.0,-122.0,0.0,,
1981-12-07,72.0,-72.0,0.0,,
1981-12-08,128.0,-17.0,0.0,,
1981-12-09,117.0,-33.0,0.0,,
1981-12-10,28.0,-50.0,0.0,,
1981-12-11,28.0,-122.0,0.0,,
1981-12-12,50.0,-106.0,0.0,,
1981-12-13,111.0,-122.0,0.0,,
1981-12-14,106.0,-72.0,152.0,,
1981-12-15,83.0,33.0,102.0,,
1981-12-16,39.0,-44.0,0.0,,
1981-12-17,83.0,-39.0,0.0,,
1981-12-18,61.0,-56.0,30.0,,
1981-12-19,-44.0,-139.0,0.0,,
1981-12-20,-28.0,-178.0,0.0,,
1981-12-21,28.0,-167.0,0.0,,
1981-12-22,39.0,-122.0,254.0,,
1981-12-23,150.0,39.0,51.0,,
1981-12-24,128.0,22.0,46.0,,
1981-12-25,44.0,17.0,249.0,,
1981-12-26,50.0,17.0,13.0,,
1981-12-27,67.0,17.0,147.0,,
1981-12-28,122.0,-39.0,0.0,,
1981-12-29,94.0,-33.0,0.0,,
1981-12-30,78.0,-72.0,0.0,,
1981-12-31,67.0,-67.0,0.0,,
1982-01-01,83.0,0.0,254.0,0.0,0.0
1982-01-02,106.0,-33.0,0.0,0.0,0.0
1982-01-03,122.0,-94.0,279.0,0.0,0.0
1982-01-04,150.0,72.0,635.0,0.0,0.0
1982-01-05,117.0,-44.0,0.0,0.0,0.0
1982-01-06,94.0,-44.0,0.0,0.0,0.0
1982-01-07,150.0,28.0,8.0,0.0,0.0
1982-01-08,172.0,-44.0,0.0,0.0,0.0
1982-01-09,44.0,-100.0,0.0,0.0,0.0
1982-01-10,6.0,-167.0,0.0,0.0,0.0
1982-01-11,-122.0,-222.0,0.0,0.0,0.0
1982-01-12,-100.0,-172.0,0.0,0.0,0.0
1982-01-13,-28.0,-117.0,610.0,51.0,15.0
1982-01-14,11.0,-39.0,457.0,0.0,5.0
1982-01-15,-17.0,-106.0,406.0,51.0,8.0
1982-01-16,56.0,-78.0,0.0,0.0,0.0
1982-01-17,33.0,-261.0,0.0,0.0,0.0
1982-01-18,-28.0,-211.0,0.0,0.0,0.0
1982-01-19,28.0,-94.0,8.0,0.0,0.0
1982-01-20,106.0,17.0,13.0,0.0,0.0
1982-01-21,183.0,17.0,254.0,0.0,0.0
1982-01-22,183.0,83.0,8.0,0.0,0.0
1982-01-23,100.0,39.0,13.0,0.0,0.0
1982-01-24,111.0,-128.0,0.0,0.0,0.0
1982-01-25,94.0,-72.0,0.0,0.0,0.0
1982-01-26,111.0,-94.0,0.0,0.0,0.0
1982-01-27,0.0,-128.0,0.0,0.0,0.0
1982-01-28,83.0,-33.0,0.0,0.0,0.0
1982-01-29,22.0,-22.0,5.0,0.0,0.0
1982-01-30,144.0,-17.0,8.0,0.0,0.0
1982-01-31,150.0,0.0,0.0,0.0,0.0
1982-02-01,156.0,-44.0,191.0,0.0,0.0
1982-02-02,100.0,-33.0,0.0,0.0,0.0
1982-02-03,100.0,78.0,686.0,0.0,0.0
1982-02-04,128.0,22.0,10.0,0.0,0.0
1982-02-05,44.0,11.0,0.0,0.0,0.0
1982-02-06,106.0,17.0,25.0,0.0,0.0
1982-02-07,33.0,-111.0,0.0,0.0,0.0
1982-02-08,50.0,-72.0,0.0,0.0,0.0
1982-02-09,133.0,-33.0,51.0,0.0,0.0
1982-02-10,117.0,-33.0,102.0,0.0,0.0
1982-02-11,56.0,-50.0,0.0,0.0,0.0
1982-02-12,111.0,-44.0,0.0,0.0,0.0
1982-02-13,78.0,-39.0,51.0,0.0,0.0
1982-02-14,67.0,-78.0,0.0,0.0,0.0
1982-02-15,156.0,-67.0,0.0,0.0,0.0
1982-02-16,128.0,89.0,76.0,0.0,0.0
1982-02-17,150.0,94.0,279.0,0.0,0.0
1982-02-18,172.0,56.0,0.0,0.0,0.0
1982-02-19,156.0,50.0,8.0,0.0,0.0
1982-02-20,122.0,-39.0,0.0,0.0,0.0
1982-02-21,183.0,-50.0,0.0,0.0,0.0
1982-02-22,139.0,-28.0,0.0,0.0,0.0
1982-02-23,133.0,-44.0,0.0,0.0,0.0
1982-02-24,228.0,6.0,0.0,0.0,0.0
1982-02-25,228.0,17.0,0.0,0.0,0.0
1982-02-26,83.0,11.0,0.0,0.0,0.0
1982-02-27,28.0,-17.0,686.0,25.0,254.0
1982-02-28,67.0,-67.0,127.0,0.0,0.0
1982-03-01,56.0,22.0,254.0,0.0,0.0
1982-03-02,100.0,-39.0,0.0,0.0,0.0
1982-03-03,183.0,-33.0,0.0,0.0,0.0
1982-03-04,156.0,-11.0,0.0,0.0,0.0
1982-03-05,194.0,56.0,3.0,0.0,0.0
1982-03-06,178.0,50.0,0.0,0.0,0.0
1982-03-07,128.0,-78.0,305.0,0.0,0.0
1982-03-08,122.0,-67.0,127.0,0.0,0.0
1982-03-09,111.0,-50.0,0.0,0.0,0.0
1982-03-10,167.0,-17.0,0.0,0.0,0.0
1982-03-11,189.0,39.0,0.0,0.0,0.0
1982-03-12,189.0,39.0,0.0,0.0,0.0
1982-03-13,239.0,44.0,0.0,0.0,0.0
1982-03-14,189.0,-28.0,0.0,0.0,0.0
1982-03-15,222.0,67.0,0.0,0.0,0.0
1982-03-16,144.0,106.0,102.0,0.0,0.0
1982-03-17,200.0,128.0,0.0,0.0,0.0
1982-03-18,222.0,117.0,38.0,0.0,0.0
1982-03-19,272.0,89.0,0.0,0.0,0.0
1982-03-20,272.0,100.0,0.0,0.0,0.0
1982-03-21,261.0,111.0,13.0,0.0,0.0
1982-03-22,167.0,33.0,13.0,0.0,0.0
1982-03-23,172.0,-22.0,0.0,0.0,0.0
1982-03-24,178.0,33.0,0.0,0.0,0.0
1982-03-25,206.0,39.0,0.0,0.0,0.0
1982-03-26,206.0,-6.0,13.0,0.0,0.0
1982-03-27,78.0,-28.0,0.0,0.0,0.0
1982-03-28,78.0,-89.0,0.0,0.0,0.0
1982-03-29,139.0,22.0,0.0,0.0,0.0
1982-03-30,139.0,28.0,0.0,0.0,0.0
1982-03-31,189.0,111.0,0.0,0.0,0.0
1982-04-01,233.0,100.0,58.0,0.0,0.0
1982-04-02,200.0,28.0,0.0,0.0,0.0
1982-04-03,222.0,161.0,89.0,0.0,0.0
1982-04-04,189.0,72.0,0.0,0.0,0.0
1982-04-05,122.0,39.0,33.0,0.0,0.0
1982-04-06,56.0,-11.0,3.0,0.0,0.0
1982-04-07,139.0,-61.0,0.0,0.0,0.0
1982-04-08,50.0,39.0,127.0,0.0,0.0
1982-04-09,111.0,50.0,147.0,0.0,0.0
1982-04-10,133.0,-44.0,0.0,0.0,0.0
1982-04-11,178.0,-33.0,0.0,0.0,0.0
1982-04-12,228.0,-6.0,0.0,0.0,0.0
1982-04-13,244.0,56.0,0.0,0.0,0.0
1982-04-14,261.0,111.0,0.0,0.0,0.0
1982-04-15,272.0,94.0,0.0,0.0,0.0
1982-04-16,250.0,172.0,0.0,0.0,0.0
1982-04-17,239.0,156.0,0.0,0.0,0.0
1982-04-18,217.0,28.0,216.0,0.0,0.0
1982-04-19,217.0,83.0,0.0,0.0,0.0
1982-04-20,150.0,117.0,0.0,0.0,0.0
1982-04-21,233.0,117.0,76.0,0.0,0.0
1982-04-22,200.0,61.0,0.0,0.0,0.0
1982-04-23,161.0,-28.0,0.0,0.0,0.0
1982-04-24,206.0,-17.0,0.0,0.0,0.0
1982-04-25,222.0,67.0,0.0,0.0,0.0
1982-04-26,139.0,117.0,432.0,0.0,0.0
1982-04-27,261.0,106.0,0.0,0.0,0.0
1982-04-28,194.0,61.0,38.0,0.0,0.0
1982-04-29,222.0,78.0,0.0,0.0,0.0
1982-04-30,211.0,50.0,0.0,0.0,0.0
1982-05-01,233.0,6.0,0.0,0.0,0.0
1982-05-02,244.0,50.0,0.0,0.0,0.0
1982-05-03,244.0,78.0,0.0,0.0,0.0
1982-05-04,261.0,78.0,0.0,0.0,0.0
1982-05-05,250.0,72.0,0.0,0.0,0.0
1982-05-06,283.0,89.0,0.0,0.0,0.0
1982-05-07,278.0,83.0,0.0,0.0,0.0
1982-05-08,222.0,122.0,224.0,0.0,0.0
1982-05-09,250.0,56.0,0.0,0.0,0.0
1982-05-10,244.0,67.0,0.0,0.0,0.0
1982-05-11,272.0,56.0,0.0,0.0,0.0
1982-05-12,289.0,78.0,0.0,0.0,0.0
1982-05-13,300.0,117.0,0.0,0.0,0.0
1982-05-14,300.0,106.0,0.0,0.0,0.0
1982-05-15,300.0,111.0,0.0,0.0,0.0
1982-05-16,306.0,100.0,0.0,0.0,0.0
1982-05-17,300.0,117.0,25.0,0.0,0.0
1982-05-18,283.0,122.0,140.0,0.0,0.0
1982-05-19,283.0,128.0,38.0,0.0,0.0
1982-05-20,272.0,111.0,0.0,0.0,0.0
1982-05-21,256.0,144.0,0.0,0.0,0.0
1982-05-22,283.0,133.0,0.0,0.0,0.0
1982-05-23,294.0,144.0,0.0,0.0,0.0
1982-05-24,267.0,139.0,102.0,0.0,0.0
1982-05-25,256.0,139.0,0.0,0.0,0.0
1982-05-26,294.0,150.0,0.0,0.0,0.0
1982-05-27,267.0,156.0,15.0,0.0,0.0
1982-05-28,278.0,167.0,178.0,0.0,0.0
1982-05-29,289.0,167.0,8.0,0.0,0.0
1982-05-30,311.0,183.0,0.0,0.0,0.0
1982-05-31,317.0,172.0,0.0,0.0,0.0
1982-06-01,267.0,178.0,10.0,0.0,0.0
1982-06-02,272.0,106.0,0.0,0.0,0.0
1982-06-03,289.0,117.0,0.0,0.0,0.0
1982-06-04,283.0,144.0,0.0,0.0,0.0
1982-06-05,244.0,178.0,0.0,0.0,0.0
1982-06-06,278.0,89.0,0.0,0.0,0.0
1982-06-07,267.0,78.0,0.0,0.0,0.0
1982-06-08,289.0,106.0,0.0,0.0,0.0
1982-06-09,306.0,111.0,0.0,0.0,0.0
1982-06-10,317.0,167.0,0.0,0.0,0.0
1982-06-11,283.0,139.0,114.0,0.0,0.0
1982-06-12,289.0,156.0,0.0,0.0,0.0
1982-06-13,283.0,183.0,318.0,0.0,0.0
1982-06-14,267.0,117.0,0.0,0.0,0.0
1982-06-15,278.0,133.0,0.0,0.0,0.0
1982-06-16,289.0,144.0,0.0,0.0,0.0
1982-06-17,278.0,172.0,127.0,0.0,0.0
1982-06-18,261.0,161.0,0.0,0.0,0.0
1982-06-19,294.0,128.0,0.0,0.0,0.0
1982-06-20,272.0,156.0,0.0,0.0,0.0
1982-06-21,272.0,106.0,0.0,0.0,0.0
1982-06-22,278.0,122.0,0.0,0.0,0.0
1982-06-23,261.0,139.0,0.0,0.0,0.0
1982-06-24,289.0,122.0,0.0,0.0,0.0
1982-06-25,283.0,144.0,0.0,0.0,0.0
1982-06-26,300.0,167.0,0.0,0.0,0.0
1982-06-27,294.0,183.0,0.0,0.0,0.0
1982-06-28,256.0,189.0,64.0,0.0,0.0
1982-06-29,283.0,183.0,76.0,0.0,0.0
1982-06-30,272.0,178.0,51.0,0.0,0.0
1982-07-01,289.0,172.0,25.0,0.0,0.0
1982-07-02,294.0,117.0,0.0,0.0,0.0
1982-07-03,306.0,156.0,0.0,0.0,0.0
1982-07-04,317.0,183.0,0.0,0.0,0.0
1982-07-05,306.0,172.0,140.0,0.0,0.0
1982-07-06,311.0,183.0,0.0,0.0,0.0
1982-07-07,306.0,161.0,406.0,0.0,0.0
1982-07-08,283.0,172.0,8.0,0.0,0.0
1982-07-09,306.0,178.0,0.0,0.0,0.0
1982-07-10,300.0,183.0,0.0,0.0,0.0
1982-07-11,272.0,200.0,76.0,0.0,0.0
1982-07-12,289.0,178.0,114.0,0.0,0.0
1982-07-13,300.0,139.0,0.0,0.0,0.0
1982-07-14,294.0,156.0,0.0,0.0,0.0
1982-07-15,300.0,161.0,0.0,0.0,0.0
1982-07-16,306.0,189.0,660.0,0.0,0.0
1982-07-17,300.0,189.0,0.0,0.0,0.0
1982-07-18,300.0,178.0,0.0,0.0,0.0
1982-07-19,300.0,200.0,0.0,0.0,0.0
1982-07-20,294.0,189.0,102.0,0.0,0.0
1982-07-21,300.0,178.0,0.0,0.0,0.0
1982-07-22,317.0,178.0,0.0,0.0,0.0
1982-07-23,322.0,183.0,25.0,0.0,0.0
1982-07-24,289.0,172.0,61.0,0.0,0.0
1982-07-25,300.0,183.0,38.0,0.0,0.0
1982-07-26,311.0,183.0,0.0,0.0,0.0
1982-07-27,311.0,200.0,0.0,0.0,0.0
1982-07-28,328.0,200.0,203.0,0.0,0.0
1982-07-29,311.0,189.0,51.0,0.0,0.0
1982-07-30,244.0,194.0,76.0,0.0,0.0
1982-07-31,,200.0,107.0,0.0,0.0
1982-08-01,244.0,194.0,356.0,0.0,0.0
1982-08-02,289.0,133.0,0.0,0.0,0.0
1982-08-03,300.0,144.0,0.0,0.0,0.0
1982-08-04,300.0,161.0,0.0,0.0,0.0
1982-08-05,311.0,183.0,0.0,0.0,0.0
1982-08-06,272.0,144.0,0.0,0.0,0.0
1982-08-07,306.0,156.0,0.0,0.0,0.0
1982-08-08,289.0,200.0,0.0,0.0,0.0
1982-08-09,289.0,194.0,244.0,0.0,0.0
1982-08-10,272.0,200.0,178.0,0.0,0.0
1982-08-11,278.0,183.0,102.0,0.0,0.0
1982-08-12,278.0,183.0,381.0,0.0,0.0
1982-08-13,267.0,183.0,0.0,0.0,0.0
1982-08-14,,,0.0,0.0,0.0
1982-08-15,300.0,167.0,0.0,0.0,0.0
1982-08-16,306.0,189.0,0.0,0.0,0.0
1982-08-17,261.0,189.0,0.0,0.0,0.0
1982-08-18,267.0,167.0,25.0,0.0,0.0
1982-08-19,300.0,144.0,0.0,0.0,0.0
1982-08-20,294.0,167.0,0.0,0.0,0.0
1982-08-21,300.0,167.0,0.0,0.0,0.0
1982-08-22,272.0,100.0,0.0,0.0,0.0
1982-08-23,289.0,122.0,0.0,0.0,0.0
1982-08-24,294.0,183.0,28.0,0.0,0.0
1982-08-25,300.0,189.0,0.0,0.0,0.0
1982-08-26,294.0,128.0,0.0,0.0,0.0
1982-08-27,300.0,156.0,0.0,0.0,0.0
1982-08-28,283.0,189.0,0.0,0.0,0.0
1982-08-29,289.0,144.0,0.0,0.0,0.0
1982-08-30,278.0,133.0,0.0,0.0,0.0
1982-08-31,272.0,178.0,0.0,0.0,0.0
1982-09-01,244.0,183.0,64.0,0.0,0.0
1982-09-02,239.0,183.0,457.0,0.0,0.0
1982-09-03,261.0,189.0,64.0,0.0,0.0
1982-09-04,278.0,111.0,0.0,0.0,0.0
1982-09-05,267.0,128.0,0.0,0.0,0.0
1982-09-06,272.0,128.0,0.0,0.0,0.0
1982-09-07,267.0,122.0,0.0,0.0,0.0
1982-09-08,272.0,133.0,0.0,0.0,0.0
1982-09-09,289.0,122.0,0.0,0.0,0.0
1982-09-10,272.0,156.0,0.0,0.0,0.0
1982-09-11,256.0,178.0,0.0,0.0,0.0
1982-09-12,256.0,183.0,356.0,0.0,0.0
1982-09-13,256.0,183.0,0.0,0.0,0.0
1982-09-14,261.0,183.0,76.0,0.0,0.0
1982-09-15,294.0,167.0,5.0,0.0,0.0
1982-09-16,294.0,156.0,0.0,0.0,0.0
1982-09-17,300.0,144.0,0.0,0.0,0.0
1982-09-18,294.0,144.0,0.0,0.0,0.0
1982-09-19,294.0,144.0,0.0,0.0,0.0
1982-09-20,278.0,144.0,0.0,0.0,0.0
1982-09-21,222.0,89.0,0.0,0.0,0.0
1982-09-22,228.0,56.0,0.0,0.0,0.0
1982-09-23,189.0,33.0,0.0,0.0,0.0
1982-09-24,211.0,56.0,0.0,0.0,0.0
1982-09-25,217.0,111.0,0.0,0.0,0.0
1982-09-26,167.0,111.0,25.0,0.0,0.0
1982-09-27,222.0,100.0,114.0,0.0,0.0
1982-09-28,222.0,78.0,0.0,0.0,0.0
1982-09-29,250.0,100.0,0.0,0.0,0.0
1982-09-30,256.0,128.0,0.0,0.0,0.0
1982-10-01,256.0,122.0,0.0,0.0,0.0
1982-10-02,256.0,111.0,0.0,0.0,0.0
1982-10-03,289.0,100.0,0.0,0.0,0.0
1982-10-04,267.0,144.0,0.0,0.0,0.0
1982-10-05,256.0,156.0,0.0,0.0,0.0
1982-10-06,278.0,122.0,0.0,0.0,0.0
1982-10-07,267.0,144.0,0.0,0.0,0.0
1982-10-08,200.0,167.0,157.0,0.0,0.0
1982-10-09,228.0,189.0,0.0,0.0,0.0
1982-10-10,256.0,189.0,25.0,0.0,0.0
1982-10-11,289.0,161.0,254.0,0.0,0.0
1982-10-12,194.0,144.0,0.0,0.0,0.0
1982-10-13,217.0,167.0,249.0,0.0,0.0
1982-10-14,206.0,89.0,147.0,0.0,0.0
1982-10-15,200.0,33.0,0.0,0.0,0.0
1982-10-16,200.0,56.0,0.0,0.0,0.0
1982-10-17,178.0,0.0,0.0,0.0,0.0
1982-10-18,194.0,50.0,0.0,0.0,0.0
1982-10-19,189.0,22.0,0.0,0.0,0.0
1982-10-20,206.0,133.0,0.0,0.0,0.0
1982-10-21,222.0,100.0,300.0,0.0,0.0
1982-10-22,167.0,17.0,0.0,0.0,0.0
1982-10-23,183.0,17.0,0.0,0.0,0.0
1982-10-24,167.0,33.0,0.0,0.0,0.0
1982-10-25,150.0,67.0,0.0,0.0,0.0
1982-10-26,133.0,-17.0,0.0,0.0,0.0
1982-10-27,206.0,-6.0,0.0,0.0,0.0
1982-10-28,211.0,0.0,0.0,0.0,0.0
1982-10-29,222.0,11.0,0.0,0.0,0.0
1982-10-30,222.0,0.0,0.0,0.0,0.0
1982-10-31,239.0,67.0,0.0,0.0,0.0
1982-11-01,256.0,83.0,0.0,0.0,0.0
1982-11-02,261.0,100.0,0.0,0.0,0.0
1982-11-03,250.0,161.0,178.0,0.0,0.0
1982-11-04,194.0,89.0,284.0,0.0,0.0
1982-11-05,100.0,-33.0,0.0,0.0,0.0
1982-11-06,78.0,-56.0,0.0,0.0,0.0
1982-11-07,122.0,-33.0,0.0,0.0,0.0
1982-11-08,189.0,-22.0,0.0,0.0,0.0
1982-11-09,206.0,-11.0,0.0,0.0,0.0
1982-11-10,228.0,0.0,0.0,0.0,0.0
1982-11-11,222.0,44.0,0.0,0.0,0.0
1982-11-12,183.0,150.0,0.0,0.0,0.0
1982-11-13,200.0,0.0,178.0,0.0,0.0
1982-11-14,111.0,-39.0,0.0,0.0,0.0
1982-11-15,89.0,-28.0,0.0,0.0,0.0
1982-11-16,133.0,-44.0,0.0,0.0,0.0
1982-11-17,133.0,67.0,0.0,0.0,0.0
1982-11-18,122.0,100.0,51.0,0.0,0.0
1982-11-19,139.0,122.0,20.0,0.0,0.0
1982-11-20,161.0,133.0,0.0,0.0,0.0
1982-11-21,167.0,144.0,0.0,0.0,0.0
1982-11-22,178.0,144.0,56.0,0.0,0.0
1982-11-23,194.0,111.0,0.0,0.0,0.0
1982-11-24,206.0,122.0,76.0,0.0,0.0
1982-11-25,122.0,-39.0,0.0,0.0,0.0
1982-11-26,144.0,44.0,0.0,0.0,0.0
1982-11-27,139.0,111.0,10.0,0.0,0.0
1982-11-28,183.0,122.0,0.0,0.0,0.0
1982-11-29,133.0,89.0,462.0,0.0,0.0
1982-11-30,178.0,11.0,0.0,0.0,0.0
1982-12-01,133.0,133.0,203.0,0.0,0.0
1982-12-02,183.0,128.0,203.0,0.0,0.0
1982-12-03,217.0,161.0,0.0,0.0,0.0
1982-12-04,228.0,133.0,0.0,0.0,0.0
1982-12-05,211.0,172.0,152.0,0.0,0.0
1982-12-06,178.0,39.0,178.0,0.0,0.0
1982-12-07,133.0,211.0,0.0,0.0,0.0
1982-12-08,156.0,-6.0,0.0,0.0,0.0
1982-12-09,178.0,11.0,0.0,0.0,0.0
1982-12-10,178.0,-22.0,0.0,0.0,0.0
1982-12-11,106.0,72.0,191.0,0.0,0.0
1982-12-12,111.0,0.0,462.0,0.0,0.0
1982-12-13,0.0,-83.0,0.0,0.0,0.0
1982-12-14,67.0,-67.0,0.0,0.0,0.0
1982-12-15,111.0,17.0,5.0,0.0,0.0
1982-12-16,167.0,33.0,241.0,0.0,0.0
1982-12-17,72.0,-11.0,0.0,0.0,0.0
1982-12-18,111.0,-67.0,0.0,0.0,0.0
1982-12-19,106.0,-28.0,56.0,0.0,0.0
1982-12-20,67.0,11.0,64.0,0.0,0.0
1982-12-21,94.0,-33.0,0.0,0.0,0.0
1982-12-22,111.0,-56.0,0.0,0.0,0.0
1982-12-23,178.0,39.0,0.0,0.0,0.0
1982-12-24,178.0,33.0,0.0,0.0,0.0
1982-12-25,189.0,156.0,51.0,0.0,0.0
1982-12-26,211.0,156.0,0.0,0.0,0.0
1982-12-27,211.0,133.0,0.0,0.0,0.0
1982-12-28,206.0,156.0,48.0,0.0,0.0
1982-12-29,183.0,67.0,76.0,0.0,0.0
1982-12-30,94.0,-28.0,0.0,0.0,0.0
1982-12-31,50.0,17.0,0.0,0.0,0.0
1983-01-01,100.0,28.0,0.0,,
1983-01-02,100.0,28.0,64.0,,
1983-01-03,100.0,22.0,127.0,,
1983-01-04,89.0,-56.0,0.0,,
1983-01-05,111.0,-67.0,0.0,,
1983-01-06,106.0,-39.0,0.0,,
1983-01-07,106.0,-33.0,0.0,,
1983-01-08,133.0,-33.0,0.0,,
1983-01-09,133.0,56.0,0.0,,
1983-01-10,111.0,72.0,25.0,,
1983-01-11,139.0,0.0,56.0,,
1983-01-12,100.0,-33.0,30.0,,
1983-01-13,6.0,-72.0,25.0,,
1983-01-14,72.0,-67.0,0.0,,
1983-01-15,156.0,-67.0,0.0,,
1983-01-16,-6.0,-72.0,0.0,,
1983-01-17,67.0,-78.0,0.0,,
1983-01-18,72.0,-89.0,0.0,,
1983-01-19,22.0,-139.0,0.0,,
1983-01-20,56.0,-44.0,0.0,,
1983-01-21,22.0,-11.0,76.0,,
1983-01-22,89.0,67.0,38.0,,
1983-01-23,117.0,72.0,0.0,,
1983-01-24,72.0,17.0,0.0,,
1983-01-25,67.0,0.0,0.0,,
1983-01-26,122.0,28.0,0.0,,
1983-01-27,100.0,-33.0,0.0,,
1983-01-28,139.0,-33.0,0.0,,
1983-01-29,117.0,-33.0,0.0,,
1983-01-30,117.0,78.0,25.0,,
1983-01-31,150.0,17.0,0.0,,
1983-02-01,178.0,0.0,0.0,,
1983-02-02,156.0,117.0,356.0,,
1983-02-03,150.0,0.0,0.0,,
1983-02-04,11.0,-22.0,0.0,,
1983-02-05,44.0,-61.0,0.0,,
1983-02-06,78.0,0.0,46.0,,
1983-02-07,44.0,11.0,157.0,,
1983-02-08,28.0,-100.0,0.0,,
1983-02-09,83.0,-44.0,0.0,,
1983-02-10,78.0,22.0,46.0,,
1983-02-11,72.0,33.0,102.0,,
1983-02-12,89.0,22.0,0.0,,
1983-02-13,89.0,17.0,0.0,,
1983-02-14,89.0,22.0,0.0,,
1983-02-15,183.0,-44.0,0.0,,
1983-02-16,172.0,-22.0,53.0,,
1983-02-17,144.0,44.0,0.0,,
1983-02-18,161.0,-44.0,0.0,,
1983-02-19,139.0,-33.0,0.0,,
1983-02-20,183.0,-11.0,0.0,,
1983-02-21,172.0,-11.0,0.0,,
1983-02-22,144.0,56.0,0.0,,
1983-02-23,144.0,72.0,254.0,,
1983-02-24,161.0,44.0,0.0,,
1983-02-25,122.0,22.0,18.0,,
1983-02-26,44.0,-61.0,8.0,,
1983-02-27,106.0,-44.0,0.0,,
1983-02-28,100.0,33.0,0.0,,
1983-03-01,128.0,-28.0,10.0,0.0,0.0
1983-03-02,183.0,-22.0,0.0,0.0,0.0
1983-03-03,183.0,0.0,0.0,0.0,0.0
1983-03-04,239.0,50.0,0.0,0.0,0.0
1983-03-05,244.0,156.0,0.0,0.0,0.0
1983-03-06,200.0,144.0,325.0,0.0,0.0
1983-03-07,244.0,56.0,0.0,0.0,0.0
1983-03-08,244.0,67.0,10.0,0.0,0.0
1983-03-09,,,13.0,0.0,0.0
1983-03-10,117.0,6.0,13.0,0.0,0.0
1983-03-11,17.0,-17.0,0.0,0.0,0.0
1983-03-12,111.0,0.0,0.0,0.0,0.0
1983-03-13,111.0,-50.0,0.0,0.0,0.0
1983-03-14,200.0,-11.0,0.0,0.0,0.0
1983-03-15,228.0,33.0,0.0,0.0,0.0
1983-03-16,239.0,78.0,0.0,0.0,0.0
1983-03-17,194.0,117.0,0.0,0.0,0.0
1983-03-18,161.0,72.0,0.0,0.0,0.0
1983-03-19,161.0,89.0,0.0,0.0,0.0
1983-03-20,178.0,28.0,0.0,0.0,0.0
1983-03-21,161.0,56.0,191.0,0.0,0.0
1983-03-22,61.0,-11.0,,,
1983-03-23,67.0,-39.0,0.0,,0.0
1983-03-24,61.0,-11.0,15.0,,0.0
1983-03-25,50.0,-56.0,51.0,,0.0
1983-03-26,144.0,-28.0,0.0,,0.0
1983-03-27,122.0,56.0,152.0,,0.0
1983-03-28,206.0,50.0,25.0,,0.0
1983-03-29,56.0,22.0,0.0,,0.0
1983-03-30,139.0,-11.0,0.0,,0.0
1983-03-31,156.0,39.0,76.0,,0.0
1983-04-01,122.0,-11.0,0.0,0.0,0.0
1983-04-02,,100.0,76.0,0.0,0.0
1983-04-03,161.0,44.0,0.0,0.0,0.0
1983-04-04,89.0,-22.0,25.0,0.0,0.0
1983-04-05,222.0,100.0,0.0,0.0,0.0
1983-04-06,128.0,94.0,610.0,0.0,0.0
1983-04-07,233.0,128.0,13.0,0.0,0.0
1983-04-08,178.0,139.0,25.0,0.0,0.0
1983-04-09,,,,0.0,0.0
1983-04-10,189.0,39.0,,0.0,0.0
1983-04-11,156.0,22.0,25.0,0.0,0.0
1983-04-12,167.0,0.0,0.0,0.0,0.0
1983-04-13,228.0,89.0,0.0,0.0,0.0
1983-04-14,228.0,144.0,0.0,0.0,0.0
1983-04-15,172.0,67.0,203.0,0.0,0.0
1983-04-16,,-11.0,0.0,0.0,0.0
1983-04-17,133.0,-6.0,0.0,0.0,0.0
1983-04-18,156.0,39.0,25.0,0.0,0.0
1983-04-19,94.0,-44.0,102.0,0.0,0.0
1983-04-20,78.0,-67.0,0.0,0.0,0.0
1983-04-21,106.0,-44.0,0.0,0.0,0.0
1983-04-22,167.0,6.0,0.0,0.0,0.0
1983-04-23,,,,0.0,0.0
1983-04-24,144.0,89.0,,0.0,0.0
1983-04-25,117.0,28.0,38.0,0.0,0.0
1983-04-26,172.0,6.0,0.0,0.0,0.0
1983-04-27,244.0,17.0,0.0,0.0,0.0
1983-04-28,267.0,33.0,0.0,0.0,0.0
1983-04-29,267.0,72.0,0.0,0.0,0.0
1983-04-30,,,,0.0,0.0
1983-05-01,267.0,150.0,0.0,0.0,0.0
1983-05-02,272.0,167.0,0.0,0.0,0.0
1983-05-03,289.0,183.0,0.0,0.0,0.0
1983-05-04,194.0,89.0,102.0,0.0,0.0
1983-05-05,189.0,28.0,0.0,0.0,0.0
1983-05-06,222.0,28.0,0.0,0.0,0.0
1983-05-07,261.0,67.0,0.0,0.0,0.0
1983-05-08,283.0,144.0,0.0,0.0,0.0
1983-05-09,228.0,44.0,191.0,0.0,0.0
1983-05-10,239.0,61.0,0.0,0.0,0.0
1983-05-11,267.0,89.0,0.0,0.0,0.0
1983-05-12,289.0,133.0,0.0,0.0,0.0
1983-05-13,256.0,144.0,0.0,0.0,0.0
1983-05-14,278.0,144.0,0.0,0.0,0.0
1983-05-15,222.0,161.0,356.0,0.0,0.0
1983-05-16,222.0,156.0,0.0,0.0,0.0
1983-05-17,222.0,72.0,104.0,0.0,0.0
1983-05-18,222.0,61.0,0.0,0.0,0.0
1983-05-19,211.0,133.0,76.0,0.0,0.0
1983-05-20,178.0,156.0,406.0,0.0,0.0
1983-05-21,,,229.0,0.0,0.0
1983-05-22,278.0,178.0,25.0,0.0,0.0
1983-05-23,211.0,167.0,254.0,0.0,0.0
1983-05-24,267.0,133.0,81.0,0.0,0.0
1983-05-25,239.0,78.0,0.0,0.0,0.0
1983-05-26,250.0,78.0,0.0,0.0,0.0
1983-05-27,239.0,44.0,0.0,0.0,0.0
1983-05-28,244.0,56.0,0.0,0.0,0.0
1983-05-29,256.0,144.0,41.0,0.0,0.0
1983-05-30,267.0,122.0,71.0,0.0,0.0
1983-05-31,256.0,72.0,0.0,0.0,0.0
1983-06-01,206.0,106.0,0.0,0.0,0.0
1983-06-02,233.0,56.0,5.0,0.0,0.0
1983-06-03,256.0,128.0,46.0,0.0,0.0
1983-06-04,283.0,167.0,10.0,0.0,0.0
1983-06-05,261.0,144.0,211.0,0.0,0.0
1983-06-06,289.0,144.0,0.0,0.0,0.0
1983-06-07,289.0,167.0,122.0,0.0,0.0
1983-06-08,211.0,144.0,20.0,0.0,0.0
1983-06-09,261.0,117.0,0.0,0.0,0.0
1983-06-10,256.0,117.0,0.0,0.0,0.0
1983-06-11,278.0,111.0,0.0,0.0,0.0
1983-06-12,278.0,89.0,0.0,0.0,0.0
1983-06-13,283.0,89.0,0.0,0.0,0.0
1983-06-14,289.0,100.0,0.0,0.0,0.0
1983-06-15,294.0,106.0,0.0,0.0,0.0
1983-06-16,294.0,122.0,0.0,0.0,0.0
1983-06-17,300.0,172.0,0.0,0.0,0.0
1983-06-18,289.0,167.0,0.0,0.0,0.0
1983-06-19,222.0,172.0,0.0,0.0,0.0
1983-06-20,256.0,172.0,46.0,0.0,0.0
1983-06-21,267.0,156.0,0.0,0.0,0.0
1983-06-22,300.0,183.0,51.0,0.0,0.0
1983-06-23,289.0,183.0,0.0,0.0,0.0
1983-06-24,289.0,172.0,0.0,0.0,0.0
1983-06-25,306.0,150.0,0.0,0.0,0.0
1983-06-26,317.0,167.0,0.0,0.0,0.0
1983-06-27,322.0,178.0,0.0,0.0,0.0
1983-06-28,289.0,200.0,381.0,0.0,0.0
1983-06-29,278.0,189.0,13.0,0.0,0.0
1983-06-30,283.0,189.0,0.0,0.0,0.0
1983-07-01,300.0,189.0,0.0,0.0,0.0
1983-07-02,306.0,194.0,0.0,0.0,0.0
1983-07-03,322.0,178.0,0.0,0.0,0.0
1983-07-04,322.0,189.0,0.0,0.0,0.0
1983-07-05,311.0,183.0,25.0,0.0,0.0
1983-07-06,289.0,161.0,30.0,0.0,0.0
1983-07-07,283.0,133.0,0.0,0.0,0.0
1983-07-08,317.0,144.0,0.0,0.0,0.0
1983-07-09,289.0,122.0,0.0,0.0,0.0
1983-07-10,300.0,111.0,0.0,0.0,0.0
1983-07-11,300.0,144.0,0.0,0.0,0.0
1983-07-12,311.0,144.0,0.0,0.0,0.0
1983-07-13,333.0,167.0,0.0,0.0,0.0
1983-07-14,333.0,167.0,0.0,0.0,0.0
1983-07-15,333.0,178.0,0.0,0.0,0.0
1983-07-16,339.0,178.0,0.0,0.0,0.0
1983-07-17,333.0,183.0,0.0,0.0,0.0
1983-07-18,322.0,178.0,0.0,0.0,0.0
1983-07-19,306.0,178.0,46.0,0.0,0.0
1983-07-20,306.0,178.0,0.0,0.0,0.0
1983-07-21,333.0,183.0,267.0,0.0,0.0
1983-07-22,344.0,194.0,0.0,0.0,0.0
1983-07-23,344.0,211.0,0.0,0.0,0.0
1983-07-24,339.0,222.0,76.0,0.0,0.0
1983-07-25,339.0,217.0,0.0,0.0,0.0
1983-07-26,317.0,211.0,0.0,0.0,0.0
1983-07-27,311.0,178.0,0.0,0.0,0.0
1983-07-28,306.0,156.0,0.0,0.0,0.0
1983-07-29,306.0,144.0,0.0,0.0,0.0
1983-07-30,300.0,161.0,0.0,0.0,0.0
1983-07-31,311.0,167.0,0.0,0.0,0.0
1983-08-01,311.0,194.0,178.0,0.0,0.0
1983-08-02,267.0,183.0,76.0,0.0,0.0
1983-08-03,283.0,172.0,0.0,0.0,0.0
1983-08-04,311.0,189.0,173.0,0.0,0.0
1983-08-05,311.0,172.0,64.0,0.0,0.0
1983-08-06,328.0,194.0,0.0,0.0,0.0
1983-08-07,322.0,178.0,330.0,0.0,0.0
1983-08-08,317.0,183.0,0.0,0.0,0.0
1983-08-09,317.0,183.0,0.0,0.0,0.0
1983-08-10,322.0,156.0,0.0,0.0,0.0
1983-08-11,322.0,172.0,0.0,0.0,0.0
1983-08-12,322.0,183.0,559.0,0.0,0.0
1983-08-13,283.0,144.0,0.0,0.0,0.0
1983-08-14,294.0,150.0,0.0,0.0,0.0
1983-08-15,278.0,139.0,0.0,0.0,0.0
1983-08-16,278.0,156.0,0.0,0.0,0.0
1983-08-17,278.0,172.0,0.0,0.0,0.0
1983-08-18,306.0,172.0,0.0,0.0,0.0
1983-08-19,322.0,172.0,0.0,0.0,0.0
1983-08-20,344.0,194.0,0.0,0.0,0.0
1983-08-21,361.0,200.0,0.0,0.0,0.0
1983-08-22,361.0,189.0,0.0,0.0,0.0
1983-08-23,372.0,200.0,0.0,0.0,0.0
1983-08-24,356.0,183.0,0.0,0.0,0.0
1983-08-25,344.0,206.0,0.0,0.0,0.0
1983-08-26,278.0,200.0,51.0,0.0,0.0
1983-08-27,311.0,189.0,0.0,0.0,0.0
1983-08-28,317.0,178.0,0.0,0.0,0.0
1983-08-29,311.0,178.0,0.0,0.0,0.0
1983-08-30,322.0,144.0,0.0,0.0,0.0
1983-08-31,322.0,172.0,0.0,0.0,0.0
1983-09-01,294.0,167.0,25.0,0.0,0.0
1983-09-02,278.0,156.0,0.0,0.0,0.0
1983-09-03,222.0,189.0,76.0,0.0,0.0
1983-09-04,261.0,189.0,76.0,0.0,0.0
1983-09-05,261.0,178.0,76.0,0.0,0.0
1983-09-06,300.0,194.0,64.0,0.0,0.0
1983-09-07,300.0,183.0,0.0,0.0,0.0
1983-09-08,294.0,183.0,0.0,0.0,0.0
1983-09-09,317.0,178.0,0.0,0.0,0.0
1983-09-10,322.0,183.0,0.0,0.0,0.0
1983-09-11,328.0,178.0,0.0,0.0,0.0
1983-09-12,322.0,178.0,132.0,0.0,0.0
1983-09-13,289.0,156.0,457.0,0.0,0.0
1983-09-14,244.0,167.0,51.0,0.0,0.0
1983-09-15,250.0,117.0,0.0,0.0,0.0
1983-09-16,233.0,100.0,0.0,0.0,0.0
1983-09-17,256.0,172.0,0.0,0.0,0.0
1983-09-18,283.0,133.0,0.0,0.0,0.0
1983-09-19,294.0,144.0,0.0,0.0,0.0
1983-09-20,289.0,183.0,25.0,0.0,0.0
1983-09-21,250.0,206.0,178.0,0.0,0.0
1983-09-22,194.0,22.0,38.0,0.0,0.0
1983-09-23,172.0,11.0,0.0,0.0,0.0
1983-09-24,211.0,22.0,0.0,0.0,0.0
1983-09-25,222.0,28.0,0.0,0.0,0.0
1983-09-26,217.0,100.0,0.0,0.0,0.0
1983-09-27,228.0,61.0,0.0,0.0,0.0
1983-09-28,244.0,67.0,0.0,0.0,0.0
1983-09-29,250.0,67.0,0.0,0.0,0.0
1983-09-30,250.0,78.0,0.0,0.0,0.0
1983-10-01,217.0,117.0,0.0,0.0,0.0
1983-10-02,239.0,89.0,0.0,0.0,0.0
1983-10-03,261.0,67.0,0.0,0.0,0.0
1983-10-04,267.0,100.0,0.0,0.0,0.0
1983-10-05,267.0,172.0,0.0,0.0,0.0
1983-10-06,261.0,83.0,208.0,0.0,0.0
1983-10-07,239.0,56.0,0.0,0.0,0.0
1983-10-08,228.0,56.0,0.0,0.0,0.0
1983-10-09,239.0,83.0,0.0,0.0,0.0
1983-10-10,250.0,100.0,0.0,0.0,0.0
1983-10-11,239.0,111.0,0.0,0.0,0.0
1983-10-12,183.0,150.0,56.0,0.0,0.0
1983-10-13,194.0,17.0,305.0,0.0,0.0
1983-10-14,189.0,28.0,0.0,0.0,0.0
1983-10-15,172.0,22.0,0.0,0.0,0.0
1983-10-16,244.0,28.0,0.0,0.0,0.0
1983-10-17,244.0,72.0,0.0,0.0,0.0
1983-10-18,250.0,100.0,0.0,0.0,0.0
1983-10-19,233.0,128.0,0.0,0.0,0.0
1983-10-20,250.0,133.0,0.0,0.0,0.0
1983-10-21,222.0,122.0,0.0,0.0,0.0
1983-10-22,222.0,117.0,0.0,0.0,0.0
1983-10-23,144.0,117.0,127.0,0.0,0.0
1983-10-24,167.0,117.0,33.0,0.0,0.0
1983-10-25,161.0,100.0,0.0,0.0,0.0
1983-10-26,189.0,33.0,0.0,0.0,0.0
1983-10-27,172.0,11.0,0.0,0.0,0.0
1983-10-28,183.0,-17.0,0.0,0.0,0.0
1983-10-29,222.0,17.0,0.0,0.0,0.0
1983-10-30,222.0,67.0,0.0,0.0,0.0
1983-10-31,178.0,61.0,0.0,0.0,0.0
1983-11-01,200.0,61.0,0.0,0.0,0.0
1983-11-02,200.0,67.0,0.0,0.0,0.0
1983-11-03,228.0,72.0,13.0,0.0,0.0
1983-11-04,211.0,144.0,102.0,0.0,0.0
1983-11-05,178.0,6.0,0.0,0.0,0.0
1983-11-06,133.0,-28.0,0.0,0.0,0.0
1983-11-07,178.0,17.0,0.0,0.0,0.0
1983-11-08,178.0,6.0,0.0,0.0,0.0
1983-11-09,217.0,11.0,0.0,0.0,0.0
1983-11-10,239.0,128.0,0.0,0.0,0.0
1983-11-11,161.0,17.0,25.0,0.0,0.0
1983-11-12,56.0,-28.0,3.0,0.0,0.0
1983-11-13,111.0,0.0,0.0,0.0,0.0
1983-11-14,122.0,-50.0,0.0,0.0,0.0
1983-11-15,94.0,67.0,386.0,0.0,0.0
1983-11-16,128.0,28.0,51.0,0.0,0.0
1983-11-17,50.0,22.0,0.0,0.0,0.0
1983-11-18,106.0,-39.0,0.0,0.0,0.0
1983-11-19,183.0,6.0,0.0,0.0,0.0
1983-11-20,206.0,133.0,191.0,0.0,0.0
1983-11-21,167.0,0.0,33.0,0.0,0.0
1983-11-22,183.0,-17.0,0.0,0.0,0.0
1983-11-23,228.0,56.0,0.0,0.0,0.0
1983-11-24,211.0,139.0,356.0,0.0,0.0
1983-11-25,144.0,-11.0,20.0,0.0,0.0
1983-11-26,111.0,-28.0,0.0,0.0,0.0
1983-11-27,183.0,-11.0,0.0,0.0,0.0
1983-11-28,117.0,144.0,483.0,0.0,0.0
1983-11-29,161.0,-22.0,0.0,0.0,0.0
1983-11-30,78.0,-61.0,0.0,0.0,0.0
1983-12-01,117.0,-11.0,0.0,0.0,0.0
1983-12-02,106.0,83.0,0.0,0.0,0.0
1983-12-03,122.0,78.0,427.0,0.0,0.0
1983-12-04,150.0,122.0,411.0,0.0,0.0
1983-12-05,139.0,22.0,0.0,0.0,0.0
1983-12-06,194.0,128.0,127.0,0.0,0.0
1983-12-07,161.0,-33.0,13.0,0.0,0.0
1983-12-08,56.0,-72.0,0.0,0.0,0.0
1983-12-09,106.0,-56.0,0.0,0.0,0.0
1983-12-10,183.0,56.0,0.0,0.0,0.0
1983-12-11,183.0,111.0,0.0,0.0,0.0
1983-12-12,122.0,78.0,305.0,0.0,0.0
1983-12-13,122.0,56.0,10.0,0.0,0.0
1983-12-14,111.0,39.0,0.0,0.0,0.0
1983-12-15,100.0,-17.0,23.0,0.0,0.0
1983-12-16,72.0,11.0,0.0,0.0,0.0
1983-12-17,72.0,6.0,0.0,0.0,0.0
1983-12-18,100.0,-50.0,0.0,0.0,0.0
1983-12-19,133.0,-39.0,0.0,0.0,0.0
1983-12-20,72.0,17.0,0.0,0.0,0.0
1983-12-21,72.0,44.0,0.0,0.0,0.0
1983-12-22,106.0,56.0,64.0,0.0,0.0
1983-12-23,89.0,-22.0,97.0,0.0,0.0
1983-12-24,78.0,-83.0,0.0,0.0,0.0
1983-12-25,-83.0,-200.0,0.0,0.0,0.0
1983-12-26,-89.0,-194.0,0.0,0.0,0.0
1983-12-27,-17.0,-67.0,0.0,0.0,0.0
1983-12-28,0.0,61.0,406.0,0.0,0.0
1983-12-29,72.0,-22.0,224.0,0.0,0.0
1983-12-30,0.0,-144.0,0.0,3277.0,0.0
1983-12-31,-17.0,-150.0,0.0,,0.0
1984-01-01,39.0,-111.0,0.0,0.0,0.0
1984-01-02,100.0,-67.0,0.0,0.0,0.0
1984-01-03,44.0,-67.0,0.0,0.0,0.0
1984-01-04,106.0,-83.0,0.0,0.0,0.0
1984-01-05,100.0,0.0,0.0,0.0,0.0
1984-01-06,117.0,-39.0,0.0,0.0,0.0
1984-01-07,139.0,-39.0,0.0,0.0,0.0
1984-01-08,94.0,-50.0,0.0,0.0,0.0
1984-01-09,94.0,-39.0,0.0,0.0,0.0
1984-01-10,189.0,44.0,13.0,0.0,0.0
1984-01-11,83.0,-50.0,224.0,0.0,0.0
1984-01-12,-17.0,-94.0,0.0,0.0,0.0
1984-01-13,89.0,11.0,0.0,0.0,0.0
1984-01-14,106.0,-17.0,0.0,0.0,0.0
1984-01-15,100.0,-22.0,0.0,0.0,0.0
1984-01-16,28.0,0.0,18.0,0.0,0.0
1984-01-17,39.0,11.0,15.0,0.0,0.0
1984-01-18,94.0,28.0,152.0,0.0,0.0
1984-01-19,61.0,-56.0,76.0,0.0,0.0
1984-01-20,-11.0,-128.0,0.0,0.0,0.0
1984-01-21,0.0,-133.0,0.0,0.0,0.0
1984-01-22,17.0,-128.0,0.0,0.0,0.0
1984-01-23,72.0,-72.0,0.0,0.0,0.0
1984-01-24,117.0,61.0,208.0,0.0,0.0
1984-01-25,100.0,56.0,56.0,0.0,0.0
1984-01-26,106.0,-44.0,0.0,0.0,0.0
1984-01-27,161.0,-6.0,0.0,0.0,0.0
1984-01-28,144.0,-11.0,0.0,0.0,0.0
1984-01-29,78.0,-17.0,0.0,0.0,0.0
1984-01-30,100.0,-39.0,0.0,0.0,0.0
1984-01-31,128.0,-67.0,0.0,0.0,0.0
1984-02-01,50.0,-89.0,0.0,0.0,0.0
1984-02-02,106.0,-67.0,0.0,0.0,0.0
1984-02-03,167.0,22.0,0.0,0.0,0.0
1984-02-04,94.0,11.0,0.0,0.0,0.0
1984-02-05,128.0,-22.0,0.0,0.0,0.0
1984-02-06,44.0,-111.0,46.0,,76.0
1984-02-07,-17.0,-133.0,0.0,,0.0
1984-02-08,28.0,-122.0,0.0,0.0,0.0
1984-02-09,122.0,-67.0,0.0,0.0,0.0
1984-02-10,178.0,11.0,0.0,0.0,0.0
1984-02-11,117.0,50.0,99.0,0.0,0.0
1984-02-12,172.0,44.0,0.0,0.0,0.0
1984-02-13,183.0,111.0,102.0,0.0,0.0
1984-02-14,161.0,39.0,254.0,0.0,0.0
1984-02-15,167.0,-22.0,0.0,0.0,0.0
1984-02-16,178.0,-11.0,0.0,0.0,0.0
1984-02-17,194.0,22.0,0.0,0.0,0.0
1984-02-18,189.0,-11.0,0.0,0.0,0.0
1984-02-19,211.0,39.0,0.0,0.0,0.0
1984-02-20,194.0,28.0,51.0,0.0,0.0
1984-02-21,133.0,-22.0,0.0,0.0,0.0
1984-02-22,156.0,-44.0,0.0,0.0,0.0
1984-02-23,139.0,39.0,361.0,0.0,0.0
1984-02-24,100.0,-22.0,51.0,0.0,0.0
1984-02-25,183.0,22.0,25.0,0.0,0.0
1984-02-26,89.0,-44.0,0.0,0.0,0.0
1984-02-27,122.0,67.0,229.0,0.0,0.0
1984-02-28,122.0,-22.0,157.0,0.0,0.0
1984-02-29,72.0,-50.0,43.0,0.0,76.0
1984-03-01,22.0,-94.0,0.0,0.0,0.0
1984-03-02,72.0,-50.0,0.0,,0.0
1984-03-03,72.0,-33.0,20.0,,0.0
1984-03-04,167.0,-22.0,0.0,,0.0
1984-03-05,161.0,89.0,71.0,,0.0
1984-03-06,100.0,-11.0,0.0,,0.0
1984-03-07,100.0,-6.0,0.0,,0.0
1984-03-08,106.0,-56.0,0.0,,0.0
1984-03-09,139.0,-78.0,0.0,,0.0
1984-03-10,67.0,-50.0,0.0,,0.0
1984-03-11,44.0,-67.0,0.0,,0.0
1984-03-12,100.0,-50.0,0.0,,0.0
1984-03-13,144.0,56.0,25.0,,0.0
1984-03-14,128.0,17.0,13.0,,0.0
1984-03-15,222.0,0.0,0.0,,0.0
1984-03-16,261.0,100.0,30.0,,0.0
1984-03-17,189.0,22.0,211.0,,0.0
1984-03-18,139.0,117.0,30.0,,0.0
1984-03-19,217.0,78.0,0.0,,0.0
1984-03-20,261.0,156.0,0.0,,0.0
1984-03-21,178.0,11.0,483.0,,0.0
1984-03-22,56.0,-17.0,20.0,,0.0
1984-03-23,161.0,-22.0,0.0,,0.0
1984-03-24,217.0,6.0,0.0,,0.0
1984-03-25,178.0,100.0,0.0,,0.0
1984-03-26,189.0,67.0,0.0,,0.0
1984-03-27,161.0,39.0,0.0,,0.0
1984-03-28,89.0,39.0,246.0,,0.0
1984-03-29,200.0,39.0,264.0,,0.0
1984-03-30,50.0,22.0,0.0,,0.0
1984-03-31,111.0,-33.0,0.0,,0.0
1984-04-01,150.0,-6.0,0.0,0.0,0.0
1984-04-02,161.0,-17.0,0.0,0.0,0.0
1984-04-03,211.0,89.0,114.0,0.0,0.0
1984-04-04,133.0,128.0,335.0,0.0,0.0
1984-04-05,211.0,61.0,127.0,0.0,0.0
1984-04-06,78.0,56.0,0.0,0.0,0.0
1984-04-07,161.0,44.0,0.0,0.0,0.0
1984-04-08,222.0,78.0,0.0,0.0,0.0
1984-04-09,194.0,100.0,38.0,0.0,0.0
1984-04-10,150.0,72.0,76.0,0.0,0.0
1984-04-11,178.0,94.0,0.0,0.0,0.0
1984-04-12,228.0,56.0,0.0,0.0,0.0
1984-04-13,228.0,106.0,0.0,0.0,0.0
1984-04-14,244.0,100.0,0.0,0.0,0.0
1984-04-15,228.0,17.0,18.0,0.0,0.0
1984-04-16,172.0,50.0,0.0,0.0,0.0
1984-04-17,122.0,44.0,51.0,0.0,0.0
1984-04-18,117.0,6.0,51.0,0.0,0.0
1984-04-19,161.0,6.0,0.0,0.0,0.0
1984-04-20,83.0,67.0,71.0,0.0,0.0
1984-04-21,117.0,61.0,76.0,0.0,0.0
1984-04-22,250.0,150.0,0.0,0.0,0.0
1984-04-23,167.0,67.0,86.0,0.0,0.0
1984-04-24,156.0,44.0,0.0,0.0,0.0
1984-04-25,189.0,11.0,0.0,0.0,0.0
1984-04-26,283.0,56.0,0.0,0.0,0.0
1984-04-27,311.0,133.0,51.0,0.0,0.0
1984-04-28,178.0,139.0,0.0,0.0,0.0
1984-04-29,233.0,167.0,127.0,0.0,0.0
1984-04-30,233.0,172.0,25.0,0.0,0.0
1984-05-01,217.0,33.0,203.0,0.0,0.0
1984-05-02,239.0,94.0,0.0,0.0,0.0
1984-05-03,150.0,139.0,711.0,0.0,0.0
1984-05-04,222.0,122.0,208.0,0.0,0.0
1984-05-05,211.0,44.0,0.0,0.0,0.0
1984-05-06,261.0,128.0,0.0,0.0,0.0
1984-05-07,222.0,161.0,10.0,0.0,0.0
1984-05-08,250.0,144.0,699.0,0.0,0.0
1984-05-09,194.0,17.0,51.0,0.0,0.0
1984-05-10,178.0,6.0,0.0,0.0,0.0
1984-05-11,228.0,28.0,0.0,0.0,0.0
1984-05-12,278.0,89.0,0.0,0.0,0.0
1984-05-13,261.0,117.0,0.0,0.0,0.0
1984-05-14,289.0,144.0,0.0,0.0,0.0
1984-05-15,272.0,50.0,0.0,0.0,0.0
1984-05-16,228.0,22.0,0.0,0.0,0.0
1984-05-17,217.0,11.0,0.0,0.0,0.0
1984-05-18,244.0,33.0,0.0,0.0,0.0
1984-05-19,278.0,72.0,0.0,0.0,0.0
1984-05-20,283.0,78.0,0.0,0.0,0.0
1984-05-21,294.0,133.0,0.0,0.0,0.0
1984-05-22,228.0,161.0,41.0,0.0,0.0
1984-05-23,278.0,172.0,76.0,0.0,0.0
1984-05-24,239.0,72.0,0.0,0.0,0.0
1984-05-25,278.0,94.0,0.0,0.0,0.0
1984-05-26,283.0,161.0,0.0,0.0,0.0
1984-05-27,300.0,167.0,0.0,0.0,0.0
1984-05-28,283.0,167.0,38.0,0.0,0.0
1984-05-29,267.0,167.0,122.0,0.0,0.0
1984-05-30,200.0,28.0,0.0,0.0,0.0
1984-05-31,167.0,0.0,0.0,0.0,0.0
1984-06-01,211.0,28.0,0.0,0.0,0.0
1984-06-02,250.0,83.0,0.0,0.0,0.0
1984-06-03,294.0,94.0,0.0,0.0,0.0
1984-06-04,311.0,117.0,0.0,0.0,0.0
1984-06-05,322.0,139.0,0.0,0.0,0.0
1984-06-06,322.0,133.0,0.0,0.0,0.0
1984-06-07,317.0,167.0,0.0,0.0,0.0
1984-06-08,328.0,161.0,0.0,0.0,0.0
1984-06-09,322.0,150.0,0.0,0.0,0.0
1984-06-10,322.0,133.0,0.0,0.0,0.0
1984-06-11,322.0,150.0,0.0,0.0,0.0
1984-06-12,322.0,144.0,0.0,0.0,0.0
1984-06-13,328.0,150.0,165.0,0.0,0.0
1984-06-14,311.0,167.0,99.0,0.0,0.0
1984-06-15,317.0,156.0,25.0,0.0,0.0
1984-06-16,317.0,172.0,25.0,0.0,0.0
1984-06-17,311.0,178.0,10.0,0.0,0.0
1984-06-18,317.0,156.0,0.0,0.0,0.0
1984-06-19,328.0,161.0,0.0,0.0,0.0
1984-06-20,344.0,183.0,0.0,0.0,0.0
1984-06-21,344.0,183.0,203.0,0.0,0.0
1984-06-22,306.0,183.0,0.0,0.0,0.0
1984-06-23,300.0,183.0,25.0,0.0,0.0
1984-06-24,294.0,200.0,203.0,0.0,0.0
1984-06-25,289.0,161.0,0.0,0.0,0.0
1984-06-26,317.0,100.0,0.0,0.0,0.0
1984-06-27,311.0,117.0,0.0,0.0,0.0
1984-06-28,300.0,156.0,0.0,0.0,0.0
1984-06-29,306.0,178.0,13.0,0.0,0.0
1984-06-30,300.0,167.0,51.0,0.0,0.0
1984-07-01,261.0,133.0,0.0,0.0,0.0
1984-07-02,278.0,156.0,0.0,0.0,0.0
1984-07-03,283.0,128.0,0.0,0.0,0.0
1984-07-04,306.0,144.0,0.0,0.0,0.0
1984-07-05,306.0,172.0,445.0,0.0,0.0
1984-07-06,306.0,172.0,30.0,0.0,0.0
1984-07-07,283.0,161.0,0.0,0.0,0.0
1984-07-08,278.0,117.0,0.0,0.0,0.0
1984-07-09,300.0,156.0,0.0,0.0,0.0
1984-07-10,300.0,150.0,0.0,0.0,0.0
1984-07-11,322.0,189.0,0.0,0.0,0.0
1984-07-12,333.0,189.0,0.0,0.0,0.0
1984-07-13,317.0,200.0,102.0,0.0,0.0
1984-07-14,300.0,194.0,107.0,0.0,0.0
1984-07-15,306.0,189.0,0.0,0.0,0.0
1984-07-16,311.0,183.0,152.0,0.0,0.0
1984-07-17,278.0,189.0,76.0,0.0,0.0
1984-07-18,294.0,194.0,102.0,0.0,0.0
1984-07-19,283.0,117.0,51.0,0.0,0.0
1984-07-20,300.0,156.0,0.0,0.0,0.0
1984-07-21,278.0,172.0,0.0,0.0,0.0
1984-07-22,294.0,139.0,69.0,0.0,0.0
1984-07-23,289.0,194.0,25.0,0.0,0.0
1984-07-24,294.0,167.0,0.0,0.0,0.0
1984-07-25,311.0,194.0,0.0,0.0,0.0
1984-07-26,306.0,178.0,51.0,0.0,0.0
1984-07-27,311.0,183.0,178.0,0.0,0.0
1984-07-28,256.0,194.0,8.0,0.0,0.0
1984-07-29,256.0,200.0,25.0,0.0,0.0
1984-07-30,244.0,167.0,71.0,0.0,0.0
1984-07-31,217.0,161.0,229.0,0.0,0.0
1984-08-01,244.0,183.0,64.0,0.0,0.0
1984-08-02,250.0,183.0,76.0,0.0,0.0
1984-08-03,306.0,200.0,0.0,0.0,0.0
1984-08-04,311.0,178.0,51.0,0.0,0.0
1984-08-05,306.0,172.0,30.0,0.0,0.0
1984-08-06,294.0,178.0,0.0,0.0,0.0
1984-08-07,300.0,189.0,51.0,0.0,0.0
1984-08-08,300.0,183.0,30.0,0.0,0.0
1984-08-09,311.0,189.0,0.0,0.0,0.0
1984-08-10,317.0,189.0,0.0,0.0,0.0
1984-08-11,311.0,183.0,196.0,0.0,0.0
1984-08-12,306.0,183.0,0.0,0.0,0.0
1984-08-13,300.0,183.0,51.0,0.0,0.0
1984-08-14,283.0,189.0,13.0,0.0,0.0
1984-08-15,311.0,172.0,0.0,0.0,0.0
1984-08-16,322.0,178.0,0.0,0.0,0.0
1984-08-17,283.0,178.0,0.0,0.0,0.0
1984-08-18,300.0,161.0,0.0,0.0,0.0
1984-08-19,289.0,183.0,0.0,0.0,0.0
1984-08-20,278.0,150.0,0.0,0.0,0.0
1984-08-21,311.0,172.0,0.0,0.0,0.0
1984-08-22,289.0,161.0,0.0,0.0,0.0
1984-08-23,306.0,200.0,0.0,0.0,0.0
1984-08-24,294.0,139.0,30.0,0.0,0.0
1984-08-25,289.0,161.0,0.0,0.0,0.0
1984-08-26,289.0,167.0,0.0,0.0,0.0
1984-08-27,294.0,178.0,69.0,0.0,0.0
1984-08-28,233.0,183.0,170.0,0.0,0.0
1984-08-29,256.0,183.0,71.0,0.0,0.0
1984-08-30,294.0,178.0,0.0,0.0,0.0
1984-08-31,278.0,172.0,20.0,0.0,0.0
1984-09-01,289.0,139.0,0.0,0.0,0.0
1984-09-02,300.0,156.0,0.0,0.0,0.0
1984-09-03,306.0,172.0,0.0,0.0,0.0
1984-09-04,311.0,172.0,64.0,0.0,0.0
1984-09-05,256.0,111.0,0.0,0.0,0.0
1984-09-06,250.0,78.0,0.0,0.0,0.0
1984-09-07,256.0,94.0,0.0,0.0,0.0
1984-09-08,250.0,78.0,0.0,0.0,0.0
1984-09-09,244.0,83.0,0.0,0.0,0.0
1984-09-10,239.0,111.0,0.0,0.0,0.0
1984-09-11,294.0,139.0,0.0,0.0,0.0
1984-09-12,306.0,139.0,0.0,0.0,0.0
1984-09-13,311.0,128.0,0.0,0.0,0.0
1984-09-14,306.0,128.0,0.0,0.0,0.0
1984-09-15,311.0,167.0,0.0,0.0,0.0
1984-09-16,256.0,56.0,0.0,0.0,0.0
1984-09-17,244.0,72.0,0.0,0.0,0.0
1984-09-18,239.0,67.0,0.0,0.0,0.0
1984-09-19,244.0,78.0,0.0,0.0,0.0
1984-09-20,256.0,67.0,0.0,0.0,0.0
1984-09-21,283.0,78.0,0.0,0.0,0.0
1984-09-22,311.0,100.0,0.0,0.0,0.0
1984-09-23,283.0,128.0,0.0,0.0,0.0
1984-09-24,283.0,133.0,0.0,0.0,0.0
1984-09-25,278.0,144.0,0.0,0.0,0.0
1984-09-26,306.0,111.0,0.0,0.0,0.0
1984-09-27,294.0,128.0,0.0,0.0,0.0
1984-09-28,228.0,150.0,0.0,0.0,0.0
1984-09-29,228.0,128.0,0.0,0.0,0.0
1984-09-30,139.0,128.0,30.0,0.0,0.0
1984-10-01,150.0,83.0,51.0,0.0,0.0
1984-10-02,156.0,0.0,0.0,0.0,0.0
1984-10-03,222.0,6.0,0.0,0.0,0.0
1984-10-04,228.0,33.0,0.0,0.0,0.0
1984-10-05,256.0,94.0,0.0,0.0,0.0
1984-10-06,267.0,94.0,0.0,0.0,0.0
1984-10-07,256.0,167.0,0.0,0.0,0.0
1984-10-08,222.0,167.0,0.0,0.0,0.0
1984-10-09,200.0,150.0,0.0,0.0,0.0
1984-10-10,189.0,139.0,91.0,0.0,0.0
1984-10-11,256.0,122.0,0.0,0.0,0.0
1984-10-12,267.0,106.0,0.0,0.0,0.0
1984-10-13,244.0,100.0,0.0,0.0,0.0
1984-10-14,267.0,89.0,0.0,0.0,0.0
1984-10-15,278.0,122.0,0.0,0.0,0.0
1984-10-16,256.0,128.0,0.0,0.0,0.0
1984-10-17,267.0,161.0,38.0,0.0,0.0
1984-10-18,261.0,122.0,0.0,0.0,0.0
1984-10-19,289.0,144.0,0.0,0.0,0.0
1984-10-20,278.0,144.0,0.0,0.0,0.0
1984-10-21,256.0,194.0,0.0,0.0,0.0
1984-10-22,233.0,167.0,178.0,0.0,0.0
1984-10-23,217.0,139.0,178.0,0.0,0.0
1984-10-24,222.0,150.0,20.0,0.0,0.0
1984-10-25,256.0,161.0,46.0,0.0,0.0
1984-10-26,267.0,106.0,0.0,0.0,0.0
1984-10-27,267.0,100.0,0.0,0.0,0.0
1984-10-28,244.0,167.0,10.0,0.0,0.0
1984-10-29,244.0,172.0,71.0,0.0,0.0
1984-10-30,267.0,144.0,0.0,0.0,0.0
1984-10-31,278.0,106.0,0.0,0.0,0.0
1984-11-01,289.0,94.0,0.0,0.0,0.0
1984-11-02,217.0,150.0,0.0,0.0,0.0
1984-11-03,172.0,111.0,33.0,0.0,0.0
1984-11-04,178.0,122.0,76.0,0.0,0.0
1984-11-05,156.0,106.0,56.0,0.0,0.0
1984-11-06,178.0,28.0,20.0,0.0,0.0
1984-11-07,133.0,-39.0,0.0,0.0,0.0
1984-11-08,133.0,-33.0,0.0,0.0,0.0
1984-11-09,172.0,-11.0,0.0,0.0,0.0
1984-11-10,200.0,11.0,0.0,0.0,0.0
1984-11-11,161.0,39.0,284.0,0.0,0.0
1984-11-12,61.0,-17.0,0.0,0.0,0.0
1984-11-13,94.0,-67.0,0.0,0.0,0.0
1984-11-14,122.0,-67.0,0.0,0.0,0.0
1984-11-15,189.0,-28.0,0.0,0.0,0.0
1984-11-16,200.0,72.0,51.0,0.0,0.0
1984-11-17,139.0,-67.0,0.0,0.0,0.0
1984-11-18,150.0,-11.0,0.0,0.0,0.0
1984-11-19,172.0,139.0,127.0,0.0,0.0
1984-11-20,167.0,28.0,0.0,0.0,0.0
1984-11-21,89.0,-28.0,0.0,0.0,0.0
1984-11-22,100.0,-78.0,0.0,0.0,0.0
1984-11-23,106.0,-72.0,0.0,0.0,0.0
1984-11-24,156.0,-67.0,0.0,0.0,0.0
1984-11-25,189.0,-50.0,0.0,0.0,0.0
1984-11-26,200.0,-33.0,0.0,0.0,0.0
1984-11-27,211.0,133.0,0.0,0.0,0.0
1984-11-28,167.0,72.0,241.0,0.0,0.0
1984-11-29,78.0,78.0,25.0,0.0,0.0
1984-11-30,133.0,-44.0,0.0,0.0,0.0
1984-12-01,56.0,22.0,38.0,0.0,0.0
1984-12-02,106.0,-17.0,0.0,0.0,0.0
1984-12-03,144.0,78.0,127.0,0.0,0.0
1984-12-04,139.0,-50.0,0.0,0.0,0.0
1984-12-05,56.0,17.0,109.0,0.0,0.0
1984-12-06,67.0,0.0,140.0,0.0,0.0
1984-12-07,11.0,-117.0,0.0,0.0,0.0
1984-12-08,33.0,-89.0,0.0,0.0,0.0
1984-12-09,106.0,-56.0,0.0,0.0,0.0
1984-12-10,167.0,22.0,51.0,0.0,0.0
1984-12-11,100.0,44.0,25.0,0.0,0.0
1984-12-12,144.0,11.0,0.0,0.0,0.0
1984-12-13,156.0,100.0,0.0,0.0,0.0
1984-12-14,211.0,50.0,0.0,0.0,0.0
1984-12-15,233.0,28.0,0.0,0.0,0.0
1984-12-16,217.0,72.0,0.0,0.0,0.0
1984-12-17,200.0,89.0,0.0,0.0,0.0
1984-12-18,200.0,56.0,0.0,0.0,0.0
1984-12-19,211.0,83.0,0.0,0.0,0.0
1984-12-20,183.0,139.0,0.0,0.0,0.0
1984-12-21,156.0,128.0,0.0,0.0,0.0
1984-12-22,178.0,83.0,89.0,0.0,0.0
1984-12-23,172.0,-11.0,0.0,0.0,0.0
1984-12-24,150.0,22.0,25.0,0.0,0.0
1984-12-25,133.0,89.0,76.0,0.0,0.0
1984-12-26,111.0,-11.0,0.0,0.0,0.0
1984-12-27,178.0,78.0,0.0,0.0,0.0
1984-12-28,222.0,44.0,0.0,0.0,0.0
1984-12-29,233.0,33.0,0.0,0.0,0.0
1984-12-30,222.0,94.0,0.0,0.0,0.0
1984-12-31,183.0,133.0,5.0,0.0,0.0
1985-01-01,244.0,167.0,0.0,,
1985-01-02,189.0,67.0,229.0,,
1985-01-03,78.0,56.0,76.0,,
1985-01-04,106.0,61.0,76.0,,
1985-01-05,78.0,-44.0,25.0,,
1985-01-06,33.0,-78.0,0.0,,
1985-01-07,117.0,-22.0,0.0,,
1985-01-08,111.0,-33.0,0.0,,
1985-01-09,94.0,-61.0,0.0,,
1985-01-10,78.0,22.0,0.0,,
1985-01-11,50.0,28.0,51.0,,
1985-01-12,33.0,-67.0,8.0,,
1985-01-13,11.0,-111.0,0.0,,
1985-01-14,56.0,-89.0,0.0,,
1985-01-15,78.0,-67.0,0.0,,
1985-01-16,44.0,-100.0,0.0,,
1985-01-17,72.0,6.0,165.0,,
1985-01-18,33.0,-17.0,178.0,,
1985-01-19,83.0,-11.0,0.0,,
1985-01-20,67.0,-144.0,0.0,,
1985-01-21,-122.0,-267.0,0.0,,
1985-01-22,-94.0,-172.0,0.0,,
1985-01-23,0.0,-144.0,0.0,,
1985-01-24,33.0,-111.0,0.0,,
1985-01-25,89.0,-33.0,0.0,,
1985-01-26,67.0,-117.0,0.0,,
1985-01-27,11.0,-111.0,0.0,,
1985-01-28,44.0,0.0,178.0,,
1985-01-29,0.0,-33.0,127.0,,
1985-01-30,56.0,0.0,178.0,,
1985-01-31,56.0,44.0,178.0,,
1985-02-01,106.0,78.0,432.0,,
1985-02-02,78.0,17.0,241.0,,
1985-02-03,72.0,-44.0,0.0,,
1985-02-04,67.0,-50.0,0.0,,
1985-02-05,100.0,6.0,25.0,,
1985-02-06,78.0,39.0,152.0,,
1985-02-07,56.0,-61.0,0.0,,
1985-02-08,44.0,-122.0,0.0,,
1985-02-09,50.0,-100.0,0.0,,
1985-02-10,106.0,-61.0,0.0,,
1985-02-11,161.0,-6.0,0.0,,
1985-02-12,78.0,-44.0,173.0,,
1985-02-13,6.0,-106.0,51.0,,
1985-02-14,50.0,-133.0,0.0,,
1985-02-15,22.0,-122.0,0.0,,
1985-02-16,22.0,-133.0,0.0,,
1985-02-17,56.0,-33.0,0.0,,
1985-02-18,111.0,-22.0,0.0,,
1985-02-19,111.0,33.0,25.0,,
1985-02-20,83.0,11.0,25.0,,
1985-02-21,156.0,-22.0,0.0,,
1985-02-22,167.0,22.0,0.0,,
1985-02-23,194.0,72.0,0.0,,
1985-02-24,200.0,144.0,0.0,,
1985-02-25,189.0,111.0,51.0,,
1985-02-26,150.0,100.0,127.0,,
1985-02-27,189.0,83.0,0.0,,
1985-02-28,144.0,-44.0,0.0,,
1985-03-01,161.0,0.0,0.0,0.0,0.0
1985-03-02,122.0,78.0,36.0,0.0,0.0
1985-03-03,144.0,0.0,0.0,0.0,0.0
1985-03-04,189.0,111.0,0.0,0.0,0.0
1985-03-05,206.0,56.0,76.0,0.0,0.0
1985-03-06,156.0,-33.0,0.0,0.0,0.0
1985-03-07,178.0,-11.0,0.0,0.0,0.0
1985-03-08,167.0,39.0,0.0,0.0,0.0
1985-03-09,233.0,122.0,20.0,0.0,0.0
1985-03-10,172.0,-17.0,46.0,0.0,0.0
1985-03-11,189.0,100.0,0.0,0.0,0.0
1985-03-12,222.0,144.0,13.0,0.0,0.0
1985-03-13,144.0,-22.0,0.0,0.0,0.0
1985-03-14,244.0,56.0,0.0,0.0,0.0
1985-03-15,161.0,-11.0,0.0,0.0,0.0
1985-03-16,183.0,6.0,0.0,0.0,0.0
1985-03-17,144.0,44.0,0.0,0.0,0.0
1985-03-18,139.0,-22.0,0.0,0.0,0.0
1985-03-19,106.0,-61.0,0.0,0.0,0.0
1985-03-20,189.0,-22.0,0.0,0.0,0.0
1985-03-21,206.0,61.0,0.0,0.0,0.0
1985-03-22,117.0,72.0,46.0,0.0,0.0
1985-03-23,100.0,72.0,51.0,0.0,0.0
1985-03-24,144.0,56.0,152.0,0.0,0.0
1985-03-25,144.0,22.0,36.0,0.0,0.0
1985-03-26,156.0,-22.0,0.0,0.0,0.0
1985-03-27,222.0,11.0,0.0,0.0,0.0
1985-03-28,211.0,144.0,0.0,0.0,0.0
1985-03-29,178.0,144.0,0.0,0.0,0.0
1985-03-30,244.0,111.0,0.0,0.0,0.0
1985-03-31,294.0,144.0,0.0,0.0,0.0
1985-04-01,194.0,17.0,64.0,0.0,0.0
1985-04-02,161.0,-17.0,0.0,0.0,0.0
1985-04-03,133.0,-39.0,0.0,0.0,0.0
1985-04-04,144.0,-39.0,0.0,0.0,0.0
1985-04-05,272.0,33.0,0.0,0.0,0.0
1985-04-06,217.0,22.0,254.0,0.0,0.0
1985-04-07,194.0,33.0,0.0,0.0,0.0
1985-04-08,189.0,33.0,0.0,0.0,0.0
1985-04-09,133.0,6.0,0.0,0.0,0.0
1985-04-10,117.0,-50.0,0.0,0.0,0.0
1985-04-11,183.0,-50.0,0.0,0.0,0.0
1985-04-12,233.0,-6.0,0.0,0.0,0.0
1985-04-13,244.0,44.0,0.0,0.0,0.0
1985-04-14,211.0,100.0,127.0,0.0,0.0
1985-04-15,244.0,106.0,91.0,0.0,0.0
1985-04-16,211.0,72.0,0.0,0.0,0.0
1985-04-17,217.0,72.0,0.0,0.0,0.0
1985-04-18,283.0,56.0,0.0,0.0,0.0
1985-04-19,294.0,72.0,0.0,0.0,0.0
1985-04-20,289.0,72.0,0.0,0.0,0.0
1985-04-21,294.0,83.0,0.0,0.0,0.0
1985-04-22,306.0,78.0,0.0,0.0,0.0
1985-04-23,289.0,94.0,0.0,0.0,0.0
1985-04-24,267.0,100.0,0.0,0.0,0.0
1985-04-25,239.0,117.0,20.0,0.0,0.0
1985-04-26,278.0,39.0,0.0,0.0,0.0
1985-04-27,294.0,56.0,28.0,0.0,0.0
1985-04-28,250.0,144.0,76.0,0.0,0.0
1985-04-29,272.0,128.0,25.0,0.0,0.0
1985-04-30,278.0,106.0,0.0,0.0,0.0
1985-05-01,267.0,89.0,0.0,0.0,0.0
1985-05-02,217.0,144.0,76.0,0.0,0.0
1985-05-03,172.0,133.0,76.0,0.0,0.0
1985-05-04,228.0,50.0,0.0,0.0,0.0
1985-05-05,233.0,50.0,0.0,0.0,0.0
1985-05-06,244.0,61.0,0.0,0.0,0.0
1985-05-07,272.0,111.0,0.0,0.0,0.0
1985-05-08,267.0,106.0,51.0,0.0,0.0
1985-05-09,150.0,122.0,114.0,0.0,0.0
1985-05-10,183.0,122.0,25.0,0.0,0.0
1985-05-11,228.0,133.0,28.0,0.0,0.0
1985-05-12,272.0,139.0,0.0,0.0,0.0
1985-05-13,283.0,139.0,81.0,0.0,0.0
1985-05-14,294.0,133.0,0.0,0.0,0.0
1985-05-15,300.0,144.0,0.0,0.0,0.0
1985-05-16,300.0,72.0,0.0,0.0,0.0
1985-05-17,256.0,106.0,25.0,0.0,0.0
1985-05-18,167.0,100.0,89.0,0.0,0.0
1985-05-19,222.0,28.0,0.0,0.0,0.0
1985-05-20,261.0,94.0,0.0,0.0,0.0
1985-05-21,283.0,122.0,0.0,0.0,0.0
1985-05-22,283.0,156.0,25.0,0.0,0.0
1985-05-23,267.0,172.0,0.0,0.0,0.0
1985-05-24,222.0,117.0,0.0,0.0,0.0
1985-05-25,206.0,94.0,8.0,0.0,0.0
1985-05-26,250.0,72.0,0.0,0.0,0.0
1985-05-27,267.0,78.0,0.0,0.0,0.0
1985-05-28,283.0,111.0,0.0,0.0,0.0
1985-05-29,244.0,139.0,25.0,0.0,0.0
1985-05-30,267.0,122.0,0.0,0.0,0.0
1985-05-31,289.0,194.0,0.0,0.0,0.0
1985-06-01,283.0,189.0,10.0,0.0,0.0
1985-06-02,322.0,139.0,0.0,0.0,0.0
1985-06-03,328.0,150.0,0.0,0.0,0.0
1985-06-04,339.0,144.0,0.0,0.0,0.0
1985-06-05,333.0,161.0,0.0,0.0,0.0
1985-06-06,339.0,178.0,71.0,0.0,0.0
1985-06-07,328.0,167.0,127.0,0.0,0.0
1985-06-08,306.0,150.0,351.0,0.0,0.0
1985-06-09,278.0,144.0,0.0,0.0,0.0
1985-06-10,311.0,161.0,0.0,0.0,0.0
1985-06-11,306.0,178.0,0.0,0.0,0.0
1985-06-12,261.0,189.0,152.0,0.0,0.0
1985-06-13,233.0,61.0,51.0,0.0,0.0
1985-06-14,228.0,50.0,0.0,0.0,0.0
1985-06-15,256.0,44.0,0.0,0.0,0.0
1985-06-16,267.0,128.0,25.0,0.0,0.0
1985-06-17,283.0,139.0,0.0,0.0,0.0
1985-06-18,306.0,172.0,191.0,0.0,0.0
1985-06-19,256.0,156.0,165.0,0.0,0.0
1985-06-20,228.0,128.0,64.0,0.0,0.0
1985-06-21,244.0,89.0,0.0,0.0,0.0
1985-06-22,267.0,100.0,0.0,0.0,0.0
1985-06-23,283.0,100.0,0.0,0.0,0.0
1985-06-24,300.0,172.0,0.0,0.0,0.0
1985-06-25,300.0,133.0,0.0,0.0,0.0
1985-06-26,317.0,167.0,25.0,0.0,0.0
1985-06-27,317.0,167.0,0.0,0.0,0.0
1985-06-28,306.0,150.0,0.0,0.0,0.0
1985-06-29,250.0,172.0,25.0,0.0,0.0
1985-06-30,289.0,133.0,0.0,0.0,0.0
1985-07-01,256.0,150.0,445.0,0.0,0.0
1985-07-02,233.0,161.0,254.0,0.0,0.0
1985-07-03,261.0,139.0,0.0,0.0,0.0
1985-07-04,283.0,156.0,0.0,0.0,0.0
1985-07-05,256.0,167.0,64.0,0.0,0.0
1985-07-06,278.0,172.0,152.0,0.0,0.0
1985-07-07,244.0,178.0,15.0,0.0,0.0
1985-07-08,300.0,139.0,0.0,0.0,0.0
1985-07-09,294.0,150.0,0.0,0.0,0.0
1985-07-10,306.0,189.0,0.0,0.0,0.0
1985-07-11,317.0,156.0,254.0,0.0,0.0
1985-07-12,311.0,178.0,0.0,0.0,0.0
1985-07-13,317.0,172.0,0.0,0.0,0.0
1985-07-14,311.0,178.0,25.0,0.0,0.0
1985-07-15,317.0,189.0,0.0,0.0,0.0
1985-07-16,317.0,189.0,25.0,0.0,0.0
1985-07-17,311.0,183.0,0.0,0.0,0.0
1985-07-18,311.0,200.0,203.0,0.0,0.0
1985-07-19,306.0,194.0,0.0,0.0,0.0
1985-07-20,311.0,183.0,0.0,0.0,0.0
1985-07-21,322.0,200.0,0.0,0.0,0.0
1985-07-22,322.0,178.0,0.0,0.0,0.0
1985-07-23,311.0,178.0,0.0,0.0,0.0
1985-07-24,289.0,189.0,25.0,0.0,0.0
1985-07-25,244.0,183.0,46.0,0.0,0.0
1985-07-26,283.0,200.0,0.0,0.0,0.0
1985-07-27,267.0,200.0,193.0,0.0,0.0
1985-07-28,239.0,200.0,112.0,0.0,0.0
1985-07-29,244.0,194.0,127.0,0.0,0.0
1985-07-30,250.0,200.0,102.0,0.0,0.0
1985-07-31,306.0,206.0,0.0,0.0,0.0
1985-08-01,306.0,206.0,0.0,0.0,0.0
1985-08-02,294.0,183.0,38.0,0.0,0.0
1985-08-03,294.0,150.0,5.0,0.0,0.0
1985-08-04,256.0,128.0,0.0,0.0,0.0
1985-08-05,261.0,122.0,0.0,0.0,0.0
1985-08-06,267.0,178.0,0.0,0.0,0.0
1985-08-07,256.0,189.0,102.0,0.0,0.0
1985-08-08,267.0,178.0,0.0,0.0,0.0
1985-08-09,300.0,194.0,292.0,0.0,0.0
1985-08-10,306.0,183.0,231.0,0.0,0.0
1985-08-11,294.0,183.0,0.0,0.0,0.0
1985-08-12,306.0,172.0,0.0,0.0,0.0
1985-08-13,317.0,194.0,0.0,0.0,0.0
1985-08-14,317.0,183.0,0.0,0.0,0.0
1985-08-15,306.0,172.0,0.0,0.0,0.0
1985-08-16,306.0,178.0,0.0,0.0,0.0
1985-08-17,278.0,206.0,401.0,0.0,0.0
1985-08-18,233.0,200.0,76.0,0.0,0.0
1985-08-19,283.0,161.0,0.0,0.0,0.0
1985-08-20,306.0,172.0,0.0,0.0,0.0
1985-08-21,294.0,183.0,0.0,0.0,0.0
1985-08-22,283.0,128.0,0.0,0.0,0.0
1985-08-23,272.0,150.0,0.0,0.0,0.0
1985-08-24,233.0,194.0,25.0,0.0,0.0
1985-08-25,233.0,183.0,490.0,0.0,0.0
1985-08-26,261.0,167.0,0.0,0.0,0.0
1985-08-27,272.0,183.0,0.0,0.0,0.0
1985-08-28,267.0,172.0,0.0,0.0,0.0
1985-08-29,300.0,178.0,0.0,0.0,0.0
1985-08-30,300.0,178.0,0.0,0.0,0.0
1985-08-31,300.0,144.0,8.0,0.0,0.0
1985-09-01,300.0,156.0,13.0,0.0,0.0
1985-09-02,283.0,161.0,0.0,0.0,0.0
1985-09-03,289.0,156.0,0.0,0.0,0.0
1985-09-04,300.0,156.0,0.0,0.0,0.0
1985-09-05,300.0,178.0,0.0,0.0,0.0
1985-09-06,311.0,172.0,0.0,0.0,0.0
1985-09-07,278.0,167.0,0.0,0.0,0.0
1985-09-08,311.0,183.0,0.0,0.0,0.0
1985-09-09,311.0,172.0,76.0,0.0,0.0
1985-09-10,306.0,183.0,0.0,0.0,0.0
1985-09-11,300.0,172.0,0.0,0.0,0.0
1985-09-12,294.0,150.0,0.0,0.0,0.0
1985-09-13,278.0,144.0,0.0,0.0,0.0
1985-09-14,178.0,61.0,38.0,0.0,0.0
1985-09-15,178.0,50.0,0.0,0.0,0.0
1985-09-16,222.0,67.0,0.0,0.0,0.0
1985-09-17,239.0,56.0,0.0,0.0,0.0
1985-09-18,256.0,61.0,0.0,0.0,0.0
1985-09-19,261.0,83.0,0.0,0.0,0.0
1985-09-20,267.0,78.0,0.0,0.0,0.0
1985-09-21,267.0,72.0,0.0,0.0,0.0
1985-09-22,278.0,106.0,0.0,0.0,0.0
1985-09-23,278.0,122.0,0.0,0.0,0.0
1985-09-24,244.0,183.0,124.0,0.0,0.0
1985-09-25,256.0,61.0,0.0,0.0,0.0
1985-09-26,267.0,172.0,0.0,0.0,0.0
1985-09-27,272.0,72.0,36.0,0.0,0.0
1985-09-28,178.0,28.0,0.0,0.0,0.0
1985-09-29,228.0,50.0,0.0,0.0,0.0
1985-09-30,233.0,72.0,0.0,0.0,0.0
1985-10-01,261.0,161.0,0.0,0.0,0.0
1985-10-02,189.0,111.0,305.0,0.0,0.0
1985-10-03,206.0,167.0,0.0,0.0,0.0
1985-10-04,256.0,150.0,165.0,0.0,0.0
1985-10-05,267.0,106.0,5.0,0.0,0.0
1985-10-06,178.0,-6.0,0.0,0.0,0.0
1985-10-07,178.0,-6.0,0.0,0.0,0.0
1985-10-08,211.0,44.0,0.0,0.0,0.0
1985-10-09,233.0,111.0,0.0,0.0,0.0
1985-10-10,261.0,117.0,0.0,0.0,0.0
1985-10-11,283.0,89.0,0.0,0.0,0.0
1985-10-12,283.0,100.0,0.0,0.0,0.0
1985-10-13,283.0,94.0,0.0,0.0,0.0
1985-10-14,261.0,144.0,0.0,0.0,0.0
1985-10-15,272.0,172.0,0.0,0.0,0.0
1985-10-16,244.0,167.0,0.0,0.0,0.0
1985-10-17,256.0,100.0,0.0,0.0,0.0
1985-10-18,256.0,128.0,0.0,0.0,0.0
1985-10-19,244.0,106.0,0.0,0.0,0.0
1985-10-20,283.0,117.0,0.0,0.0,0.0
1985-10-21,278.0,150.0,0.0,0.0,0.0
1985-10-22,194.0,161.0,488.0,0.0,0.0
1985-10-23,222.0,167.0,41.0,0.0,0.0
1985-10-24,200.0,161.0,76.0,0.0,0.0
1985-10-25,189.0,133.0,127.0,0.0,0.0
1985-10-26,250.0,111.0,0.0,0.0,0.0
1985-10-27,228.0,94.0,0.0,0.0,0.0
1985-10-28,206.0,133.0,0.0,0.0,0.0
1985-10-29,239.0,139.0,0.0,0.0,0.0
1985-10-30,178.0,128.0,0.0,0.0,0.0
1985-10-31,200.0,133.0,0.0,0.0,0.0
1985-11-01,194.0,172.0,51.0,0.0,0.0
1985-11-02,206.0,133.0,0.0,0.0,0.0
1985-11-03,200.0,144.0,0.0,0.0,0.0
1985-11-04,150.0,83.0,178.0,0.0,0.0
1985-11-05,83.0,33.0,102.0,0.0,0.0
1985-11-06,67.0,56.0,0.0,0.0,0.0
1985-11-07,178.0,6.0,0.0,0.0,0.0
1985-11-08,111.0,-28.0,38.0,0.0,0.0
1985-11-09,200.0,-28.0,0.0,0.0,0.0
1985-11-10,200.0,33.0,0.0,0.0,0.0
1985-11-11,217.0,50.0,0.0,0.0,0.0
1985-11-12,239.0,100.0,0.0,0.0,0.0
1985-11-13,239.0,133.0,0.0,0.0,0.0
1985-11-14,250.0,94.0,0.0,0.0,0.0
1985-11-15,239.0,89.0,0.0,0.0,0.0
1985-11-16,233.0,94.0,0.0,0.0,0.0
1985-11-17,233.0,150.0,51.0,0.0,0.0
1985-11-18,200.0,117.0,25.0,0.0,0.0
1985-11-19,233.0,156.0,0.0,0.0,0.0
1985-11-20,244.0,133.0,0.0,0.0,0.0
1985-11-21,233.0,117.0,30.0,0.0,0.0
1985-11-22,167.0,144.0,234.0,0.0,0.0
1985-11-23,217.0,56.0,15.0,0.0,0.0
1985-11-24,217.0,39.0,0.0,0.0,0.0
1985-11-25,167.0,117.0,0.0,0.0,0.0
1985-11-26,189.0,128.0,0.0,0.0,0.0
1985-11-27,189.0,167.0,51.0,0.0,0.0
1985-11-28,211.0,167.0,51.0,0.0,0.0
1985-11-29,178.0,144.0,279.0,0.0,0.0
1985-11-30,167.0,150.0,147.0,0.0,0.0
1985-12-01,194.0,83.0,140.0,0.0,
1985-12-02,150.0,11.0,112.0,,
1985-12-03,28.0,-78.0,0.0,,
1985-12-04,67.0,-39.0,0.0,,
1985-12-05,78.0,33.0,0.0,,
1985-12-06,50.0,0.0,0.0,,0.0
1985-12-07,56.0,-67.0,0.0,,
1985-12-08,111.0,-72.0,0.0,,
1985-12-09,133.0,33.0,0.0,,
1985-12-10,183.0,-11.0,0.0,,
1985-12-11,183.0,72.0,0.0,,
1985-12-12,200.0,133.0,216.0,,
1985-12-13,172.0,133.0,152.0,,
1985-12-14,172.0,-56.0,13.0,,
1985-12-15,-17.0,-122.0,25.0,,
1985-12-16,39.0,-100.0,0.0,,
1985-12-17,78.0,-83.0,0.0,,
1985-12-18,111.0,-33.0,0.0,,
1985-12-19,44.0,-117.0,0.0,,
1985-12-20,11.0,-128.0,13.0,,
1985-12-21,11.0,-128.0,0.0,,
1985-12-22,67.0,11.0,0.0,,
1985-12-23,122.0,-44.0,0.0,,
1985-12-24,94.0,-89.0,0.0,,0.0
1985-12-25,-78.0,-161.0,0.0,,
1985-12-26,-78.0,-161.0,0.0,,
1985-12-27,11.0,-122.0,0.0,,
1985-12-28,106.0,-72.0,0.0,,
1985-12-29,83.0,-106.0,0.0,,
1985-12-30,78.0,-122.0,0.0,,
1985-12-31,89.0,-17.0,0.0,,
1986-01-01,50.0,-11.0,292.0,0.0,0.0
1986-01-02,94.0,-56.0,0.0,0.0,0.0
1986-01-03,122.0,39.0,0.0,0.0,0.0
1986-01-04,133.0,-22.0,0.0,0.0,0.0
1986-01-05,117.0,-17.0,0.0,0.0,0.0
1986-01-06,33.0,-122.0,0.0,0.0,0.0
1986-01-07,61.0,-28.0,0.0,0.0,0.0
1986-01-08,106.0,-111.0,0.0,0.0,0.0
1986-01-09,56.0,-117.0,0.0,0.0,0.0
1986-01-10,111.0,22.0,0.0,0.0,0.0
1986-01-11,117.0,-78.0,0.0,0.0,0.0
1986-01-12,133.0,-78.0,0.0,0.0,0.0
1986-01-13,161.0,0.0,0.0,0.0,0.0
1986-01-14,28.0,-106.0,0.0,0.0,0.0
1986-01-15,106.0,-67.0,0.0,0.0,0.0
1986-01-16,128.0,-61.0,0.0,0.0,0.0
1986-01-17,167.0,17.0,0.0,0.0,0.0
1986-01-18,156.0,33.0,0.0,0.0,0.0
1986-01-19,167.0,33.0,102.0,0.0,0.0
1986-01-20,78.0,0.0,0.0,0.0,0.0
1986-01-21,78.0,-56.0,0.0,0.0,0.0
1986-01-22,189.0,0.0,0.0,0.0,0.0
1986-01-23,150.0,-33.0,0.0,0.0,0.0
1986-01-24,117.0,-72.0,0.0,0.0,0.0
1986-01-25,100.0,-6.0,0.0,0.0,0.0
1986-01-26,28.0,0.0,127.0,0.0,
1986-01-27,44.0,-150.0,30.0,0.0,0.0
1986-01-28,-128.0,-183.0,0.0,0.0,0.0
1986-01-29,-11.0,-33.0,0.0,0.0,0.0
1986-01-30,56.0,-61.0,0.0,0.0,0.0
1986-01-31,94.0,-61.0,0.0,,
1986-02-01,150.0,-44.0,0.0,0.0,0.0
1986-02-02,167.0,-50.0,0.0,0.0,0.0
1986-02-03,139.0,56.0,0.0,0.0,0.0
1986-02-04,222.0,61.0,0.0,0.0,0.0
1986-02-05,206.0,122.0,13.0,0.0,0.0
1986-02-06,200.0,39.0,51.0,0.0,0.0
1986-02-07,161.0,72.0,0.0,0.0,0.0
1986-02-08,172.0,-22.0,0.0,0.0,0.0
1986-02-09,133.0,72.0,0.0,0.0,0.0
1986-02-10,161.0,61.0,0.0,0.0,0.0
1986-02-11,106.0,-6.0,127.0,0.0,0.0
1986-02-12,6.0,-111.0,0.0,0.0,0.0
1986-02-13,17.0,-117.0,0.0,0.0,0.0
1986-02-14,17.0,-22.0,0.0,0.0,0.0
1986-02-15,11.0,-17.0,231.0,,
1986-02-16,44.0,-67.0,0.0,0.0,0.0
1986-02-17,183.0,50.0,0.0,0.0,0.0
1986-02-18,94.0,67.0,470.0,0.0,0.0
1986-02-19,194.0,72.0,0.0,0.0,0.0
1986-02-20,194.0,44.0,0.0,0.0,0.0
1986-02-21,261.0,89.0,0.0,0.0,0.0
1986-02-22,228.0,56.0,5.0,0.0,0.0
1986-02-23,128.0,-22.0,0.0,0.0,0.0
1986-02-24,144.0,-17.0,0.0,0.0,0.0
1986-02-25,78.0,0.0,,,
1986-02-26,167.0,83.0,25.0,0.0,0.0
1986-02-27,167.0,83.0,0.0,0.0,0.0
1986-02-28,89.0,-11.0,0.0,0.0,0.0
1986-03-01,61.0,-111.0,0.0,0.0,0.0
1986-03-02,50.0,-111.0,0.0,0.0,0.0
1986-03-03,111.0,-106.0,0.0,0.0,0.0
1986-03-04,144.0,-50.0,0.0,0.0,0.0
1986-03-05,83.0,-50.0,0.0,0.0,0.0
1986-03-06,128.0,-44.0,0.0,0.0,0.0
1986-03-07,100.0,-44.0,0.0,0.0,0.0
1986-03-08,122.0,-67.0,0.0,0.0,0.0
1986-03-09,144.0,-56.0,0.0,0.0,0.0
1986-03-10,189.0,-33.0,0.0,0.0,0.0
1986-03-11,206.0,72.0,127.0,0.0,0.0
1986-03-12,239.0,94.0,0.0,0.0,0.0
1986-03-13,189.0,139.0,117.0,0.0,0.0
1986-03-14,161.0,100.0,381.0,0.0,0.0
1986-03-15,128.0,89.0,74.0,0.0,0.0
1986-03-16,194.0,28.0,0.0,0.0,0.0
1986-03-17,189.0,-22.0,0.0,0.0,0.0
1986-03-18,206.0,-22.0,0.0,0.0,0.0
1986-03-19,217.0,44.0,361.0,0.0,0.0
1986-03-20,172.0,50.0,0.0,0.0,0.0
1986-03-21,78.0,-39.0,0.0,0.0,0.0
1986-03-22,61.0,-94.0,0.0,0.0,0.0
1986-03-23,122.0,-94.0,0.0,0.0,0.0
1986-03-24,183.0,-72.0,0.0,0.0,0.0
1986-03-25,228.0,-17.0,0.0,0.0,0.0
1986-03-26,222.0,11.0,0.0,0.0,0.0
1986-03-27,211.0,39.0,0.0,0.0,0.0
1986-03-28,206.0,-22.0,0.0,0.0,0.0
1986-03-29,233.0,-6.0,0.0,0.0,0.0
1986-03-30,250.0,17.0,0.0,0.0,0.0
1986-03-31,261.0,17.0,0.0,0.0,0.0
1986-04-01,283.0,28.0,0.0,0.0,0.0
1986-04-02,283.0,28.0,0.0,0.0,0.0
1986-04-03,256.0,39.0,0.0,0.0,0.0
1986-04-04,261.0,56.0,0.0,0.0,0.0
1986-04-05,278.0,72.0,0.0,0.0,0.0
1986-04-06,283.0,94.0,0.0,0.0,0.0
1986-04-07,261.0,111.0,28.0,0.0,0.0
1986-04-08,239.0,111.0,0.0,0.0,0.0
1986-04-09,172.0,61.0,178.0,0.0,0.0
1986-04-10,111.0,28.0,0.0,0.0,0.0
1986-04-11,161.0,-17.0,0.0,0.0,0.0
1986-04-12,206.0,-11.0,0.0,0.0,0.0
1986-04-13,233.0,0.0,0.0,0.0,0.0
1986-04-14,244.0,28.0,0.0,0.0,0.0
1986-04-15,267.0,44.0,30.0,0.0,0.0
1986-04-16,200.0,50.0,0.0,0.0,0.0
1986-04-17,89.0,22.0,0.0,0.0,0.0
1986-04-18,117.0,-17.0,0.0,0.0,0.0
1986-04-19,228.0,-6.0,0.0,0.0,0.0
1986-04-20,250.0,39.0,0.0,0.0,0.0
1986-04-21,,72.0,97.0,0.0,0.0
1986-04-22,150.0,50.0,30.0,0.0,0.0
1986-04-23,106.0,-33.0,0.0,0.0,0.0
1986-04-24,172.0,-33.0,0.0,0.0,0.0
1986-04-25,250.0,17.0,0.0,0.0,0.0
1986-04-26,289.0,67.0,0.0,0.0,0.0
1986-04-27,322.0,67.0,0.0,0.0,0.0
1986-04-28,333.0,83.0,0.0,0.0,0.0
1986-04-29,250.0,67.0,102.0,0.0,0.0
1986-04-30,256.0,44.0,0.0,0.0,0.0
1986-05-01,300.0,44.0,0.0,0.0,0.0
1986-05-02,294.0,44.0,0.0,0.0,0.0
1986-05-03,233.0,44.0,0.0,0.0,0.0
1986-05-04,211.0,-17.0,0.0,0.0,0.0
1986-05-05,239.0,33.0,0.0,0.0,0.0
1986-05-06,294.0,111.0,0.0,0.0,0.0
1986-05-07,289.0,122.0,0.0,0.0,0.0
1986-05-08,278.0,128.0,13.0,0.0,0.0
1986-05-09,300.0,83.0,0.0,0.0,0.0
1986-05-10,300.0,83.0,0.0,0.0,0.0
1986-05-11,239.0,106.0,0.0,0.0,0.0
1986-05-12,228.0,128.0,0.0,0.0,0.0
1986-05-13,228.0,128.0,0.0,0.0,0.0
1986-05-14,244.0,117.0,0.0,0.0,0.0
1986-05-15,261.0,117.0,0.0,0.0,0.0
1986-05-16,256.0,167.0,0.0,0.0,0.0
1986-05-17,256.0,133.0,23.0,0.0,0.0
1986-05-18,294.0,133.0,0.0,0.0,0.0
1986-05-19,250.0,150.0,20.0,0.0,0.0
1986-05-20,194.0,128.0,127.0,0.0,0.0
1986-05-21,200.0,39.0,0.0,0.0,0.0
1986-05-22,206.0,17.0,0.0,0.0,0.0
1986-05-23,222.0,33.0,0.0,0.0,0.0
1986-05-24,256.0,106.0,,0.0,0.0
1986-05-25,278.0,117.0,51.0,0.0,0.0
1986-05-26,250.0,133.0,46.0,0.0,0.0
1986-05-27,239.0,150.0,279.0,0.0,0.0
1986-05-28,250.0,172.0,203.0,0.0,0.0
1986-05-29,250.0,167.0,25.0,0.0,0.0
1986-05-30,278.0,156.0,0.0,0.0,0.0
1986-05-31,289.0,139.0,0.0,0.0,0.0
1986-06-01,278.0,128.0,0.0,0.0,0.0
1986-06-02,289.0,128.0,0.0,0.0,0.0
1986-06-03,294.0,156.0,0.0,0.0,0.0
1986-06-04,250.0,150.0,0.0,0.0,0.0
1986-06-05,244.0,150.0,0.0,0.0,0.0
1986-06-06,283.0,144.0,0.0,0.0,0.0
1986-06-07,306.0,172.0,0.0,0.0,0.0
1986-06-08,294.0,183.0,0.0,0.0,0.0
1986-06-09,300.0,183.0,117.0,0.0,0.0
1986-06-10,306.0,183.0,46.0,0.0,0.0
1986-06-11,289.0,183.0,56.0,0.0,0.0
1986-06-12,294.0,194.0,0.0,0.0,0.0
1986-06-13,289.0,133.0,0.0,0.0,0.0
1986-06-14,289.0,133.0,0.0,0.0,0.0
1986-06-15,283.0,139.0,0.0,0.0,0.0
1986-06-16,311.0,139.0,0.0,0.0,0.0
1986-06-17,311.0,139.0,0.0,0.0,0.0
1986-06-18,311.0,133.0,41.0,0.0,0.0
1986-06-19,294.0,139.0,0.0,0.0,0.0
1986-06-20,306.0,139.0,0.0,0.0,0.0
1986-06-21,317.0,144.0,0.0,0.0,0.0
1986-06-22,328.0,150.0,0.0,0.0,0.0
1986-06-23,311.0,150.0,0.0,0.0,0.0
1986-06-24,333.0,150.0,0.0,0.0,0.0
1986-06-25,306.0,133.0,0.0,0.0,0.0
1986-06-26,311.0,106.0,0.0,0.0,0.0
1986-06-27,333.0,106.0,0.0,0.0,0.0
1986-06-28,333.0,156.0,10.0,0.0,0.0
1986-06-29,339.0,172.0,13.0,0.0,0.0
1986-06-30,278.0,200.0,51.0,0.0,0.0
1986-08-01,322.0,122.0,25.0,0.0,0.0
1986-08-02,317.0,161.0,0.0,0.0,0.0
1986-08-03,328.0,156.0,0.0,0.0,0.0
1986-08-04,317.0,133.0,0.0,0.0,0.0
1986-08-05,317.0,133.0,0.0,0.0,0.0
1986-08-06,328.0,150.0,0.0,0.0,0.0
1986-08-07,300.0,178.0,249.0,0.0,0.0
1986-08-08,311.0,178.0,178.0,0.0,0.0
1986-08-09,289.0,178.0,0.0,0.0,0.0
1986-08-10,289.0,178.0,0.0,0.0,0.0
1986-08-11,283.0,189.0,64.0,0.0,0.0
1986-08-12,261.0,172.0,64.0,0.0,0.0
1986-08-13,289.0,172.0,127.0,0.0,0.0
1986-08-14,283.0,178.0,0.0,0.0,0.0
1986-08-15,311.0,183.0,0.0,0.0,0.0
1986-08-16,300.0,183.0,58.0,0.0,0.0
1986-08-17,272.0,178.0,0.0,0.0,0.0
1986-08-18,300.0,167.0,0.0,0.0,0.0
1986-08-19,300.0,167.0,0.0,0.0,0.0
1986-08-20,300.0,167.0,76.0,0.0,0.0
1986-08-21,300.0,172.0,0.0,0.0,0.0
1986-08-22,,,,0.0,0.0
1986-08-23,306.0,178.0,0.0,0.0,0.0
1986-08-24,306.0,178.0,0.0,0.0,0.0
1986-08-25,294.0,144.0,0.0,0.0,0.0
1986-08-26,289.0,161.0,0.0,0.0,0.0
1986-08-27,294.0,194.0,0.0,0.0,0.0
1986-08-28,267.0,189.0,165.0,0.0,0.0
1986-08-29,206.0,117.0,183.0,0.0,0.0
1986-08-30,228.0,122.0,0.0,0.0,0.0
1986-08-31,228.0,122.0,0.0,0.0,0.0
1986-09-01,206.0,161.0,76.0,0.0,0.0
1986-09-02,222.0,161.0,102.0,0.0,0.0
1986-09-03,222.0,183.0,178.0,0.0,0.0
1986-09-04,267.0,189.0,51.0,0.0,0.0
1986-09-05,228.0,189.0,76.0,0.0,0.0
1986-09-06,283.0,178.0,0.0,0.0,0.0
1986-09-07,283.0,100.0,0.0,0.0,0.0
1986-09-08,278.0,100.0,0.0,0.0,0.0
1986-09-09,256.0,111.0,0.0,0.0,0.0
1986-09-10,267.0,111.0,0.0,0.0,0.0
1986-09-11,256.0,150.0,0.0,0.0,0.0
1986-09-12,250.0,178.0,102.0,0.0,0.0
1986-09-13,272.0,111.0,0.0,0.0,0.0
1986-09-14,267.0,117.0,0.0,0.0,0.0
1986-09-15,267.0,111.0,0.0,0.0,0.0
1986-09-16,256.0,111.0,0.0,0.0,0.0
1986-09-17,250.0,150.0,152.0,0.0,0.0
1986-09-18,233.0,150.0,0.0,0.0,0.0
1986-09-19,206.0,167.0,0.0,0.0,0.0
1986-09-20,278.0,178.0,0.0,0.0,0.0
1986-09-21,283.0,156.0,0.0,0.0,0.0
1986-09-22,289.0,133.0,0.0,0.0,0.0
1986-09-23,294.0,167.0,0.0,0.0,0.0
1986-09-24,294.0,178.0,0.0,0.0,0.0
1986-09-25,294.0,172.0,0.0,0.0,0.0
1986-09-26,300.0,167.0,0.0,0.0,0.0
1986-09-27,300.0,172.0,0.0,0.0,0.0
1986-09-28,300.0,150.0,0.0,0.0,0.0
1986-09-29,322.0,150.0,0.0,0.0,0.0
1986-09-30,333.0,156.0,0.0,0.0,0.0
1986-10-01,294.0,178.0,0.0,0.0,0.0
1986-10-02,294.0,178.0,0.0,0.0,0.0
1986-10-03,306.0,172.0,0.0,0.0,0.0
1986-10-04,306.0,167.0,0.0,0.0,0.0
1986-10-05,294.0,167.0,0.0,0.0,0.0
1986-10-06,283.0,89.0,0.0,0.0,0.0
1986-10-07,228.0,83.0,0.0,0.0,0.0
1986-10-08,233.0,67.0,0.0,0.0,0.0
1986-10-09,256.0,67.0,102.0,0.0,0.0
1986-10-10,183.0,156.0,244.0,0.0,0.0
1986-10-11,200.0,144.0,5.0,0.0,0.0
1986-10-12,167.0,128.0,0.0,0.0,0.0
1986-10-13,189.0,133.0,203.0,0.0,0.0
1986-10-14,206.0,150.0,381.0,0.0,0.0
1986-10-15,206.0,44.0,13.0,0.0,0.0
1986-10-16,167.0,22.0,0.0,0.0,0.0
1986-10-17,167.0,-6.0,0.0,0.0,0.0
1986-10-18,189.0,-6.0,0.0,0.0,0.0
1986-10-19,206.0,6.0,0.0,0.0,0.0
1986-10-20,200.0,22.0,0.0,0.0,0.0
1986-10-21,200.0,22.0,0.0,0.0,0.0
1986-10-22,206.0,22.0,0.0,0.0,0.0
1986-10-23,222.0,22.0,0.0,0.0,0.0
1986-10-24,206.0,94.0,0.0,0.0,0.0
1986-10-25,222.0,117.0,508.0,0.0,0.0
1986-10-26,156.0,128.0,267.0,0.0,0.0
1986-10-27,194.0,89.0,0.0,0.0,0.0
1986-10-28,194.0,22.0,0.0,0.0,0.0
1986-10-29,211.0,28.0,0.0,0.0,0.0
1986-10-30,28.0,44.0,0.0,0.0,0.0
1986-10-31,,,0.0,0.0,0.0
1986-11-01,211.0,133.0,25.0,0.0,0.0
1986-11-02,211.0,133.0,0.0,0.0,0.0
1986-11-03,228.0,78.0,0.0,0.0,0.0
1986-11-04,228.0,83.0,0.0,0.0,0.0
1986-11-05,211.0,117.0,76.0,0.0,0.0
1986-11-06,183.0,144.0,102.0,0.0,0.0
1986-11-07,217.0,139.0,0.0,0.0,0.0
1986-11-08,189.0,178.0,218.0,0.0,0.0
1986-11-09,256.0,161.0,0.0,0.0,0.0
1986-11-10,206.0,39.0,46.0,0.0,0.0
1986-11-11,206.0,39.0,0.0,0.0,0.0
1986-11-12,144.0,83.0,254.0,0.0,0.0
1986-11-13,128.0,39.0,0.0,0.0,0.0
1986-11-14,50.0,-83.0,0.0,0.0,0.0
1986-11-15,78.0,28.0,81.0,0.0,0.0
1986-11-16,94.0,28.0,0.0,0.0,0.0
1986-11-17,117.0,78.0,0.0,0.0,0.0
1986-11-18,217.0,78.0,0.0,0.0,0.0
1986-11-19,239.0,0.0,0.0,0.0,0.0
1986-11-20,150.0,0.0,114.0,0.0,0.0
1986-11-21,150.0,-17.0,152.0,0.0,0.0
1986-11-22,117.0,-28.0,0.0,0.0,0.0
1986-11-23,167.0,-28.0,0.0,0.0,0.0
1986-11-24,106.0,72.0,356.0,0.0,0.0
1986-11-25,106.0,128.0,203.0,0.0,0.0
1986-11-26,189.0,128.0,356.0,0.0,0.0
1986-11-27,200.0,61.0,25.0,0.0,0.0
1986-11-28,139.0,61.0,0.0,0.0,0.0
1986-11-29,156.0,72.0,8.0,0.0,0.0
1986-11-30,206.0,67.0,0.0,0.0,0.0
1986-12-01,122.0,67.0,64.0,0.0,0.0
1986-12-02,128.0,83.0,25.0,0.0,0.0
1986-12-03,111.0,39.0,25.0,0.0,0.0
1986-12-04,61.0,-44.0,0.0,0.0,0.0
1986-12-05,94.0,-56.0,0.0,0.0,0.0
1986-12-06,106.0,-78.0,0.0,0.0,0.0
1986-12-07,122.0,-83.0,0.0,0.0,0.0
1986-12-08,144.0,-78.0,76.0,0.0,0.0
1986-12-09,128.0,56.0,254.0,0.0,0.0
1986-12-10,172.0,56.0,305.0,0.0,0.0
1986-12-11,167.0,56.0,76.0,0.0,0.0
1986-12-12,89.0,56.0,51.0,0.0,0.0
1986-12-13,83.0,-44.0,0.0,0.0,0.0
1986-12-14,72.0,-72.0,0.0,0.0,0.0
1986-12-15,72.0,-72.0,0.0,0.0,0.0
1986-12-16,139.0,-11.0,0.0,0.0,0.0
1986-12-17,183.0,261.0,0.0,0.0,0.0
1986-12-18,133.0,106.0,84.0,0.0,0.0
1986-12-19,100.0,-39.0,0.0,0.0,0.0
1986-12-20,122.0,-22.0,0.0,0.0,0.0
1986-12-21,139.0,-50.0,0.0,0.0,0.0
1986-12-22,122.0,-56.0,0.0,0.0,0.0
1986-12-23,83.0,-50.0,0.0,0.0,0.0
1986-12-24,111.0,-11.0,152.0,0.0,0.0
1986-12-25,122.0,39.0,165.0,0.0,0.0
1986-12-26,122.0,28.0,0.0,0.0,0.0
1986-12-27,117.0,-6.0,0.0,0.0,0.0
1986-12-28,122.0,-11.0,0.0,0.0,0.0
1986-12-29,44.0,-11.0,0.0,0.0,0.0
1986-12-30,117.0,-33.0,0.0,0.0,0.0
1986-12-31,33.0,-78.0,0.0,0.0,0.0
1987-01-01,61.0,-78.0,51.0,0.0,0.0
1987-01-02,61.0,0.0,25.0,0.0,0.0
1987-01-03,17.0,-67.0,0.0,0.0,0.0
1987-01-04,78.0,-72.0,0.0,0.0,0.0
1987-01-05,78.0,-67.0,0.0,0.0,0.0
1987-01-06,139.0,-67.0,0.0,0.0,0.0
1987-01-07,172.0,-17.0,0.0,0.0,0.0
1987-01-08,144.0,-39.0,0.0,0.0,0.0
1987-01-09,111.0,-61.0,0.0,0.0,0.0
1987-01-10,172.0,61.0,76.0,0.0,0.0
1987-01-11,61.0,-17.0,0.0,0.0,0.0
1987-01-12,0.0,-83.0,0.0,0.0,0.0
1987-01-13,111.0,-89.0,0.0,0.0,0.0
1987-01-14,189.0,-50.0,0.0,0.0,0.0
1987-01-15,161.0,-11.0,102.0,0.0,0.0
1987-01-16,122.0,61.0,0.0,0.0,0.0
1987-01-17,94.0,72.0,38.0,0.0,0.0
1987-01-18,133.0,72.0,229.0,0.0,0.0
1987-01-19,128.0,67.0,432.0,0.0,0.0
1987-01-20,122.0,-28.0,25.0,0.0,0.0
1987-01-21,50.0,-22.0,0.0,0.0,0.0
1987-01-22,39.0,-17.0,152.0,178.0,
1987-01-23,22.0,-106.0,38.0,51.0,51.0
1987-01-24,-33.0,-94.0,0.0,0.0,0.0
1987-01-25,78.0,17.0,25.0,0.0,0.0
1987-01-26,50.0,-39.0,152.0,0.0,0.0
1987-01-27,-11.0,-139.0,0.0,0.0,0.0
1987-01-28,-11.0,-39.0,18.0,25.0,
1987-01-29,72.0,-56.0,0.0,0.0,0.0
1987-01-30,89.0,28.0,102.0,0.0,0.0
1987-01-31,133.0,-22.0,0.0,0.0,0.0
1987-02-01,100.0,-39.0,0.0,0.0,0.0
1987-02-02,133.0,33.0,102.0,0.0,0.0
1987-02-03,111.0,22.0,122.0,0.0,0.0
1987-02-04,100.0,-11.0,0.0,0.0,0.0
1987-02-05,111.0,6.0,0.0,0.0,0.0
1987-02-06,156.0,6.0,0.0,0.0,0.0
1987-02-07,161.0,17.0,0.0,0.0,0.0
1987-02-08,178.0,-44.0,0.0,0.0,0.0
1987-02-09,150.0,-67.0,0.0,0.0,0.0
1987-02-10,56.0,-111.0,0.0,0.0,0.0
1987-02-11,128.0,-111.0,0.0,0.0,0.0
1987-02-12,167.0,-78.0,0.0,0.0,0.0
1987-02-13,189.0,-28.0,0.0,0.0,0.0
1987-02-14,172.0,-33.0,0.0,0.0,0.0
1987-02-15,67.0,-22.0,178.0,0.0,0.0
1987-02-16,161.0,50.0,25.0,0.0,0.0
1987-02-17,72.0,22.0,51.0,0.0,0.0
1987-02-18,50.0,17.0,0.0,0.0,0.0
1987-02-19,61.0,-17.0,0.0,0.0,0.0
1987-02-20,67.0,-33.0,0.0,0.0,0.0
1987-02-21,94.0,22.0,13.0,0.0,0.0
1987-02-22,100.0,28.0,51.0,0.0,0.0
1987-02-23,78.0,6.0,152.0,0.0,0.0
1987-02-24,117.0,-39.0,0.0,0.0,0.0
1987-02-25,94.0,-22.0,0.0,0.0,0.0
1987-02-26,139.0,33.0,0.0,0.0,0.0
1987-02-27,72.0,39.0,305.0,0.0,0.0
1987-02-28,78.0,39.0,254.0,0.0,0.0
1987-03-01,78.0,72.0,305.0,0.0,0.0
1987-03-02,122.0,33.0,0.0,0.0,0.0
1987-03-03,156.0,-50.0,0.0,0.0,0.0
1987-03-04,178.0,-50.0,0.0,0.0,0.0
1987-03-05,161.0,-44.0,0.0,0.0,0.0
1987-03-06,150.0,-39.0,0.0,0.0,0.0
1987-03-07,189.0,-33.0,0.0,0.0,0.0
1987-03-08,222.0,-6.0,0.0,0.0,0.0
1987-03-09,161.0,89.0,76.0,0.0,0.0
1987-03-10,128.0,22.0,76.0,0.0,0.0
1987-03-11,50.0,17.0,0.0,0.0,0.0
1987-03-12,39.0,-17.0,56.0,,25.0
1987-03-13,78.0,-56.0,0.0,,0.0
1987-03-14,122.0,-56.0,0.0,,0.0
1987-03-15,167.0,-44.0,0.0,,0.0
1987-03-16,189.0,-22.0,0.0,,0.0
1987-03-17,178.0,56.0,8.0,,0.0
1987-03-18,178.0,61.0,0.0,,0.0
1987-03-19,100.0,72.0,203.0,,0.0
1987-03-20,172.0,22.0,13.0,,0.0
1987-03-21,189.0,-17.0,0.0,,0.0
1987-03-22,211.0,-28.0,0.0,,0.0
1987-03-23,233.0,-28.0,0.0,,0.0
1987-03-24,217.0,28.0,0.0,,0.0
1987-03-25,128.0,111.0,51.0,,0.0
1987-03-26,222.0,22.0,0.0,,0.0
1987-03-27,228.0,50.0,0.0,,0.0
1987-03-28,206.0,56.0,18.0,,0.0
1987-03-29,239.0,61.0,0.0,,0.0
1987-03-30,194.0,111.0,64.0,,0.0
1987-03-31,217.0,-22.0,127.0,,0.0
1987-04-01,17.0,-78.0,,,
1987-04-02,128.0,-67.0,0.0,,0.0
1987-04-03,128.0,0.0,,,
1987-04-04,17.0,-33.0,343.0,,
1987-04-05,22.0,-33.0,0.0,,0.0
1987-04-06,56.0,-11.0,0.0,,0.0
1987-04-07,117.0,11.0,0.0,0.0,0.0
1987-04-08,128.0,0.0,0.0,0.0,0.0
1987-04-09,183.0,-17.0,0.0,0.0,0.0
1987-04-10,217.0,-22.0,0.0,0.0,0.0
1987-04-11,233.0,-22.0,13.0,0.0,0.0
1987-04-12,217.0,39.0,0.0,0.0,0.0
1987-04-13,250.0,72.0,0.0,0.0,0.0
1987-04-14,278.0,94.0,84.0,0.0,0.0
1987-04-15,194.0,100.0,216.0,0.0,0.0
1987-04-16,178.0,67.0,0.0,0.0,0.0
1987-04-17,139.0,61.0,198.0,0.0,0.0
1987-04-18,133.0,67.0,8.0,0.0,0.0
1987-04-19,211.0,39.0,0.0,0.0,0.0
1987-04-20,256.0,33.0,0.0,0.0,0.0
1987-04-21,272.0,67.0,0.0,0.0,0.0
1987-04-22,300.0,67.0,0.0,0.0,0.0
1987-04-23,306.0,67.0,0.0,0.0,0.0
1987-04-24,261.0,56.0,0.0,0.0,0.0
1987-04-25,189.0,67.0,13.0,0.0,0.0
1987-04-26,228.0,39.0,0.0,0.0,0.0
1987-04-27,244.0,39.0,0.0,0.0,0.0
1987-04-28,261.0,50.0,0.0,0.0,0.0
1987-04-29,206.0,-6.0,0.0,0.0,0.0
1987-04-30,256.0,6.0,0.0,0.0,0.0
1987-05-01,306.0,67.0,0.0,0.0,0.0
1987-05-02,300.0,100.0,0.0,0.0,0.0
1987-05-03,294.0,94.0,0.0,0.0,0.0
1987-05-04,244.0,122.0,0.0,0.0,0.0
1987-05-05,272.0,122.0,0.0,0.0,0.0
1987-05-06,228.0,67.0,0.0,0.0,0.0
1987-05-07,233.0,78.0,0.0,0.0,0.0
1987-05-08,272.0,61.0,0.0,0.0,0.0
1987-05-09,250.0,44.0,0.0,0.0,0.0
1987-05-10,267.0,44.0,0.0,0.0,0.0
1987-05-11,283.0,72.0,0.0,0.0,0.0
1987-05-12,272.0,78.0,0.0,0.0,0.0
1987-05-13,261.0,128.0,0.0,0.0,0.0
1987-05-14,217.0,128.0,0.0,0.0,0.0
1987-05-15,244.0,144.0,178.0,0.0,0.0
1987-05-16,283.0,144.0,13.0,0.0,0.0
1987-05-17,283.0,144.0,0.0,0.0,0.0
1987-05-18,278.0,139.0,0.0,0.0,0.0
1987-05-19,278.0,139.0,122.0,0.0,0.0
1987-05-20,272.0,178.0,0.0,0.0,0.0
1987-05-21,278.0,167.0,0.0,0.0,0.0
1987-05-22,278.0,178.0,0.0,0.0,0.0
1987-05-23,272.0,178.0,0.0,0.0,0.0
1987-05-24,272.0,167.0,737.0,0.0,0.0
1987-05-25,278.0,172.0,0.0,0.0,0.0
1987-05-26,283.0,156.0,0.0,0.0,0.0
1987-05-27,289.0,161.0,0.0,0.0,0.0
1987-05-28,306.0,156.0,0.0,0.0,0.0
1987-05-29,294.0,156.0,76.0,0.0,0.0
1987-05-30,289.0,178.0,203.0,0.0,0.0
1987-05-31,283.0,183.0,0.0,0.0,0.0
1987-06-01,300.0,178.0,0.0,0.0,0.0
1987-06-02,289.0,178.0,356.0,0.0,0.0
1987-06-03,306.0,178.0,0.0,0.0,0.0
1987-06-04,322.0,183.0,356.0,0.0,0.0
1987-06-05,261.0,100.0,0.0,0.0,0.0
1987-06-06,272.0,94.0,0.0,0.0,0.0
1987-06-07,289.0,89.0,0.0,0.0,0.0
1987-06-08,289.0,94.0,0.0,0.0,0.0
1987-06-09,289.0,122.0,0.0,0.0,0.0
1987-06-10,294.0,128.0,0.0,0.0,0.0
1987-06-11,294.0,178.0,0.0,0.0,0.0
1987-06-12,272.0,161.0,0.0,0.0,0.0
1987-06-13,300.0,167.0,150.0,0.0,0.0
1987-06-14,272.0,194.0,25.0,0.0,0.0
1987-06-15,289.0,178.0,0.0,0.0,0.0
1987-06-16,272.0,178.0,0.0,0.0,0.0
1987-06-17,278.0,189.0,76.0,0.0,0.0
1987-06-18,294.0,189.0,0.0,0.0,0.0
1987-06-19,239.0,189.0,152.0,0.0,0.0
1987-06-20,278.0,189.0,229.0,0.0,0.0
1987-06-21,256.0,189.0,178.0,0.0,0.0
1987-06-22,294.0,183.0,25.0,0.0,0.0
1987-06-23,294.0,183.0,25.0,0.0,0.0
1987-06-24,289.0,183.0,356.0,0.0,0.0
1987-06-25,311.0,178.0,51.0,0.0,0.0
1987-06-26,289.0,183.0,0.0,0.0,0.0
1987-06-27,283.0,128.0,0.0,0.0,0.0
1987-06-28,256.0,83.0,0.0,0.0,0.0
1987-06-29,278.0,83.0,0.0,0.0,0.0
1987-06-30,300.0,111.0,0.0,0.0,0.0
1987-07-01,289.0,128.0,25.0,0.0,0.0
1987-07-02,283.0,189.0,229.0,0.0,0.0
1987-07-03,289.0,194.0,64.0,0.0,0.0
1987-07-04,294.0,206.0,51.0,0.0,0.0
1987-07-05,278.0,183.0,0.0,0.0,0.0
1987-07-06,306.0,172.0,76.0,0.0,0.0
1987-07-07,311.0,167.0,0.0,0.0,0.0
1987-07-08,311.0,167.0,0.0,0.0,0.0
1987-07-09,306.0,172.0,0.0,0.0,0.0
1987-07-10,311.0,172.0,0.0,0.0,0.0
1987-07-11,294.0,183.0,0.0,0.0,0.0
1987-07-12,311.0,161.0,0.0,0.0,0.0
1987-07-13,311.0,161.0,0.0,0.0,0.0
1987-07-14,317.0,178.0,152.0,0.0,0.0
1987-07-15,272.0,128.0,0.0,0.0,0.0
1987-07-16,267.0,111.0,0.0,0.0,0.0
1987-07-17,289.0,111.0,0.0,0.0,0.0
1987-07-18,300.0,128.0,0.0,0.0,0.0
1987-07-19,294.0,144.0,0.0,0.0,0.0
1987-07-20,306.0,161.0,0.0,0.0,0.0
1987-07-21,317.0,161.0,0.0,0.0,0.0
1987-07-22,311.0,172.0,0.0,0.0,0.0
1987-07-23,306.0,161.0,0.0,0.0,0.0
1987-07-24,317.0,150.0,0.0,0.0,0.0
1987-07-25,344.0,144.0,46.0,0.0,0.0
1987-07-26,344.0,161.0,0.0,0.0,0.0
1987-07-27,328.0,172.0,0.0,0.0,0.0
1987-07-28,322.0,167.0,191.0,0.0,0.0
1987-07-29,317.0,161.0,0.0,0.0,0.0
1987-07-30,317.0,161.0,0.0,0.0,0.0
1987-07-31,322.0,172.0,0.0,0.0,0.0
1987-08-01,322.0,178.0,13.0,0.0,0.0
1987-08-02,317.0,178.0,0.0,0.0,0.0
1987-08-03,328.0,189.0,0.0,0.0,0.0
1987-08-04,322.0,200.0,25.0,0.0,0.0
1987-08-05,339.0,194.0,0.0,0.0,0.0
1987-08-06,333.0,194.0,0.0,0.0,0.0
1987-08-07,317.0,194.0,15.0,0.0,0.0
1987-08-08,322.0,200.0,0.0,0.0,0.0
1987-08-09,328.0,189.0,0.0,0.0,0.0
1987-08-10,333.0,189.0,51.0,0.0,0.0
1987-08-11,317.0,156.0,0.0,0.0,0.0
1987-08-12,322.0,189.0,0.0,0.0,0.0
1987-08-13,300.0,183.0,0.0,0.0,0.0
1987-08-14,283.0,,0.0,0.0,0.0
1987-08-15,294.0,139.0,178.0,0.0,0.0
1987-08-16,289.0,144.0,0.0,0.0,0.0
1987-08-17,300.0,172.0,0.0,0.0,0.0
1987-08-18,283.0,172.0,0.0,0.0,0.0
1987-08-19,300.0,183.0,38.0,0.0,0.0
1987-08-20,311.0,133.0,0.0,0.0,0.0
1987-08-21,322.0,117.0,0.0,0.0,0.0
1987-08-22,339.0,139.0,0.0,0.0,0.0
1987-08-23,339.0,167.0,0.0,0.0,0.0
1987-08-24,317.0,144.0,0.0,0.0,0.0
1987-08-25,333.0,144.0,0.0,0.0,0.0
1987-08-26,306.0,178.0,0.0,0.0,0.0
1987-08-27,328.0,178.0,0.0,0.0,0.0
1987-08-28,311.0,178.0,33.0,0.0,0.0
1987-08-29,322.0,178.0,5.0,0.0,0.0
1987-08-30,283.0,128.0,0.0,0.0,0.0
1987-08-31,294.0,183.0,0.0,0.0,0.0
1987-09-01,233.0,122.0,15.0,0.0,0.0
1987-09-02,294.0,72.0,0.0,0.0,0.0
1987-09-03,300.0,67.0,0.0,0.0,0.0
1987-09-04,306.0,94.0,0.0,0.0,0.0
1987-09-05,283.0,167.0,0.0,0.0,0.0
1987-09-06,228.0,167.0,0.0,0.0,0.0
1987-09-07,250.0,183.0,76.0,0.0,0.0
1987-09-08,272.0,167.0,51.0,0.0,0.0
1987-09-09,300.0,167.0,8.0,0.0,0.0
1987-09-10,300.0,156.0,0.0,0.0,0.0
1987-09-11,300.0,150.0,89.0,0.0,0.0
1987-09-12,283.0,189.0,74.0,0.0,0.0
1987-09-13,233.0,178.0,71.0,0.0,0.0
1987-09-14,283.0,156.0,0.0,0.0,0.0
1987-09-15,283.0,156.0,0.0,0.0,0.0
1987-09-16,278.0,156.0,0.0,0.0,0.0
1987-09-17,278.0,156.0,0.0,0.0,0.0
1987-09-18,289.0,161.0,0.0,0.0,0.0
1987-09-19,283.0,178.0,10.0,0.0,0.0
1987-09-20,217.0,139.0,61.0,0.0,0.0
1987-09-21,239.0,78.0,0.0,0.0,0.0
1987-09-22,250.0,72.0,0.0,0.0,0.0
1987-09-23,228.0,56.0,0.0,0.0,0.0
1987-09-24,222.0,56.0,0.0,0.0,0.0
1987-09-25,233.0,56.0,0.0,0.0,0.0
1987-09-26,261.0,67.0,0.0,0.0,0.0
1987-09-27,267.0,72.0,0.0,0.0,0.0
1987-09-28,250.0,89.0,0.0,0.0,0.0
1987-09-29,261.0,89.0,0.0,0.0,0.0
1987-09-30,250.0,117.0,381.0,0.0,0.0
1987-10-01,206.0,56.0,0.0,0.0,0.0
1987-10-02,206.0,11.0,0.0,0.0,0.0
1987-10-03,239.0,11.0,0.0,0.0,0.0
1987-10-04,128.0,-17.0,0.0,0.0,0.0
1987-10-05,206.0,0.0,0.0,0.0,0.0
1987-10-06,239.0,0.0,0.0,0.0,0.0
1987-10-07,189.0,11.0,0.0,0.0,0.0
1987-10-08,178.0,-6.0,0.0,0.0,0.0
1987-10-09,167.0,-17.0,0.0,0.0,0.0
1987-10-10,194.0,-11.0,0.0,0.0,0.0
1987-10-11,211.0,22.0,0.0,0.0,0.0
1987-10-12,256.0,22.0,0.0,0.0,0.0
1987-10-13,139.0,0.0,0.0,0.0,0.0
1987-10-14,178.0,-22.0,0.0,0.0,0.0
1987-10-15,189.0,-22.0,0.0,0.0,0.0
1987-10-16,211.0,-22.0,0.0,0.0,0.0
1987-10-17,239.0,-11.0,0.0,0.0,0.0
1987-10-18,244.0,6.0,0.0,0.0,0.0
1987-10-19,256.0,11.0,0.0,0.0,0.0
1987-10-20,256.0,11.0,0.0,0.0,0.0
1987-10-21,150.0,22.0,178.0,0.0,0.0
1987-10-22,111.0,-50.0,0.0,0.0,0.0
1987-10-23,161.0,-56.0,0.0,0.0,0.0
1987-10-24,189.0,-28.0,0.0,0.0,0.0
1987-10-25,239.0,-6.0,0.0,0.0,0.0
1987-10-26,228.0,44.0,0.0,0.0,0.0
1987-10-27,217.0,44.0,64.0,0.0,0.0
1987-10-28,122.0,-28.0,0.0,0.0,0.0
1987-10-29,133.0,-44.0,0.0,0.0,0.0
1987-10-30,167.0,89.0,0.0,0.0,0.0
1987-10-31,228.0,28.0,0.0,0.0,0.0
1987-11-01,261.0,22.0,0.0,0.0,0.0
1987-11-02,261.0,44.0,0.0,0.0,0.0
1987-11-03,256.0,33.0,0.0,0.0,0.0
1987-11-04,244.0,33.0,0.0,0.0,0.0
1987-11-05,244.0,44.0,0.0,0.0,0.0
1987-11-06,194.0,-39.0,0.0,0.0,0.0
1987-11-07,178.0,-33.0,0.0,0.0,0.0
1987-11-08,211.0,-33.0,0.0,0.0,0.0
1987-11-09,206.0,17.0,0.0,0.0,0.0
1987-11-10,217.0,78.0,152.0,0.0,0.0
1987-11-11,156.0,0.0,38.0,0.0,0.0
1987-11-12,39.0,-78.0,0.0,0.0,0.0
1987-11-13,150.0,-78.0,0.0,0.0,0.0
1987-11-14,178.0,-78.0,0.0,0.0,0.0
1987-11-15,194.0,-44.0,0.0,0.0,0.0
1987-11-16,206.0,-22.0,0.0,0.0,0.0
1987-11-17,183.0,128.0,229.0,0.0,0.0
1987-11-18,178.0,22.0,56.0,0.0,0.0
1987-11-19,183.0,-11.0,0.0,0.0,0.0
1987-11-20,128.0,-22.0,0.0,0.0,0.0
1987-11-21,78.0,-61.0,0.0,0.0,0.0
1987-11-22,67.0,-78.0,0.0,0.0,0.0
1987-11-23,150.0,-78.0,0.0,0.0,0.0
1987-11-24,172.0,-50.0,0.0,0.0,0.0
1987-11-25,206.0,0.0,0.0,0.0,0.0
1987-11-26,172.0,83.0,0.0,0.0,0.0
1987-11-27,156.0,78.0,30.0,0.0,0.0
1987-11-28,194.0,106.0,0.0,0.0,0.0
1987-11-29,183.0,67.0,20.0,0.0,0.0
1987-11-30,150.0,33.0,0.0,0.0,0.0
1987-12-01,56.0,22.0,0.0,0.0,0.0
1987-12-02,44.0,-33.0,0.0,0.0,0.0
1987-12-03,44.0,-72.0,0.0,0.0,0.0
1987-12-04,122.0,17.0,0.0,0.0,0.0
1987-12-05,33.0,-78.0,0.0,0.0,0.0
1987-12-06,89.0,-78.0,0.0,0.0,0.0
1987-12-07,117.0,-61.0,0.0,0.0,0.0
1987-12-08,144.0,-22.0,0.0,0.0,0.0
1987-12-09,133.0,50.0,0.0,0.0,0.0
1987-12-10,178.0,117.0,25.0,0.0,0.0
1987-12-11,178.0,-11.0,0.0,0.0,0.0
1987-12-12,133.0,22.0,8.0,0.0,0.0
1987-12-13,144.0,-22.0,0.0,0.0,0.0
1987-12-14,139.0,-22.0,0.0,0.0,0.0
1987-12-15,128.0,61.0,208.0,0.0,0.0
1987-12-16,133.0,-22.0,0.0,0.0,0.0
1987-12-17,22.0,-83.0,0.0,0.0,0.0
1987-12-18,72.0,-94.0,0.0,0.0,0.0
1987-12-19,89.0,-28.0,0.0,0.0,0.0
1987-12-20,150.0,0.0,51.0,0.0,0.0
1987-12-21,183.0,44.0,56.0,0.0,0.0
1987-12-22,89.0,56.0,0.0,0.0,0.0
1987-12-23,133.0,-39.0,0.0,0.0,0.0
1987-12-24,161.0,6.0,0.0,0.0,0.0
1987-12-25,,133.0,213.0,0.0,0.0
1987-12-26,178.0,133.0,5.0,0.0,0.0
1987-12-27,178.0,111.0,38.0,0.0,0.0
1987-12-28,144.0,117.0,198.0,0.0,0.0
1987-12-29,122.0,-11.0,23.0,,
1987-12-30,61.0,-83.0,0.0,,0.0
1987-12-31,117.0,-33.0,0.0,0.0,0.0
1988-01-01,106.0,83.0,152.0,,0.0
1988-01-02,100.0,0.0,74.0,,0.0
1988-01-03,67.0,-6.0,0.0,,0.0
1988-01-04,78.0,0.0,114.0,,0.0
1988-01-05,44.0,-61.0,0.0,,0.0
1988-01-06,11.0,-100.0,,,25.0
1988-01-07,-22.0,-94.0,,,254.0
1988-01-08,0.0,-89.0,,,51.0
1988-01-09,-6.0,-72.0,0.0,,0.0
1988-01-10,17.0,-72.0,0.0,,0.0
1988-01-11,0.0,-100.0,0.0,,0.0
1988-01-12,39.0,-122.0,0.0,,0.0
1988-01-13,94.0,6.0,102.0,,0.0
1988-01-14,39.0,-139.0,0.0,,0.0
1988-01-15,11.0,-117.0,0.0,,0.0
1988-01-16,50.0,-100.0,0.0,,0.0
1988-01-17,117.0,-111.0,0.0,,0.0
1988-01-18,67.0,6.0,,,25.0
1988-01-19,156.0,22.0,0.0,,0.0
1988-01-20,144.0,89.0,445.0,,0.0
1988-01-21,178.0,-6.0,0.0,,0.0
1988-01-22,94.0,0.0,0.0,,0.0
1988-01-23,33.0,-83.0,0.0,,0.0
1988-01-24,83.0,-72.0,0.0,,0.0
1988-01-25,117.0,17.0,99.0,,0.0
1988-01-26,67.0,-100.0,0.0,,0.0
1988-01-27,-11.0,-122.0,0.0,,0.0
1988-01-28,22.0,-89.0,0.0,,0.0
1988-01-29,106.0,-72.0,0.0,,0.0
1988-01-30,156.0,-89.0,0.0,,0.0
1988-01-31,167.0,-39.0,0.0,,0.0
1988-02-01,189.0,100.0,0.0,0.0,0.0
1988-02-02,206.0,122.0,0.0,0.0,0.0
1988-02-03,156.0,122.0,213.0,0.0,0.0
1988-02-04,189.0,122.0,51.0,0.0,0.0
1988-02-05,122.0,-39.0,0.0,0.0,0.0
1988-02-06,56.0,-111.0,0.0,0.0,0.0
1988-02-07,-22.0,-156.0,0.0,0.0,0.0
1988-02-08,78.0,-83.0,0.0,0.0,0.0
1988-02-09,83.0,-78.0,0.0,0.0,0.0
1988-02-10,106.0,-78.0,0.0,0.0,0.0
1988-02-11,139.0,-44.0,0.0,0.0,0.0
1988-02-12,128.0,-78.0,51.0,0.0,0.0
1988-02-13,-44.0,-100.0,0.0,0.0,0.0
1988-02-14,11.0,-94.0,0.0,0.0,0.0
1988-02-15,172.0,56.0,20.0,0.0,0.0
1988-02-16,78.0,-39.0,43.0,0.0,0.0
1988-02-17,78.0,-61.0,0.0,0.0,0.0
1988-02-18,156.0,-39.0,0.0,0.0,0.0
1988-02-19,161.0,50.0,15.0,0.0,0.0
1988-02-20,100.0,56.0,0.0,0.0,0.0
1988-02-21,100.0,-39.0,0.0,0.0,0.0
1988-02-22,61.0,-83.0,0.0,0.0,0.0
1988-02-23,167.0,89.0,0.0,0.0,0.0
1988-02-24,122.0,-33.0,38.0,0.0,0.0
1988-02-25,50.0,-89.0,0.0,0.0,0.0
1988-02-26,67.0,-94.0,0.0,0.0,0.0
1988-02-27,128.0,-94.0,0.0,0.0,0.0
1988-02-28,194.0,-56.0,0.0,0.0,0.0
1988-02-29,178.0,-67.0,0.0,0.0,0.0
1988-03-01,178.0,-67.0,0.0,0.0,0.0
1988-03-02,156.0,-61.0,0.0,0.0,0.0
1988-03-03,200.0,67.0,0.0,0.0,0.0
1988-03-04,189.0,117.0,58.0,0.0,0.0
1988-03-05,194.0,22.0,5.0,0.0,0.0
1988-03-06,161.0,6.0,0.0,0.0,0.0
1988-03-07,161.0,-22.0,0.0,0.0,0.0
1988-03-08,194.0,-17.0,0.0,0.0,0.0
1988-03-09,217.0,0.0,76.0,0.0,0.0
1988-03-10,161.0,67.0,175.0,0.0,0.0
1988-03-11,78.0,-33.0,38.0,0.0,0.0
1988-03-12,183.0,28.0,0.0,0.0,0.0
1988-03-13,139.0,28.0,152.0,0.0,0.0
1988-03-14,128.0,-17.0,0.0,0.0,0.0
1988-03-15,28.0,-78.0,0.0,0.0,0.0
1988-03-16,11.0,-78.0,0.0,0.0,0.0
1988-03-17,78.0,-83.0,0.0,0.0,0.0
1988-03-18,139.0,0.0,0.0,0.0,0.0
1988-03-19,89.0,6.0,53.0,0.0,0.0
1988-03-20,83.0,-33.0,0.0,0.0,0.0
1988-03-21,189.0,-11.0,0.0,0.0,0.0
1988-03-22,233.0,11.0,0.0,0.0,0.0
1988-03-23,244.0,11.0,0.0,0.0,0.0
1988-03-24,233.0,94.0,0.0,0.0,0.0
1988-03-25,228.0,128.0,0.0,0.0,0.0
1988-03-26,172.0,106.0,107.0,0.0,0.0
1988-03-27,233.0,6.0,0.0,0.0,0.0
1988-03-28,167.0,-28.0,0.0,0.0,0.0
1988-03-29,239.0,28.0,0.0,0.0,0.0
1988-03-30,239.0,133.0,0.0,0.0,0.0
1988-03-31,178.0,122.0,76.0,0.0,0.0
1988-04-01,239.0,133.0,0.0,0.0,0.0
1988-04-02,178.0,133.0,168.0,0.0,0.0
1988-04-03,189.0,144.0,0.0,0.0,0.0
1988-04-04,183.0,133.0,97.0,0.0,0.0
1988-04-05,244.0,44.0,0.0,0.0,0.0
1988-04-06,294.0,44.0,0.0,0.0,0.0
1988-04-07,189.0,78.0,127.0,0.0,0.0
1988-04-08,100.0,44.0,0.0,0.0,0.0
1988-04-09,189.0,-6.0,0.0,0.0,0.0
1988-04-10,244.0,-11.0,0.0,0.0,0.0
1988-04-11,261.0,-11.0,0.0,0.0,0.0
1988-04-12,211.0,44.0,127.0,0.0,0.0
1988-04-13,117.0,-6.0,152.0,0.0,0.0
1988-04-14,189.0,11.0,0.0,0.0,0.0
1988-04-15,244.0,78.0,0.0,0.0,0.0
1988-04-16,217.0,-6.0,25.0,0.0,0.0
1988-04-17,183.0,-22.0,0.0,0.0,0.0
1988-04-18,233.0,111.0,71.0,0.0,0.0
1988-04-19,233.0,106.0,117.0,0.0,0.0
1988-04-20,150.0,-28.0,0.0,0.0,0.0
1988-04-21,217.0,17.0,0.0,0.0,0.0
1988-04-22,256.0,89.0,0.0,0.0,0.0
1988-04-23,306.0,111.0,0.0,0.0,0.0
1988-04-24,272.0,156.0,102.0,0.0,0.0
1988-04-25,233.0,33.0,0.0,0.0,0.0
1988-04-26,239.0,61.0,0.0,0.0,0.0
1988-04-27,239.0,67.0,0.0,0.0,0.0
1988-04-28,244.0,67.0,0.0,0.0,0.0
1988-04-29,161.0,6.0,0.0,0.0,0.0
1988-04-30,194.0,6.0,0.0,0.0,0.0
1988-05-01,206.0,6.0,0.0,0.0,0.0
1988-05-02,239.0,17.0,0.0,0.0,0.0
1988-05-03,250.0,11.0,0.0,0.0,0.0
1988-05-04,250.0,111.0,23.0,0.0,0.0
1988-05-05,206.0,78.0,124.0,0.0,0.0
1988-05-06,189.0,89.0,0.0,0.0,0.0
1988-05-07,217.0,44.0,0.0,0.0,0.0
1988-05-08,267.0,50.0,0.0,0.0,0.0
1988-05-09,272.0,61.0,0.0,0.0,0.0
1988-05-10,189.0,122.0,51.0,0.0,0.0
1988-05-11,261.0,50.0,0.0,0.0,0.0
1988-05-12,239.0,56.0,0.0,0.0,0.0
1988-05-13,250.0,111.0,0.0,0.0,0.0
1988-05-14,267.0,78.0,15.0,0.0,0.0
1988-05-15,233.0,78.0,46.0,0.0,0.0
1988-05-16,278.0,100.0,0.0,0.0,0.0
1988-05-17,283.0,122.0,0.0,0.0,0.0
1988-05-18,239.0,67.0,0.0,0.0,0.0
1988-05-19,239.0,56.0,0.0,0.0,0.0
1988-05-20,244.0,67.0,0.0,0.0,0.0
1988-05-21,261.0,72.0,0.0,0.0,0.0
1988-05-22,283.0,83.0,0.0,0.0,0.0
1988-05-23,289.0,128.0,0.0,0.0,0.0
1988-05-24,267.0,128.0,25.0,0.0,0.0
1988-05-25,200.0,133.0,76.0,0.0,0.0
1988-05-26,206.0,22.0,0.0,0.0,0.0
1988-05-27,239.0,39.0,0.0,0.0,0.0
1988-05-28,256.0,67.0,0.0,0.0,0.0
1988-05-29,283.0,56.0,0.0,0.0,0.0
1988-05-30,294.0,94.0,0.0,0.0,0.0
1988-05-31,306.0,94.0,0.0,0.0,0.0
1988-06-01,294.0,122.0,0.0,0.0,0.0
1988-06-02,300.0,128.0,0.0,0.0,0.0
1988-06-03,294.0,122.0,0.0,0.0,0.0
1988-06-04,283.0,67.0,0.0,0.0,0.0
1988-06-05,250.0,61.0,0.0,0.0,0.0
1988-06-06,261.0,61.0,0.0,0.0,0.0
1988-06-07,300.0,78.0,0.0,0.0,0.0
1988-06-08,328.0,111.0,0.0,0.0,0.0
1988-06-09,328.0,128.0,0.0,0.0,0.0
1988-06-10,222.0,39.0,0.0,0.0,0.0
1988-06-11,,,0.0,0.0,0.0
1988-06-12,261.0,39.0,0.0,0.0,0.0
1988-06-13,283.0,61.0,0.0,0.0,0.0
1988-06-14,306.0,111.0,0.0,0.0,0.0
1988-06-15,317.0,117.0,0.0,0.0,0.0
1988-06-16,317.0,144.0,0.0,0.0,0.0
1988-06-17,322.0,133.0,0.0,0.0,0.0
1988-06-18,322.0,133.0,0.0,0.0,0.0
1988-06-19,322.0,133.0,191.0,0.0,0.0
1988-06-20,300.0,133.0,0.0,0.0,0.0
1988-06-21,306.0,139.0,0.0,0.0,0.0
1988-06-22,328.0,144.0,0.0,0.0,0.0
1988-06-23,350.0,156.0,0.0,0.0,0.0
1988-06-24,344.0,167.0,0.0,0.0,0.0
1988-06-25,361.0,183.0,0.0,0.0,0.0
1988-06-26,361.0,194.0,0.0,0.0,0.0
1988-06-27,356.0,167.0,0.0,0.0,0.0
1988-06-28,306.0,133.0,0.0,0.0,0.0
1988-06-29,306.0,128.0,0.0,0.0,0.0
1988-06-30,328.0,128.0,48.0,0.0,0.0
1988-07-01,217.0,133.0,61.0,0.0,0.0
1988-07-02,256.0,83.0,0.0,0.0,0.0
1988-07-03,256.0,83.0,127.0,0.0,0.0
1988-07-04,222.0,167.0,61.0,0.0,0.0
1988-07-05,217.0,167.0,99.0,0.0,0.0
1988-07-06,267.0,139.0,0.0,0.0,0.0
1988-07-07,289.0,117.0,0.0,0.0,0.0
1988-07-08,311.0,122.0,0.0,0.0,0.0
1988-07-09,344.0,117.0,0.0,0.0,0.0
1988-07-10,344.0,117.0,0.0,0.0,0.0
1988-07-11,328.0,189.0,38.0,0.0,0.0
1988-07-12,289.0,200.0,198.0,0.0,0.0
1988-07-13,294.0,194.0,0.0,0.0,0.0
1988-07-14,244.0,194.0,102.0,0.0,0.0
1988-07-15,311.0,189.0,0.0,0.0,0.0
1988-07-16,333.0,189.0,0.0,0.0,0.0
1988-07-17,339.0,189.0,0.0,0.0,0.0
1988-07-18,339.0,189.0,0.0,0.0,0.0
1988-07-19,339.0,194.0,0.0,0.0,0.0
1988-07-20,322.0,183.0,0.0,0.0,0.0
1988-07-21,322.0,183.0,0.0,0.0,0.0
1988-07-22,289.0,172.0,0.0,0.0,0.0
1988-07-23,306.0,167.0,33.0,0.0,0.0
1988-07-24,283.0,150.0,0.0,0.0,0.0
1988-07-25,294.0,122.0,0.0,0.0,0.0
1988-07-26,300.0,128.0,0.0,0.0,0.0
1988-07-27,278.0,172.0,8.0,0.0,0.0
1988-07-28,283.0,167.0,3.0,0.0,0.0
1988-07-29,317.0,178.0,0.0,0.0,0.0
1988-07-30,328.0,183.0,254.0,0.0,0.0
1988-07-31,317.0,172.0,0.0,0.0,0.0
1988-08-01,322.0,178.0,0.0,0.0,0.0
1988-08-02,322.0,178.0,0.0,0.0,0.0
1988-08-03,333.0,172.0,0.0,0.0,0.0
1988-08-04,322.0,183.0,404.0,0.0,0.0
1988-08-05,311.0,183.0,0.0,0.0,0.0
1988-08-06,283.0,172.0,0.0,0.0,0.0
1988-08-07,,,,0.0,0.0
1988-08-08,322.0,172.0,,0.0,0.0
1988-08-09,322.0,178.0,0.0,0.0,0.0
1988-08-10,311.0,178.0,0.0,0.0,0.0
1988-08-11,328.0,183.0,0.0,0.0,0.0
1988-08-12,306.0,183.0,373.0,0.0,0.0
1988-08-13,294.0,167.0,0.0,0.0,0.0
1988-08-14,311.0,167.0,0.0,0.0,0.0
1988-08-15,322.0,167.0,0.0,0.0,0.0
1988-08-16,317.0,172.0,25.0,0.0,0.0
1988-08-17,333.0,178.0,51.0,0.0,0.0
1988-08-18,333.0,178.0,0.0,0.0,0.0
1988-08-19,339.0,178.0,0.0,0.0,0.0
1988-08-20,328.0,178.0,152.0,0.0,0.0
1988-08-21,278.0,206.0,102.0,0.0,0.0
1988-08-22,306.0,178.0,0.0,0.0,0.0
1988-08-23,294.0,194.0,0.0,0.0,0.0
1988-08-24,228.0,194.0,25.0,0.0,0.0
1988-08-25,289.0,128.0,0.0,0.0,0.0
1988-08-26,289.0,111.0,0.0,0.0,0.0
1988-08-27,306.0,117.0,0.0,0.0,0.0
1988-08-28,311.0,133.0,0.0,0.0,0.0
1988-08-29,300.0,167.0,20.0,0.0,0.0
1988-08-30,306.0,183.0,8.0,0.0,0.0
1988-08-31,256.0,156.0,0.0,0.0,0.0
1988-09-01,278.0,144.0,0.0,0.0,0.0
1988-09-02,272.0,111.0,0.0,0.0,0.0
1988-09-03,278.0,111.0,0.0,0.0,0.0
1988-09-04,244.0,183.0,254.0,0.0,0.0
1988-09-05,200.0,128.0,292.0,0.0,0.0
1988-09-06,239.0,100.0,0.0,0.0,0.0
1988-09-07,228.0,94.0,0.0,0.0,0.0
1988-09-08,233.0,89.0,0.0,0.0,0.0
1988-09-09,244.0,83.0,0.0,0.0,0.0
1988-09-10,250.0,150.0,0.0,0.0,0.0
1988-09-11,250.0,178.0,10.0,0.0,0.0
1988-09-12,261.0,172.0,10.0,0.0,0.0
1988-09-13,250.0,172.0,0.0,0.0,0.0
1988-09-14,294.0,161.0,0.0,0.0,0.0
1988-09-15,300.0,161.0,0.0,0.0,0.0
1988-09-16,289.0,161.0,0.0,0.0,0.0
1988-09-17,222.0,150.0,178.0,0.0,0.0
1988-09-18,194.0,156.0,51.0,0.0,0.0
1988-09-19,256.0,156.0,0.0,0.0,0.0
1988-09-20,267.0,167.0,0.0,0.0,0.0
1988-09-21,289.0,144.0,102.0,0.0,0.0
1988-09-22,283.0,78.0,0.0,0.0,0.0
1988-09-23,272.0,78.0,0.0,0.0,0.0
1988-09-24,300.0,133.0,0.0,0.0,0.0
1988-09-25,289.0,172.0,51.0,0.0,0.0
1988-09-26,272.0,139.0,0.0,0.0,0.0
1988-09-27,272.0,122.0,0.0,0.0,0.0
1988-09-28,250.0,111.0,0.0,0.0,0.0
1988-09-29,256.0,111.0,0.0,0.0,0.0
1988-09-30,261.0,122.0,0.0,0.0,0.0
1988-10-01,250.0,122.0,0.0,0.0,0.0
1988-10-02,228.0,150.0,356.0,0.0,0.0
1988-10-03,233.0,144.0,178.0,0.0,0.0
1988-10-04,233.0,89.0,0.0,0.0,0.0
1988-10-05,189.0,17.0,0.0,0.0,0.0
1988-10-06,178.0,11.0,0.0,0.0,0.0
1988-10-07,183.0,11.0,0.0,0.0,0.0
1988-10-08,167.0,-11.0,0.0,0.0,0.0
1988-10-09,172.0,-11.0,0.0,0.0,0.0
1988-10-10,178.0,0.0,0.0,0.0,0.0
1988-10-11,189.0,56.0,0.0,0.0,0.0
1988-10-12,206.0,-6.0,0.0,0.0,0.0
1988-10-13,161.0,-33.0,0.0,0.0,0.0
1988-10-14,144.0,-39.0,0.0,0.0,0.0
1988-10-15,178.0,-33.0,0.0,0.0,0.0
1988-10-16,211.0,-6.0,0.0,0.0,0.0
1988-10-17,217.0,0.0,8.0,0.0,0.0
1988-10-18,233.0,89.0,0.0,0.0,0.0
1988-10-19,156.0,89.0,122.0,0.0,0.0
1988-10-20,183.0,-11.0,0.0,0.0,0.0
1988-10-21,156.0,-6.0,76.0,0.0,0.0
1988-10-22,122.0,50.0,76.0,0.0,0.0
1988-10-23,133.0,-28.0,0.0,0.0,0.0
1988-10-24,189.0,-22.0,13.0,0.0,0.0
1988-10-25,161.0,-11.0,0.0,0.0,0.0
1988-10-26,161.0,-17.0,0.0,0.0,0.0
1988-10-27,156.0,-22.0,0.0,0.0,0.0
1988-10-28,167.0,-22.0,0.0,0.0,0.0
1988-10-29,183.0,83.0,0.0,0.0,0.0
1988-10-30,200.0,44.0,0.0,0.0,0.0
1988-10-31,194.0,44.0,25.0,0.0,0.0
1988-11-01,83.0,44.0,64.0,0.0,0.0
1988-11-02,167.0,-17.0,0.0,0.0,0.0
1988-11-03,172.0,-17.0,0.0,0.0,0.0
1988-11-04,211.0,6.0,0.0,0.0,0.0
1988-11-05,194.0,67.0,389.0,0.0,0.0
1988-11-06,156.0,56.0,114.0,0.0,0.0
1988-11-07,78.0,-28.0,0.0,0.0,0.0
1988-11-08,167.0,-28.0,13.0,0.0,0.0
1988-11-09,122.0,50.0,64.0,0.0,0.0
1988-11-10,211.0,72.0,0.0,0.0,0.0
1988-11-11,167.0,-6.0,64.0,0.0,0.0
1988-11-12,156.0,-6.0,0.0,0.0,0.0
1988-11-13,133.0,0.0,76.0,0.0,0.0
1988-11-14,172.0,-6.0,0.0,0.0,0.0
1988-11-15,206.0,-6.0,0.0,0.0,0.0
1988-11-16,217.0,11.0,0.0,0.0,0.0
1988-11-17,222.0,39.0,241.0,0.0,0.0
1988-11-18,133.0,-39.0,0.0,0.0,0.0
1988-11-19,172.0,-39.0,0.0,0.0,0.0
1988-11-20,183.0,122.0,127.0,0.0,0.0
1988-11-21,239.0,33.0,64.0,0.0,0.0
1988-11-22,139.0,-17.0,0.0,0.0,0.0
1988-11-23,150.0,-11.0,0.0,0.0,0.0
1988-11-24,150.0,6.0,0.0,0.0,0.0
1988-11-25,183.0,0.0,0.0,0.0,0.0
1988-11-26,178.0,17.0,0.0,0.0,0.0
1988-11-27,189.0,72.0,152.0,0.0,0.0
1988-11-28,156.0,11.0,127.0,0.0,0.0
1988-11-29,72.0,-61.0,0.0,0.0,0.0
1988-11-30,133.0,-56.0,0.0,0.0,0.0
1988-12-01,56.0,-50.0,20.0,0.0,0.0
1988-12-02,83.0,-56.0,0.0,0.0,0.0
1988-12-03,94.0,-72.0,0.0,0.0,0.0
1988-12-04,150.0,-67.0,0.0,0.0,0.0
1988-12-05,133.0,-67.0,0.0,0.0,0.0
1988-12-06,128.0,-67.0,0.0,0.0,0.0
1988-12-07,161.0,-67.0,0.0,0.0,0.0
1988-12-08,161.0,-33.0,0.0,0.0,0.0
1988-12-09,161.0,-22.0,13.0,0.0,0.0
1988-12-10,89.0,-50.0,0.0,0.0,0.0
1988-12-11,72.0,-44.0,0.0,0.0,0.0
1988-12-12,67.0,-67.0,0.0,0.0,0.0
1988-12-13,28.0,-67.0,0.0,0.0,0.0
1988-12-14,78.0,-67.0,0.0,0.0,0.0
1988-12-15,161.0,-67.0,0.0,0.0,0.0
1988-12-16,139.0,-22.0,0.0,0.0,0.0
1988-12-17,56.0,-67.0,0.0,0.0,0.0
1988-12-18,11.0,-106.0,0.0,0.0,0.0
1988-12-19,33.0,-111.0,0.0,0.0,0.0
1988-12-20,144.0,-94.0,0.0,0.0,0.0
1988-12-21,139.0,-44.0,0.0,0.0,0.0
1988-12-22,106.0,44.0,89.0,0.0,0.0
1988-12-23,156.0,33.0,46.0,0.0,0.0
1988-12-24,139.0,117.0,76.0,0.0,0.0
1988-12-25,156.0,-11.0,89.0,0.0,0.0
1988-12-26,133.0,-50.0,0.0,0.0,0.0
1988-12-27,167.0,-56.0,0.0,0.0,0.0
1988-12-28,144.0,-22.0,0.0,0.0,0.0
1988-12-29,161.0,-78.0,51.0,0.0,0.0
1988-12-30,94.0,-78.0,0.0,0.0,0.0
1988-12-31,61.0,61.0,406.0,0.0,0.0
1989-01-01,128.0,61.0,183.0,0.0,0.0
1989-01-02,100.0,33.0,0.0,0.0,0.0
1989-01-03,144.0,33.0,51.0,0.0,0.0
1989-01-04,117.0,-33.0,46.0,0.0,0.0
1989-01-05,72.0,-72.0,0.0,0.0,0.0
1989-01-06,117.0,-72.0,132.0,0.0,0.0
1989-01-07,178.0,33.0,25.0,0.0,0.0
1989-01-08,122.0,28.0,76.0,0.0,0.0
1989-01-09,122.0,0.0,76.0,0.0,0.0
1989-01-10,39.0,0.0,224.0,0.0,0.0
1989-01-11,89.0,33.0,0.0,0.0,0.0
1989-01-12,111.0,28.0,254.0,0.0,0.0
1989-01-13,133.0,61.0,229.0,0.0,0.0
1989-01-14,111.0,6.0,25.0,0.0,0.0
1989-01-15,100.0,28.0,76.0,0.0,0.0
1989-01-16,156.0,17.0,0.0,0.0,0.0
1989-01-17,100.0,-78.0,0.0,0.0,0.0
1989-01-18,106.0,-78.0,0.0,0.0,0.0
1989-01-19,144.0,-72.0,0.0,0.0,0.0
1989-01-20,144.0,-39.0,0.0,0.0,0.0
1989-01-21,133.0,-56.0,0.0,0.0,0.0
1989-01-22,94.0,-67.0,0.0,0.0,0.0
1989-01-23,139.0,-72.0,0.0,0.0,0.0
1989-01-24,178.0,-78.0,0.0,0.0,0.0
1989-01-25,189.0,-39.0,0.0,0.0,0.0
1989-01-26,217.0,-39.0,0.0,0.0,0.0
1989-01-27,183.0,6.0,198.0,0.0,0.0
1989-01-28,128.0,-39.0,0.0,0.0,0.0
1989-01-29,178.0,-44.0,0.0,0.0,0.0
1989-01-30,194.0,-11.0,51.0,0.0,0.0
1989-01-31,156.0,-22.0,71.0,0.0,0.0
1989-02-01,172.0,-28.0,0.0,0.0,0.0
1989-02-02,189.0,-11.0,0.0,0.0,0.0
1989-02-03,233.0,100.0,0.0,0.0,0.0
1989-02-04,206.0,28.0,25.0,0.0,0.0
1989-02-05,83.0,33.0,89.0,0.0,0.0
1989-02-06,83.0,39.0,381.0,0.0,0.0
1989-02-07,78.0,22.0,279.0,0.0,0.0
1989-02-08,28.0,-44.0,0.0,0.0,0.0
1989-02-09,61.0,-94.0,0.0,0.0,0.0
1989-02-10,6.0,-139.0,0.0,0.0,0.0
1989-02-11,61.0,-139.0,0.0,0.0,0.0
1989-02-12,122.0,-94.0,0.0,0.0,0.0
1989-02-13,144.0,-67.0,15.0,0.0,0.0
1989-02-14,172.0,22.0,0.0,0.0,0.0
1989-02-15,250.0,111.0,0.0,0.0,0.0
1989-02-16,233.0,72.0,0.0,0.0,0.0
1989-02-17,122.0,61.0,152.0,0.0,0.0
1989-02-18,67.0,22.0,152.0,0.0,0.0
1989-02-19,44.0,0.0,51.0,0.0,0.0
1989-02-20,61.0,6.0,51.0,0.0,0.0
1989-02-21,133.0,39.0,254.0,0.0,0.0
1989-02-22,172.0,28.0,64.0,0.0,0.0
1989-02-23,28.0,-56.0,0.0,0.0,0.0
1989-02-24,-17.0,-128.0,0.0,0.0,0.0
1989-02-25,11.0,-128.0,0.0,0.0,0.0
1989-02-26,89.0,0.0,0.0,0.0,0.0
1989-02-27,150.0,0.0,97.0,0.0,0.0
1989-02-28,56.0,44.0,699.0,0.0,0.0
1989-03-01,122.0,-22.0,0.0,0.0,0.0
1989-03-02,117.0,-22.0,0.0,0.0,0.0
1989-03-03,139.0,-6.0,18.0,0.0,0.0
1989-03-04,167.0,50.0,0.0,0.0,0.0
1989-03-05,183.0,128.0,305.0,0.0,0.0
1989-03-06,222.0,139.0,191.0,0.0,0.0
1989-03-07,156.0,22.0,0.0,0.0,0.0
1989-03-08,67.0,11.0,0.0,0.0,0.0
1989-03-09,106.0,-22.0,0.0,0.0,0.0
1989-03-10,178.0,-28.0,0.0,0.0,0.0
1989-03-11,200.0,-28.0,0.0,0.0,0.0
1989-03-12,222.0,-11.0,0.0,0.0,0.0
1989-03-13,256.0,0.0,0.0,0.0,0.0
1989-03-14,178.0,72.0,0.0,0.0,0.0
1989-03-15,211.0,94.0,0.0,0.0,0.0
1989-03-16,200.0,33.0,208.0,0.0,0.0
1989-03-17,194.0,28.0,0.0,0.0,0.0
1989-03-18,228.0,28.0,0.0,0.0,0.0
1989-03-19,178.0,-6.0,102.0,0.0,0.0
1989-03-20,183.0,-6.0,38.0,0.0,0.0
1989-03-21,128.0,61.0,241.0,0.0,0.0
1989-03-22,128.0,33.0,56.0,0.0,0.0
1989-03-23,83.0,44.0,56.0,0.0,0.0
1989-03-24,111.0,44.0,254.0,0.0,0.0
1989-03-25,139.0,67.0,0.0,0.0,0.0
1989-03-26,233.0,0.0,0.0,0.0,0.0
1989-03-27,261.0,6.0,0.0,0.0,0.0
1989-03-28,261.0,78.0,0.0,0.0,0.0
1989-03-29,278.0,89.0,0.0,0.0,0.0
1989-03-30,272.0,128.0,38.0,0.0,0.0
1989-03-31,222.0,94.0,46.0,0.0,0.0
1989-04-01,128.0,0.0,0.0,0.0,0.0
1989-04-02,139.0,-22.0,0.0,0.0,0.0
1989-04-03,194.0,100.0,13.0,0.0,0.0
1989-04-04,178.0,144.0,64.0,0.0,0.0
1989-04-05,172.0,100.0,419.0,0.0,0.0
1989-04-06,172.0,6.0,15.0,0.0,0.0
1989-04-07,128.0,6.0,241.0,0.0,0.0
1989-04-08,100.0,6.0,13.0,0.0,0.0
1989-04-09,67.0,-6.0,203.0,0.0,0.0
1989-04-10,111.0,-11.0,0.0,0.0,0.0
1989-04-11,78.0,-33.0,0.0,0.0,0.0
1989-04-12,117.0,-44.0,0.0,0.0,0.0
1989-04-13,144.0,-33.0,0.0,0.0,0.0
1989-04-14,194.0,-22.0,0.0,0.0,0.0
1989-04-15,222.0,-17.0,132.0,0.0,0.0
1989-04-16,189.0,28.0,8.0,0.0,0.0
1989-04-17,211.0,22.0,0.0,0.0,0.0
1989-04-18,261.0,22.0,0.0,0.0,0.0
1989-04-19,272.0,39.0,0.0,0.0,0.0
1989-04-20,250.0,56.0,0.0,0.0,0.0
1989-04-21,233.0,56.0,0.0,0.0,0.0
1989-04-22,239.0,33.0,0.0,0.0,0.0
1989-04-23,267.0,122.0,0.0,0.0,0.0
1989-04-24,267.0,117.0,0.0,0.0,0.0
1989-04-25,294.0,111.0,0.0,0.0,0.0
1989-04-26,289.0,111.0,0.0,0.0,0.0
1989-04-27,294.0,106.0,0.0,0.0,0.0
1989-04-28,300.0,117.0,0.0,0.0,0.0
1989-04-29,244.0,133.0,165.0,0.0,0.0
1989-04-30,222.0,133.0,13.0,0.0,0.0
1989-05-01,267.0,133.0,254.0,0.0,0.0
1989-05-02,167.0,106.0,356.0,0.0,0.0
1989-05-03,183.0,33.0,0.0,0.0,0.0
1989-05-04,189.0,11.0,0.0,0.0,0.0
1989-05-05,161.0,128.0,81.0,0.0,0.0
1989-05-06,178.0,100.0,356.0,0.0,0.0
1989-05-07,178.0,-6.0,0.0,0.0,0.0
1989-05-08,133.0,-17.0,0.0,0.0,0.0
1989-05-09,206.0,-17.0,56.0,0.0,0.0
1989-05-10,156.0,106.0,183.0,0.0,0.0
1989-05-11,139.0,33.0,0.0,0.0,0.0
1989-05-12,139.0,33.0,0.0,0.0,0.0
1989-05-13,183.0,0.0,0.0,0.0,0.0
1989-05-14,222.0,100.0,25.0,0.0,0.0
1989-05-15,189.0,106.0,84.0,0.0,0.0
1989-05-16,228.0,50.0,0.0,0.0,0.0
1989-05-17,222.0,39.0,0.0,0.0,0.0
1989-05-18,256.0,39.0,0.0,0.0,0.0
1989-05-19,256.0,122.0,0.0,0.0,0.0
1989-05-20,211.0,122.0,0.0,0.0,0.0
1989-05-21,244.0,150.0,165.0,0.0,0.0
1989-05-22,283.0,111.0,0.0,0.0,0.0
1989-05-23,289.0,106.0,102.0,0.0,0.0
1989-05-24,233.0,67.0,0.0,0.0,0.0
1989-05-25,272.0,72.0,0.0,0.0,0.0
1989-05-26,294.0,111.0,0.0,0.0,0.0
1989-05-27,283.0,167.0,76.0,0.0,0.0
1989-05-28,261.0,67.0,102.0,0.0,0.0
1989-05-29,267.0,67.0,0.0,0.0,0.0
1989-05-30,272.0,111.0,0.0,0.0,0.0
1989-05-31,289.0,122.0,0.0,0.0,0.0
1989-06-01,306.0,122.0,0.0,0.0,0.0
1989-06-02,311.0,144.0,0.0,0.0,0.0
1989-06-03,294.0,161.0,330.0,0.0,0.0
1989-06-04,244.0,172.0,0.0,0.0,0.0
1989-06-05,278.0,172.0,178.0,0.0,0.0
1989-06-06,267.0,167.0,38.0,0.0,0.0
1989-06-07,228.0,122.0,152.0,0.0,0.0
1989-06-08,267.0,117.0,0.0,0.0,0.0
1989-06-09,222.0,133.0,191.0,0.0,0.0
1989-06-10,244.0,139.0,51.0,0.0,0.0
1989-06-11,261.0,111.0,0.0,0.0,0.0
1989-06-12,283.0,117.0,0.0,0.0,0.0
1989-06-13,289.0,150.0,76.0,0.0,0.0
1989-06-14,261.0,156.0,152.0,0.0,0.0
1989-06-15,300.0,156.0,241.0,0.0,0.0
1989-06-16,206.0,178.0,254.0,0.0,0.0
1989-06-17,206.0,144.0,229.0,0.0,0.0
1989-06-18,250.0,106.0,0.0,0.0,0.0
1989-06-19,261.0,106.0,0.0,0.0,0.0
1989-06-20,228.0,167.0,368.0,0.0,0.0
1989-06-21,222.0,178.0,406.0,0.0,0.0
1989-06-22,244.0,167.0,310.0,0.0,0.0
1989-06-23,278.0,161.0,13.0,0.0,0.0
1989-06-24,283.0,161.0,0.0,0.0,0.0
1989-06-25,300.0,183.0,0.0,0.0,0.0
1989-06-26,311.0,183.0,102.0,0.0,0.0
1989-06-27,306.0,183.0,0.0,0.0,0.0
1989-06-28,306.0,178.0,0.0,0.0,0.0
1989-06-29,294.0,178.0,20.0,0.0,0.0
1989-06-30,278.0,178.0,0.0,0.0,0.0
1989-07-01,278.0,178.0,0.0,0.0,0.0
1989-07-02,256.0,178.0,0.0,0.0,0.0
1989-07-03,228.0,178.0,25.0,0.0,0.0
1989-07-04,228.0,178.0,254.0,0.0,0.0
1989-07-05,261.0,189.0,127.0,0.0,0.0
1989-07-06,272.0,189.0,0.0,0.0,0.0
1989-07-07,267.0,200.0,457.0,0.0,0.0
1989-07-08,322.0,189.0,71.0,0.0,0.0
1989-07-09,339.0,194.0,0.0,0.0,0.0
1989-07-10,339.0,194.0,102.0,0.0,0.0
1989-07-11,328.0,194.0,0.0,0.0,0.0
1989-07-12,317.0,189.0,0.0,0.0,0.0
1989-07-13,289.0,189.0,0.0,0.0,0.0
1989-07-14,289.0,189.0,0.0,0.0,0.0
1989-07-15,289.0,139.0,0.0,0.0,0.0
1989-07-16,283.0,139.0,0.0,0.0,0.0
1989-07-17,244.0,178.0,0.0,0.0,0.0
1989-07-18,278.0,150.0,0.0,0.0,0.0
1989-07-19,272.0,150.0,51.0,0.0,0.0
1989-07-20,250.0,178.0,81.0,0.0,0.0
1989-07-21,272.0,183.0,13.0,0.0,0.0
1989-07-22,256.0,183.0,127.0,0.0,0.0
1989-07-23,283.0,183.0,25.0,0.0,0.0
1989-07-24,278.0,183.0,25.0,0.0,0.0
1989-07-25,300.0,183.0,0.0,0.0,0.0
1989-07-26,328.0,183.0,178.0,0.0,0.0
1989-07-27,322.0,189.0,0.0,0.0,0.0
1989-07-28,311.0,183.0,0.0,0.0,0.0
1989-07-29,300.0,178.0,0.0,0.0,0.0
1989-07-30,317.0,189.0,0.0,0.0,0.0
1989-07-31,311.0,183.0,152.0,0.0,0.0
1989-08-01,300.0,183.0,0.0,0.0,0.0
1989-08-02,267.0,189.0,279.0,0.0,0.0
1989-08-03,289.0,167.0,0.0,0.0,0.0
1989-08-04,300.0,167.0,0.0,0.0,0.0
1989-08-05,306.0,156.0,0.0,0.0,0.0
1989-08-06,311.0,189.0,0.0,0.0,0.0
1989-08-07,311.0,172.0,0.0,0.0,0.0
1989-08-08,261.0,94.0,0.0,0.0,0.0
1989-08-09,244.0,89.0,0.0,0.0,0.0
1989-08-10,256.0,100.0,0.0,0.0,0.0
1989-08-11,261.0,117.0,0.0,0.0,0.0
1989-08-12,250.0,117.0,0.0,0.0,0.0
1989-08-13,278.0,117.0,0.0,0.0,0.0
1989-08-14,278.0,144.0,406.0,0.0,0.0
1989-08-15,267.0,167.0,229.0,0.0,0.0
1989-08-16,278.0,167.0,56.0,0.0,0.0
1989-08-17,283.0,161.0,0.0,0.0,0.0
1989-08-18,278.0,167.0,0.0,0.0,0.0
1989-08-19,278.0,161.0,0.0,0.0,0.0
1989-08-20,272.0,150.0,0.0,0.0,0.0
1989-08-21,294.0,150.0,0.0,0.0,0.0
1989-08-22,306.0,167.0,0.0,0.0,0.0
1989-08-23,311.0,161.0,0.0,0.0,0.0
1989-08-24,306.0,194.0,173.0,0.0,0.0
1989-08-25,300.0,183.0,13.0,0.0,0.0
1989-08-26,311.0,178.0,0.0,0.0,0.0
1989-08-27,317.0,194.0,183.0,0.0,0.0
1989-08-28,289.0,189.0,0.0,0.0,0.0
1989-08-29,306.0,183.0,0.0,0.0,0.0
1989-08-30,306.0,200.0,0.0,0.0,0.0
1989-08-31,283.0,178.0,51.0,0.0,0.0
1989-09-01,300.0,178.0,0.0,0.0,0.0
1989-09-02,294.0,172.0,46.0,0.0,0.0
1989-09-03,289.0,167.0,0.0,0.0,0.0
1989-09-04,289.0,150.0,102.0,0.0,0.0
1989-09-05,272.0,133.0,0.0,0.0,0.0
1989-09-06,283.0,189.0,0.0,0.0,0.0
1989-09-07,261.0,172.0,0.0,0.0,0.0
1989-09-08,278.0,178.0,0.0,0.0,0.0
1989-09-09,300.0,178.0,0.0,0.0,0.0
1989-09-10,300.0,167.0,0.0,0.0,0.0
1989-09-11,283.0,167.0,0.0,0.0,0.0
1989-09-12,289.0,178.0,51.0,0.0,0.0
1989-09-13,294.0,178.0,76.0,0.0,0.0
1989-09-14,289.0,178.0,25.0,0.0,0.0
1989-09-15,272.0,178.0,0.0,0.0,0.0
1989-09-16,267.0,183.0,56.0,0.0,0.0
1989-09-17,244.0,128.0,0.0,0.0,0.0
1989-09-18,233.0,94.0,0.0,0.0,0.0
1989-09-19,256.0,94.0,0.0,0.0,0.0
1989-09-20,250.0,100.0,0.0,0.0,0.0
1989-09-21,261.0,106.0,0.0,0.0,0.0
1989-09-22,261.0,172.0,107.0,0.0,0.0
1989-09-23,228.0,150.0,279.0,0.0,0.0
1989-09-24,228.0,78.0,0.0,0.0,0.0
1989-09-25,189.0,78.0,0.0,0.0,0.0
1989-09-26,183.0,122.0,406.0,0.0,0.0
1989-09-27,239.0,133.0,0.0,0.0,0.0
1989-09-28,244.0,89.0,0.0,0.0,0.0
1989-09-29,200.0,83.0,762.0,0.0,0.0
1989-09-30,178.0,144.0,559.0,0.0,0.0
1989-10-01,200.0,167.0,470.0,0.0,0.0
1989-10-02,206.0,167.0,114.0,0.0,0.0
1989-10-03,261.0,128.0,0.0,0.0,0.0
1989-10-04,267.0,111.0,0.0,0.0,0.0
1989-10-05,233.0,33.0,0.0,0.0,0.0
1989-10-06,250.0,33.0,0.0,0.0,0.0
1989-10-07,267.0,100.0,0.0,0.0,0.0
1989-10-08,222.0,50.0,0.0,0.0,0.0
1989-10-09,172.0,0.0,0.0,0.0,0.0
1989-10-10,167.0,-6.0,0.0,0.0,0.0
1989-10-11,206.0,11.0,0.0,0.0,0.0
1989-10-12,228.0,28.0,0.0,0.0,0.0
1989-10-13,250.0,44.0,0.0,0.0,0.0
1989-10-14,272.0,83.0,0.0,0.0,0.0
1989-10-15,278.0,83.0,0.0,0.0,0.0
1989-10-16,267.0,78.0,0.0,0.0,0.0
1989-10-17,233.0,139.0,132.0,0.0,0.0
1989-10-18,244.0,161.0,13.0,0.0,0.0
1989-10-19,167.0,61.0,157.0,0.0,0.0
1989-10-20,61.0,6.0,0.0,0.0,0.0
1989-10-21,39.0,-39.0,0.0,0.0,0.0
1989-10-22,161.0,-6.0,0.0,0.0,0.0
1989-10-23,222.0,-6.0,0.0,0.0,0.0
1989-10-24,211.0,44.0,0.0,0.0,0.0
1989-10-25,222.0,28.0,0.0,0.0,0.0
1989-10-26,239.0,6.0,0.0,0.0,0.0
1989-10-27,244.0,0.0,0.0,0.0,0.0
1989-10-28,239.0,0.0,0.0,0.0,0.0
1989-10-29,256.0,11.0,0.0,0.0,0.0
1989-10-30,244.0,17.0,0.0,0.0,0.0
1989-10-31,244.0,39.0,0.0,0.0,0.0
1989-11-01,194.0,44.0,33.0,0.0,0.0
1989-11-02,144.0,17.0,0.0,0.0,0.0
1989-11-03,156.0,0.0,0.0,0.0,0.0
1989-11-04,128.0,-39.0,0.0,0.0,0.0
1989-11-05,161.0,-33.0,0.0,0.0,0.0
1989-11-06,217.0,-22.0,132.0,0.0,0.0
1989-11-07,144.0,94.0,102.0,0.0,0.0
1989-11-08,156.0,94.0,152.0,0.0,0.0
1989-11-09,172.0,111.0,114.0,0.0,0.0
1989-11-10,144.0,-28.0,0.0,0.0,0.0
1989-11-11,183.0,-22.0,0.0,0.0,0.0
1989-11-12,233.0,17.0,0.0,0.0,0.0
1989-11-13,250.0,17.0,0.0,0.0,0.0
1989-11-14,250.0,22.0,0.0,0.0,0.0
1989-11-15,144.0,83.0,267.0,0.0,0.0
1989-11-16,189.0,17.0,394.0,0.0,0.0
1989-11-17,56.0,-50.0,0.0,0.0,0.0
1989-11-18,56.0,-50.0,0.0,0.0,0.0
1989-11-19,133.0,-28.0,0.0,0.0,0.0
1989-11-20,139.0,-28.0,0.0,0.0,0.0
1989-11-21,189.0,17.0,0.0,0.0,0.0
1989-11-22,161.0,-11.0,0.0,0.0,0.0
1989-11-23,50.0,6.0,457.0,0.0,0.0
1989-11-24,44.0,-83.0,0.0,0.0,0.0
1989-11-25,72.0,-89.0,0.0,0.0,0.0
1989-11-26,100.0,78.0,0.0,0.0,0.0
1989-11-27,122.0,111.0,25.0,0.0,0.0
1989-11-28,200.0,150.0,51.0,0.0,0.0
1989-11-29,172.0,-17.0,13.0,0.0,0.0
1989-11-30,67.0,-67.0,0.0,0.0,0.0
1989-12-01,117.0,-44.0,0.0,0.0,0.0
1989-12-02,128.0,-44.0,0.0,0.0,0.0
1989-12-03,144.0,-56.0,0.0,0.0,0.0
1989-12-04,-6.0,-106.0,0.0,0.0,0.0
1989-12-05,61.0,-106.0,0.0,0.0,0.0
1989-12-06,161.0,-50.0,0.0,0.0,0.0
1989-12-07,172.0,33.0,0.0,0.0,0.0
1989-12-08,117.0,33.0,292.0,0.0,0.0
1989-12-09,83.0,28.0,64.0,0.0,0.0
1989-12-10,39.0,-39.0,56.0,0.0,0.0
1989-12-11,89.0,-39.0,0.0,0.0,0.0
1989-12-12,56.0,-11.0,140.0,0.0,0.0
1989-12-13,44.0,-22.0,89.0,0.0,0.0
1989-12-14,22.0,-78.0,0.0,0.0,0.0
1989-12-15,56.0,-67.0,0.0,0.0,0.0
1989-12-16,28.0,-144.0,25.0,0.0,0.0
1989-12-17,-17.0,-106.0,0.0,0.0,0.0
1989-12-18,0.0,-78.0,0.0,0.0,0.0
1989-12-19,50.0,-56.0,,,
1989-12-20,17.0,-56.0,0.0,,0.0
1989-12-21,44.0,-83.0,0.0,0.0,0.0
1989-12-22,33.0,-150.0,0.0,0.0,0.0
1989-12-23,-72.0,-172.0,0.0,0.0,0.0
1989-12-24,-67.0,-200.0,0.0,0.0,0.0
1989-12-25,-28.0,-72.0,0.0,0.0,0.0
1989-12-26,-39.0,-67.0,,,
1989-12-27,28.0,-106.0,0.0,,0.0
1989-12-28,56.0,-78.0,0.0,0.0,0.0
1989-12-29,122.0,-67.0,0.0,0.0,0.0
1989-12-30,122.0,-44.0,76.0,0.0,0.0
1989-12-31,133.0,67.0,84.0,0.0,0.0
1990-01-01,139.0,-11.0,213.0,0.0,0.0
1990-01-02,28.0,-61.0,0.0,0.0,0.0
1990-01-03,94.0,-67.0,0.0,0.0,0.0
1990-01-04,139.0,-33.0,76.0,0.0,0.0
1990-01-05,117.0,78.0,203.0,0.0,0.0
1990-01-06,117.0,78.0,198.0,0.0,0.0
1990-01-07,117.0,50.0,0.0,0.0,0.0
1990-01-08,78.0,56.0,203.0,0.0,0.0
1990-01-09,72.0,-6.0,25.0,0.0,0.0
1990-01-10,111.0,0.0,0.0,0.0,0.0
1990-01-11,128.0,-39.0,0.0,0.0,0.0
1990-01-12,189.0,-39.0,0.0,0.0,0.0
1990-01-13,50.0,-78.0,0.0,0.0,0.0
1990-01-14,61.0,-56.0,0.0,0.0,0.0
1990-01-15,128.0,-56.0,0.0,0.0,0.0
1990-01-16,122.0,17.0,0.0,0.0,0.0
1990-01-17,206.0,22.0,0.0,0.0,0.0
1990-01-18,200.0,50.0,102.0,0.0,0.0
1990-01-19,183.0,83.0,0.0,0.0,0.0
1990-01-20,156.0,83.0,0.0,0.0,0.0
1990-01-21,150.0,78.0,533.0,0.0,0.0
1990-01-22,133.0,-33.0,0.0,0.0,0.0
1990-01-23,139.0,-39.0,0.0,0.0,0.0
1990-01-24,150.0,-28.0,13.0,0.0,0.0
1990-01-25,111.0,61.0,305.0,0.0,0.0
1990-01-26,122.0,-22.0,127.0,0.0,0.0
1990-01-27,78.0,-56.0,0.0,0.0,0.0
1990-01-28,144.0,-61.0,0.0,0.0,0.0
1990-01-29,172.0,-39.0,51.0,0.0,0.0
1990-01-30,139.0,-33.0,254.0,0.0,0.0
1990-01-31,111.0,-39.0,0.0,0.0,0.0
1990-02-01,172.0,-56.0,0.0,0.0,0.0
1990-02-02,189.0,-22.0,0.0,0.0,0.0
1990-02-03,172.0,106.0,64.0,0.0,0.0
1990-02-04,217.0,100.0,396.0,0.0,0.0
1990-02-05,150.0,-22.0,0.0,0.0,0.0
1990-02-06,161.0,-28.0,0.0,0.0,0.0
1990-02-07,150.0,-33.0,51.0,0.0,0.0
1990-02-08,144.0,0.0,25.0,0.0,0.0
1990-02-09,183.0,-17.0,0.0,0.0,0.0
1990-02-10,172.0,72.0,483.0,0.0,0.0
1990-02-11,111.0,-28.0,76.0,0.0,0.0
1990-02-12,150.0,-22.0,0.0,0.0,0.0
1990-02-13,172.0,-11.0,0.0,0.0,0.0
1990-02-14,200.0,-11.0,0.0,0.0,0.0
1990-02-15,217.0,89.0,20.0,0.0,0.0
1990-02-16,194.0,117.0,991.0,0.0,0.0
1990-02-17,161.0,17.0,394.0,0.0,0.0
1990-02-18,106.0,-6.0,0.0,0.0,0.0
1990-02-19,117.0,11.0,127.0,0.0,0.0
1990-02-20,144.0,-6.0,0.0,0.0,0.0
1990-02-21,172.0,-22.0,0.0,0.0,0.0
1990-02-22,156.0,-28.0,0.0,0.0,0.0
1990-02-23,156.0,100.0,147.0,0.0,0.0
1990-02-24,150.0,-17.0,0.0,0.0,0.0
1990-02-25,117.0,-72.0,0.0,0.0,0.0
1990-02-26,44.0,-72.0,0.0,0.0,0.0
1990-02-27,94.0,-61.0,0.0,0.0,0.0
1990-02-28,183.0,-50.0,0.0,0.0,0.0
1990-03-01,183.0,6.0,0.0,0.0,0.0
1990-03-02,100.0,44.0,25.0,0.0,0.0
1990-03-03,111.0,61.0,330.0,0.0,0.0
1990-03-04,161.0,-28.0,0.0,0.0,0.0
1990-03-05,172.0,-33.0,0.0,0.0,0.0
1990-03-06,189.0,-28.0,0.0,0.0,0.0
1990-03-07,206.0,6.0,0.0,0.0,0.0
1990-03-08,156.0,22.0,0.0,0.0,0.0
1990-03-09,100.0,33.0,229.0,0.0,0.0
1990-03-10,117.0,83.0,152.0,0.0,0.0
1990-03-11,194.0,100.0,0.0,0.0,0.0
1990-03-12,261.0,83.0,0.0,0.0,0.0
1990-03-13,261.0,78.0,0.0,0.0,0.0
1990-03-14,250.0,83.0,0.0,0.0,0.0
1990-03-15,267.0,89.0,0.0,0.0,0.0
1990-03-16,222.0,150.0,203.0,0.0,0.0
1990-03-17,172.0,106.0,1016.0,0.0,0.0
1990-03-18,172.0,11.0,51.0,0.0,0.0
1990-03-19,167.0,11.0,0.0,0.0,0.0
1990-03-20,200.0,-50.0,0.0,0.0,0.0
1990-03-21,89.0,-61.0,0.0,0.0,0.0
1990-03-22,178.0,-61.0,0.0,0.0,0.0
1990-03-23,217.0,-28.0,0.0,0.0,0.0
1990-03-24,228.0,28.0,0.0,0.0,0.0
1990-03-25,206.0,50.0,0.0,0.0,0.0
1990-03-26,183.0,50.0,51.0,0.0,0.0
1990-03-27,94.0,-11.0,0.0,0.0,0.0
1990-03-28,161.0,-11.0,0.0,0.0,0.0
1990-03-29,167.0,28.0,20.0,0.0,0.0
1990-03-30,122.0,78.0,46.0,0.0,0.0
1990-03-31,150.0,89.0,25.0,0.0,0.0
1990-04-01,244.0,,0.0,0.0,0.0
1990-04-02,244.0,56.0,0.0,0.0,0.0
1990-04-03,228.0,28.0,0.0,0.0,0.0
1990-04-04,78.0,17.0,0.0,0.0,0.0
1990-04-05,150.0,-6.0,0.0,0.0,0.0
1990-04-06,217.0,89.0,0.0,0.0,0.0
1990-04-07,156.0,-22.0,102.0,0.0,0.0
1990-04-08,111.0,-56.0,0.0,0.0,0.0
1990-04-09,167.0,-56.0,0.0,0.0,0.0
1990-04-10,200.0,6.0,0.0,0.0,0.0
1990-04-11,211.0,83.0,137.0,0.0,0.0
1990-04-12,111.0,-22.0,0.0,0.0,0.0
1990-04-13,133.0,-33.0,0.0,0.0,0.0
1990-04-14,194.0,-33.0,0.0,0.0,0.0
1990-04-15,200.0,67.0,79.0,0.0,0.0
1990-04-16,211.0,33.0,0.0,0.0,0.0
1990-04-17,233.0,28.0,0.0,0.0,0.0
1990-04-18,250.0,22.0,30.0,0.0,0.0
1990-04-19,200.0,11.0,0.0,0.0,0.0
1990-04-20,189.0,11.0,0.0,0.0,0.0
1990-04-21,194.0,128.0,0.0,0.0,0.0
1990-04-22,194.0,117.0,97.0,0.0,0.0
1990-04-23,250.0,117.0,0.0,0.0,0.0
1990-04-24,256.0,117.0,0.0,0.0,0.0
1990-04-25,289.0,89.0,0.0,0.0,0.0
1990-04-26,289.0,89.0,0.0,0.0,0.0
1990-04-27,300.0,78.0,0.0,0.0,0.0
1990-04-28,283.0,78.0,0.0,0.0,0.0
1990-04-29,194.0,67.0,163.0,0.0,0.0
1990-04-30,244.0,67.0,0.0,0.0,0.0
1990-05-01,261.0,156.0,0.0,0.0,0.0
1990-05-02,289.0,128.0,89.0,0.0,0.0
1990-05-03,283.0,128.0,0.0,0.0,0.0
1990-05-04,283.0,139.0,0.0,0.0,0.0
1990-05-05,272.0,167.0,203.0,0.0,0.0
1990-05-06,217.0,33.0,0.0,0.0,0.0
1990-05-07,200.0,33.0,25.0,0.0,0.0
1990-05-08,217.0,39.0,0.0,0.0,0.0
1990-05-09,244.0,39.0,0.0,0.0,0.0
1990-05-10,156.0,128.0,419.0,0.0,0.0
1990-05-11,172.0,17.0,0.0,0.0,0.0
1990-05-12,200.0,17.0,0.0,0.0,0.0
1990-05-13,244.0,89.0,25.0,0.0,0.0
1990-05-14,233.0,122.0,0.0,0.0,0.0
1990-05-15,272.0,106.0,0.0,0.0,0.0
1990-05-16,289.0,106.0,0.0,0.0,0.0
1990-05-17,294.0,156.0,0.0,0.0,0.0
1990-05-18,233.0,61.0,102.0,0.0,0.0
1990-05-19,233.0,61.0,0.0,0.0,0.0
1990-05-20,261.0,139.0,127.0,0.0,0.0
1990-05-21,261.0,139.0,25.0,0.0,0.0
1990-05-22,256.0,139.0,25.0,0.0,0.0
1990-05-23,167.0,83.0,0.0,0.0,0.0
1990-05-24,211.0,78.0,0.0,0.0,0.0
1990-05-25,239.0,78.0,0.0,0.0,0.0
1990-05-26,250.0,117.0,0.0,0.0,0.0
1990-05-27,272.0,139.0,64.0,0.0,0.0
1990-05-28,272.0,156.0,127.0,0.0,0.0
1990-05-29,233.0,133.0,97.0,0.0,0.0
1990-05-30,217.0,67.0,0.0,0.0,0.0
1990-05-31,244.0,67.0,0.0,0.0,0.0
1990-06-01,250.0,111.0,0.0,0.0,0.0
1990-06-02,200.0,139.0,0.0,0.0,0.0
1990-06-03,233.0,167.0,0.0,0.0,0.0
1990-06-04,244.0,167.0,279.0,0.0,0.0
1990-06-05,256.0,89.0,0.0,0.0,0.0
1990-06-06,261.0,89.0,0.0,0.0,0.0
1990-06-07,289.0,111.0,0.0,0.0,0.0
1990-06-08,311.0,167.0,0.0,0.0,0.0
1990-06-09,317.0,178.0,127.0,0.0,0.0
1990-06-10,306.0,167.0,25.0,0.0,0.0
1990-06-11,306.0,122.0,0.0,0.0,0.0
1990-06-12,272.0,100.0,0.0,0.0,0.0
1990-06-13,272.0,106.0,0.0,0.0,0.0
1990-06-14,278.0,128.0,0.0,0.0,0.0
1990-06-15,294.0,139.0,0.0,0.0,0.0
1990-06-16,300.0,172.0,0.0,0.0,0.0
1990-06-17,294.0,172.0,0.0,0.0,0.0
1990-06-18,294.0,178.0,0.0,0.0,0.0
1990-06-19,311.0,167.0,0.0,0.0,0.0
1990-06-20,294.0,122.0,0.0,0.0,0.0
1990-06-21,306.0,117.0,0.0,0.0,0.0
1990-06-22,272.0,172.0,0.0,0.0,0.0
1990-06-23,294.0,172.0,51.0,0.0,0.0
1990-06-24,267.0,167.0,0.0,0.0,0.0
1990-06-25,256.0,106.0,0.0,0.0,0.0
1990-06-26,278.0,100.0,0.0,0.0,0.0
1990-06-27,283.0,111.0,0.0,0.0,0.0
1990-06-28,311.0,139.0,0.0,0.0,0.0
1990-06-29,322.0,150.0,0.0,0.0,0.0
1990-06-30,328.0,161.0,0.0,0.0,0.0
1990-07-01,322.0,167.0,0.0,0.0,0.0
1990-07-02,322.0,167.0,51.0,0.0,0.0
1990-07-03,300.0,133.0,0.0,0.0,0.0
1990-07-04,311.0,133.0,0.0,0.0,0.0
1990-07-05,317.0,128.0,0.0,0.0,0.0
1990-07-06,322.0,139.0,0.0,0.0,0.0
1990-07-07,322.0,150.0,0.0,0.0,0.0
1990-07-08,344.0,172.0,0.0,0.0,0.0
1990-07-09,339.0,183.0,13.0,0.0,0.0
1990-07-10,339.0,178.0,13.0,0.0,0.0
1990-07-11,339.0,178.0,0.0,0.0,0.0
1990-07-12,322.0,183.0,51.0,0.0,0.0
1990-07-13,261.0,189.0,178.0,0.0,0.0
1990-07-14,256.0,189.0,406.0,0.0,0.0
1990-07-15,244.0,167.0,279.0,0.0,0.0
1990-07-16,256.0,133.0,0.0,0.0,0.0
1990-07-17,272.0,133.0,0.0,0.0,0.0
1990-07-18,289.0,139.0,13.0,0.0,0.0
1990-07-19,289.0,172.0,102.0,0.0,0.0
1990-07-20,283.0,167.0,13.0,0.0,0.0
1990-07-21,244.0,189.0,132.0,0.0,0.0
1990-07-22,278.0,194.0,102.0,0.0,0.0
1990-07-23,294.0,178.0,127.0,0.0,0.0
1990-07-24,278.0,178.0,0.0,0.0,0.0
1990-07-25,289.0,172.0,0.0,0.0,0.0
1990-07-26,283.0,150.0,0.0,0.0,0.0
1990-07-27,289.0,150.0,0.0,0.0,0.0
1990-07-28,283.0,133.0,0.0,0.0,0.0
1990-07-29,300.0,189.0,0.0,0.0,0.0
1990-07-30,300.0,150.0,0.0,0.0,0.0
1990-07-31,306.0,150.0,0.0,0.0,0.0
1990-08-01,306.0,150.0,0.0,0.0,0.0
1990-08-02,289.0,156.0,0.0,0.0,0.0
1990-08-03,283.0,167.0,0.0,0.0,0.0
1990-08-04,306.0,167.0,0.0,0.0,0.0
1990-08-05,306.0,194.0,351.0,0.0,0.0
1990-08-06,306.0,189.0,102.0,0.0,0.0
1990-08-07,278.0,156.0,0.0,0.0,0.0
1990-08-08,278.0,156.0,0.0,0.0,0.0
1990-08-09,261.0,156.0,0.0,0.0,0.0
1990-08-10,283.0,161.0,152.0,0.0,0.0
1990-08-11,256.0,139.0,0.0,0.0,0.0
1990-08-12,283.0,139.0,0.0,0.0,0.0
1990-08-13,294.0,139.0,51.0,0.0,0.0
1990-08-14,300.0,172.0,0.0,0.0,0.0
1990-08-15,294.0,172.0,0.0,0.0,0.0
1990-08-16,306.0,161.0,0.0,0.0,0.0
1990-08-17,294.0,161.0,0.0,0.0,0.0
1990-08-18,300.0,161.0,0.0,0.0,0.0
1990-08-19,317.0,167.0,0.0,0.0,0.0
1990-08-20,317.0,167.0,0.0,0.0,0.0
1990-08-21,328.0,178.0,0.0,0.0,0.0
1990-08-22,317.0,178.0,127.0,0.0,0.0
1990-08-23,267.0,189.0,51.0,0.0,0.0
1990-08-24,261.0,167.0,25.0,0.0,0.0
1990-08-25,294.0,167.0,0.0,0.0,0.0
1990-08-26,306.0,172.0,0.0,0.0,0.0
1990-08-27,317.0,178.0,0.0,0.0,0.0
1990-08-28,311.0,172.0,0.0,0.0,0.0
1990-08-29,333.0,167.0,0.0,0.0,0.0
1990-08-30,322.0,167.0,76.0,0.0,0.0
1990-08-31,289.0,167.0,0.0,0.0,0.0
1990-09-01,278.0,156.0,0.0,0.0,0.0
1990-09-02,306.0,156.0,25.0,0.0,0.0
1990-09-03,300.0,167.0,0.0,0.0,0.0
1990-09-04,311.0,144.0,0.0,0.0,0.0
1990-09-05,294.0,144.0,0.0,0.0,0.0
1990-09-06,306.0,144.0,0.0,0.0,0.0
1990-09-07,328.0,172.0,0.0,0.0,0.0
1990-09-08,333.0,178.0,0.0,0.0,0.0
1990-09-09,333.0,172.0,76.0,0.0,0.0
1990-09-10,311.0,183.0,183.0,0.0,0.0
1990-09-11,300.0,178.0,0.0,0.0,0.0
1990-09-12,294.0,183.0,0.0,0.0,0.0
1990-09-13,283.0,194.0,15.0,0.0,0.0
1990-09-14,261.0,189.0,102.0,0.0,0.0
1990-09-15,239.0,183.0,152.0,0.0,0.0
1990-09-16,261.0,111.0,0.0,0.0,0.0
1990-09-17,239.0,100.0,0.0,0.0,0.0
1990-09-18,244.0,89.0,0.0,0.0,0.0
1990-09-19,239.0,94.0,0.0,0.0,0.0
1990-09-20,256.0,189.0,36.0,0.0,0.0
1990-09-21,283.0,144.0,0.0,0.0,0.0
1990-09-22,239.0,150.0,305.0,0.0,0.0
1990-09-23,239.0,83.0,142.0,0.0,0.0
1990-09-24,178.0,33.0,0.0,0.0,0.0
1990-09-25,189.0,44.0,0.0,0.0,0.0
1990-09-26,217.0,39.0,0.0,0.0,0.0
1990-09-27,250.0,89.0,0.0,0.0,0.0
1990-09-28,256.0,94.0,0.0,0.0,0.0
1990-09-29,250.0,89.0,0.0,0.0,0.0
1990-09-30,261.0,128.0,0.0,0.0,0.0
1990-11-01,250.0,11.0,0.0,0.0,0.0
1990-11-02,256.0,11.0,0.0,0.0,0.0
1990-11-03,239.0,11.0,0.0,0.0,0.0
1990-11-04,239.0,6.0,0.0,0.0,0.0
1990-11-05,233.0,128.0,0.0,0.0,0.0
1990-11-06,217.0,11.0,124.0,0.0,0.0
1990-11-07,172.0,0.0,0.0,0.0,0.0
1990-11-08,194.0,-6.0,0.0,0.0,0.0
1990-11-09,167.0,83.0,0.0,0.0,0.0
1990-11-10,128.0,78.0,229.0,0.0,0.0
1990-11-11,89.0,-28.0,0.0,0.0,0.0
1990-11-12,172.0,-6.0,0.0,0.0,0.0
1990-11-13,178.0,-17.0,0.0,0.0,0.0
1990-11-14,200.0,-11.0,0.0,0.0,0.0
1990-11-15,211.0,0.0,0.0,0.0,0.0
1990-11-16,200.0,6.0,0.0,0.0,0.0
1990-11-17,206.0,0.0,20.0,0.0,0.0
1990-11-18,144.0,-33.0,0.0,0.0,0.0
1990-11-19,156.0,-44.0,0.0,0.0,0.0
1990-11-20,178.0,67.0,0.0,0.0,0.0
1990-11-21,200.0,22.0,0.0,0.0,0.0
1990-11-22,206.0,39.0,0.0,0.0,0.0
1990-11-23,194.0,106.0,66.0,0.0,0.0
1990-11-24,183.0,-6.0,0.0,0.0,0.0
1990-11-25,183.0,-11.0,0.0,0.0,0.0
1990-11-26,211.0,-11.0,0.0,0.0,0.0
1990-11-27,217.0,0.0,0.0,0.0,0.0
1990-11-28,244.0,139.0,0.0,0.0,0.0
1990-11-29,222.0,44.0,191.0,0.0,0.0
1990-11-30,100.0,-61.0,0.0,0.0,0.0
1991-01-01,33.0,-11.0,0.0,0.0,0.0
1991-01-02,117.0,61.0,0.0,0.0,0.0
1991-01-03,128.0,33.0,13.0,0.0,0.0
1991-01-04,72.0,22.0,102.0,0.0,0.0
1991-01-05,83.0,22.0,13.0,0.0,0.0
1991-01-06,122.0,44.0,0.0,0.0,0.0
1991-01-07,122.0,111.0,10.0,0.0,0.0
1991-01-08,161.0,78.0,81.0,0.0,0.0
1991-01-09,78.0,28.0,5.0,0.0,0.0
1991-01-10,83.0,50.0,0.0,0.0,0.0
1991-01-11,133.0,83.0,249.0,0.0,0.0
1991-01-12,106.0,83.0,145.0,0.0,0.0
1991-01-13,94.0,-17.0,8.0,0.0,0.0
1991-01-14,44.0,-56.0,0.0,0.0,0.0
1991-01-15,122.0,-56.0,0.0,0.0,0.0
1991-01-16,117.0,83.0,56.0,0.0,0.0
1991-01-17,150.0,33.0,0.0,0.0,0.0
1991-01-18,111.0,-44.0,0.0,0.0,0.0
1991-01-19,128.0,-44.0,0.0,0.0,0.0
1991-01-20,67.0,22.0,76.0,0.0,0.0
1991-01-21,94.0,-33.0,23.0,0.0,0.0
1991-01-22,-17.0,-100.0,0.0,0.0,0.0
1991-01-23,6.0,-111.0,0.0,0.0,0.0
1991-01-24,67.0,-111.0,0.0,0.0,0.0
1991-01-25,11.0,-78.0,0.0,0.0,0.0
1991-01-26,72.0,-83.0,0.0,0.0,0.0
1991-01-27,156.0,-61.0,0.0,0.0,0.0
1991-01-28,133.0,39.0,13.0,0.0,0.0
1991-01-29,161.0,6.0,0.0,0.0,0.0
1991-01-30,167.0,106.0,36.0,0.0,0.0
1991-01-31,128.0,-11.0,152.0,0.0,0.0
1991-02-01,72.0,-72.0,0.0,0.0,0.0
1991-02-02,122.0,-72.0,0.0,0.0,0.0
1991-02-03,150.0,-67.0,0.0,0.0,0.0
1991-02-04,178.0,-39.0,0.0,0.0,0.0
1991-02-05,206.0,-39.0,0.0,0.0,0.0
1991-02-06,183.0,44.0,25.0,0.0,0.0
1991-02-07,150.0,94.0,25.0,0.0,0.0
1991-02-08,106.0,11.0,0.0,0.0,0.0
1991-02-09,111.0,-39.0,0.0,0.0,0.0
1991-02-10,167.0,-33.0,0.0,0.0,0.0
1991-02-11,167.0,-33.0,0.0,0.0,0.0
1991-02-12,106.0,-39.0,0.0,0.0,0.0
1991-02-13,156.0,-33.0,0.0,0.0,0.0
1991-02-14,111.0,11.0,356.0,0.0,0.0
1991-02-15,122.0,-100.0,0.0,,51.0
1991-02-16,-94.0,-167.0,0.0,0.0,0.0
1991-02-17,11.0,-72.0,0.0,0.0,0.0
1991-02-18,17.0,-39.0,361.0,0.0,0.0
1991-02-19,139.0,17.0,216.0,0.0,0.0
1991-02-20,172.0,106.0,470.0,0.0,0.0
1991-02-21,161.0,83.0,25.0,0.0,0.0
1991-02-22,144.0,72.0,0.0,0.0,0.0
1991-02-23,111.0,72.0,56.0,0.0,0.0
1991-02-24,106.0,44.0,0.0,0.0,0.0
1991-02-25,150.0,44.0,0.0,0.0,0.0
1991-02-26,133.0,-6.0,25.0,0.0,0.0
1991-02-27,56.0,-67.0,0.0,0.0,0.0
1991-02-28,117.0,-67.0,0.0,0.0,0.0
1991-03-01,167.0,-44.0,0.0,0.0,0.0
1991-03-02,156.0,0.0,267.0,0.0,0.0
1991-03-03,217.0,100.0,51.0,0.0,0.0
1991-03-04,139.0,-6.0,25.0,0.0,0.0
1991-03-05,39.0,-39.0,0.0,0.0,0.0
1991-03-06,167.0,-44.0,0.0,0.0,0.0
1991-03-07,139.0,61.0,25.0,0.0,0.0
1991-03-08,156.0,0.0,25.0,0.0,0.0
1991-03-09,78.0,-50.0,89.0,0.0,0.0
1991-03-10,128.0,-28.0,0.0,0.0,0.0
1991-03-11,83.0,-50.0,0.0,0.0,0.0
1991-03-12,161.0,-50.0,0.0,0.0,0.0
1991-03-13,172.0,17.0,178.0,0.0,0.0
1991-03-14,178.0,33.0,25.0,0.0,0.0
1991-03-15,78.0,17.0,0.0,0.0,0.0
1991-03-16,150.0,0.0,0.0,0.0,0.0
1991-03-17,178.0,44.0,0.0,0.0,0.0
1991-03-18,111.0,44.0,122.0,0.0,0.0
1991-03-19,178.0,-11.0,0.0,0.0,0.0
1991-03-20,156.0,-17.0,0.0,0.0,0.0
1991-03-21,211.0,-17.0,0.0,0.0,0.0
1991-03-22,178.0,39.0,0.0,0.0,0.0
1991-03-23,239.0,144.0,0.0,0.0,0.0
1991-03-24,228.0,56.0,157.0,0.0,0.0
1991-03-25,228.0,11.0,0.0,0.0,0.0
1991-03-26,256.0,6.0,0.0,0.0,0.0
1991-03-27,272.0,0.0,0.0,0.0,0.0
1991-03-28,217.0,89.0,229.0,0.0,0.0
1991-03-29,228.0,111.0,267.0,0.0,0.0
1991-03-30,150.0,17.0,229.0,0.0,0.0
1991-03-31,94.0,-33.0,0.0,0.0,0.0
1991-04-01,144.0,-33.0,0.0,0.0,0.0
1991-04-02,200.0,-22.0,0.0,0.0,0.0
1991-04-03,228.0,0.0,0.0,0.0,0.0
1991-04-04,222.0,50.0,0.0,0.0,0.0
1991-04-05,178.0,106.0,132.0,0.0,0.0
1991-04-06,206.0,78.0,249.0,0.0,0.0
1991-04-07,256.0,78.0,0.0,0.0,0.0
1991-04-08,261.0,72.0,0.0,0.0,0.0
1991-04-09,228.0,150.0,178.0,0.0,0.0
1991-04-10,239.0,78.0,38.0,0.0,0.0
1991-04-11,217.0,17.0,0.0,0.0,0.0
1991-04-12,239.0,11.0,0.0,0.0,0.0
1991-04-13,161.0,100.0,76.0,0.0,0.0
1991-04-14,172.0,122.0,0.0,0.0,0.0
1991-04-15,233.0,150.0,0.0,0.0,0.0
1991-04-16,244.0,72.0,0.0,0.0,0.0
1991-04-17,267.0,67.0,0.0,0.0,0.0
1991-04-18,278.0,72.0,0.0,0.0,0.0
1991-04-19,278.0,72.0,279.0,0.0,0.0
1991-04-20,211.0,67.0,178.0,0.0,0.0
1991-04-21,172.0,72.0,0.0,0.0,0.0
1991-04-22,94.0,67.0,0.0,0.0,0.0
1991-04-23,156.0,56.0,0.0,0.0,0.0
1991-04-24,200.0,50.0,0.0,0.0,0.0
1991-04-25,217.0,17.0,0.0,0.0,0.0
1991-04-26,228.0,22.0,0.0,0.0,0.0
1991-04-27,239.0,122.0,0.0,0.0,0.0
1991-04-28,217.0,150.0,203.0,0.0,0.0
1991-04-29,256.0,139.0,76.0,0.0,0.0
1991-04-30,244.0,139.0,127.0,0.0,0.0
1991-05-01,217.0,117.0,56.0,0.0,0.0
1991-05-02,256.0,67.0,25.0,0.0,0.0
1991-05-03,250.0,33.0,0.0,0.0,0.0
1991-05-04,289.0,33.0,13.0,0.0,0.0
1991-05-05,194.0,144.0,64.0,0.0,0.0
1991-05-06,200.0,139.0,191.0,0.0,0.0
1991-05-07,228.0,39.0,25.0,0.0,0.0
1991-05-08,239.0,44.0,0.0,0.0,0.0
1991-05-09,244.0,67.0,76.0,0.0,0.0
1991-05-10,206.0,133.0,25.0,0.0,0.0
1991-05-11,250.0,144.0,0.0,0.0,0.0
1991-05-12,233.0,150.0,25.0,0.0,0.0
1991-05-13,228.0,167.0,203.0,0.0,0.0
1991-05-14,256.0,150.0,0.0,0.0,0.0
1991-05-15,272.0,139.0,0.0,0.0,0.0
1991-05-16,300.0,133.0,25.0,0.0,0.0
1991-05-17,267.0,156.0,51.0,0.0,0.0
1991-05-18,289.0,167.0,0.0,0.0,0.0
1991-05-19,294.0,167.0,0.0,0.0,0.0
1991-05-20,239.0,150.0,0.0,0.0,0.0
1991-05-21,250.0,150.0,0.0,0.0,0.0
1991-05-22,244.0,167.0,0.0,0.0,0.0
1991-05-23,261.0,167.0,0.0,0.0,0.0
1991-05-24,239.0,144.0,0.0,0.0,0.0
1991-05-25,283.0,150.0,0.0,0.0,0.0
1991-05-26,256.0,167.0,0.0,0.0,0.0
1991-05-27,278.0,167.0,132.0,0.0,0.0
1991-05-28,261.0,200.0,51.0,0.0,0.0
1991-05-29,283.0,194.0,25.0,0.0,0.0
1991-05-30,300.0,189.0,0.0,0.0,0.0
1991-05-31,306.0,178.0,0.0,0.0,0.0
1991-06-01,311.0,172.0,0.0,0.0,0.0
1991-06-02,300.0,183.0,0.0,0.0,0.0
1991-06-03,289.0,178.0,0.0,0.0,0.0
1991-06-04,294.0,178.0,249.0,0.0,0.0
1991-06-05,289.0,161.0,0.0,0.0,0.0
1991-06-06,267.0,156.0,0.0,0.0,0.0
1991-06-07,,111.0,0.0,0.0,0.0
1991-06-08,,117.0,0.0,0.0,0.0
1991-06-09,283.0,122.0,0.0,0.0,0.0
1991-06-10,306.0,128.0,0.0,0.0,0.0
1991-06-11,311.0,133.0,0.0,0.0,0.0
1991-06-12,306.0,139.0,0.0,0.0,0.0
1991-06-13,278.0,178.0,305.0,0.0,0.0
1991-06-14,317.0,189.0,13.0,0.0,0.0
1991-06-15,289.0,194.0,0.0,0.0,0.0
1991-06-16,289.0,178.0,0.0,0.0,0.0
1991-06-17,289.0,189.0,0.0,0.0,0.0
1991-06-18,322.0,133.0,0.0,0.0,0.0
1991-06-19,322.0,206.0,89.0,0.0,0.0
1991-06-20,322.0,200.0,13.0,0.0,0.0
1991-06-21,311.0,200.0,0.0,0.0,0.0
1991-06-22,322.0,178.0,64.0,0.0,0.0
1991-06-23,306.0,178.0,71.0,0.0,0.0
1991-06-24,300.0,172.0,0.0,0.0,0.0
1991-06-25,267.0,183.0,0.0,0.0,0.0
1991-06-26,228.0,167.0,203.0,0.0,0.0
1991-06-27,239.0,167.0,127.0,0.0,0.0
1991-06-28,256.0,167.0,107.0,0.0,0.0
1991-06-29,322.0,178.0,0.0,0.0,0.0
1991-06-30,333.0,200.0,0.0,0.0,0.0
1991-07-01,333.0,189.0,0.0,0.0,0.0
1991-07-02,333.0,189.0,0.0,0.0,0.0
1991-07-03,367.0,200.0,152.0,0.0,0.0
1991-07-04,350.0,189.0,0.0,0.0,0.0
1991-07-05,322.0,200.0,51.0,0.0,0.0
1991-07-06,294.0,178.0,0.0,0.0,0.0
1991-07-07,328.0,167.0,0.0,0.0,0.0
1991-07-08,333.0,200.0,0.0,0.0,0.0
1991-07-09,322.0,189.0,0.0,0.0,0.0
1991-07-10,350.0,189.0,0.0,0.0,0.0
1991-07-11,356.0,189.0,25.0,0.0,0.0
1991-07-12,339.0,206.0,0.0,0.0,0.0
1991-07-13,356.0,206.0,25.0,0.0,0.0
1991-07-14,350.0,194.0,0.0,0.0,0.0
1991-07-15,344.0,183.0,0.0,0.0,0.0
1991-07-16,322.0,189.0,0.0,0.0,0.0
1991-07-17,311.0,200.0,0.0,0.0,0.0
1991-07-18,267.0,200.0,152.0,0.0,0.0
1991-07-19,289.0,200.0,25.0,0.0,0.0
1991-07-20,328.0,206.0,0.0,0.0,0.0
1991-07-21,339.0,183.0,0.0,0.0,0.0
1991-07-22,333.0,200.0,0.0,0.0,0.0
1991-07-23,333.0,200.0,0.0,0.0,0.0
1991-07-24,356.0,200.0,0.0,0.0,0.0
1991-07-25,328.0,200.0,0.0,0.0,0.0
1991-07-26,339.0,194.0,25.0,0.0,0.0
1991-07-27,278.0,200.0,0.0,0.0,0.0
1991-07-28,339.0,200.0,0.0,0.0,0.0
1991-07-29,278.0,200.0,122.0,0.0,0.0
1991-07-30,306.0,189.0,13.0,0.0,0.0
1991-07-31,322.0,189.0,0.0,0.0,0.0
1991-08-01,344.0,200.0,284.0,0.0,0.0
1991-08-02,333.0,200.0,13.0,0.0,0.0
1991-08-03,333.0,178.0,0.0,0.0,0.0
1991-08-04,350.0,172.0,0.0,0.0,0.0
1991-08-05,356.0,189.0,102.0,0.0,0.0
1991-08-06,333.0,200.0,0.0,0.0,0.0
1991-08-07,356.0,183.0,0.0,0.0,0.0
1991-08-08,333.0,200.0,20.0,0.0,0.0
1991-08-09,333.0,200.0,305.0,0.0,0.0
1991-08-10,317.0,211.0,102.0,0.0,0.0
1991-08-11,328.0,178.0,0.0,0.0,0.0
1991-08-12,311.0,183.0,368.0,0.0,0.0
1991-08-13,222.0,183.0,229.0,0.0,0.0
1991-08-14,300.0,183.0,0.0,0.0,0.0
1991-08-15,217.0,167.0,178.0,0.0,0.0
1991-08-16,133.0,133.0,0.0,0.0,0.0
1991-08-17,300.0,133.0,0.0,0.0,0.0
1991-08-18,294.0,178.0,0.0,0.0,0.0
1991-08-19,311.0,183.0,0.0,0.0,0.0
1991-08-20,,,165.0,0.0,0.0
1991-08-21,,,0.0,0.0,0.0
1991-08-22,300.0,128.0,0.0,0.0,0.0
1991-08-23,317.0,156.0,0.0,0.0,0.0
1991-08-24,311.0,156.0,0.0,0.0,0.0
1991-08-25,,183.0,0.0,0.0,0.0
1991-08-26,283.0,183.0,445.0,0.0,0.0
1991-08-27,233.0,194.0,318.0,0.0,0.0
1991-08-28,306.0,150.0,0.0,0.0,0.0
1991-08-29,322.0,200.0,0.0,0.0,0.0
1991-08-30,322.0,200.0,51.0,0.0,0.0
1991-08-31,306.0,150.0,0.0,0.0,0.0
1991-09-01,317.0,128.0,0.0,0.0,0.0
1991-09-02,322.0,200.0,0.0,0.0,0.0
1991-09-03,244.0,167.0,0.0,0.0,0.0
1991-09-04,267.0,167.0,0.0,0.0,0.0
1991-09-05,278.0,167.0,0.0,0.0,0.0
1991-09-06,300.0,167.0,0.0,0.0,0.0
1991-09-07,311.0,183.0,0.0,0.0,0.0
1991-09-08,322.0,156.0,0.0,0.0,0.0
1991-09-09,311.0,178.0,0.0,0.0,0.0
1991-09-10,300.0,178.0,0.0,0.0,0.0
1991-09-11,278.0,178.0,0.0,0.0,0.0
1991-09-12,300.0,178.0,51.0,0.0,0.0
1991-09-13,311.0,178.0,0.0,0.0,0.0
1991-09-14,339.0,167.0,0.0,0.0,0.0
1991-09-15,328.0,189.0,0.0,0.0,0.0
1991-09-16,328.0,200.0,0.0,0.0,0.0
1991-09-17,328.0,200.0,0.0,0.0,0.0
1991-09-18,333.0,200.0,0.0,0.0,0.0
1991-09-19,322.0,200.0,30.0,0.0,0.0
1991-09-20,217.0,111.0,0.0,0.0,0.0
1991-09-21,217.0,89.0,0.0,0.0,0.0
1991-09-22,183.0,100.0,0.0,0.0,0.0
1991-09-23,244.0,100.0,0.0,0.0,0.0
1991-09-24,233.0,122.0,0.0,0.0,0.0
1991-09-25,200.0,156.0,152.0,0.0,0.0
1991-09-26,233.0,78.0,102.0,0.0,0.0
1991-09-27,239.0,72.0,0.0,0.0,0.0
1991-09-28,222.0,44.0,0.0,0.0,0.0
1991-09-29,250.0,50.0,0.0,0.0,0.0
1991-09-30,244.0,111.0,0.0,0.0,0.0
1991-10-01,256.0,122.0,0.0,0.0,0.0
1991-10-02,244.0,122.0,0.0,0.0,0.0
1991-10-03,267.0,133.0,0.0,0.0,0.0
1991-10-04,272.0,122.0,0.0,0.0,0.0
1991-10-05,278.0,122.0,0.0,0.0,0.0
1991-10-06,278.0,78.0,8.0,0.0,0.0
1991-10-07,167.0,0.0,0.0,0.0,0.0
1991-10-08,178.0,-11.0,0.0,0.0,0.0
1991-10-09,211.0,-11.0,0.0,0.0,0.0
1991-10-10,233.0,33.0,0.0,0.0,0.0
1991-10-11,233.0,78.0,0.0,0.0,0.0
1991-10-12,244.0,56.0,0.0,0.0,0.0
1991-10-13,167.0,0.0,0.0,0.0,0.0
1991-10-14,222.0,0.0,0.0,0.0,0.0
1991-10-15,233.0,44.0,64.0,0.0,0.0
1991-10-16,178.0,50.0,0.0,0.0,0.0
1991-10-17,178.0,0.0,0.0,0.0,0.0
1991-10-18,256.0,0.0,0.0,0.0,0.0
1991-10-19,256.0,44.0,0.0,0.0,0.0
1991-10-20,267.0,0.0,0.0,0.0,0.0
1991-10-21,267.0,67.0,0.0,0.0,0.0
1991-10-22,222.0,67.0,0.0,0.0,0.0
1991-10-23,239.0,67.0,0.0,0.0,0.0
1991-10-24,233.0,100.0,0.0,0.0,0.0
1991-10-25,244.0,156.0,0.0,0.0,0.0
1991-10-26,244.0,122.0,0.0,0.0,0.0
1991-10-27,250.0,139.0,0.0,0.0,0.0
1991-10-28,278.0,122.0,0.0,0.0,0.0
1991-10-29,289.0,122.0,0.0,0.0,0.0
1991-10-30,233.0,78.0,0.0,0.0,0.0
1991-10-31,222.0,78.0,0.0,0.0,0.0
1991-11-01,267.0,100.0,0.0,0.0,0.0
1991-11-02,156.0,44.0,132.0,0.0,0.0
1991-11-03,111.0,-11.0,0.0,0.0,0.0
1991-11-04,122.0,-33.0,0.0,0.0,0.0
1991-11-05,56.0,-78.0,0.0,0.0,0.0
1991-11-06,111.0,-78.0,0.0,0.0,0.0
1991-11-07,128.0,-56.0,0.0,0.0,0.0
1991-11-08,156.0,-22.0,25.0,0.0,
1991-11-09,33.0,-11.0,53.0,0.0,0.0
1991-11-10,44.0,0.0,25.0,0.0,0.0
1991-11-11,61.0,-44.0,0.0,0.0,0.0
1991-11-12,139.0,-50.0,0.0,0.0,0.0
1991-11-13,111.0,-50.0,0.0,0.0,0.0
1991-11-14,167.0,-39.0,0.0,0.0,0.0
1991-11-15,178.0,-6.0,0.0,0.0,0.0
1991-11-16,217.0,-61.0,0.0,0.0,0.0
1991-11-17,228.0,44.0,0.0,0.0,0.0
1991-11-18,200.0,44.0,0.0,0.0,0.0
1991-11-19,150.0,111.0,0.0,0.0,0.0
1991-11-20,183.0,150.0,0.0,0.0,0.0
1991-11-21,206.0,156.0,318.0,0.0,0.0
1991-11-22,178.0,122.0,610.0,0.0,0.0
1991-11-23,122.0,72.0,25.0,0.0,0.0
1991-11-24,122.0,-11.0,0.0,0.0,0.0
1991-11-25,56.0,-56.0,0.0,0.0,0.0
1991-11-26,72.0,-83.0,0.0,0.0,0.0
1991-11-27,100.0,-83.0,0.0,0.0,0.0
1991-11-28,133.0,-61.0,0.0,0.0,0.0
1991-11-29,178.0,-33.0,0.0,0.0,0.0
1991-11-30,211.0,-6.0,0.0,0.0,0.0
1991-12-01,217.0,178.0,64.0,0.0,0.0
1991-12-02,211.0,167.0,483.0,0.0,0.0
1991-12-03,222.0,133.0,457.0,0.0,0.0
1991-12-04,133.0,-11.0,127.0,0.0,0.0
1991-12-05,17.0,-83.0,0.0,0.0,0.0
1991-12-06,83.0,-83.0,0.0,0.0,0.0
1991-12-07,117.0,-50.0,0.0,0.0,0.0
1991-12-08,150.0,-22.0,0.0,0.0,0.0
1991-12-09,194.0,-17.0,13.0,0.0,0.0
1991-12-10,139.0,11.0,318.0,0.0,0.0
1991-12-11,150.0,-17.0,0.0,0.0,0.0
1991-12-12,167.0,-17.0,0.0,0.0,0.0
1991-12-13,156.0,22.0,0.0,0.0,0.0
1991-12-14,194.0,122.0,152.0,0.0,0.0
1991-12-15,144.0,-56.0,0.0,0.0,0.0
1991-12-16,83.0,-56.0,0.0,0.0,0.0
1991-12-17,83.0,-72.0,0.0,0.0,0.0
1991-12-18,139.0,-72.0,0.0,0.0,0.0
1991-12-19,83.0,-94.0,0.0,0.0,0.0
1991-12-20,94.0,-106.0,0.0,0.0,0.0
1991-12-21,89.0,-72.0,0.0,0.0,0.0
1991-12-22,122.0,33.0,51.0,0.0,0.0
1991-12-23,94.0,61.0,38.0,0.0,0.0
1991-12-24,139.0,67.0,234.0,0.0,0.0
1991-12-25,89.0,-44.0,0.0,0.0,0.0
1991-12-26,117.0,-44.0,0.0,0.0,0.0
1991-12-27,139.0,-39.0,0.0,0.0,0.0
1991-12-28,,,127.0,0.0,0.0
1991-12-29,100.0,72.0,191.0,0.0,0.0
1991-12-30,100.0,-22.0,0.0,0.0,0.0
1991-12-31,100.0,-28.0,0.0,0.0,0.0
1992-01-01,106.0,-33.0,0.0,0.0,0.0
1992-01-02,139.0,-28.0,0.0,0.0,0.0
1992-01-03,144.0,67.0,305.0,0.0,0.0
1992-01-04,83.0,50.0,102.0,0.0,0.0
1992-01-05,139.0,28.0,0.0,0.0,0.0
1992-01-06,117.0,28.0,0.0,0.0,0.0
1992-01-07,111.0,-44.0,0.0,0.0,0.0
1992-01-08,150.0,-44.0,0.0,0.0,0.0
1992-01-09,133.0,-28.0,25.0,0.0,0.0
1992-01-10,111.0,-61.0,0.0,0.0,0.0
1992-01-11,44.0,-61.0,0.0,0.0,0.0
1992-01-12,106.0,-61.0,0.0,0.0,0.0
1992-01-13,106.0,-33.0,25.0,0.0,0.0
1992-01-14,150.0,67.0,25.0,0.0,0.0
1992-01-15,67.0,-44.0,0.0,,
1992-01-16,28.0,-128.0,0.0,0.0,0.0
1992-01-17,-22.0,-133.0,0.0,0.0,0.0
1992-01-18,83.0,-78.0,0.0,0.0,0.0
1992-01-19,50.0,-78.0,0.0,0.0,0.0
1992-01-20,61.0,-111.0,0.0,0.0,0.0
1992-01-21,100.0,-111.0,0.0,0.0,0.0
1992-01-22,150.0,-61.0,0.0,0.0,0.0
1992-01-23,156.0,-33.0,406.0,0.0,0.0
1992-01-24,122.0,0.0,76.0,0.0,0.0
1992-01-25,44.0,-78.0,0.0,0.0,0.0
1992-01-26,128.0,-78.0,0.0,0.0,0.0
1992-01-27,128.0,-33.0,0.0,0.0,0.0
1992-01-28,94.0,6.0,51.0,0.0,0.0
1992-01-29,144.0,44.0,0.0,0.0,0.0
1992-01-30,156.0,28.0,0.0,0.0,0.0
1992-01-31,150.0,-22.0,0.0,0.0,0.0
1992-02-01,144.0,-11.0,0.0,0.0,0.0
1992-02-02,150.0,-78.0,0.0,0.0,0.0
1992-02-03,161.0,-72.0,0.0,0.0,0.0
1992-02-04,167.0,-33.0,0.0,0.0,0.0
1992-02-05,200.0,-33.0,0.0,0.0,0.0
1992-02-06,106.0,0.0,0.0,0.0,0.0
1992-02-07,178.0,-22.0,0.0,0.0,0.0
1992-02-08,150.0,-33.0,0.0,0.0,0.0
1992-02-09,50.0,-100.0,0.0,0.0,0.0
1992-02-10,89.0,-100.0,0.0,0.0,0.0
1992-02-11,111.0,-61.0,0.0,0.0,0.0
1992-02-12,156.0,-22.0,0.0,0.0,0.0
1992-02-13,172.0,-22.0,0.0,0.0,0.0
1992-02-14,78.0,67.0,51.0,0.0,0.0
1992-02-15,161.0,117.0,330.0,0.0,0.0
1992-02-16,161.0,44.0,127.0,0.0,0.0
1992-02-17,161.0,-11.0,0.0,0.0,0.0
1992-02-18,106.0,6.0,76.0,0.0,0.0
1992-02-19,133.0,83.0,51.0,0.0,0.0
1992-02-20,150.0,28.0,0.0,0.0,0.0
1992-02-21,139.0,-44.0,0.0,0.0,0.0
1992-02-22,167.0,-17.0,0.0,0.0,0.0
1992-02-23,217.0,-17.0,64.0,0.0,0.0
1992-02-24,206.0,89.0,127.0,0.0,0.0
1992-02-25,206.0,72.0,64.0,0.0,0.0
1992-02-26,139.0,83.0,787.0,0.0,0.0
1992-02-27,106.0,-28.0,0.0,0.0,0.0
1992-02-28,122.0,-33.0,0.0,0.0,0.0
1992-02-29,183.0,56.0,0.0,0.0,0.0
1992-03-01,111.0,-39.0,0.0,0.0,0.0
1992-03-02,194.0,-39.0,0.0,0.0,0.0
1992-03-03,239.0,-22.0,0.0,0.0,0.0
1992-03-04,250.0,0.0,0.0,0.0,0.0
1992-03-05,222.0,78.0,0.0,0.0,0.0
1992-03-06,200.0,72.0,122.0,0.0,0.0
1992-03-07,,,51.0,0.0,0.0
1992-03-08,228.0,106.0,0.0,0.0,0.0
1992-03-09,228.0,33.0,0.0,0.0,0.0
1992-03-10,244.0,44.0,216.0,0.0,0.0
1992-03-11,194.0,-61.0,122.0,0.0,0.0
1992-03-12,44.0,-56.0,,,
1992-03-13,100.0,-56.0,,,
1992-03-14,,-33.0,0.0,0.0,0.0
1992-03-15,122.0,-39.0,0.0,0.0,0.0
1992-03-16,117.0,-72.0,0.0,0.0,0.0
1992-03-17,128.0,-44.0,0.0,0.0,0.0
1992-03-18,233.0,-39.0,0.0,0.0,0.0
1992-03-19,139.0,72.0,305.0,0.0,0.0
1992-03-20,183.0,33.0,64.0,0.0,0.0
1992-03-21,,-56.0,0.0,0.0,0.0
1992-03-22,144.0,-39.0,25.0,0.0,0.0
1992-03-23,72.0,11.0,445.0,0.0,0.0
1992-03-24,83.0,-56.0,0.0,0.0,0.0
1992-03-25,139.0,-56.0,0.0,0.0,0.0
1992-03-26,83.0,11.0,157.0,0.0,0.0
1992-03-27,144.0,50.0,25.0,0.0,0.0
1992-03-28,,,0.0,0.0,0.0
1992-03-29,172.0,11.0,0.0,0.0,0.0
1992-03-30,167.0,11.0,56.0,0.0,0.0
1992-03-31,133.0,50.0,160.0,0.0,0.0
1992-04-01,139.0,-11.0,0.0,0.0,0.0
1992-04-02,161.0,-17.0,0.0,0.0,0.0
1992-04-03,61.0,-72.0,0.0,0.0,0.0
1992-04-04,,6.0,0.0,0.0,0.0
1992-04-05,183.0,-33.0,0.0,0.0,0.0
1992-04-06,167.0,0.0,0.0,0.0,0.0
1992-04-07,167.0,72.0,38.0,0.0,0.0
1992-04-08,150.0,61.0,25.0,0.0,0.0
1992-04-09,239.0,39.0,0.0,0.0,0.0
1992-04-10,261.0,61.0,0.0,0.0,0.0
1992-04-11,278.0,,0.0,0.0,0.0
1992-04-12,211.0,56.0,152.0,0.0,0.0
1992-04-13,256.0,94.0,25.0,0.0,0.0
1992-04-14,261.0,72.0,0.0,0.0,0.0
1992-04-15,261.0,67.0,0.0,0.0,0.0
1992-04-16,267.0,128.0,0.0,0.0,0.0
1992-04-17,278.0,94.0,0.0,0.0,0.0
1992-04-18,,128.0,0.0,0.0,0.0
1992-04-19,278.0,122.0,0.0,0.0,0.0
1992-04-20,222.0,167.0,127.0,0.0,0.0
1992-04-21,222.0,150.0,239.0,0.0,0.0
1992-04-22,217.0,56.0,191.0,0.0,0.0
1992-04-23,228.0,33.0,0.0,0.0,0.0
1992-04-24,278.0,33.0,0.0,0.0,0.0
1992-04-25,,111.0,71.0,0.0,0.0
1992-04-26,172.0,56.0,0.0,0.0,0.0
1992-04-27,106.0,50.0,0.0,0.0,0.0
1992-04-28,128.0,33.0,38.0,0.0,0.0
1992-04-29,128.0,-22.0,0.0,0.0,0.0
1992-04-30,194.0,-72.0,0.0,0.0,0.0
1992-05-01,211.0,56.0,64.0,0.0,0.0
1992-05-02,,,0.0,0.0,0.0
1992-05-03,272.0,78.0,0.0,0.0,0.0
1992-05-04,250.0,72.0,0.0,0.0,0.0
1992-05-05,239.0,39.0,5.0,0.0,0.0
1992-05-06,194.0,22.0,0.0,0.0,0.0
1992-05-07,122.0,28.0,13.0,0.0,0.0
1992-05-08,100.0,56.0,203.0,0.0,0.0
1992-05-09,211.0,39.0,0.0,0.0,0.0
1992-05-10,,,127.0,0.0,0.0
1992-05-11,256.0,56.0,0.0,0.0,0.0
1992-05-12,278.0,61.0,0.0,0.0,0.0
1992-05-13,272.0,106.0,25.0,0.0,0.0
1992-05-14,239.0,111.0,0.0,0.0,0.0
1992-05-15,278.0,111.0,127.0,0.0,0.0
1992-05-16,,,0.0,0.0,0.0
1992-05-17,272.0,133.0,0.0,0.0,0.0
1992-05-18,278.0,122.0,0.0,0.0,0.0
1992-05-19,278.0,122.0,25.0,0.0,0.0
1992-05-20,289.0,144.0,274.0,0.0,0.0
1992-05-21,217.0,117.0,0.0,0.0,0.0
1992-05-22,239.0,72.0,0.0,0.0,0.0
1992-05-23,267.0,61.0,0.0,0.0,0.0
1992-05-24,289.0,61.0,0.0,0.0,0.0
1992-05-25,267.0,144.0,0.0,0.0,0.0
1992-05-26,233.0,117.0,0.0,0.0,0.0
1992-05-27,206.0,61.0,0.0,0.0,0.0
1992-05-28,217.0,56.0,0.0,0.0,0.0
1992-05-29,189.0,100.0,20.0,0.0,0.0
1992-05-30,228.0,128.0,76.0,0.0,0.0
1992-05-31,228.0,67.0,0.0,0.0,0.0
1992-06-01,228.0,67.0,0.0,0.0,0.0
1992-06-02,222.0,61.0,0.0,0.0,0.0
1992-06-03,250.0,89.0,0.0,0.0,0.0
1992-06-04,183.0,133.0,191.0,0.0,0.0
1992-06-05,211.0,156.0,191.0,0.0,0.0
1992-06-06,244.0,144.0,0.0,0.0,0.0
1992-06-07,278.0,144.0,0.0,0.0,0.0
1992-06-08,289.0,144.0,0.0,0.0,0.0
1992-06-09,278.0,178.0,312.0,0.0,0.0
1992-06-10,250.0,194.0,102.0,0.0,0.0
1992-06-11,283.0,172.0,0.0,0.0,0.0
1992-06-12,267.0,144.0,51.0,0.0,0.0
1992-06-13,200.0,172.0,53.0,0.0,0.0
1992-06-14,206.0,167.0,114.0,0.0,0.0
1992-06-15,256.0,167.0,20.0,0.0,0.0
1992-06-16,278.0,167.0,0.0,0.0,0.0
1992-06-17,294.0,167.0,0.0,0.0,0.0
1992-06-18,272.0,161.0,0.0,0.0,0.0
1992-06-19,289.0,161.0,38.0,0.0,0.0
1992-06-20,,,0.0,0.0,0.0
1992-06-21,283.0,128.0,0.0,0.0,0.0
1992-06-22,239.0,72.0,0.0,0.0,0.0
1992-06-23,239.0,72.0,0.0,0.0,0.0
1992-06-24,267.0,100.0,0.0,0.0,0.0
1992-06-25,289.0,133.0,0.0,0.0,0.0
1992-06-26,300.0,144.0,5.0,0.0,0.0
1992-06-27,,,0.0,0.0,0.0
1992-06-28,283.0,133.0,0.0,0.0,0.0
1992-06-29,283.0,133.0,0.0,0.0,0.0
1992-06-30,289.0,167.0,0.0,0.0,0.0
1992-08-01,,178.0,107.0,0.0,0.0
1992-08-02,267.0,144.0,0.0,0.0,0.0
1992-08-03,278.0,139.0,0.0,0.0,0.0
1992-08-04,283.0,139.0,0.0,0.0,0.0
1992-08-05,289.0,161.0,0.0,0.0,0.0
1992-08-06,272.0,161.0,0.0,0.0,0.0
1992-08-07,228.0,178.0,76.0,0.0,0.0
1992-08-08,,,0.0,0.0,0.0
1992-08-09,283.0,183.0,0.0,0.0,0.0
1992-08-10,272.0,183.0,76.0,0.0,0.0
1992-08-11,306.0,178.0,76.0,0.0,0.0
1992-08-12,300.0,178.0,0.0,0.0,0.0
1992-08-13,289.0,178.0,25.0,0.0,0.0
1992-08-14,217.0,167.0,102.0,0.0,0.0
1992-08-15,267.0,161.0,127.0,0.0,0.0
1992-08-16,256.0,139.0,0.0,0.0,0.0
1992-08-17,256.0,167.0,152.0,0.0,0.0
1992-08-18,256.0,161.0,25.0,0.0,0.0
1992-08-19,267.0,156.0,0.0,0.0,0.0
1992-08-20,278.0,150.0,0.0,0.0,0.0
1992-08-21,244.0,167.0,76.0,0.0,0.0
1992-08-22,239.0,167.0,38.0,0.0,0.0
1992-08-23,233.0,183.0,203.0,0.0,0.0
1992-08-24,267.0,167.0,0.0,0.0,0.0
1992-08-25,289.0,172.0,0.0,0.0,0.0
1992-08-26,294.0,183.0,0.0,0.0,0.0
1992-08-27,289.0,178.0,51.0,0.0,0.0
1992-08-28,267.0,178.0,300.0,0.0,0.0
1992-08-29,244.0,106.0,25.0,0.0,0.0
1992-08-30,250.0,100.0,0.0,0.0,0.0
1992-08-31,267.0,133.0,0.0,0.0,0.0
1992-09-01,267.0,133.0,0.0,0.0,0.0
1992-09-02,283.0,167.0,0.0,0.0,0.0
1992-09-03,283.0,183.0,25.0,0.0,0.0
1992-09-04,239.0,178.0,56.0,0.0,0.0
1992-09-05,222.0,172.0,152.0,0.0,0.0
1992-09-06,256.0,183.0,132.0,0.0,0.0
1992-09-07,267.0,183.0,20.0,0.0,0.0
1992-09-08,278.0,206.0,0.0,0.0,0.0
1992-09-09,289.0,167.0,0.0,0.0,0.0
1992-09-10,283.0,172.0,0.0,0.0,0.0
1992-09-11,283.0,172.0,279.0,0.0,0.0
1992-09-12,261.0,172.0,0.0,0.0,0.0
1992-09-13,261.0,117.0,0.0,0.0,0.0
1992-09-14,256.0,144.0,0.0,0.0,0.0
1992-09-15,256.0,139.0,0.0,0.0,0.0
1992-09-16,261.0,117.0,0.0,0.0,0.0
1992-09-17,261.0,144.0,0.0,0.0,0.0
1992-09-18,272.0,150.0,0.0,0.0,0.0
1992-09-19,239.0,189.0,178.0,0.0,0.0
1992-09-20,267.0,161.0,0.0,0.0,0.0
1992-09-21,272.0,206.0,0.0,0.0,0.0
1992-09-22,261.0,189.0,81.0,0.0,0.0
1992-09-23,272.0,178.0,58.0,0.0,0.0
1992-09-24,261.0,161.0,0.0,0.0,0.0
1992-09-25,200.0,94.0,0.0,0.0,0.0
1992-09-26,250.0,128.0,0.0,0.0,0.0
1992-09-27,222.0,139.0,76.0,0.0,0.0
1992-09-28,222.0,183.0,0.0,0.0,0.0
1992-09-29,239.0,100.0,51.0,0.0,0.0
1992-09-30,228.0,44.0,0.0,0.0,0.0
1992-10-01,217.0,22.0,0.0,0.0,0.0
1992-10-02,206.0,22.0,0.0,0.0,0.0
1992-10-03,217.0,67.0,0.0,0.0,0.0
1992-10-04,206.0,72.0,254.0,0.0,0.0
1992-10-05,167.0,128.0,180.0,0.0,0.0
1992-10-06,200.0,61.0,25.0,0.0,0.0
1992-10-07,194.0,61.0,0.0,0.0,0.0
1992-10-08,206.0,56.0,0.0,0.0,0.0
1992-10-09,206.0,128.0,0.0,0.0,0.0
1992-10-10,200.0,17.0,0.0,0.0,0.0
1992-10-11,217.0,17.0,76.0,0.0,0.0
1992-10-12,167.0,11.0,0.0,0.0,0.0
1992-10-13,183.0,11.0,0.0,0.0,0.0
1992-10-14,228.0,22.0,0.0,0.0,0.0
1992-10-15,256.0,56.0,0.0,0.0,0.0
1992-10-16,244.0,72.0,0.0,0.0,0.0
1992-10-17,200.0,94.0,0.0,0.0,0.0
1992-10-18,178.0,56.0,0.0,0.0,0.0
1992-10-19,172.0,-11.0,0.0,0.0,0.0
1992-10-20,133.0,-22.0,0.0,0.0,0.0
1992-10-21,161.0,-22.0,0.0,0.0,0.0
1992-10-22,217.0,67.0,0.0,0.0,0.0
1992-10-23,233.0,39.0,0.0,0.0,0.0
1992-10-24,228.0,39.0,0.0,0.0,0.0
1992-10-25,239.0,50.0,0.0,0.0,0.0
1992-10-26,217.0,-6.0,0.0,0.0,0.0
1992-10-27,222.0,-6.0,0.0,0.0,0.0
1992-10-28,217.0,39.0,38.0,0.0,0.0
1992-10-29,200.0,83.0,18.0,0.0,0.0
1992-10-30,211.0,83.0,0.0,0.0,0.0
1992-10-31,211.0,83.0,140.0,0.0,0.0
1992-11-01,211.0,106.0,0.0,0.0,0.0
1992-11-02,183.0,111.0,140.0,0.0,0.0
1992-11-03,189.0,44.0,183.0,0.0,0.0
1992-11-04,228.0,50.0,0.0,0.0,0.0
1992-11-05,167.0,133.0,279.0,0.0,0.0
1992-11-06,144.0,22.0,18.0,0.0,0.0
1992-11-07,94.0,11.0,0.0,0.0,0.0
1992-11-08,89.0,-50.0,0.0,0.0,0.0
1992-11-09,117.0,-50.0,0.0,0.0,0.0
1992-11-10,156.0,-33.0,0.0,0.0,0.0
1992-11-11,172.0,-22.0,0.0,0.0,0.0
1992-11-12,178.0,111.0,89.0,0.0,0.0
1992-11-13,161.0,6.0,292.0,0.0,0.0
1992-11-14,117.0,-39.0,0.0,0.0,0.0
1992-11-15,117.0,-33.0,0.0,0.0,0.0
1992-11-16,106.0,-50.0,0.0,0.0,0.0
1992-11-17,133.0,-50.0,0.0,0.0,0.0
1992-11-18,189.0,-33.0,0.0,0.0,0.0
1992-11-19,217.0,-17.0,0.0,0.0,0.0
1992-11-20,228.0,-17.0,0.0,0.0,0.0
1992-11-21,183.0,11.0,25.0,0.0,0.0
1992-11-22,172.0,133.0,183.0,0.0,0.0
1992-11-23,194.0,33.0,234.0,0.0,0.0
1992-11-24,139.0,33.0,25.0,0.0,0.0
1992-11-25,133.0,78.0,381.0,0.0,0.0
1992-11-26,183.0,78.0,178.0,0.0,0.0
1992-11-27,167.0,-11.0,0.0,0.0,0.0
1992-11-28,61.0,6.0,0.0,0.0,0.0
1992-11-29,56.0,17.0,0.0,0.0,0.0
1992-11-30,67.0,-39.0,0.0,0.0,0.0
1993-01-01,211.0,22.0,0.0,0.0,0.0
1993-01-02,133.0,17.0,0.0,0.0,0.0
1993-01-03,144.0,6.0,0.0,0.0,0.0
1993-01-04,144.0,89.0,0.0,0.0,0.0
1993-01-05,167.0,117.0,127.0,0.0,0.0
1993-01-06,144.0,50.0,0.0,0.0,0.0
1993-01-07,128.0,56.0,0.0,0.0,0.0
1993-01-08,139.0,67.0,127.0,0.0,0.0
1993-01-09,111.0,72.0,127.0,0.0,0.0
1993-01-10,117.0,56.0,51.0,0.0,0.0
1993-01-11,100.0,56.0,25.0,0.0,0.0
1993-01-12,111.0,78.0,279.0,0.0,0.0
1993-01-13,150.0,94.0,127.0,0.0,0.0
1993-01-14,133.0,-28.0,0.0,0.0,0.0
1993-01-15,61.0,-33.0,0.0,0.0,0.0
1993-01-16,83.0,-33.0,51.0,0.0,0.0
1993-01-17,106.0,17.0,0.0,0.0,0.0
1993-01-18,117.0,-17.0,0.0,0.0,0.0
1993-01-19,89.0,-11.0,64.0,0.0,0.0
1993-01-20,72.0,39.0,48.0,0.0,0.0
1993-01-21,89.0,44.0,51.0,0.0,0.0
1993-01-22,106.0,61.0,81.0,0.0,0.0
1993-01-23,133.0,-39.0,0.0,0.0,0.0
1993-01-24,189.0,-39.0,0.0,0.0,0.0
1993-01-25,117.0,-50.0,234.0,0.0,0.0
1993-01-26,83.0,-61.0,0.0,0.0,0.0
1993-01-27,106.0,-61.0,0.0,0.0,0.0
1993-01-28,117.0,-61.0,0.0,0.0,0.0
1993-01-29,156.0,-56.0,0.0,0.0,0.0
1993-01-30,139.0,-72.0,0.0,0.0,0.0
1993-01-31,133.0,-89.0,0.0,0.0,0.0
1993-02-01,144.0,-83.0,0.0,0.0,0.0
1993-02-02,122.0,-72.0,0.0,0.0,0.0
1993-02-03,133.0,-72.0,0.0,0.0,0.0
1993-02-04,144.0,-72.0,0.0,0.0,0.0
1993-02-05,167.0,-67.0,0.0,0.0,0.0
1993-02-06,161.0,,0.0,0.0,0.0
1993-02-07,172.0,-39.0,0.0,0.0,0.0
1993-02-08,178.0,-44.0,0.0,0.0,0.0
1993-02-09,200.0,-39.0,0.0,0.0,0.0
1993-02-10,172.0,-39.0,0.0,0.0,0.0
1993-02-11,133.0,50.0,0.0,0.0,0.0
1993-02-12,117.0,56.0,38.0,0.0,0.0
1993-02-13,167.0,44.0,25.0,0.0,0.0
1993-02-14,50.0,11.0,13.0,0.0,0.0
1993-02-15,28.0,-61.0,0.0,0.0,0.0
1993-02-16,67.0,-56.0,114.0,0.0,0.0
1993-02-17,122.0,-28.0,25.0,0.0,0.0
1993-02-18,56.0,-61.0,0.0,0.0,0.0
1993-02-19,6.0,-128.0,0.0,0.0,0.0
1993-02-20,67.0,-128.0,0.0,0.0,0.0
1993-02-21,61.0,56.0,64.0,0.0,0.0
1993-02-22,156.0,33.0,310.0,0.0,0.0
1993-02-23,128.0,-39.0,0.0,0.0,0.0
1993-02-24,72.0,-67.0,0.0,0.0,0.0
1993-02-25,72.0,-67.0,,,
1993-02-26,22.0,-33.0,,,
1993-02-27,50.0,-17.0,0.0,,0.0
1993-02-28,28.0,-56.0,0.0,,0.0
1993-03-01,83.0,-72.0,0.0,0.0,0.0
1993-03-02,150.0,-72.0,0.0,0.0,0.0
1993-03-03,78.0,17.0,76.0,0.0,0.0
1993-03-04,111.0,67.0,165.0,0.0,0.0
1993-03-05,72.0,6.0,51.0,0.0,0.0
1993-03-06,11.0,-22.0,0.0,0.0,0.0
1993-03-07,111.0,-50.0,0.0,0.0,0.0
1993-03-08,144.0,-50.0,25.0,0.0,0.0
1993-03-09,167.0,-11.0,0.0,0.0,0.0
1993-03-10,172.0,17.0,0.0,0.0,0.0
1993-03-11,222.0,-6.0,0.0,0.0,0.0
1993-03-12,106.0,-17.0,0.0,0.0,0.0
1993-03-13,-33.0,-17.0,,381.0,
1993-03-14,-44.0,-94.0,,483.0,
1993-03-15,-33.0,-178.0,0.0,,0.0
1993-03-16,56.0,-172.0,0.0,,0.0
1993-03-17,72.0,0.0,25.0,,0.0
1993-03-18,106.0,-28.0,71.0,,0.0
1993-03-19,122.0,-33.0,0.0,,0.0
1993-03-20,122.0,-33.0,0.0,,0.0
1993-03-21,106.0,28.0,13.0,,0.0
1993-03-22,144.0,22.0,0.0,,0.0
1993-03-23,161.0,72.0,51.0,0.0,0.0
1993-03-24,172.0,106.0,132.0,0.0,0.0
1993-03-25,189.0,28.0,0.0,0.0,0.0
1993-03-26,211.0,133.0,0.0,0.0,0.0
1993-03-27,150.0,89.0,330.0,0.0,0.0
1993-03-28,133.0,89.0,25.0,0.0,0.0
1993-03-29,133.0,28.0,0.0,0.0,0.0
1993-03-30,211.0,17.0,0.0,0.0,0.0
1993-03-31,256.0,17.0,0.0,0.0,0.0
1993-04-01,206.0,61.0,97.0,0.0,0.0
1993-04-02,128.0,17.0,51.0,0.0,0.0
1993-04-03,28.0,-44.0,0.0,0.0,0.0
1993-04-04,172.0,-44.0,0.0,0.0,0.0
1993-04-05,156.0,11.0,0.0,0.0,0.0
1993-04-06,117.0,67.0,152.0,0.0,0.0
1993-04-07,139.0,61.0,0.0,0.0,0.0
1993-04-08,194.0,44.0,0.0,0.0,0.0
1993-04-09,211.0,50.0,0.0,0.0,0.0
1993-04-10,122.0,78.0,0.0,0.0,0.0
1993-04-11,172.0,17.0,0.0,0.0,0.0
1993-04-12,250.0,17.0,0.0,0.0,0.0
1993-04-13,250.0,50.0,0.0,0.0,0.0
1993-04-14,278.0,61.0,0.0,0.0,0.0
1993-04-15,283.0,61.0,0.0,0.0,0.0
1993-04-16,206.0,61.0,178.0,0.0,0.0
1993-04-17,117.0,44.0,0.0,0.0,0.0
1993-04-18,156.0,17.0,0.0,0.0,0.0
1993-04-19,200.0,22.0,0.0,0.0,0.0
1993-04-20,228.0,22.0,0.0,0.0,0.0
1993-04-21,250.0,78.0,18.0,0.0,0.0
1993-04-22,122.0,22.0,0.0,0.0,0.0
1993-04-23,128.0,,0.0,0.0,0.0
1993-04-24,200.0,-11.0,0.0,0.0,0.0
1993-04-25,250.0,28.0,0.0,0.0,0.0
1993-04-26,256.0,61.0,183.0,0.0,0.0
1993-04-27,178.0,11.0,0.0,0.0,0.0
1993-04-28,244.0,11.0,0.0,0.0,0.0
1993-04-29,256.0,22.0,0.0,0.0,0.0
1993-04-30,,,0.0,0.0,0.0
1993-05-01,233.0,72.0,0.0,0.0,0.0
1993-05-02,239.0,72.0,0.0,0.0,0.0
1993-05-03,217.0,139.0,0.0,0.0,0.0
1993-05-04,194.0,156.0,76.0,0.0,0.0
1993-05-05,256.0,89.0,152.0,0.0,0.0
1993-05-06,261.0,89.0,0.0,0.0,0.0
1993-05-07,278.0,89.0,0.0,0.0,0.0
1993-05-08,294.0,89.0,0.0,0.0,0.0
1993-05-09,261.0,117.0,140.0,0.0,0.0
1993-05-10,278.0,106.0,0.0,0.0,0.0
1993-05-11,272.0,100.0,0.0,0.0,0.0
1993-05-12,267.0,100.0,0.0,0.0,0.0
1993-05-13,244.0,128.0,25.0,0.0,0.0
1993-05-14,194.0,111.0,51.0,0.0,0.0
1993-05-15,228.0,83.0,0.0,0.0,0.0
1993-05-16,261.0,72.0,0.0,0.0,0.0
1993-05-17,272.0,72.0,0.0,0.0,0.0
1993-05-18,272.0,139.0,0.0,0.0,0.0
1993-05-19,278.0,150.0,0.0,0.0,0.0
1993-05-20,206.0,78.0,76.0,0.0,0.0
1993-05-21,194.0,22.0,0.0,0.0,0.0
1993-05-22,172.0,17.0,0.0,0.0,0.0
1993-05-23,206.0,11.0,0.0,0.0,0.0
1993-05-24,244.0,33.0,0.0,0.0,0.0
1993-05-25,267.0,67.0,0.0,0.0,0.0
1993-05-26,178.0,144.0,157.0,0.0,0.0
1993-05-27,250.0,89.0,0.0,0.0,0.0
1993-05-28,272.0,89.0,0.0,0.0,0.0
1993-05-29,278.0,111.0,0.0,0.0,0.0
1993-05-30,261.0,139.0,229.0,0.0,0.0
1993-05-31,272.0,139.0,13.0,0.0,0.0
1993-06-01,228.0,117.0,203.0,0.0,0.0
1993-06-02,239.0,89.0,0.0,0.0,0.0
1993-06-03,261.0,89.0,0.0,0.0,0.0
1993-06-04,289.0,128.0,0.0,0.0,0.0
1993-06-05,294.0,161.0,0.0,0.0,0.0
1993-06-06,278.0,94.0,0.0,0.0,0.0
1993-06-07,272.0,111.0,0.0,0.0,0.0
1993-06-08,306.0,128.0,0.0,0.0,0.0
1993-06-09,317.0,161.0,0.0,0.0,0.0
1993-06-10,328.0,161.0,0.0,0.0,0.0
1993-06-11,317.0,156.0,0.0,0.0,0.0
1993-06-12,317.0,144.0,0.0,0.0,0.0
1993-06-13,317.0,144.0,0.0,0.0,0.0
1993-06-14,294.0,178.0,0.0,0.0,0.0
1993-06-15,278.0,172.0,102.0,0.0,0.0
1993-06-16,261.0,122.0,0.0,0.0,0.0
1993-06-17,300.0,128.0,0.0,0.0,0.0
1993-06-18,311.0,172.0,0.0,0.0,0.0
1993-06-19,306.0,172.0,25.0,0.0,0.0
1993-06-20,300.0,133.0,0.0,0.0,0.0
1993-06-21,306.0,133.0,0.0,0.0,0.0
1993-06-22,217.0,178.0,102.0,0.0,0.0
1993-06-23,278.0,150.0,0.0,0.0,0.0
1993-06-24,300.0,150.0,76.0,0.0,0.0
1993-06-25,272.0,167.0,20.0,0.0,0.0
1993-06-26,283.0,161.0,0.0,0.0,0.0
1993-06-27,300.0,133.0,0.0,0.0,0.0
1993-06-28,317.0,133.0,0.0,0.0,0.0
1993-06-29,317.0,167.0,0.0,0.0,0.0
1993-06-30,283.0,178.0,51.0,0.0,0.0
1993-07-01,311.0,178.0,64.0,0.0,0.0
1993-07-02,317.0,178.0,0.0,0.0,0.0
1993-07-03,311.0,178.0,0.0,0.0,0.0
1993-07-04,328.0,172.0,0.0,0.0,0.0
1993-07-05,333.0,178.0,0.0,0.0,0.0
1993-07-06,339.0,172.0,0.0,0.0,0.0
1993-07-07,339.0,150.0,0.0,0.0,0.0
1993-07-08,350.0,150.0,0.0,0.0,0.0
1993-07-09,361.0,172.0,0.0,0.0,0.0
1993-07-10,356.0,178.0,0.0,0.0,0.0
1993-07-11,339.0,178.0,0.0,0.0,0.0
1993-07-12,333.0,167.0,0.0,0.0,0.0
1993-07-13,333.0,167.0,23.0,0.0,0.0
1993-07-14,322.0,172.0,0.0,0.0,0.0
1993-07-15,322.0,189.0,0.0,0.0,0.0
1993-07-16,311.0,189.0,330.0,0.0,0.0
1993-07-17,306.0,178.0,0.0,0.0,0.0
1993-07-18,317.0,178.0,0.0,0.0,0.0
1993-07-19,333.0,183.0,0.0,0.0,0.0
1993-07-20,333.0,189.0,0.0,0.0,0.0
1993-07-21,328.0,161.0,0.0,0.0,0.0
1993-07-22,339.0,172.0,0.0,0.0,0.0
1993-07-23,356.0,183.0,0.0,0.0,0.0
1993-07-24,356.0,194.0,0.0,0.0,0.0
1993-07-25,356.0,194.0,0.0,0.0,0.0
1993-07-26,356.0,189.0,305.0,0.0,0.0
1993-07-27,328.0,194.0,0.0,0.0,0.0
1993-07-28,344.0,194.0,0.0,0.0,0.0
1993-07-29,339.0,189.0,0.0,0.0,0.0
1993-07-30,339.0,133.0,0.0,0.0,0.0
1993-07-31,294.0,117.0,0.0,0.0,0.0
1993-08-01,289.0,89.0,0.0,0.0,0.0
1993-08-02,294.0,150.0,0.0,0.0,0.0
1993-08-03,294.0,194.0,0.0,0.0,0.0
1993-08-04,300.0,189.0,127.0,0.0,0.0
1993-08-05,289.0,189.0,0.0,0.0,0.0
1993-08-06,300.0,194.0,102.0,0.0,0.0
1993-08-07,283.0,128.0,254.0,0.0,0.0
1993-08-08,294.0,189.0,0.0,0.0,0.0
1993-08-09,322.0,194.0,0.0,0.0,0.0
1993-08-10,,,0.0,0.0,0.0
1993-08-11,283.0,144.0,0.0,0.0,0.0
1993-08-12,294.0,194.0,0.0,0.0,0.0
1993-08-13,294.0,194.0,0.0,0.0,0.0
1993-08-14,272.0,200.0,0.0,0.0,0.0
1993-08-15,306.0,206.0,0.0,0.0,0.0
1993-08-16,311.0,189.0,28.0,0.0,0.0
1993-08-17,167.0,322.0,0.0,0.0,0.0
1993-08-18,322.0,172.0,25.0,0.0,0.0
1993-08-19,311.0,189.0,0.0,0.0,0.0
1993-08-20,317.0,189.0,0.0,0.0,0.0
1993-08-21,328.0,183.0,51.0,0.0,0.0
1993-08-22,300.0,150.0,0.0,0.0,0.0
1993-08-23,306.0,161.0,0.0,0.0,0.0
1993-08-24,300.0,178.0,0.0,0.0,0.0
1993-08-25,317.0,189.0,381.0,0.0,0.0
1993-08-26,,194.0,292.0,0.0,0.0
1993-08-27,311.0,189.0,0.0,0.0,0.0
1993-08-28,328.0,189.0,0.0,0.0,0.0
1993-08-29,311.0,178.0,0.0,0.0,0.0
1993-08-30,317.0,183.0,0.0,0.0,0.0
1993-08-31,322.0,206.0,0.0,0.0,0.0
1993-09-01,317.0,178.0,0.0,0.0,0.0
1993-09-02,322.0,200.0,0.0,0.0,0.0
1993-09-03,311.0,194.0,0.0,0.0,0.0
1993-09-04,294.0,200.0,0.0,0.0,0.0
1993-09-05,289.0,161.0,0.0,0.0,0.0
1993-09-06,306.0,156.0,0.0,0.0,0.0
1993-09-07,289.0,144.0,0.0,0.0,0.0
1993-09-08,283.0,156.0,0.0,0.0,0.0
1993-09-09,306.0,161.0,152.0,0.0,0.0
1993-09-10,294.0,161.0,20.0,0.0,0.0
1993-09-11,256.0,72.0,0.0,0.0,0.0
1993-09-12,261.0,100.0,0.0,0.0,0.0
1993-09-13,250.0,122.0,0.0,0.0,0.0
1993-09-14,272.0,156.0,0.0,0.0,0.0
1993-09-15,289.0,167.0,0.0,0.0,0.0
1993-09-16,244.0,161.0,330.0,0.0,0.0
1993-09-17,250.0,167.0,191.0,0.0,0.0
1993-09-18,294.0,183.0,0.0,0.0,0.0
1993-09-19,250.0,128.0,0.0,0.0,0.0
1993-09-20,261.0,128.0,0.0,0.0,0.0
1993-09-21,244.0,183.0,38.0,0.0,0.0
1993-09-22,278.0,111.0,51.0,0.0,0.0
1993-09-23,283.0,111.0,0.0,0.0,0.0
1993-09-24,272.0,111.0,0.0,0.0,0.0
1993-09-25,256.0,172.0,0.0,0.0,0.0
1993-09-26,267.0,178.0,0.0,0.0,0.0
1993-09-27,272.0,167.0,208.0,0.0,0.0
1993-09-28,261.0,156.0,0.0,0.0,0.0
1993-09-29,217.0,56.0,0.0,0.0,0.0
1993-09-30,222.0,44.0,0.0,0.0,0.0
1993-11-01,39.0,-6.0,51.0,0.0,0.0
1993-11-02,89.0,-39.0,0.0,0.0,0.0
1993-11-03,139.0,11.0,0.0,0.0,0.0
1993-11-04,106.0,83.0,0.0,0.0,0.0
1993-11-05,133.0,117.0,488.0,0.0,0.0
1993-11-06,150.0,56.0,0.0,0.0,0.0
1993-11-07,250.0,-28.0,0.0,0.0,0.0
1993-11-08,117.0,-39.0,0.0,0.0,0.0
1993-11-09,139.0,-11.0,0.0,0.0,0.0
1993-11-10,122.0,0.0,0.0,0.0,0.0
1993-11-11,139.0,-6.0,0.0,0.0,0.0
1993-11-12,194.0,11.0,0.0,0.0,0.0
1993-11-13,172.0,122.0,0.0,0.0,0.0
1993-11-14,217.0,150.0,0.0,0.0,0.0
1993-11-15,211.0,156.0,229.0,0.0,0.0
1993-11-16,217.0,22.0,38.0,0.0,0.0
1993-11-17,222.0,161.0,25.0,0.0,0.0
1993-11-18,211.0,61.0,25.0,0.0,0.0
1993-11-19,189.0,28.0,0.0,0.0,0.0
1993-11-20,150.0,28.0,0.0,0.0,0.0
1993-11-21,139.0,-44.0,0.0,0.0,0.0
1993-11-22,128.0,-39.0,0.0,0.0,0.0
1993-11-23,178.0,-28.0,0.0,0.0,0.0
1993-11-24,194.0,-17.0,0.0,0.0,0.0
1993-11-25,189.0,11.0,0.0,0.0,0.0
1993-11-26,,222.0,0.0,0.0,0.0
1993-11-27,156.0,78.0,864.0,0.0,0.0
1993-11-28,111.0,0.0,0.0,0.0,0.0
1993-11-29,144.0,-39.0,0.0,0.0,0.0
1993-11-30,139.0,-44.0,0.0,0.0,0.0
1994-01-01,83.0,56.0,51.0,0.0,0.0
1994-01-02,72.0,33.0,76.0,0.0,0.0
1994-01-03,139.0,39.0,51.0,0.0,0.0
1994-01-04,89.0,6.0,33.0,0.0,0.0
1994-01-05,61.0,-39.0,104.0,0.0,0.0
1994-01-06,111.0,-28.0,0.0,0.0,0.0
1994-01-07,117.0,-39.0,0.0,0.0,0.0
1994-01-08,139.0,-39.0,254.0,0.0,0.0
1994-01-09,39.0,-94.0,0.0,0.0,0.0
1994-01-10,44.0,-72.0,0.0,0.0,0.0
1994-01-11,83.0,-67.0,0.0,0.0,0.0
1994-01-12,100.0,22.0,282.0,0.0,0.0
1994-01-13,106.0,33.0,0.0,0.0,0.0
1994-01-14,83.0,17.0,0.0,0.0,0.0
1994-01-15,61.0,-117.0,18.0,,25.0
1994-01-16,-28.0,-144.0,0.0,,0.0
1994-01-17,50.0,11.0,0.0,0.0,0.0
1994-01-18,56.0,-72.0,191.0,0.0,0.0
1994-01-19,-17.0,-172.0,0.0,0.0,0.0
1994-01-20,,,0.0,0.0,0.0
1994-01-21,22.0,-89.0,0.0,0.0,0.0
1994-01-22,56.0,-94.0,0.0,0.0,0.0
1994-01-23,,,0.0,0.0,0.0
1994-01-24,83.0,-39.0,0.0,0.0,0.0
1994-01-25,161.0,11.0,0.0,0.0,0.0
1994-01-26,94.0,28.0,102.0,0.0,0.0
1994-01-27,156.0,122.0,127.0,0.0,0.0
1994-01-28,122.0,106.0,305.0,0.0,0.0
1994-01-29,161.0,22.0,0.0,0.0,0.0
1994-01-30,,,0.0,0.0,0.0
1994-01-31,,,0.0,0.0,0.0
1994-02-01,72.0,-28.0,0.0,0.0,0.0
1994-02-02,33.0,-94.0,0.0,0.0,0.0
1994-02-03,50.0,-94.0,0.0,0.0,0.0
1994-02-04,122.0,-78.0,0.0,0.0,0.0
1994-02-05,100.0,33.0,132.0,0.0,0.0
1994-02-06,133.0,39.0,218.0,0.0,0.0
1994-02-07,144.0,-11.0,0.0,0.0,0.0
1994-02-08,172.0,-11.0,0.0,0.0,0.0
1994-02-09,178.0,94.0,89.0,0.0,0.0
1994-02-10,183.0,56.0,76.0,0.0,0.0
1994-02-11,128.0,56.0,447.0,0.0,0.0
1994-02-12,111.0,50.0,25.0,0.0,0.0
1994-02-13,167.0,44.0,51.0,0.0,0.0
1994-02-14,67.0,-56.0,0.0,0.0,0.0
1994-02-15,128.0,-39.0,0.0,0.0,0.0
1994-02-16,122.0,-39.0,0.0,0.0,0.0
1994-02-17,161.0,-33.0,0.0,0.0,0.0
1994-02-18,183.0,-22.0,0.0,0.0,0.0
1994-02-19,189.0,6.0,0.0,0.0,0.0
1994-02-20,194.0,50.0,0.0,0.0,0.0
1994-02-21,178.0,117.0,0.0,0.0,0.0
1994-02-22,200.0,33.0,86.0,0.0,0.0
1994-02-23,161.0,44.0,64.0,0.0,0.0
1994-02-24,200.0,56.0,305.0,0.0,0.0
1994-02-25,89.0,-100.0,0.0,0.0,0.0
1994-02-26,178.0,-44.0,0.0,0.0,0.0
1994-02-27,67.0,-83.0,0.0,0.0,0.0
1994-02-28,106.0,-33.0,0.0,0.0,0.0
1994-03-01,150.0,-33.0,0.0,0.0,0.0
1994-03-02,111.0,89.0,356.0,0.0,0.0
1994-03-03,144.0,-6.0,191.0,0.0,0.0
1994-03-04,94.0,-22.0,0.0,0.0,0.0
1994-03-05,211.0,-11.0,0.0,0.0,0.0
1994-03-06,,,0.0,0.0,0.0
1994-03-07,211.0,-11.0,0.0,0.0,0.0
1994-03-08,211.0,33.0,0.0,0.0,0.0
1994-03-09,206.0,,23.0,0.0,0.0
1994-03-10,183.0,,0.0,0.0,0.0
1994-03-11,61.0,-39.0,0.0,0.0,0.0
1994-03-12,122.0,-39.0,0.0,0.0,0.0
1994-03-13,150.0,-33.0,0.0,0.0,0.0
1994-03-14,156.0,0.0,76.0,0.0,0.0
1994-03-15,172.0,-11.0,0.0,0.0,0.0
1994-03-16,228.0,-11.0,0.0,0.0,0.0
1994-03-17,111.0,-39.0,0.0,0.0,0.0
1994-03-18,161.0,-39.0,0.0,0.0,0.0
1994-03-19,189.0,50.0,0.0,0.0,0.0
1994-03-20,222.0,22.0,0.0,0.0,0.0
1994-03-21,211.0,133.0,0.0,0.0,0.0
1994-03-22,194.0,44.0,229.0,0.0,0.0
1994-03-23,217.0,28.0,0.0,0.0,0.0
1994-03-24,239.0,100.0,0.0,0.0,0.0
1994-03-25,167.0,133.0,356.0,0.0,0.0
1994-03-26,156.0,17.0,0.0,0.0,0.0
1994-03-27,200.0,144.0,,0.0,0.0
1994-03-28,183.0,111.0,,0.0,0.0
1994-03-29,117.0,22.0,,0.0,0.0
1994-03-30,,,,0.0,0.0
1994-03-31,161.0,44.0,46.0,0.0,0.0
1994-04-01,,,0.0,0.0,0.0
1994-04-02,178.0,-11.0,0.0,0.0,0.0
1994-04-03,217.0,33.0,0.0,0.0,0.0
1994-04-04,189.0,28.0,0.0,0.0,0.0
1994-04-05,200.0,33.0,0.0,0.0,0.0
1994-04-06,211.0,33.0,0.0,0.0,0.0
1994-04-07,194.0,39.0,64.0,0.0,0.0
1994-04-08,150.0,0.0,0.0,0.0,0.0
1994-04-09,200.0,78.0,0.0,0.0,0.0
1994-04-10,217.0,156.0,0.0,0.0,0.0
1994-04-11,211.0,133.0,130.0,0.0,0.0
1994-04-12,272.0,167.0,0.0,0.0,0.0
1994-04-13,233.0,161.0,424.0,0.0,0.0
1994-04-14,239.0,44.0,0.0,0.0,0.0
1994-04-15,272.0,61.0,0.0,0.0,0.0
1994-04-16,189.0,100.0,584.0,0.0,0.0
1994-04-17,194.0,44.0,0.0,0.0,0.0
1994-04-18,233.0,50.0,0.0,0.0,0.0
1994-04-19,283.0,50.0,0.0,0.0,0.0
1994-04-20,278.0,67.0,0.0,0.0,0.0
1994-04-21,300.0,72.0,0.0,0.0,0.0
1994-04-22,294.0,89.0,0.0,0.0,0.0
1994-04-23,278.0,117.0,0.0,0.0,0.0
1994-04-24,250.0,61.0,0.0,0.0,0.0
1994-04-25,261.0,100.0,0.0,0.0,0.0
1994-04-26,278.0,156.0,0.0,0.0,0.0
1994-04-27,294.0,128.0,0.0,0.0,0.0
1994-04-28,272.0,117.0,76.0,0.0,0.0
1994-04-29,289.0,122.0,0.0,0.0,0.0
1994-04-30,294.0,133.0,76.0,0.0,0.0
1994-05-01,267.0,161.0,76.0,0.0,0.0
1994-05-02,206.0,78.0,0.0,0.0,0.0
1994-05-03,233.0,111.0,0.0,0.0,0.0
1994-05-04,139.0,106.0,216.0,0.0,0.0
1994-05-05,200.0,72.0,0.0,0.0,0.0
1994-05-06,211.0,44.0,0.0,0.0,0.0
1994-05-07,244.0,56.0,0.0,0.0,0.0
1994-05-08,250.0,100.0,191.0,0.0,0.0
1994-05-09,206.0,61.0,0.0,0.0,0.0
1994-05-10,244.0,67.0,0.0,0.0,0.0
1994-05-11,244.0,78.0,0.0,0.0,0.0
1994-05-12,267.0,72.0,0.0,0.0,0.0
1994-05-13,256.0,78.0,0.0,0.0,0.0
1994-05-14,239.0,72.0,0.0,0.0,0.0
1994-05-15,244.0,156.0,165.0,0.0,0.0
1994-05-16,267.0,156.0,76.0,0.0,0.0
1994-05-17,250.0,72.0,0.0,0.0,0.0
1994-05-18,256.0,83.0,0.0,0.0,0.0
1994-05-19,250.0,67.0,0.0,0.0,0.0
1994-05-20,211.0,61.0,0.0,0.0,0.0
1994-05-21,228.0,56.0,0.0,0.0,0.0
1994-05-22,228.0,56.0,0.0,0.0,0.0
1994-05-23,272.0,100.0,0.0,0.0,0.0
1994-05-24,300.0,100.0,0.0,0.0,0.0
1994-05-25,306.0,122.0,81.0,0.0,0.0
1994-05-26,272.0,144.0,25.0,0.0,0.0
1994-05-27,239.0,122.0,203.0,0.0,0.0
1994-05-28,239.0,67.0,0.0,0.0,0.0
1994-05-29,244.0,67.0,0.0,0.0,0.0
1994-05-30,239.0,100.0,0.0,0.0,0.0
1994-05-31,272.0,117.0,0.0,0.0,0.0
1994-06-01,272.0,122.0,33.0,0.0,0.0
1994-06-02,294.0,156.0,0.0,0.0,0.0
1994-06-03,322.0,156.0,84.0,0.0,0.0
1994-06-04,306.0,150.0,0.0,0.0,0.0
1994-06-05,311.0,172.0,0.0,0.0,0.0
1994-06-06,306.0,178.0,229.0,0.0,0.0
1994-06-07,272.0,189.0,234.0,0.0,0.0
1994-06-08,300.0,189.0,152.0,0.0,0.0
1994-06-09,283.0,172.0,0.0,0.0,0.0
1994-06-10,233.0,172.0,165.0,0.0,0.0
1994-06-11,283.0,172.0,13.0,0.0,0.0
1994-06-12,289.0,183.0,102.0,0.0,0.0
1994-06-13,300.0,178.0,0.0,0.0,0.0
1994-06-14,294.0,178.0,51.0,0.0,0.0
1994-06-15,294.0,189.0,114.0,0.0,0.0
1994-06-16,311.0,183.0,76.0,0.0,0.0
1994-06-17,311.0,189.0,51.0,0.0,0.0
1994-06-18,294.0,183.0,64.0,0.0,0.0
1994-06-19,311.0,172.0,102.0,0.0,0.0
1994-06-20,311.0,172.0,356.0,0.0,0.0
1994-06-21,311.0,178.0,0.0,0.0,0.0
1994-06-22,322.0,183.0,0.0,0.0,0.0
1994-06-23,322.0,183.0,13.0,0.0,0.0
1994-06-24,311.0,189.0,64.0,0.0,0.0
1994-06-25,267.0,161.0,51.0,0.0,0.0
1994-06-26,272.0,156.0,51.0,0.0,0.0
1994-06-27,256.0,156.0,488.0,0.0,0.0
1994-06-28,278.0,133.0,0.0,0.0,0.0
1994-06-29,289.0,139.0,38.0,0.0,0.0
1994-06-30,278.0,167.0,0.0,0.0,0.0
1994-07-01,294.0,161.0,0.0,0.0,0.0
1994-07-02,311.0,150.0,0.0,0.0,0.0
1994-07-03,306.0,178.0,0.0,0.0,0.0
1994-07-04,311.0,178.0,0.0,0.0,0.0
1994-07-05,289.0,200.0,0.0,0.0,0.0
1994-07-06,289.0,200.0,0.0,0.0,0.0
1994-07-07,283.0,189.0,0.0,0.0,0.0
1994-07-08,289.0,189.0,0.0,0.0,0.0
1994-07-09,267.0,183.0,0.0,0.0,0.0
1994-07-10,311.0,189.0,51.0,0.0,0.0
1994-07-11,261.0,194.0,178.0,0.0,0.0
1994-07-12,228.0,194.0,127.0,0.0,0.0
1994-07-13,250.0,194.0,25.0,0.0,0.0
1994-07-14,283.0,194.0,178.0,0.0,0.0
1994-07-15,289.0,200.0,0.0,0.0,0.0
1994-07-16,289.0,194.0,0.0,0.0,0.0
1994-07-17,294.0,189.0,69.0,0.0,0.0
1994-07-18,300.0,200.0,25.0,0.0,0.0
1994-07-19,317.0,183.0,13.0,0.0,0.0
1994-07-20,300.0,183.0,0.0,0.0,0.0
1994-07-21,306.0,189.0,20.0,0.0,0.0
1994-07-22,306.0,189.0,457.0,0.0,0.0
1994-07-23,289.0,189.0,160.0,0.0,0.0
1994-07-24,306.0,183.0,0.0,0.0,0.0
1994-07-25,317.0,183.0,0.0,0.0,0.0
1994-07-26,317.0,189.0,0.0,0.0,0.0
1994-07-27,267.0,189.0,445.0,0.0,0.0
1994-07-28,217.0,167.0,343.0,0.0,0.0
1994-07-29,267.0,144.0,0.0,0.0,0.0
1994-07-30,283.0,144.0,0.0,0.0,0.0
1994-07-31,283.0,133.0,0.0,0.0,0.0
1994-08-01,283.0,144.0,76.0,0.0,0.0
1994-08-02,272.0,183.0,0.0,0.0,0.0
1994-08-03,272.0,183.0,5.0,0.0,0.0
1994-08-04,267.0,183.0,76.0,0.0,0.0
1994-08-05,294.0,183.0,152.0,0.0,0.0
1994-08-06,267.0,161.0,0.0,0.0,0.0
1994-08-07,278.0,161.0,0.0,0.0,0.0
1994-08-08,289.0,161.0,0.0,0.0,0.0
1994-08-09,283.0,161.0,13.0,0.0,0.0
1994-08-10,294.0,161.0,0.0,0.0,0.0
1994-08-11,311.0,167.0,0.0,0.0,0.0
1994-08-12,317.0,189.0,0.0,0.0,0.0
1994-08-13,311.0,183.0,0.0,0.0,0.0
1994-08-14,317.0,183.0,0.0,0.0,0.0
1994-08-15,300.0,189.0,152.0,0.0,0.0
1994-08-16,278.0,194.0,127.0,0.0,0.0
1994-08-17,211.0,178.0,224.0,0.0,0.0
1994-08-18,294.0,161.0,0.0,0.0,0.0
1994-08-19,306.0,161.0,0.0,0.0,0.0
1994-08-20,306.0,167.0,0.0,0.0,0.0
1994-08-21,306.0,172.0,305.0,0.0,0.0
1994-08-22,217.0,144.0,279.0,0.0,0.0
1994-08-23,267.0,128.0,0.0,0.0,0.0
1994-08-24,283.0,133.0,0.0,0.0,0.0
1994-08-25,289.0,156.0,0.0,0.0,0.0
1994-08-26,283.0,172.0,0.0,0.0,0.0
1994-08-27,300.0,167.0,0.0,0.0,0.0
1994-08-28,300.0,167.0,0.0,0.0,0.0
1994-08-29,300.0,161.0,0.0,0.0,0.0
1994-08-30,300.0,161.0,0.0,0.0,0.0
1994-08-31,311.0,172.0,0.0,0.0,0.0
1994-09-01,306.0,194.0,102.0,0.0,0.0
1994-09-02,289.0,194.0,20.0,0.0,0.0
1994-09-03,283.0,172.0,0.0,0.0,0.0
1994-09-04,244.0,156.0,0.0,0.0,0.0
1994-09-05,261.0,150.0,3.0,0.0,0.0
1994-09-06,222.0,172.0,102.0,0.0,0.0
1994-09-07,261.0,150.0,5.0,0.0,0.0
1994-09-08,272.0,117.0,0.0,0.0,0.0
1994-09-09,222.0,156.0,13.0,0.0,0.0
1994-09-10,272.0,189.0,0.0,0.0,0.0
1994-09-11,289.0,139.0,0.0,0.0,0.0
1994-09-12,283.0,139.0,0.0,0.0,0.0
1994-09-13,294.0,144.0,0.0,0.0,0.0
1994-09-14,294.0,139.0,0.0,0.0,0.0
1994-09-15,294.0,139.0,0.0,0.0,0.0
1994-09-16,294.0,144.0,0.0,0.0,0.0
1994-09-17,289.0,144.0,135.0,0.0,0.0
1994-09-18,267.0,189.0,198.0,0.0,0.0
1994-09-19,278.0,144.0,0.0,0.0,0.0
1994-09-20,267.0,133.0,0.0,0.0,0.0
1994-09-21,250.0,117.0,0.0,0.0,0.0
1994-09-22,261.0,117.0,0.0,0.0,0.0
1994-09-23,250.0,122.0,0.0,0.0,0.0
1994-09-24,183.0,139.0,0.0,0.0,0.0
1994-09-25,183.0,139.0,135.0,0.0,0.0
1994-09-26,,,,0.0,0.0
1994-09-27,222.0,100.0,,0.0,0.0
1994-09-28,233.0,72.0,0.0,0.0,0.0
1994-09-29,244.0,83.0,0.0,0.0,0.0
1994-09-30,278.0,139.0,0.0,0.0,0.0
1994-10-01,272.0,50.0,0.0,0.0,0.0
1994-10-02,,,0.0,0.0,0.0
1994-10-03,233.0,167.0,152.0,0.0,0.0
1994-10-04,250.0,167.0,13.0,0.0,0.0
1994-10-05,239.0,72.0,0.0,0.0,0.0
1994-10-06,228.0,72.0,0.0,0.0,0.0
1994-10-07,239.0,72.0,0.0,0.0,0.0
1994-10-08,206.0,94.0,0.0,0.0,0.0
1994-10-09,239.0,89.0,0.0,0.0,0.0
1994-10-10,200.0,122.0,267.0,0.0,0.0
1994-10-11,172.0,94.0,13.0,0.0,0.0
1994-10-12,206.0,100.0,0.0,0.0,0.0
1994-10-13,144.0,133.0,135.0,0.0,0.0
1994-10-14,211.0,133.0,216.0,0.0,0.0
1994-10-15,194.0,128.0,64.0,0.0,0.0
1994-10-16,228.0,67.0,0.0,0.0,0.0
1994-10-17,244.0,67.0,0.0,0.0,0.0
1994-10-18,228.0,44.0,0.0,0.0,0.0
1994-10-19,217.0,44.0,0.0,0.0,0.0
1994-10-20,144.0,106.0,191.0,0.0,0.0
1994-10-21,206.0,83.0,0.0,0.0,0.0
1994-10-22,222.0,83.0,0.0,0.0,0.0
1994-10-23,189.0,122.0,127.0,0.0,0.0
1994-10-24,233.0,44.0,0.0,0.0,0.0
1994-10-25,222.0,44.0,0.0,0.0,0.0
1994-10-26,206.0,44.0,0.0,0.0,0.0
1994-10-27,172.0,0.0,0.0,0.0,0.0
1994-10-28,172.0,0.0,0.0,0.0,0.0
1994-10-29,189.0,0.0,0.0,0.0,0.0
1994-10-30,233.0,0.0,0.0,0.0,0.0
1994-10-31,222.0,139.0,0.0,0.0,0.0
1994-11-01,222.0,100.0,25.0,0.0,0.0
1994-11-02,133.0,0.0,0.0,0.0,0.0
1994-11-03,194.0,0.0,0.0,0.0,0.0
1994-11-04,194.0,28.0,0.0,0.0,0.0
1994-11-05,239.0,117.0,0.0,0.0,0.0
1994-11-06,222.0,139.0,25.0,0.0,0.0
1994-11-07,217.0,39.0,0.0,0.0,0.0
1994-11-08,233.0,28.0,0.0,0.0,0.0
1994-11-09,228.0,39.0,0.0,0.0,0.0
1994-11-10,239.0,106.0,127.0,0.0,0.0
1994-11-11,167.0,111.0,76.0,0.0,0.0
1994-11-12,167.0,67.0,0.0,0.0,0.0
1994-11-13,222.0,11.0,0.0,0.0,0.0
1994-11-14,228.0,17.0,0.0,0.0,0.0
1994-11-15,233.0,22.0,0.0,0.0,0.0
1994-11-16,222.0,28.0,0.0,0.0,0.0
1994-11-17,211.0,44.0,0.0,0.0,0.0
1994-11-18,222.0,50.0,0.0,0.0,0.0
1994-11-19,206.0,39.0,0.0,0.0,0.0
1994-11-20,,,,0.0,0.0
1994-11-21,211.0,39.0,,0.0,0.0
1994-11-22,217.0,44.0,0.0,0.0,0.0
1994-11-23,183.0,11.0,0.0,0.0,0.0
1994-11-24,106.0,-56.0,0.0,0.0,0.0
1994-11-25,122.0,-56.0,0.0,0.0,0.0
1994-11-26,106.0,-28.0,0.0,0.0,0.0
1994-11-27,83.0,50.0,292.0,0.0,0.0
1994-11-28,144.0,78.0,152.0,0.0,0.0
1994-11-29,144.0,0.0,203.0,0.0,0.0
1994-11-30,72.0,0.0,0.0,0.0,0.0
1994-12-01,133.0,-39.0,0.0,0.0,0.0
1994-12-02,133.0,-39.0,0.0,0.0,0.0
1994-12-03,156.0,-39.0,0.0,0.0,0.0
1994-12-04,156.0,44.0,114.0,0.0,0.0
1994-12-05,172.0,122.0,102.0,0.0,0.0
1994-12-06,183.0,100.0,25.0,0.0,0.0
1994-12-07,178.0,50.0,0.0,0.0,0.0
1994-12-08,128.0,50.0,13.0,0.0,0.0
1994-12-09,178.0,33.0,0.0,0.0,0.0
1994-12-10,,,,0.0,0.0
1994-12-11,133.0,0.0,,0.0,0.0
1994-12-12,56.0,-56.0,0.0,0.0,0.0
1994-12-13,100.0,-44.0,0.0,0.0,0.0
1994-12-14,106.0,-39.0,0.0,0.0,0.0
1994-12-15,128.0,0.0,0.0,0.0,0.0
1994-12-16,128.0,0.0,0.0,0.0,0.0
1994-12-17,111.0,67.0,38.0,0.0,0.0
1994-12-18,111.0,28.0,0.0,0.0,0.0
1994-12-19,111.0,-33.0,0.0,0.0,0.0
1994-12-20,100.0,-44.0,0.0,0.0,0.0
1994-12-21,133.0,-44.0,0.0,0.0,0.0
1994-12-22,161.0,-11.0,13.0,0.0,0.0
1994-12-23,111.0,56.0,64.0,0.0,0.0
1994-12-24,117.0,-6.0,0.0,0.0,0.0
1994-12-25,106.0,-11.0,0.0,0.0,0.0
1994-12-26,111.0,-33.0,0.0,0.0,0.0
1994-12-27,150.0,-33.0,0.0,0.0,0.0
1994-12-28,167.0,-22.0,0.0,0.0,0.0
1994-12-29,167.0,-22.0,0.0,0.0,0.0
1994-12-30,144.0,17.0,0.0,0.0,0.0
1994-12-31,89.0,67.0,0.0,0.0,0.0
1995-01-01,122.0,72.0,0.0,0.0,0.0
1995-01-02,133.0,-6.0,13.0,0.0,0.0
1995-01-03,50.0,-78.0,0.0,0.0,0.0
1995-01-04,67.0,-44.0,0.0,0.0,0.0
1995-01-05,56.0,-111.0,0.0,0.0,0.0
1995-01-06,44.0,-100.0,0.0,0.0,0.0
1995-01-07,106.0,-50.0,445.0,0.0,0.0
1995-01-08,,,0.0,0.0,0.0
1995-01-09,89.0,-56.0,0.0,0.0,0.0
1995-01-10,128.0,-22.0,0.0,0.0,0.0
1995-01-11,156.0,-22.0,0.0,0.0,0.0
1995-01-12,106.0,11.0,318.0,0.0,0.0
1995-01-13,133.0,89.0,13.0,0.0,0.0
1995-01-14,178.0,89.0,89.0,0.0,0.0
1995-01-15,161.0,100.0,498.0,0.0,0.0
1995-01-16,133.0,50.0,102.0,0.0,0.0
1995-01-17,122.0,11.0,0.0,0.0,0.0
1995-01-18,183.0,11.0,0.0,0.0,0.0
1995-01-19,178.0,0.0,0.0,0.0,0.0
1995-01-20,133.0,-11.0,127.0,0.0,0.0
1995-01-21,17.0,-22.0,76.0,0.0,0.0
1995-01-22,61.0,-56.0,0.0,0.0,0.0
1995-01-23,78.0,-56.0,0.0,0.0,0.0
1995-01-24,72.0,-44.0,0.0,0.0,0.0
1995-01-25,39.0,-83.0,0.0,0.0,0.0
1995-01-26,111.0,-83.0,0.0,0.0,0.0
1995-01-27,100.0,-61.0,0.0,0.0,0.0
1995-01-28,100.0,56.0,198.0,0.0,0.0
1995-01-29,167.0,-56.0,53.0,0.0,0.0
1995-01-30,78.0,0.0,76.0,0.0,0.0
1995-01-31,11.0,-22.0,0.0,0.0,0.0
1995-02-01,61.0,-61.0,0.0,0.0,0.0
1995-02-02,150.0,44.0,0.0,0.0,0.0
1995-02-03,161.0,0.0,13.0,0.0,0.0
1995-02-04,156.0,-11.0,127.0,0.0,0.0
1995-02-05,156.0,-67.0,0.0,0.0,0.0
1995-02-06,6.0,-128.0,0.0,0.0,0.0
1995-02-07,11.0,-139.0,0.0,0.0,0.0
1995-02-08,-11.0,-111.0,,,152.0
1995-02-09,-78.0,-200.0,0.0,,0.0
1995-02-10,22.0,-161.0,0.0,102.0,0.0
1995-02-11,17.0,-33.0,0.0,,0.0
1995-02-12,44.0,-83.0,0.0,,0.0
1995-02-13,44.0,-83.0,0.0,,0.0
1995-02-14,33.0,-56.0,0.0,,0.0
1995-02-15,61.0,0.0,25.0,,0.0
1995-02-16,111.0,39.0,762.0,,0.0
1995-02-17,150.0,78.0,787.0,,0.0
1995-02-18,100.0,72.0,76.0,,0.0
1995-02-19,183.0,72.0,64.0,,0.0
1995-02-20,111.0,56.0,0.0,,0.0
1995-02-21,189.0,44.0,0.0,,0.0
1995-02-22,61.0,-56.0,0.0,,0.0
1995-02-23,178.0,-56.0,0.0,,0.0
1995-02-24,211.0,-11.0,25.0,,0.0
1995-02-25,89.0,-50.0,0.0,,0.0
1995-02-26,39.0,-33.0,0.0,,0.0
1995-02-27,211.0,0.0,0.0,,0.0
1995-02-28,150.0,78.0,178.0,,0.0
1995-03-01,161.0,56.0,152.0,0.0,0.0
1995-03-02,167.0,11.0,0.0,0.0,0.0
1995-03-03,61.0,33.0,13.0,0.0,0.0
1995-03-04,67.0,22.0,33.0,0.0,0.0
1995-03-05,106.0,33.0,25.0,0.0,0.0
1995-03-06,94.0,67.0,152.0,0.0,0.0
1995-03-07,161.0,156.0,0.0,0.0,0.0
1995-03-08,183.0,83.0,381.0,0.0,0.0
1995-03-09,83.0,-50.0,127.0,0.0,0.0
1995-03-10,67.0,-61.0,0.0,0.0,0.0
1995-03-11,156.0,-61.0,0.0,0.0,0.0
1995-03-12,244.0,-33.0,0.0,0.0,0.0
1995-03-13,217.0,-22.0,0.0,0.0,0.0
1995-03-14,206.0,22.0,0.0,0.0,0.0
1995-03-15,228.0,22.0,0.0,0.0,0.0
1995-03-16,217.0,22.0,0.0,0.0,0.0
1995-03-17,239.0,17.0,0.0,0.0,0.0
1995-03-18,250.0,50.0,0.0,0.0,0.0
1995-03-19,239.0,6.0,0.0,0.0,0.0
1995-03-20,222.0,11.0,0.0,0.0,0.0
1995-03-21,239.0,28.0,140.0,0.0,0.0
1995-03-22,194.0,22.0,0.0,0.0,0.0
1995-03-23,250.0,28.0,0.0,0.0,0.0
1995-03-24,278.0,,0.0,0.0,0.0
1995-03-25,200.0,-17.0,0.0,0.0,0.0
1995-03-26,217.0,-17.0,0.0,0.0,0.0
1995-03-27,244.0,33.0,0.0,0.0,0.0
1995-03-28,206.0,44.0,178.0,0.0,0.0
1995-03-29,189.0,11.0,0.0,0.0,0.0
1995-03-30,178.0,11.0,0.0,0.0,0.0
1995-03-31,172.0,28.0,0.0,0.0,0.0
1995-04-01,167.0,-22.0,0.0,0.0,0.0
1995-04-02,161.0,-17.0,0.0,0.0,0.0
1995-04-03,172.0,-17.0,0.0,0.0,0.0
1995-04-04,228.0,-17.0,0.0,0.0,0.0
1995-04-05,183.0,17.0,0.0,0.0,0.0
1995-04-06,206.0,6.0,0.0,0.0,0.0
1995-04-07,222.0,22.0,0.0,0.0,0.0
1995-04-08,256.0,17.0,0.0,0.0,0.0
1995-04-09,272.0,39.0,0.0,0.0,0.0
1995-04-10,289.0,56.0,0.0,0.0,0.0
1995-04-11,317.0,72.0,0.0,0.0,0.0
1995-04-12,200.0,161.0,20.0,0.0,0.0
1995-04-13,167.0,50.0,127.0,0.0,0.0
1995-04-14,183.0,17.0,0.0,0.0,0.0
1995-04-15,211.0,11.0,0.0,0.0,0.0
1995-04-16,244.0,17.0,0.0,0.0,0.0
1995-04-17,278.0,56.0,0.0,0.0,0.0
1995-04-18,239.0,89.0,0.0,0.0,0.0
1995-04-19,294.0,150.0,0.0,0.0,0.0
1995-04-20,289.0,150.0,25.0,0.0,0.0
1995-04-21,256.0,167.0,127.0,0.0,0.0
1995-04-22,250.0,106.0,0.0,0.0,0.0
1995-04-23,222.0,106.0,0.0,0.0,0.0
1995-04-24,161.0,72.0,157.0,0.0,0.0
1995-04-25,83.0,-11.0,0.0,0.0,0.0
1995-04-26,189.0,-6.0,0.0,0.0,0.0
1995-04-27,228.0,6.0,0.0,0.0,0.0
1995-04-28,228.0,50.0,0.0,0.0,0.0
1995-04-29,217.0,17.0,0.0,0.0,0.0
1995-04-30,256.0,17.0,0.0,0.0,0.0
1995-05-01,211.0,100.0,69.0,0.0,0.0
1995-05-02,222.0,83.0,102.0,0.0,0.0
1995-05-03,133.0,22.0,0.0,0.0,0.0
1995-05-04,211.0,28.0,0.0,0.0,0.0
1995-05-05,172.0,83.0,0.0,0.0,0.0
1995-05-06,200.0,33.0,0.0,0.0,0.0
1995-05-07,239.0,28.0,0.0,0.0,0.0
1995-05-08,261.0,78.0,0.0,0.0,0.0
1995-05-09,289.0,200.0,0.0,0.0,0.0
1995-05-10,244.0,144.0,381.0,0.0,0.0
1995-05-11,272.0,144.0,51.0,0.0,0.0
1995-05-12,233.0,100.0,0.0,0.0,0.0
1995-05-13,228.0,83.0,0.0,0.0,0.0
1995-05-14,233.0,111.0,0.0,0.0,0.0
1995-05-15,217.0,167.0,254.0,0.0,0.0
1995-05-16,278.0,128.0,0.0,0.0,0.0
1995-05-17,278.0,122.0,0.0,0.0,0.0
1995-05-18,283.0,156.0,0.0,0.0,0.0
1995-05-19,256.0,167.0,221.0,0.0,0.0
1995-05-20,256.0,78.0,0.0,0.0,0.0
1995-05-21,244.0,67.0,0.0,0.0,0.0
1995-05-22,250.0,83.0,0.0,0.0,0.0
1995-05-23,256.0,89.0,0.0,0.0,0.0
1995-05-24,272.0,111.0,0.0,0.0,0.0
1995-05-25,278.0,111.0,0.0,0.0,0.0
1995-05-26,283.0,111.0,0.0,0.0,0.0
1995-05-27,300.0,133.0,0.0,0.0,0.0
1995-05-28,289.0,156.0,279.0,0.0,0.0
1995-05-29,256.0,178.0,0.0,0.0,0.0
1995-05-30,283.0,172.0,0.0,0.0,0.0
1995-05-31,256.0,106.0,0.0,0.0,0.0
1995-06-01,256.0,111.0,25.0,0.0,0.0
1995-06-02,256.0,172.0,38.0,0.0,0.0
1995-06-03,261.0,167.0,0.0,0.0,0.0
1995-06-04,278.0,144.0,0.0,0.0,0.0
1995-06-05,294.0,144.0,0.0,0.0,0.0
1995-06-06,294.0,172.0,51.0,0.0,0.0
1995-06-07,289.0,161.0,51.0,0.0,0.0
1995-06-08,272.0,183.0,203.0,0.0,0.0
1995-06-09,311.0,183.0,0.0,0.0,0.0
1995-06-10,322.0,178.0,0.0,0.0,0.0
1995-06-11,317.0,167.0,0.0,0.0,0.0
1995-06-12,306.0,167.0,269.0,0.0,0.0
1995-06-13,228.0,89.0,51.0,0.0,0.0
1995-06-14,217.0,67.0,0.0,0.0,0.0
1995-06-15,244.0,61.0,0.0,0.0,0.0
1995-06-16,256.0,94.0,0.0,0.0,0.0
1995-06-17,267.0,106.0,0.0,0.0,0.0
1995-06-18,267.0,100.0,0.0,0.0,0.0
1995-06-19,272.0,106.0,0.0,0.0,0.0
1995-06-20,222.0,133.0,0.0,0.0,0.0
1995-06-21,256.0,133.0,0.0,0.0,0.0
1995-06-22,250.0,133.0,13.0,0.0,0.0
1995-06-23,272.0,139.0,0.0,0.0,0.0
1995-06-24,272.0,194.0,0.0,0.0,0.0
1995-06-25,294.0,167.0,0.0,0.0,0.0
1995-06-26,278.0,167.0,5.0,0.0,0.0
1995-06-27,300.0,178.0,8.0,0.0,0.0
1995-06-28,289.0,139.0,0.0,0.0,0.0
1995-06-29,272.0,139.0,0.0,0.0,0.0
1995-06-30,289.0,139.0,254.0,0.0,0.0
1995-07-01,278.0,183.0,81.0,0.0,0.0
1995-07-02,256.0,156.0,13.0,0.0,0.0
1995-07-03,278.0,144.0,0.0,0.0,0.0
1995-07-04,283.0,144.0,114.0,0.0,0.0
1995-07-05,278.0,172.0,13.0,0.0,0.0
1995-07-06,311.0,167.0,0.0,0.0,0.0
1995-07-07,306.0,161.0,0.0,0.0,0.0
1995-07-08,289.0,128.0,0.0,0.0,0.0
1995-07-09,289.0,111.0,0.0,0.0,0.0
1995-07-10,289.0,117.0,0.0,0.0,0.0
1995-07-11,311.0,144.0,0.0,0.0,0.0
1995-07-12,328.0,167.0,0.0,0.0,0.0
1995-07-13,328.0,161.0,0.0,0.0,0.0
1995-07-14,322.0,183.0,0.0,0.0,0.0
1995-07-15,328.0,194.0,0.0,0.0,0.0
1995-07-16,339.0,189.0,25.0,0.0,0.0
1995-07-17,322.0,189.0,56.0,0.0,0.0
1995-07-18,317.0,189.0,0.0,0.0,0.0
1995-07-19,317.0,156.0,0.0,0.0,0.0
1995-07-20,322.0,156.0,0.0,0.0,0.0
1995-07-21,350.0,150.0,0.0,0.0,0.0
1995-07-22,294.0,183.0,0.0,0.0,0.0
1995-07-23,272.0,178.0,64.0,0.0,0.0
1995-07-24,322.0,194.0,0.0,0.0,0.0
1995-07-25,328.0,178.0,25.0,0.0,0.0
1995-07-26,339.0,178.0,0.0,0.0,0.0
1995-07-27,339.0,178.0,102.0,0.0,0.0
1995-07-28,272.0,194.0,152.0,0.0,0.0
1995-07-29,289.0,194.0,0.0,0.0,0.0
1995-07-30,322.0,178.0,0.0,0.0,0.0
1995-07-31,328.0,172.0,0.0,0.0,0.0
1995-08-01,328.0,178.0,0.0,0.0,0.0
1995-08-02,317.0,178.0,8.0,0.0,0.0
1995-08-03,322.0,178.0,0.0,0.0,0.0
1995-08-04,261.0,228.0,5.0,0.0,0.0
1995-08-05,283.0,211.0,61.0,0.0,0.0
1995-08-06,283.0,211.0,51.0,0.0,0.0
1995-08-07,283.0,211.0,46.0,0.0,0.0
1995-08-08,289.0,206.0,53.0,0.0,0.0
1995-08-09,267.0,194.0,5.0,0.0,0.0
1995-08-10,289.0,194.0,5.0,0.0,0.0
1995-08-11,289.0,189.0,76.0,0.0,0.0
1995-08-12,317.0,189.0,0.0,0.0,0.0
1995-08-13,339.0,194.0,0.0,0.0,0.0
1995-08-14,350.0,194.0,0.0,0.0,0.0
1995-08-15,350.0,189.0,0.0,0.0,0.0
1995-08-16,356.0,189.0,0.0,0.0,0.0
1995-08-17,350.0,178.0,0.0,0.0,0.0
1995-08-18,356.0,172.0,0.0,0.0,0.0
1995-08-19,356.0,189.0,0.0,0.0,0.0
1995-08-20,333.0,189.0,79.0,0.0,0.0
1995-08-21,267.0,194.0,178.0,0.0,0.0
1995-08-22,317.0,189.0,97.0,0.0,0.0
1995-08-23,317.0,161.0,0.0,0.0,0.0
1995-08-24,306.0,161.0,15.0,0.0,0.0
1995-08-25,289.0,161.0,0.0,0.0,0.0
1995-08-26,311.0,178.0,102.0,0.0,0.0
1995-08-27,233.0,200.0,279.0,0.0,0.0
1995-08-28,283.0,172.0,5.0,0.0,0.0
1995-08-29,311.0,161.0,0.0,0.0,0.0
1995-08-30,311.0,161.0,0.0,0.0,0.0
1995-08-31,317.0,167.0,0.0,0.0,0.0
1995-09-01,306.0,200.0,0.0,0.0,0.0
1995-09-02,317.0,156.0,0.0,0.0,0.0
1995-09-03,278.0,133.0,0.0,0.0,0.0
1995-09-04,267.0,128.0,0.0,0.0,0.0
1995-09-05,278.0,111.0,0.0,0.0,0.0
1995-09-06,289.0,111.0,122.0,0.0,0.0
1995-09-07,267.0,111.0,0.0,0.0,0.0
1995-09-08,278.0,111.0,0.0,0.0,0.0
1995-09-09,289.0,117.0,0.0,0.0,0.0
1995-09-10,289.0,139.0,0.0,0.0,0.0
1995-09-11,289.0,161.0,0.0,0.0,0.0
1995-09-12,256.0,178.0,20.0,0.0,0.0
1995-09-13,261.0,167.0,0.0,0.0,0.0
1995-09-14,283.0,167.0,170.0,0.0,0.0
1995-09-15,239.0,156.0,71.0,0.0,0.0
1995-09-16,267.0,150.0,0.0,0.0,0.0
1995-09-17,267.0,183.0,127.0,0.0,0.0
1995-09-18,267.0,133.0,36.0,0.0,0.0
1995-09-19,256.0,122.0,0.0,0.0,0.0
1995-09-20,267.0,117.0,0.0,0.0,0.0
1995-09-21,239.0,122.0,8.0,0.0,0.0
1995-09-22,239.0,122.0,152.0,0.0,0.0
1995-09-23,200.0,111.0,216.0,0.0,0.0
1995-09-24,172.0,117.0,13.0,0.0,0.0
1995-09-25,172.0,133.0,36.0,0.0,0.0
1995-09-26,228.0,144.0,18.0,0.0,0.0
1995-09-27,233.0,117.0,13.0,0.0,0.0
1995-09-28,217.0,111.0,0.0,0.0,0.0
1995-09-29,250.0,106.0,0.0,0.0,0.0
1995-09-30,244.0,78.0,0.0,0.0,0.0
1995-10-01,244.0,78.0,0.0,0.0,0.0
1995-10-02,261.0,117.0,0.0,0.0,0.0
1995-10-03,272.0,122.0,0.0,0.0,0.0
1995-10-04,217.0,172.0,495.0,0.0,0.0
1995-10-05,239.0,172.0,559.0,0.0,0.0
1995-10-06,233.0,161.0,74.0,0.0,0.0
1995-10-07,267.0,89.0,0.0,0.0,0.0
1995-10-08,217.0,67.0,0.0,0.0,0.0
1995-10-09,222.0,67.0,0.0,0.0,0.0
1995-10-10,239.0,78.0,0.0,0.0,0.0
1995-10-11,244.0,78.0,0.0,0.0,0.0
1995-10-12,267.0,94.0,0.0,0.0,0.0
1995-10-13,261.0,111.0,0.0,0.0,0.0
1995-10-14,228.0,156.0,33.0,0.0,0.0
1995-10-15,194.0,22.0,51.0,0.0,0.0
1995-10-16,172.0,17.0,0.0,0.0,0.0
1995-10-17,217.0,11.0,0.0,0.0,0.0
1995-10-18,217.0,6.0,0.0,0.0,0.0
1995-10-19,222.0,22.0,0.0,0.0,0.0
1995-10-20,239.0,39.0,0.0,0.0,0.0
1995-10-21,167.0,-6.0,0.0,0.0,0.0
1995-10-22,111.0,-17.0,0.0,0.0,0.0
1995-10-23,211.0,-17.0,0.0,0.0,0.0
1995-10-24,233.0,111.0,0.0,0.0,0.0
1995-10-25,194.0,11.0,0.0,0.0,0.0
1995-10-26,194.0,6.0,0.0,0.0,0.0
1995-10-27,239.0,33.0,0.0,0.0,0.0
1995-10-28,172.0,83.0,297.0,0.0,0.0
1995-10-29,172.0,56.0,0.0,0.0,0.0
1995-10-30,167.0,0.0,0.0,0.0,0.0
1995-10-31,156.0,78.0,0.0,0.0,0.0
1995-11-01,128.0,83.0,61.0,0.0,0.0
1995-11-02,206.0,122.0,213.0,0.0,0.0
1995-11-03,194.0,150.0,249.0,0.0,0.0
1995-11-04,161.0,-22.0,0.0,0.0,0.0
1995-11-05,100.0,-50.0,0.0,0.0,0.0
1995-11-06,67.0,-44.0,0.0,0.0,0.0
1995-11-07,139.0,-17.0,457.0,0.0,0.0
1995-11-08,139.0,17.0,241.0,0.0,0.0
1995-11-09,72.0,-56.0,0.0,0.0,0.0
1995-11-10,117.0,-56.0,0.0,0.0,0.0
1995-11-11,167.0,-28.0,0.0,0.0,0.0
1995-11-12,150.0,-50.0,0.0,0.0,0.0
1995-11-13,89.0,-44.0,0.0,0.0,0.0
1995-11-14,128.0,-44.0,25.0,0.0,0.0
1995-11-15,44.0,-33.0,15.0,0.0,0.0
1995-11-16,61.0,-83.0,0.0,0.0,0.0
1995-11-17,94.0,-83.0,0.0,0.0,0.0
1995-11-18,144.0,-56.0,0.0,0.0,0.0
1995-11-19,161.0,0.0,0.0,0.0,0.0
1995-11-20,178.0,-17.0,0.0,0.0,0.0
1995-11-21,178.0,-17.0,0.0,0.0,0.0
1995-11-22,117.0,-50.0,0.0,0.0,0.0
1995-11-23,111.0,-22.0,0.0,0.0,0.0
1995-11-24,89.0,-22.0,18.0,0.0,0.0
1995-11-25,83.0,28.0,0.0,0.0,0.0
1995-11-26,133.0,-33.0,0.0,0.0,0.0
1995-11-27,183.0,-11.0,0.0,0.0,0.0
1995-11-28,156.0,139.0,0.0,0.0,0.0
1995-11-29,167.0,39.0,127.0,0.0,0.0
1995-11-30,89.0,-11.0,0.0,0.0,0.0
1995-12-01,128.0,-33.0,0.0,0.0,0.0
1995-12-02,161.0,-28.0,0.0,0.0,0.0
1995-12-03,200.0,-28.0,0.0,0.0,0.0
1995-12-04,189.0,-17.0,51.0,0.0,0.0
1995-12-05,178.0,28.0,0.0,0.0,0.0
1995-12-06,122.0,56.0,15.0,0.0,0.0
1995-12-07,133.0,11.0,94.0,0.0,0.0
1995-12-08,89.0,-50.0,0.0,0.0,0.0
1995-12-09,72.0,-39.0,457.0,0.0,0.0
1995-12-10,78.0,-144.0,0.0,0.0,0.0
1995-12-11,-11.0,-139.0,0.0,0.0,0.0
1995-12-12,44.0,-117.0,0.0,0.0,0.0
1995-12-13,33.0,-28.0,0.0,0.0,0.0
1995-12-14,150.0,-89.0,0.0,0.0,0.0
1995-12-15,150.0,56.0,0.0,0.0,0.0
1995-12-16,178.0,78.0,51.0,0.0,0.0
1995-12-17,167.0,-6.0,64.0,0.0,0.0
1995-12-18,117.0,17.0,0.0,0.0,0.0
1995-12-19,128.0,83.0,305.0,0.0,0.0
1995-12-20,83.0,28.0,51.0,0.0,0.0
1995-12-21,39.0,-83.0,0.0,0.0,0.0
1995-12-22,22.0,-100.0,0.0,0.0,0.0
1995-12-23,33.0,-100.0,0.0,0.0,0.0
1995-12-24,33.0,-100.0,0.0,0.0,0.0
1995-12-25,22.0,-83.0,0.0,0.0,0.0
1995-12-26,22.0,-72.0,0.0,0.0,0.0
1995-12-27,33.0,-106.0,0.0,0.0,0.0
1995-12-28,28.0,-67.0,0.0,0.0,0.0
1995-12-29,39.0,-111.0,0.0,0.0,0.0
1995-12-30,106.0,-117.0,0.0,0.0,0.0
1995-12-31,117.0,-83.0,0.0,0.0,0.0
1996-01-01,94.0,22.0,221.0,0.0,0.0
1996-01-02,128.0,72.0,188.0,0.0,0.0
1996-01-03,156.0,17.0,71.0,0.0,0.0
1996-01-04,17.0,-72.0,0.0,0.0,0.0
1996-01-05,44.0,-78.0,0.0,0.0,0.0
1996-01-06,56.0,-28.0,0.0,0.0,0.0
1996-01-07,39.0,-72.0,508.0,,
1996-01-08,-61.0,-111.0,1016.0,,
1996-01-09,-17.0,-139.0,0.0,,0.0
1996-01-10,44.0,-133.0,0.0,,0.0
1996-01-11,56.0,-61.0,0.0,,0.0
1996-01-12,33.0,-61.0,,,
1996-01-13,17.0,-50.0,0.0,,0.0
1996-01-14,67.0,-56.0,0.0,,0.0
1996-01-15,150.0,-61.0,0.0,,0.0
1996-01-16,167.0,-33.0,0.0,,0.0
1996-01-17,111.0,6.0,0.0,,0.0
1996-01-18,161.0,33.0,0.0,,0.0
1996-01-19,178.0,-83.0,218.0,,0.0
1996-01-20,-50.0,-122.0,0.0,,0.0
1996-01-21,83.0,-122.0,0.0,,0.0
1996-01-22,56.0,-111.0,0.0,,0.0
1996-01-23,128.0,-72.0,0.0,,0.0
1996-01-24,144.0,-22.0,178.0,,0.0
1996-01-25,117.0,-78.0,0.0,,0.0
1996-01-26,89.0,-78.0,0.0,,0.0
1996-01-27,111.0,17.0,947.0,,0.0
1996-01-28,50.0,-83.0,0.0,,0.0
1996-01-29,94.0,-78.0,,,
1996-01-30,44.0,6.0,79.0,,
1996-01-31,83.0,33.0,104.0,,0.0
1996-02-01,33.0,-28.0,0.0,,0.0
1996-02-02,39.0,0.0,368.0,,0.0
1996-02-03,11.0,-100.0,305.0,,0.0
1996-02-04,-89.0,-167.0,0.0,,
1996-02-05,-78.0,-200.0,0.0,,0.0
1996-02-06,-50.0,-167.0,0.0,,0.0
1996-02-07,-17.0,-111.0,0.0,,0.0
1996-02-08,11.0,-33.0,51.0,,0.0
1996-02-09,106.0,6.0,114.0,,0.0
1996-02-10,144.0,-33.0,0.0,,0.0
1996-02-11,144.0,106.0,0.0,,0.0
1996-02-12,117.0,-22.0,0.0,0.0,0.0
1996-02-13,22.0,-50.0,0.0,0.0,0.0
1996-02-14,83.0,-50.0,0.0,0.0,0.0
1996-02-15,122.0,-6.0,0.0,0.0,0.0
1996-02-16,106.0,-33.0,0.0,0.0,0.0
1996-02-17,17.0,-111.0,0.0,0.0,0.0
1996-02-18,44.0,-33.0,0.0,0.0,0.0
1996-02-19,94.0,-44.0,0.0,0.0,0.0
1996-02-20,139.0,-28.0,56.0,0.0,0.0
1996-02-21,128.0,39.0,0.0,0.0,0.0
1996-02-22,183.0,39.0,0.0,0.0,0.0
1996-02-23,217.0,78.0,0.0,0.0,0.0
1996-02-24,272.0,78.0,0.0,0.0,0.0
1996-02-25,189.0,-22.0,0.0,0.0,0.0
1996-02-26,233.0,-22.0,0.0,0.0,0.0
1996-02-27,239.0,56.0,0.0,0.0,0.0
1996-02-28,256.0,78.0,97.0,0.0,0.0
1996-02-29,156.0,-33.0,13.0,0.0,0.0
1996-03-01,78.0,72.0,0.0,0.0,0.0
1996-03-02,56.0,-39.0,0.0,0.0,0.0
1996-03-03,122.0,0.0,0.0,0.0,0.0
1996-03-04,83.0,-56.0,0.0,0.0,0.0
1996-03-05,194.0,-33.0,0.0,0.0,0.0
1996-03-06,144.0,67.0,559.0,0.0,0.0
1996-03-07,206.0,106.0,472.0,0.0,0.0
1996-03-08,122.0,-100.0,140.0,51.0,
1996-03-09,-56.0,-144.0,0.0,,0.0
1996-03-10,22.0,-144.0,0.0,,0.0
1996-03-11,61.0,-111.0,0.0,,0.0
1996-03-12,122.0,-72.0,0.0,,0.0
1996-03-13,150.0,-72.0,0.0,0.0,0.0
1996-03-14,194.0,-11.0,0.0,0.0,0.0
1996-03-15,200.0,44.0,89.0,0.0,0.0
1996-03-16,178.0,56.0,168.0,0.0,0.0
1996-03-17,222.0,56.0,0.0,0.0,0.0
1996-03-18,217.0,-6.0,0.0,0.0,0.0
1996-03-19,178.0,39.0,193.0,0.0,0.0
1996-03-20,50.0,-28.0,241.0,,
1996-03-21,0.0,-33.0,43.0,102.0,
1996-03-22,6.0,-78.0,0.0,0.0,0.0
1996-03-23,94.0,-67.0,0.0,0.0,0.0
1996-03-24,150.0,-50.0,0.0,0.0,0.0
1996-03-25,211.0,-17.0,0.0,0.0,0.0
1996-03-26,183.0,6.0,135.0,0.0,0.0
1996-03-27,139.0,11.0,0.0,0.0,0.0
1996-03-28,133.0,56.0,208.0,0.0,0.0
1996-03-29,111.0,78.0,48.0,0.0,0.0
1996-03-30,156.0,33.0,0.0,0.0,0.0
1996-03-31,161.0,39.0,41.0,0.0,0.0
1996-04-01,128.0,72.0,107.0,0.0,0.0
1996-04-02,89.0,-28.0,5.0,0.0,0.0
1996-04-03,178.0,-17.0,0.0,0.0,0.0
1996-04-04,244.0,6.0,0.0,0.0,0.0
1996-04-05,233.0,50.0,0.0,0.0,0.0
1996-04-06,156.0,33.0,20.0,0.0,0.0
1996-04-07,89.0,-44.0,0.0,0.0,0.0
1996-04-08,117.0,-44.0,0.0,0.0,0.0
1996-04-09,56.0,-6.0,137.0,0.0,0.0
1996-04-10,94.0,-44.0,0.0,0.0,0.0
1996-04-11,128.0,-39.0,0.0,0.0,0.0
1996-04-12,217.0,-28.0,0.0,0.0,0.0
1996-04-13,206.0,6.0,51.0,0.0,0.0
1996-04-14,206.0,50.0,51.0,0.0,0.0
1996-04-15,244.0,50.0,28.0,0.0,0.0
1996-04-16,206.0,22.0,8.0,0.0,0.0
1996-04-17,178.0,0.0,0.0,0.0,0.0
1996-04-18,228.0,11.0,0.0,0.0,0.0
1996-04-19,239.0,17.0,66.0,0.0,0.0
1996-04-20,178.0,111.0,109.0,0.0,0.0
1996-04-21,228.0,111.0,406.0,0.0,0.0
1996-04-22,233.0,100.0,8.0,0.0,0.0
1996-04-23,272.0,100.0,0.0,0.0,0.0
1996-04-24,189.0,-6.0,91.0,0.0,0.0
1996-04-25,200.0,-11.0,0.0,0.0,0.0
1996-04-26,250.0,50.0,297.0,0.0,0.0
1996-04-27,233.0,28.0,0.0,0.0,0.0
1996-04-28,222.0,0.0,0.0,0.0,0.0
1996-04-29,261.0,11.0,0.0,0.0,0.0
1996-04-30,283.0,67.0,259.0,0.0,0.0
1996-05-01,144.0,-11.0,0.0,0.0,0.0
1996-05-02,228.0,44.0,0.0,0.0,0.0
1996-05-03,250.0,61.0,0.0,0.0,0.0
1996-05-04,278.0,78.0,0.0,0.0,0.0
1996-05-05,306.0,111.0,0.0,0.0,0.0
1996-05-06,294.0,161.0,0.0,0.0,0.0
1996-05-07,222.0,128.0,310.0,0.0,0.0
1996-05-08,278.0,161.0,0.0,0.0,0.0
1996-05-09,278.0,122.0,0.0,0.0,0.0
1996-05-10,283.0,122.0,0.0,0.0,0.0
1996-05-11,267.0,128.0,0.0,0.0,0.0
1996-05-12,217.0,67.0,102.0,0.0,0.0
1996-05-13,172.0,50.0,0.0,0.0,0.0
1996-05-14,156.0,28.0,0.0,0.0,0.0
1996-05-15,194.0,33.0,157.0,0.0,0.0
1996-05-16,156.0,100.0,188.0,0.0,0.0
1996-05-17,256.0,50.0,0.0,0.0,0.0
1996-05-18,283.0,133.0,0.0,0.0,0.0
1996-05-19,306.0,144.0,0.0,0.0,0.0
1996-05-20,306.0,139.0,0.0,0.0,0.0
1996-05-21,300.0,139.0,0.0,0.0,0.0
1996-05-22,300.0,144.0,0.0,0.0,0.0
1996-05-23,283.0,111.0,0.0,0.0,0.0
1996-05-24,289.0,144.0,0.0,0.0,0.0
1996-05-25,317.0,161.0,665.0,0.0,0.0
1996-05-26,283.0,156.0,0.0,0.0,0.0
1996-05-27,283.0,167.0,196.0,0.0,0.0
1996-05-28,278.0,167.0,127.0,0.0,0.0
1996-05-29,261.0,167.0,23.0,0.0,0.0
1996-05-30,267.0,111.0,0.0,0.0,0.0
1996-05-31,233.0,106.0,0.0,0.0,0.0
1996-06-01,,,0.0,0.0,0.0
1996-06-02,233.0,100.0,0.0,0.0,0.0
1996-06-03,233.0,100.0,0.0,0.0,0.0
1996-06-04,256.0,111.0,0.0,0.0,0.0
1996-06-05,233.0,89.0,97.0,0.0,0.0
1996-06-06,250.0,100.0,0.0,0.0,0.0
1996-06-07,283.0,144.0,0.0,0.0,0.0
1996-06-08,300.0,156.0,0.0,0.0,0.0
1996-06-09,222.0,167.0,546.0,0.0,0.0
1996-06-10,250.0,128.0,165.0,0.0,0.0
1996-06-11,244.0,122.0,5.0,0.0,0.0
1996-06-12,222.0,128.0,8.0,0.0,0.0
1996-06-13,228.0,156.0,152.0,0.0,0.0
1996-06-14,283.0,150.0,0.0,0.0,0.0
1996-06-15,289.0,150.0,0.0,0.0,0.0
1996-06-16,294.0,144.0,0.0,0.0,0.0
1996-06-17,294.0,144.0,0.0,0.0,0.0
1996-06-18,294.0,183.0,127.0,0.0,0.0
1996-06-19,278.0,178.0,0.0,0.0,0.0
1996-06-20,278.0,167.0,0.0,0.0,0.0
1996-06-21,289.0,178.0,0.0,0.0,0.0
1996-06-22,311.0,161.0,0.0,0.0,0.0
1996-06-23,328.0,172.0,0.0,0.0,0.0
1996-06-24,317.0,189.0,0.0,0.0,0.0
1996-06-25,317.0,183.0,64.0,0.0,0.0
1996-06-26,294.0,167.0,0.0,0.0,0.0
1996-06-27,294.0,167.0,0.0,0.0,0.0
1996-06-28,294.0,167.0,0.0,0.0,0.0
1996-06-29,300.0,167.0,0.0,0.0,0.0
1996-06-30,306.0,172.0,0.0,0.0,0.0
1996-07-01,306.0,167.0,0.0,0.0,0.0
1996-07-02,317.0,167.0,0.0,0.0,0.0
1996-07-03,322.0,178.0,33.0,0.0,0.0
1996-07-04,283.0,94.0,0.0,0.0,0.0
1996-07-05,261.0,94.0,0.0,0.0,0.0
1996-07-06,283.0,144.0,0.0,0.0,0.0
1996-07-07,300.0,167.0,0.0,0.0,0.0
1996-07-08,306.0,206.0,0.0,0.0,0.0
1996-07-09,272.0,200.0,8.0,0.0,0.0
1996-07-10,294.0,150.0,0.0,0.0,0.0
1996-07-11,294.0,128.0,0.0,0.0,0.0
1996-07-12,294.0,128.0,0.0,0.0,0.0
1996-07-13,289.0,161.0,76.0,0.0,0.0
1996-07-14,283.0,172.0,119.0,0.0,0.0
1996-07-15,289.0,172.0,117.0,0.0,0.0
1996-07-16,267.0,183.0,109.0,0.0,0.0
1996-07-17,294.0,183.0,8.0,0.0,0.0
1996-07-18,311.0,183.0,0.0,0.0,0.0
1996-07-19,300.0,189.0,0.0,0.0,0.0
1996-07-20,311.0,183.0,0.0,0.0,0.0
1996-07-21,311.0,194.0,0.0,0.0,0.0
1996-07-22,311.0,200.0,23.0,0.0,0.0
1996-07-23,300.0,194.0,18.0,0.0,0.0
1996-07-24,300.0,150.0,0.0,0.0,0.0
1996-07-25,300.0,150.0,91.0,0.0,0.0
1996-07-26,228.0,167.0,290.0,0.0,0.0
1996-07-27,278.0,133.0,0.0,0.0,0.0
1996-07-28,278.0,133.0,0.0,0.0,0.0
1996-07-29,244.0,183.0,8.0,0.0,0.0
1996-07-30,278.0,178.0,119.0,0.0,0.0
1996-07-31,256.0,178.0,155.0,0.0,0.0
1996-08-01,228.0,178.0,437.0,0.0,0.0
1996-08-02,267.0,139.0,0.0,0.0,0.0
1996-08-03,278.0,139.0,0.0,0.0,0.0
1996-08-04,289.0,167.0,0.0,0.0,0.0
1996-08-05,294.0,178.0,155.0,0.0,0.0
1996-08-06,300.0,178.0,0.0,0.0,0.0
1996-08-07,306.0,178.0,152.0,0.0,0.0
1996-08-08,294.0,189.0,10.0,0.0,0.0
1996-08-09,300.0,194.0,20.0,0.0,0.0
1996-08-10,278.0,144.0,0.0,0.0,0.0
1996-08-11,283.0,144.0,0.0,0.0,0.0
1996-08-12,283.0,189.0,114.0,0.0,0.0
1996-08-13,239.0,150.0,99.0,0.0,0.0
1996-08-14,250.0,139.0,0.0,0.0,0.0
1996-08-15,278.0,139.0,0.0,0.0,0.0
1996-08-16,283.0,139.0,0.0,0.0,0.0
1996-08-17,289.0,150.0,0.0,0.0,0.0
1996-08-18,289.0,161.0,0.0,0.0,0.0
1996-08-19,289.0,161.0,51.0,0.0,0.0
1996-08-20,300.0,167.0,213.0,0.0,0.0
1996-08-21,300.0,167.0,3.0,0.0,0.0
1996-08-22,289.0,172.0,3.0,0.0,0.0
1996-08-23,300.0,167.0,91.0,0.0,0.0
1996-08-24,300.0,161.0,0.0,0.0,0.0
1996-08-25,294.0,161.0,0.0,0.0,0.0
1996-08-26,283.0,150.0,0.0,0.0,0.0
1996-08-27,289.0,144.0,25.0,0.0,0.0
1996-08-28,272.0,178.0,0.0,0.0,0.0
1996-08-29,283.0,161.0,0.0,0.0,0.0
1996-08-30,283.0,167.0,25.0,0.0,0.0
1996-08-31,278.0,167.0,25.0,0.0,0.0
1996-09-01,267.0,167.0,152.0,0.0,0.0
1996-09-02,267.0,167.0,5.0,0.0,0.0
1996-09-03,222.0,167.0,163.0,0.0,0.0
1996-09-04,278.0,161.0,0.0,0.0,0.0
1996-09-05,256.0,156.0,107.0,0.0,0.0
1996-09-06,261.0,161.0,36.0,0.0,0.0
1996-09-07,283.0,144.0,0.0,0.0,0.0
1996-09-08,289.0,150.0,0.0,0.0,0.0
1996-09-09,278.0,156.0,102.0,0.0,0.0
1996-09-10,239.0,161.0,69.0,0.0,0.0
1996-09-11,244.0,172.0,5.0,0.0,0.0
1996-09-12,278.0,133.0,0.0,0.0,0.0
1996-09-13,267.0,122.0,28.0,0.0,0.0
1996-09-14,200.0,72.0,0.0,0.0,0.0
1996-09-15,211.0,61.0,0.0,0.0,0.0
1996-09-16,244.0,61.0,25.0,0.0,0.0
1996-09-17,211.0,161.0,318.0,0.0,0.0
1996-09-18,233.0,100.0,0.0,0.0,0.0
1996-09-19,222.0,61.0,0.0,0.0,0.0
1996-09-20,222.0,61.0,0.0,0.0,0.0
1996-09-21,233.0,78.0,0.0,0.0,0.0
1996-09-22,222.0,117.0,165.0,0.0,0.0
1996-09-23,228.0,83.0,0.0,0.0,0.0
1996-09-24,261.0,100.0,0.0,0.0,0.0
1996-09-25,250.0,106.0,0.0,0.0,0.0
1996-09-26,261.0,122.0,0.0,0.0,0.0
1996-09-27,250.0,139.0,23.0,0.0,0.0
1996-09-28,206.0,178.0,135.0,0.0,0.0
1996-09-29,200.0,78.0,394.0,0.0,0.0
1996-09-30,206.0,67.0,33.0,0.0,0.0
1996-10-01,206.0,117.0,20.0,0.0,0.0
1996-10-02,206.0,139.0,5.0,0.0,0.0
1996-10-03,261.0,139.0,142.0,0.0,0.0
1996-10-04,261.0,128.0,0.0,0.0,0.0
1996-10-05,217.0,56.0,0.0,0.0,0.0
1996-10-06,200.0,50.0,0.0,0.0,0.0
1996-10-07,200.0,56.0,0.0,0.0,0.0
1996-10-08,206.0,89.0,0.0,0.0,0.0
1996-10-09,244.0,78.0,0.0,0.0,0.0
1996-10-10,161.0,28.0,0.0,0.0,0.0
1996-10-11,133.0,22.0,33.0,0.0,0.0
1996-10-12,172.0,6.0,0.0,0.0,0.0
1996-10-13,189.0,6.0,0.0,0.0,0.0
1996-10-14,206.0,11.0,0.0,0.0,0.0
1996-10-15,233.0,44.0,0.0,0.0,0.0
1996-10-16,272.0,67.0,0.0,0.0,0.0
1996-10-17,244.0,72.0,0.0,0.0,0.0
1996-10-18,244.0,83.0,97.0,0.0,0.0
1996-10-19,150.0,-6.0,58.0,0.0,0.0
1996-10-20,128.0,-33.0,0.0,0.0,0.0
1996-10-21,183.0,-33.0,0.0,0.0,0.0
1996-10-22,217.0,-28.0,0.0,0.0,0.0
1996-10-23,256.0,72.0,84.0,0.0,0.0
1996-10-24,189.0,-11.0,0.0,0.0,0.0
1996-10-25,211.0,-11.0,0.0,0.0,0.0
1996-10-26,222.0,44.0,0.0,0.0,0.0
1996-10-27,194.0,128.0,127.0,0.0,0.0
1996-10-28,233.0,144.0,38.0,0.0,0.0
1996-10-29,256.0,156.0,0.0,0.0,0.0
1996-10-30,278.0,156.0,0.0,0.0,0.0
1996-10-31,261.0,44.0,0.0,0.0,0.0
1996-11-01,239.0,72.0,0.0,0.0,0.0
1996-11-02,117.0,33.0,279.0,0.0,0.0
1996-11-03,89.0,-50.0,0.0,0.0,0.0
1996-11-04,122.0,-50.0,0.0,0.0,0.0
1996-11-05,150.0,-44.0,0.0,0.0,0.0
1996-11-06,189.0,89.0,0.0,0.0,0.0
1996-11-07,217.0,94.0,0.0,0.0,0.0
1996-11-08,217.0,111.0,335.0,0.0,0.0
1996-11-09,78.0,-11.0,48.0,0.0,0.0
1996-11-10,78.0,-17.0,0.0,0.0,0.0
1996-11-11,50.0,-56.0,0.0,0.0,0.0
1996-11-12,67.0,-61.0,0.0,0.0,0.0
1996-11-13,94.0,-61.0,0.0,0.0,0.0
1996-11-14,78.0,-6.0,61.0,0.0,0.0
1996-11-15,72.0,33.0,36.0,0.0,0.0
1996-11-16,78.0,-33.0,0.0,0.0,0.0
1996-11-17,133.0,-33.0,0.0,0.0,0.0
1996-11-18,150.0,89.0,58.0,0.0,0.0
1996-11-19,122.0,72.0,221.0,0.0,0.0
1996-11-20,161.0,33.0,3.0,0.0,0.0
1996-11-21,167.0,44.0,0.0,0.0,0.0
1996-11-22,144.0,0.0,132.0,0.0,0.0
1996-11-23,94.0,-33.0,0.0,0.0,0.0
1996-11-24,133.0,-39.0,0.0,0.0,0.0
1996-11-25,172.0,-22.0,41.0,0.0,0.0
1996-11-26,156.0,61.0,140.0,0.0,0.0
1996-11-27,67.0,-56.0,0.0,0.0,0.0
1996-11-28,89.0,-56.0,0.0,0.0,0.0
1996-11-29,128.0,-50.0,0.0,0.0,0.0
1996-11-30,83.0,-17.0,58.0,0.0,0.0
1996-12-01,150.0,139.0,533.0,0.0,0.0
1996-12-02,167.0,-22.0,109.0,0.0,0.0
1996-12-03,111.0,-33.0,0.0,0.0,0.0
1996-12-04,139.0,-39.0,0.0,0.0,0.0
1996-12-05,139.0,-39.0,0.0,0.0,0.0
1996-12-06,72.0,-39.0,48.0,0.0,0.0
1996-12-07,144.0,-39.0,127.0,0.0,0.0
1996-12-08,139.0,-33.0,64.0,0.0,0.0
1996-12-09,94.0,-44.0,0.0,0.0,0.0
1996-12-10,72.0,-56.0,0.0,0.0,0.0
1996-12-11,172.0,-44.0,0.0,0.0,0.0
1996-12-12,156.0,78.0,84.0,0.0,0.0
1996-12-13,156.0,50.0,315.0,0.0,0.0
1996-12-14,156.0,-22.0,0.0,0.0,0.0
1996-12-15,133.0,-22.0,0.0,0.0,0.0
1996-12-16,167.0,0.0,0.0,0.0,0.0
1996-12-17,106.0,6.0,58.0,0.0,0.0
1996-12-18,67.0,-17.0,0.0,0.0,0.0
1996-12-19,-39.0,-56.0,,25.0,25.0
1996-12-20,-39.0,-128.0,,,
1996-12-21,-11.0,-139.0,15.0,,
1996-12-22,50.0,-139.0,0.0,,0.0
1996-12-23,106.0,28.0,0.0,,0.0
1996-12-24,167.0,39.0,102.0,0.0,0.0
1996-12-25,106.0,-72.0,109.0,0.0,0.0
1996-12-26,56.0,-67.0,0.0,0.0,0.0
1996-12-27,106.0,-56.0,79.0,0.0,0.0
1996-12-28,161.0,61.0,0.0,0.0,0.0
1996-12-29,161.0,128.0,254.0,0.0,0.0
1996-12-30,211.0,111.0,3.0,0.0,0.0
1996-12-31,167.0,122.0,18.0,0.0,0.0
1997-01-01,183.0,89.0,30.0,0.0,0.0
1997-01-02,167.0,100.0,28.0,0.0,0.0
1997-01-03,172.0,106.0,0.0,0.0,0.0
1997-01-04,183.0,111.0,10.0,0.0,0.0
1997-01-05,189.0,106.0,183.0,0.0,0.0
1997-01-06,189.0,17.0,8.0,0.0,0.0
1997-01-07,83.0,17.0,0.0,0.0,0.0
1997-01-08,72.0,-28.0,0.0,0.0,0.0
1997-01-09,50.0,-11.0,259.0,0.0,0.0
1997-01-10,56.0,-22.0,10.0,0.0,0.0
1997-01-11,39.0,-139.0,,127.0,114.0
1997-01-12,0.0,-139.0,0.0,,0.0
1997-01-13,22.0,-106.0,0.0,,0.0
1997-01-14,22.0,-111.0,0.0,,0.0
1997-01-15,72.0,-111.0,0.0,,0.0
1997-01-16,117.0,-17.0,254.0,,0.0
1997-01-17,22.0,-144.0,0.0,,0.0
1997-01-18,-22.0,-139.0,0.0,,0.0
1997-01-19,-11.0,-106.0,0.0,,0.0
1997-01-20,22.0,-106.0,0.0,,0.0
1997-01-21,111.0,-94.0,0.0,,0.0
1997-01-22,189.0,-39.0,0.0,,0.0
1997-01-23,122.0,44.0,140.0,0.0,0.0
1997-01-24,139.0,44.0,36.0,0.0,0.0
1997-01-25,139.0,44.0,328.0,0.0,0.0
1997-01-26,89.0,-61.0,0.0,0.0,0.0
1997-01-27,89.0,-50.0,0.0,0.0,0.0
1997-01-28,122.0,83.0,246.0,0.0,0.0
1997-01-29,89.0,-33.0,0.0,0.0,0.0
1997-01-30,83.0,-17.0,0.0,0.0,0.0
1997-01-31,117.0,-33.0,0.0,0.0,0.0
1997-02-01,133.0,-33.0,0.0,0.0,0.0
1997-02-02,183.0,-33.0,0.0,0.0,0.0
1997-02-03,194.0,-11.0,0.0,0.0,0.0
1997-02-04,144.0,61.0,53.0,0.0,0.0
1997-02-05,167.0,50.0,97.0,0.0,0.0
1997-02-06,106.0,-39.0,0.0,0.0,0.0
1997-02-07,78.0,22.0,0.0,0.0,0.0
1997-02-08,167.0,39.0,109.0,0.0,0.0
1997-02-09,83.0,0.0,0.0,0.0,0.0
1997-02-10,61.0,-11.0,25.0,0.0,0.0
1997-02-11,61.0,-28.0,25.0,0.0,0.0
1997-02-12,22.0,-78.0,0.0,0.0,0.0
1997-02-13,67.0,-61.0,0.0,0.0,0.0
1997-02-14,61.0,11.0,137.0,0.0,0.0
1997-02-15,83.0,0.0,36.0,0.0,0.0
1997-02-16,94.0,-72.0,0.0,0.0,0.0
1997-02-17,144.0,-28.0,0.0,0.0,0.0
1997-02-18,161.0,-22.0,0.0,0.0,0.0
1997-02-19,178.0,28.0,0.0,0.0,0.0
1997-02-20,194.0,33.0,0.0,0.0,0.0
1997-02-21,189.0,156.0,0.0,0.0,0.0
1997-02-22,178.0,106.0,0.0,0.0,0.0
1997-02-23,78.0,-50.0,,0.0,0.0
1997-02-24,117.0,-44.0,0.0,0.0,0.0
1997-02-25,144.0,17.0,0.0,0.0,0.0
1997-02-26,150.0,22.0,23.0,0.0,0.0
1997-02-27,167.0,161.0,33.0,0.0,0.0
1997-02-28,172.0,133.0,686.0,0.0,0.0
1997-03-01,200.0,139.0,353.0,0.0,0.0
1997-03-02,239.0,139.0,0.0,0.0,0.0
1997-03-03,239.0,128.0,152.0,0.0,0.0
1997-03-04,222.0,61.0,124.0,0.0,0.0
1997-03-05,228.0,33.0,0.0,0.0,0.0
1997-03-06,228.0,17.0,234.0,0.0,0.0
1997-03-07,89.0,-28.0,0.0,0.0,0.0
1997-03-08,178.0,6.0,0.0,0.0,0.0
1997-03-09,194.0,6.0,0.0,0.0,0.0
1997-03-10,222.0,6.0,48.0,0.0,0.0
1997-03-11,206.0,67.0,0.0,0.0,0.0
1997-03-12,217.0,11.0,0.0,0.0,0.0
1997-03-13,228.0,11.0,0.0,0.0,0.0
1997-03-14,167.0,128.0,462.0,0.0,0.0
1997-03-15,194.0,-22.0,84.0,0.0,0.0
1997-03-16,100.0,-56.0,0.0,0.0,0.0
1997-03-17,122.0,-11.0,0.0,0.0,0.0
1997-03-18,194.0,0.0,0.0,0.0,0.0
1997-03-19,172.0,100.0,274.0,0.0,0.0
1997-03-20,167.0,83.0,91.0,0.0,0.0
1997-03-21,189.0,11.0,0.0,0.0,0.0
1997-03-22,228.0,11.0,0.0,0.0,0.0
1997-03-23,211.0,-6.0,0.0,0.0,0.0
1997-03-24,211.0,-17.0,0.0,0.0,0.0
1997-03-25,189.0,-6.0,0.0,0.0,0.0
1997-03-26,167.0,100.0,191.0,0.0,0.0
1997-03-27,183.0,-17.0,0.0,0.0,0.0
1997-03-28,228.0,28.0,0.0,0.0,0.0
1997-03-29,144.0,83.0,241.0,0.0,0.0
1997-03-30,228.0,33.0,97.0,0.0,0.0
1997-03-31,244.0,22.0,23.0,0.0,0.0
1997-04-01,122.0,-28.0,0.0,0.0,0.0
1997-04-02,183.0,-28.0,0.0,0.0,0.0
1997-04-03,211.0,-17.0,0.0,0.0,0.0
1997-04-04,233.0,0.0,0.0,0.0,0.0
1997-04-05,244.0,33.0,0.0,0.0,0.0
1997-04-06,256.0,139.0,318.0,0.0,0.0
1997-04-07,250.0,56.0,135.0,0.0,0.0
1997-04-08,178.0,-17.0,0.0,0.0,0.0
1997-04-09,189.0,-11.0,0.0,0.0,0.0
1997-04-10,161.0,-33.0,0.0,0.0,0.0
1997-04-11,183.0,-6.0,0.0,0.0,0.0
1997-04-12,211.0,17.0,145.0,0.0,0.0
1997-04-13,200.0,61.0,56.0,0.0,0.0
1997-04-14,133.0,-28.0,0.0,0.0,0.0
1997-04-15,156.0,-28.0,0.0,0.0,0.0
1997-04-16,194.0,-11.0,0.0,0.0,0.0
1997-04-17,217.0,-11.0,10.0,0.0,0.0
1997-04-18,133.0,11.0,0.0,0.0,0.0
1997-04-19,133.0,6.0,25.0,0.0,0.0
1997-04-20,200.0,33.0,53.0,0.0,0.0
1997-04-21,200.0,39.0,8.0,0.0,0.0
1997-04-22,228.0,117.0,229.0,0.0,0.0
1997-04-23,,,229.0,0.0,0.0
1997-04-24,,,0.0,0.0,0.0
1997-04-25,178.0,17.0,0.0,0.0,0.0
1997-04-26,200.0,33.0,8.0,0.0,0.0
1997-04-27,139.0,61.0,0.0,0.0,0.0
1997-04-28,156.0,122.0,160.0,0.0,0.0
1997-04-29,222.0,106.0,221.0,0.0,0.0
1997-04-30,200.0,100.0,3.0,0.0,0.0
1997-05-01,250.0,106.0,0.0,0.0,0.0
1997-05-02,239.0,28.0,0.0,0.0,0.0
1997-05-03,256.0,89.0,602.0,0.0,0.0
1997-05-04,228.0,78.0,0.0,0.0,0.0
1997-05-05,167.0,0.0,0.0,0.0,0.0
1997-05-06,217.0,17.0,0.0,0.0,0.0
1997-05-07,239.0,33.0,0.0,0.0,0.0
1997-05-08,244.0,44.0,0.0,0.0,0.0
1997-05-09,250.0,72.0,30.0,0.0,0.0
1997-05-10,206.0,22.0,23.0,0.0,0.0
1997-05-11,178.0,0.0,0.0,0.0,0.0
1997-05-12,217.0,28.0,0.0,0.0,0.0
1997-05-13,233.0,44.0,3.0,0.0,0.0
1997-05-14,189.0,33.0,0.0,0.0,0.0
1997-05-15,261.0,72.0,25.0,0.0,0.0
1997-05-16,206.0,17.0,0.0,0.0,0.0
1997-05-17,189.0,6.0,0.0,0.0,0.0
1997-05-18,256.0,6.0,0.0,0.0,0.0
1997-05-19,294.0,67.0,0.0,0.0,0.0
1997-05-20,261.0,117.0,66.0,0.0,0.0
1997-05-21,244.0,89.0,8.0,0.0,0.0
1997-05-22,228.0,44.0,0.0,0.0,0.0
1997-05-23,239.0,61.0,0.0,0.0,0.0
1997-05-24,261.0,89.0,0.0,0.0,0.0
1997-05-25,222.0,128.0,112.0,0.0,0.0
1997-05-26,200.0,172.0,183.0,0.0,0.0
1997-05-27,261.0,178.0,15.0,0.0,0.0
1997-05-28,206.0,128.0,127.0,0.0,0.0
1997-05-29,189.0,94.0,102.0,0.0,0.0
1997-05-30,150.0,106.0,61.0,0.0,0.0
1997-05-31,172.0,144.0,43.0,0.0,0.0
1997-06-01,161.0,144.0,356.0,0.0,0.0
1997-06-02,228.0,117.0,30.0,0.0,0.0
1997-06-03,228.0,111.0,94.0,0.0,0.0
1997-06-04,250.0,106.0,10.0,0.0,0.0
1997-06-05,172.0,128.0,89.0,0.0,0.0
1997-06-06,189.0,72.0,5.0,0.0,0.0
1997-06-07,228.0,106.0,13.0,0.0,0.0
1997-06-08,183.0,111.0,0.0,0.0,0.0
1997-06-09,194.0,128.0,13.0,0.0,0.0
1997-06-10,161.0,117.0,79.0,0.0,0.0
1997-06-11,222.0,133.0,3.0,0.0,0.0
1997-06-12,222.0,144.0,13.0,0.0,0.0
1997-06-13,250.0,172.0,38.0,0.0,0.0
1997-06-14,283.0,172.0,267.0,0.0,0.0
1997-06-15,256.0,167.0,206.0,0.0,0.0
1997-06-16,272.0,144.0,0.0,0.0,0.0
1997-06-17,250.0,156.0,76.0,0.0,0.0
1997-06-18,256.0,183.0,69.0,0.0,0.0
1997-06-19,256.0,161.0,13.0,0.0,0.0
1997-06-20,278.0,150.0,0.0,0.0,0.0
1997-06-21,300.0,150.0,0.0,0.0,0.0
1997-06-22,294.0,161.0,0.0,0.0,0.0
1997-06-23,289.0,161.0,0.0,0.0,0.0
1997-06-24,311.0,167.0,8.0,0.0,0.0
1997-06-25,306.0,183.0,25.0,0.0,0.0
1997-06-26,306.0,189.0,41.0,0.0,0.0
1997-06-27,283.0,189.0,84.0,0.0,0.0
1997-06-28,283.0,189.0,122.0,0.0,0.0
1997-06-29,278.0,183.0,300.0,0.0,0.0
1997-06-30,278.0,183.0,8.0,0.0,0.0
1997-07-01,272.0,183.0,13.0,0.0,0.0
1997-07-02,272.0,167.0,3.0,0.0,0.0
1997-07-03,311.0,172.0,0.0,0.0,0.0
1997-07-04,328.0,156.0,0.0,0.0,0.0
1997-07-05,322.0,156.0,3.0,0.0,0.0
1997-07-06,267.0,122.0,0.0,0.0,0.0
1997-07-07,278.0,122.0,0.0,0.0,0.0
1997-07-08,256.0,133.0,0.0,0.0,0.0
1997-07-09,294.0,167.0,0.0,0.0,0.0
1997-07-10,283.0,167.0,211.0,0.0,0.0
1997-07-11,283.0,144.0,0.0,0.0,0.0
1997-07-12,289.0,161.0,0.0,0.0,0.0
1997-07-13,294.0,172.0,0.0,0.0,0.0
1997-07-14,306.0,172.0,0.0,0.0,0.0
1997-07-15,311.0,161.0,0.0,0.0,0.0
1997-07-16,317.0,161.0,0.0,0.0,0.0
1997-07-17,317.0,167.0,0.0,0.0,0.0
1997-07-18,317.0,156.0,0.0,0.0,0.0
1997-07-19,322.0,161.0,0.0,0.0,0.0
1997-07-20,322.0,156.0,0.0,0.0,0.0
1997-07-21,328.0,183.0,0.0,0.0,0.0
1997-07-22,306.0,189.0,23.0,0.0,0.0
1997-07-23,306.0,206.0,18.0,0.0,0.0
1997-07-24,283.0,206.0,61.0,0.0,0.0
1997-07-25,311.0,183.0,0.0,0.0,0.0
1997-07-26,311.0,178.0,0.0,0.0,0.0
1997-07-27,322.0,178.0,0.0,0.0,0.0
1997-07-28,339.0,178.0,0.0,0.0,0.0
1997-07-29,339.0,189.0,69.0,0.0,0.0
1997-07-30,311.0,200.0,0.0,0.0,0.0
1997-07-31,289.0,178.0,267.0,0.0,0.0
1997-08-01,278.0,117.0,0.0,,0.0
1997-08-02,283.0,117.0,0.0,0.0,0.0
1997-08-03,306.0,128.0,0.0,0.0,0.0
1997-08-04,306.0,144.0,0.0,0.0,0.0
1997-08-05,311.0,150.0,0.0,0.0,0.0
1997-08-06,300.0,122.0,0.0,0.0,0.0
1997-08-07,283.0,128.0,0.0,0.0,0.0
1997-08-08,272.0,150.0,102.0,0.0,0.0
1997-08-09,250.0,150.0,0.0,0.0,0.0
1997-08-10,217.0,161.0,0.0,0.0,0.0
1997-08-11,267.0,161.0,5.0,0.0,0.0
1997-08-12,300.0,183.0,0.0,0.0,0.0
1997-08-13,311.0,189.0,0.0,0.0,0.0
1997-08-14,289.0,194.0,196.0,0.0,0.0
1997-08-15,306.0,194.0,0.0,0.0,0.0
1997-08-16,311.0,206.0,56.0,0.0,0.0
1997-08-17,322.0,194.0,0.0,0.0,0.0
1997-08-18,328.0,194.0,43.0,0.0,0.0
1997-08-19,300.0,167.0,0.0,0.0,0.0
1997-08-20,311.0,206.0,8.0,0.0,0.0
1997-08-21,272.0,167.0,18.0,0.0,0.0
1997-08-22,267.0,106.0,0.0,0.0,0.0
1997-08-23,250.0,89.0,0.0,0.0,0.0
1997-08-24,267.0,89.0,0.0,0.0,0.0
1997-08-25,278.0,94.0,0.0,0.0,0.0
1997-08-26,283.0,117.0,0.0,0.0,0.0
1997-08-27,289.0,128.0,0.0,0.0,0.0
1997-08-28,311.0,139.0,0.0,0.0,0.0
1997-08-29,294.0,161.0,3.0,0.0,0.0
1997-08-30,317.0,156.0,0.0,0.0,0.0
1997-08-31,317.0,150.0,0.0,0.0,0.0
1997-09-01,322.0,178.0,0.0,0.0,0.0
1997-09-02,317.0,167.0,0.0,0.0,0.0
1997-09-03,328.0,172.0,0.0,0.0,0.0
1997-09-04,256.0,133.0,15.0,0.0,0.0
1997-09-05,267.0,72.0,0.0,0.0,0.0
1997-09-06,267.0,72.0,0.0,0.0,0.0
1997-09-07,283.0,100.0,0.0,0.0,0.0
1997-09-08,289.0,111.0,0.0,0.0,0.0
1997-09-09,289.0,128.0,0.0,0.0,0.0
1997-09-10,239.0,167.0,165.0,0.0,0.0
1997-09-11,244.0,139.0,155.0,0.0,0.0
1997-09-12,250.0,133.0,3.0,0.0,0.0
1997-09-13,272.0,117.0,3.0,0.0,0.0
1997-09-14,283.0,117.0,0.0,0.0,0.0
1997-09-15,272.0,117.0,0.0,0.0,0.0
1997-09-16,289.0,122.0,0.0,0.0,0.0
1997-09-17,289.0,128.0,0.0,0.0,0.0
1997-09-18,300.0,117.0,0.0,0.0,0.0
1997-09-19,306.0,133.0,0.0,0.0,0.0
1997-09-20,317.0,133.0,0.0,0.0,0.0
1997-09-21,328.0,133.0,0.0,0.0,0.0
1997-09-22,261.0,178.0,0.0,0.0,0.0
1997-09-23,211.0,167.0,0.0,0.0,0.0
1997-09-24,244.0,172.0,165.0,0.0,0.0
1997-09-25,194.0,156.0,1067.0,0.0,0.0
1997-09-26,211.0,144.0,28.0,0.0,0.0
1997-09-27,250.0,128.0,0.0,0.0,0.0
1997-09-28,272.0,122.0,191.0,0.0,0.0
1997-09-29,194.0,106.0,66.0,0.0,0.0
1997-09-30,228.0,72.0,0.0,0.0,0.0
1997-10-01,250.0,72.0,0.0,0.0,0.0
1997-10-02,222.0,44.0,0.0,0.0,0.0
1997-10-03,222.0,61.0,0.0,0.0,0.0
1997-10-04,233.0,61.0,0.0,0.0,0.0
1997-10-05,256.0,72.0,0.0,0.0,0.0
1997-10-06,261.0,100.0,0.0,0.0,0.0
1997-10-07,278.0,100.0,0.0,0.0,0.0
1997-10-08,278.0,111.0,0.0,0.0,0.0
1997-10-09,267.0,117.0,0.0,0.0,0.0
1997-10-10,278.0,122.0,0.0,0.0,0.0
1997-10-11,272.0,128.0,0.0,0.0,0.0
1997-10-12,261.0,128.0,0.0,0.0,0.0
1997-10-13,261.0,183.0,0.0,0.0,0.0
1997-10-14,256.0,144.0,3.0,0.0,0.0
1997-10-15,156.0,56.0,43.0,0.0,0.0
1997-10-16,206.0,67.0,0.0,0.0,0.0
1997-10-17,189.0,78.0,23.0,0.0,0.0
1997-10-18,189.0,94.0,0.0,0.0,0.0
1997-10-19,194.0,100.0,25.0,0.0,0.0
1997-10-20,189.0,33.0,0.0,0.0,0.0
1997-10-21,206.0,33.0,0.0,0.0,0.0
1997-10-22,133.0,44.0,28.0,0.0,0.0
1997-10-23,161.0,-28.0,0.0,0.0,0.0
1997-10-24,172.0,-28.0,0.0,0.0,0.0
1997-10-25,144.0,106.0,173.0,0.0,0.0
1997-10-26,156.0,128.0,470.0,0.0,0.0
1997-10-27,189.0,61.0,376.0,0.0,0.0
1997-10-28,72.0,-22.0,10.0,0.0,0.0
1997-10-29,133.0,-11.0,0.0,0.0,0.0
1997-10-30,183.0,-17.0,0.0,0.0,0.0
1997-10-31,206.0,-17.0,0.0,0.0,0.0
1997-11-01,200.0,39.0,46.0,0.0,0.0
1997-11-02,156.0,33.0,175.0,0.0,0.0
1997-11-03,161.0,28.0,3.0,0.0,0.0
1997-11-04,128.0,17.0,18.0,0.0,0.0
1997-11-05,111.0,-17.0,0.0,0.0,0.0
1997-11-06,150.0,-11.0,5.0,0.0,0.0
1997-11-07,100.0,44.0,107.0,0.0,0.0
1997-11-08,133.0,50.0,13.0,0.0,0.0
1997-11-09,100.0,17.0,0.0,0.0,0.0
1997-11-10,144.0,22.0,3.0,0.0,0.0
1997-11-11,83.0,28.0,0.0,0.0,0.0
1997-11-12,122.0,-11.0,0.0,0.0,0.0
1997-11-13,56.0,-6.0,66.0,0.0,0.0
1997-11-14,117.0,67.0,38.0,0.0,0.0
1997-11-15,83.0,22.0,38.0,0.0,0.0
1997-11-16,50.0,-50.0,0.0,0.0,0.0
1997-11-17,39.0,-83.0,0.0,0.0,0.0
1997-11-18,78.0,-83.0,0.0,0.0,0.0
1997-11-19,106.0,-6.0,0.0,0.0,0.0
1997-11-20,144.0,-67.0,0.0,0.0,0.0
1997-11-21,156.0,-44.0,3.0,0.0,0.0
1997-11-22,117.0,67.0,165.0,0.0,0.0
1997-11-23,178.0,33.0,0.0,0.0,0.0
1997-11-24,144.0,-39.0,0.0,0.0,0.0
1997-11-25,106.0,-94.0,0.0,0.0,0.0
1997-11-26,128.0,-67.0,0.0,0.0,0.0
1997-11-27,89.0,-28.0,3.0,0.0,0.0
1997-11-28,189.0,-17.0,0.0,0.0,0.0
1997-11-29,178.0,33.0,0.0,0.0,0.0
1997-11-30,161.0,89.0,43.0,0.0,0.0
1997-12-01,150.0,78.0,114.0,0.0,0.0
1997-12-02,133.0,-11.0,0.0,0.0,0.0
1997-12-03,156.0,-6.0,0.0,0.0,0.0
1997-12-04,139.0,83.0,132.0,0.0,0.0
1997-12-05,144.0,11.0,10.0,0.0,0.0
1997-12-06,28.0,-33.0,0.0,0.0,0.0
1997-12-07,33.0,-83.0,0.0,0.0,0.0
1997-12-08,50.0,-83.0,0.0,0.0,0.0
1997-12-09,17.0,-50.0,94.0,0.0,0.0
1997-12-10,94.0,11.0,122.0,0.0,0.0
1997-12-11,172.0,22.0,0.0,0.0,0.0
1997-12-12,67.0,17.0,0.0,0.0,0.0
1997-12-13,78.0,-28.0,0.0,0.0,0.0
1997-12-14,50.0,-22.0,0.0,0.0,0.0
1997-12-15,50.0,-61.0,0.0,0.0,0.0
1997-12-16,122.0,-72.0,0.0,0.0,0.0
1997-12-17,144.0,-67.0,0.0,0.0,0.0
1997-12-18,144.0,-61.0,0.0,0.0,0.0
1997-12-19,139.0,-44.0,0.0,0.0,0.0
1997-12-20,161.0,-44.0,0.0,0.0,0.0
1997-12-21,178.0,-33.0,0.0,0.0,0.0
1997-12-22,144.0,-11.0,150.0,0.0,0.0
1997-12-23,139.0,56.0,3.0,0.0,0.0
1997-12-24,106.0,56.0,112.0,0.0,0.0
1997-12-25,117.0,22.0,124.0,0.0,0.0
1997-12-26,150.0,-22.0,0.0,0.0,0.0
1997-12-27,128.0,-17.0,117.0,0.0,0.0
1997-12-28,33.0,-67.0,0.0,0.0,0.0
1997-12-29,67.0,-72.0,0.0,0.0,0.0
1997-12-30,22.0,-28.0,64.0,,76.0
1997-12-31,6.0,-33.0,114.0,,102.0
1998-01-01,11.0,-128.0,5.0,,0.0
1998-01-02,67.0,-133.0,0.0,,0.0
1998-01-03,133.0,-89.0,0.0,,0.0
1998-01-04,172.0,-89.0,0.0,,0.0
1998-01-05,189.0,-6.0,0.0,,0.0
1998-01-06,167.0,89.0,3.0,,0.0
1998-01-07,183.0,117.0,239.0,0.0,0.0
1998-01-08,200.0,139.0,284.0,0.0,0.0
1998-01-09,211.0,39.0,38.0,0.0,0.0
1998-01-10,78.0,-11.0,0.0,0.0,0.0
1998-01-11,50.0,-11.0,0.0,0.0,0.0
1998-01-12,78.0,-11.0,15.0,0.0,0.0
1998-01-13,144.0,33.0,36.0,0.0,0.0
1998-01-14,150.0,44.0,0.0,0.0,0.0
1998-01-15,122.0,44.0,213.0,0.0,0.0
1998-01-16,78.0,61.0,226.0,0.0,0.0
1998-01-17,78.0,39.0,10.0,0.0,0.0
1998-01-18,56.0,-33.0,0.0,0.0,0.0
1998-01-19,72.0,-17.0,56.0,0.0,0.0
1998-01-20,67.0,-33.0,13.0,0.0,0.0
1998-01-21,83.0,-33.0,0.0,0.0,0.0
1998-01-22,94.0,-22.0,0.0,0.0,0.0
1998-01-23,100.0,56.0,198.0,0.0,0.0
1998-01-24,111.0,22.0,53.0,0.0,0.0
1998-01-25,111.0,-50.0,0.0,0.0,0.0
1998-01-26,83.0,-44.0,0.0,0.0,0.0
1998-01-27,117.0,-39.0,249.0,0.0,0.0
1998-01-28,56.0,-17.0,69.0,0.0,0.0
1998-01-29,117.0,-39.0,0.0,0.0,0.0
1998-01-30,150.0,-33.0,0.0,0.0,0.0
1998-01-31,111.0,-50.0,0.0,0.0,0.0
1998-02-01,106.0,-56.0,0.0,0.0,0.0
1998-02-02,111.0,-44.0,0.0,0.0,0.0
1998-02-03,122.0,28.0,229.0,0.0,0.0
1998-02-04,117.0,6.0,231.0,0.0,0.0
1998-02-05,39.0,-6.0,51.0,0.0,0.0
1998-02-06,17.0,-22.0,0.0,0.0,0.0
1998-02-07,67.0,-6.0,0.0,0.0,0.0
1998-02-08,72.0,11.0,0.0,0.0,0.0
1998-02-09,67.0,11.0,3.0,0.0,0.0
1998-02-10,128.0,-22.0,0.0,0.0,0.0
1998-02-11,150.0,-11.0,0.0,0.0,0.0
1998-02-12,111.0,44.0,71.0,0.0,0.0
1998-02-13,56.0,28.0,0.0,0.0,0.0
1998-02-14,94.0,-11.0,0.0,0.0,0.0
1998-02-15,117.0,-67.0,0.0,0.0,0.0
1998-02-16,122.0,-22.0,46.0,0.0,0.0
1998-02-17,144.0,83.0,53.0,0.0,0.0
1998-02-18,139.0,56.0,254.0,0.0,0.0
1998-02-19,67.0,50.0,5.0,0.0,0.0
1998-02-20,150.0,50.0,5.0,0.0,0.0
1998-02-21,106.0,50.0,0.0,0.0,0.0
1998-02-22,144.0,-28.0,0.0,0.0,0.0
1998-02-23,100.0,0.0,135.0,0.0,0.0
1998-02-24,83.0,6.0,15.0,0.0,0.0
1998-02-25,156.0,-17.0,0.0,0.0,0.0
1998-02-26,222.0,-6.0,0.0,0.0,0.0
1998-02-27,217.0,22.0,89.0,0.0,0.0
1998-02-28,211.0,56.0,0.0,0.0,0.0
1998-03-01,211.0,44.0,20.0,0.0,0.0
1998-03-02,206.0,-28.0,0.0,0.0,0.0
1998-03-03,128.0,-22.0,28.0,0.0,0.0
1998-03-04,67.0,-11.0,3.0,0.0,0.0
1998-03-05,117.0,-11.0,33.0,0.0,0.0
1998-03-06,106.0,44.0,13.0,0.0,0.0
1998-03-07,133.0,78.0,0.0,0.0,0.0
1998-03-08,139.0,83.0,318.0,0.0,0.0
1998-03-09,183.0,61.0,163.0,0.0,0.0
1998-03-10,67.0,-33.0,8.0,0.0,0.0
1998-03-11,6.0,-94.0,3.0,0.0,0.0
1998-03-12,50.0,-117.0,3.0,0.0,0.0
1998-03-13,39.0,-117.0,0.0,0.0,0.0
1998-03-14,89.0,-67.0,0.0,0.0,0.0
1998-03-15,,,,0.0,0.0
1998-03-16,183.0,-28.0,,0.0,0.0
1998-03-17,128.0,56.0,15.0,0.0,0.0
1998-03-18,111.0,83.0,10.0,0.0,0.0
1998-03-19,133.0,100.0,234.0,0.0,0.0
1998-03-20,222.0,100.0,157.0,0.0,0.0
1998-03-21,161.0,6.0,23.0,0.0,0.0
1998-03-22,28.0,6.0,0.0,0.0,0.0
1998-03-23,89.0,-28.0,0.0,0.0,0.0
1998-03-24,89.0,-6.0,69.0,0.0,0.0
1998-03-25,167.0,6.0,10.0,0.0,0.0
1998-03-26,189.0,61.0,0.0,0.0,0.0
1998-03-27,256.0,67.0,0.0,0.0,0.0
1998-03-28,239.0,106.0,0.0,0.0,0.0
1998-03-29,256.0,100.0,0.0,0.0,0.0
1998-03-30,278.0,78.0,0.0,0.0,0.0
1998-03-31,289.0,78.0,0.0,0.0,0.0
1998-04-01,233.0,111.0,340.0,0.0,0.0
1998-04-02,228.0,28.0,0.0,0.0,0.0
1998-04-03,250.0,50.0,0.0,0.0,0.0
1998-04-04,161.0,72.0,394.0,0.0,0.0
1998-04-05,100.0,-11.0,0.0,0.0,0.0
1998-04-06,183.0,-17.0,0.0,0.0,0.0
1998-04-07,228.0,-17.0,0.0,0.0,0.0
1998-04-08,261.0,50.0,0.0,0.0,0.0
1998-04-09,294.0,128.0,104.0,0.0,0.0
1998-04-10,194.0,61.0,13.0,0.0,0.0
1998-04-11,78.0,-11.0,5.0,0.0,0.0
1998-04-12,194.0,-11.0,0.0,0.0,0.0
1998-04-13,228.0,-11.0,0.0,0.0,0.0
1998-04-14,211.0,56.0,132.0,0.0,0.0
1998-04-15,228.0,111.0,3.0,0.0,0.0
1998-04-16,239.0,117.0,3.0,0.0,0.0
1998-04-17,222.0,167.0,117.0,0.0,0.0
1998-04-18,217.0,117.0,119.0,0.0,0.0
1998-04-19,194.0,117.0,318.0,0.0,0.0
1998-04-20,161.0,28.0,203.0,0.0,0.0
1998-04-21,200.0,28.0,0.0,0.0,0.0
1998-04-22,200.0,83.0,239.0,0.0,0.0
1998-04-23,144.0,72.0,71.0,0.0,0.0
1998-04-24,161.0,22.0,0.0,0.0,0.0
1998-04-25,211.0,17.0,0.0,0.0,0.0
1998-04-26,228.0,28.0,0.0,0.0,0.0
1998-04-27,250.0,78.0,0.0,0.0,0.0
1998-04-28,200.0,89.0,10.0,0.0,0.0
1998-04-29,167.0,89.0,0.0,0.0,0.0
1998-04-30,206.0,106.0,124.0,0.0,0.0
1998-05-01,172.0,128.0,99.0,0.0,0.0
1998-05-02,206.0,100.0,25.0,0.0,0.0
1998-05-03,217.0,78.0,64.0,0.0,0.0
1998-05-04,189.0,83.0,91.0,0.0,0.0
1998-05-05,183.0,61.0,10.0,0.0,0.0
1998-05-06,228.0,61.0,0.0,0.0,0.0
1998-05-07,256.0,94.0,23.0,0.0,0.0
1998-05-08,211.0,133.0,635.0,0.0,0.0
1998-05-09,222.0,133.0,0.0,0.0,0.0
1998-05-10,250.0,139.0,0.0,0.0,0.0
1998-05-11,194.0,117.0,191.0,0.0,0.0
1998-05-12,239.0,67.0,0.0,0.0,0.0
1998-05-13,261.0,72.0,0.0,0.0,0.0
1998-05-14,294.0,106.0,0.0,0.0,0.0
1998-05-15,311.0,144.0,0.0,0.0,0.0
1998-05-16,311.0,156.0,0.0,0.0,0.0
1998-05-17,289.0,144.0,0.0,0.0,0.0
1998-05-18,289.0,144.0,0.0,0.0,0.0
1998-05-19,294.0,106.0,0.0,0.0,0.0
1998-05-20,300.0,128.0,0.0,0.0,0.0
1998-05-21,306.0,133.0,0.0,0.0,0.0
1998-05-22,311.0,167.0,112.0,0.0,0.0
1998-05-23,267.0,167.0,0.0,0.0,0.0
1998-05-24,294.0,172.0,0.0,0.0,0.0
1998-05-25,289.0,167.0,0.0,0.0,0.0
1998-05-26,289.0,172.0,46.0,0.0,0.0
1998-05-27,289.0,167.0,0.0,0.0,0.0
1998-05-28,294.0,150.0,0.0,0.0,0.0
1998-05-29,317.0,167.0,25.0,0.0,0.0
1998-05-30,300.0,167.0,0.0,0.0,0.0
1998-05-31,,,0.0,0.0,0.0
1998-06-01,300.0,172.0,155.0,0.0,0.0
1998-06-02,289.0,161.0,3.0,0.0,0.0
1998-06-03,300.0,172.0,38.0,0.0,0.0
1998-06-04,317.0,222.0,0.0,0.0,0.0
1998-06-05,261.0,172.0,546.0,0.0,0.0
1998-06-06,278.0,156.0,213.0,0.0,0.0
1998-06-07,206.0,56.0,20.0,0.0,0.0
1998-06-08,217.0,44.0,0.0,0.0,0.0
1998-06-09,244.0,122.0,0.0,0.0,0.0
1998-06-10,222.0,161.0,272.0,0.0,0.0
1998-06-11,261.0,172.0,193.0,0.0,0.0
1998-06-12,300.0,178.0,10.0,0.0,0.0
1998-06-13,294.0,144.0,0.0,0.0,0.0
1998-06-14,,,0.0,0.0,0.0
1998-06-15,294.0,150.0,191.0,0.0,0.0
1998-06-16,294.0,183.0,0.0,0.0,0.0
1998-06-17,267.0,128.0,5.0,0.0,0.0
1998-06-18,289.0,139.0,0.0,0.0,0.0
1998-06-19,244.0,172.0,175.0,0.0,0.0
1998-06-20,,,0.0,0.0,0.0
1998-06-21,300.0,150.0,0.0,0.0,0.0
1998-06-22,283.0,194.0,89.0,0.0,0.0
1998-06-23,317.0,172.0,48.0,0.0,0.0
1998-06-24,311.0,178.0,0.0,0.0,0.0
1998-06-25,328.0,183.0,0.0,0.0,0.0
1998-06-26,328.0,194.0,0.0,0.0,0.0
1998-06-27,322.0,194.0,0.0,0.0,0.0
1998-06-28,328.0,183.0,0.0,0.0,0.0
1998-06-29,322.0,183.0,0.0,0.0,0.0
1998-06-30,322.0,183.0,0.0,0.0,0.0
1998-07-01,317.0,172.0,0.0,0.0,0.0
1998-07-02,294.0,150.0,0.0,0.0,0.0
1998-07-03,306.0,161.0,0.0,0.0,0.0
1998-07-04,311.0,178.0,0.0,0.0,0.0
1998-07-05,317.0,189.0,185.0,0.0,0.0
1998-07-06,300.0,183.0,0.0,0.0,0.0
1998-07-07,300.0,183.0,0.0,0.0,0.0
1998-07-08,317.0,189.0,0.0,0.0,0.0
1998-07-09,294.0,211.0,8.0,0.0,0.0
1998-07-10,322.0,178.0,0.0,0.0,0.0
1998-07-11,311.0,172.0,0.0,0.0,0.0
1998-07-12,289.0,194.0,0.0,0.0,0.0
1998-07-13,306.0,200.0,0.0,0.0,0.0
1998-07-14,294.0,211.0,0.0,0.0,0.0
1998-07-15,267.0,178.0,0.0,0.0,0.0
1998-07-16,311.0,172.0,0.0,0.0,0.0
1998-07-17,317.0,172.0,0.0,0.0,0.0
1998-07-18,317.0,167.0,0.0,0.0,0.0
1998-07-19,328.0,161.0,0.0,0.0,0.0
1998-07-20,350.0,161.0,0.0,0.0,0.0
1998-07-21,350.0,183.0,0.0,0.0,0.0
1998-07-22,339.0,167.0,147.0,0.0,0.0
1998-07-23,317.0,183.0,38.0,0.0,0.0
1998-07-24,306.0,200.0,20.0,0.0,0.0
1998-07-25,289.0,200.0,13.0,0.0,0.0
1998-07-26,278.0,167.0,0.0,0.0,0.0
1998-07-27,300.0,189.0,33.0,0.0,0.0
1998-07-28,256.0,194.0,109.0,0.0,0.0
1998-07-29,306.0,206.0,0.0,0.0,0.0
1998-07-30,311.0,194.0,0.0,0.0,0.0
1998-07-31,294.0,206.0,0.0,0.0,0.0
1998-08-01,272.0,178.0,8.0,0.0,0.0
1998-08-02,294.0,172.0,0.0,0.0,0.0
1998-08-03,283.0,128.0,0.0,0.0,0.0
1998-08-04,294.0,128.0,0.0,0.0,0.0
1998-08-05,306.0,144.0,0.0,0.0,0.0
1998-08-06,306.0,139.0,0.0,0.0,0.0
1998-08-07,317.0,144.0,0.0,0.0,0.0
1998-08-08,289.0,172.0,0.0,0.0,0.0
1998-08-09,317.0,206.0,0.0,0.0,0.0
1998-08-10,311.0,194.0,178.0,0.0,0.0
1998-08-11,300.0,178.0,0.0,0.0,0.0
1998-08-12,306.0,167.0,13.0,0.0,0.0
1998-08-13,311.0,172.0,0.0,0.0,0.0
1998-08-14,300.0,189.0,381.0,0.0,0.0
1998-08-15,256.0,189.0,13.0,0.0,0.0
1998-08-16,267.0,194.0,51.0,0.0,0.0
1998-08-17,289.0,200.0,114.0,0.0,0.0
1998-08-18,294.0,172.0,0.0,0.0,0.0
1998-08-19,317.0,172.0,0.0,0.0,0.0
1998-08-20,322.0,178.0,5.0,0.0,0.0
1998-08-21,289.0,161.0,0.0,0.0,0.0
1998-08-22,306.0,150.0,0.0,0.0,0.0
1998-08-23,311.0,167.0,0.0,0.0,0.0
1998-08-24,328.0,172.0,0.0,0.0,0.0
1998-08-25,317.0,144.0,0.0,0.0,0.0
1998-08-26,328.0,156.0,0.0,0.0,0.0
1998-08-27,339.0,156.0,0.0,0.0,0.0
1998-08-28,328.0,172.0,0.0,0.0,0.0
1998-08-29,333.0,167.0,0.0,0.0,0.0
1998-08-30,339.0,161.0,0.0,0.0,0.0
1998-08-31,328.0,167.0,0.0,0.0,0.0
1998-09-01,311.0,156.0,0.0,0.0,0.0
1998-09-02,328.0,144.0,0.0,0.0,0.0
1998-09-03,317.0,150.0,0.0,0.0,0.0
1998-09-04,256.0,139.0,0.0,0.0,0.0
1998-09-05,328.0,144.0,0.0,0.0,0.0
1998-09-06,300.0,139.0,0.0,0.0,0.0
1998-09-07,350.0,161.0,48.0,0.0,0.0
1998-09-08,333.0,167.0,0.0,0.0,0.0
1998-09-09,267.0,67.0,28.0,0.0,0.0
1998-09-10,244.0,56.0,0.0,0.0,0.0
1998-09-11,267.0,67.0,0.0,0.0,0.0
1998-09-12,289.0,83.0,0.0,0.0,0.0
1998-09-13,322.0,94.0,0.0,0.0,0.0
1998-09-14,339.0,133.0,0.0,0.0,0.0
1998-09-15,328.0,139.0,0.0,0.0,0.0
1998-09-16,317.0,144.0,0.0,0.0,0.0
1998-09-17,322.0,150.0,3.0,0.0,0.0
1998-09-18,317.0,161.0,0.0,0.0,0.0
1998-09-19,311.0,167.0,0.0,0.0,0.0
1998-09-20,311.0,156.0,0.0,0.0,0.0
1998-09-21,317.0,161.0,467.0,0.0,0.0
1998-09-22,267.0,189.0,8.0,0.0,0.0
1998-09-23,300.0,139.0,3.0,0.0,0.0
1998-09-24,289.0,144.0,0.0,0.0,0.0
1998-09-25,250.0,133.0,0.0,0.0,0.0
1998-09-26,283.0,133.0,5.0,0.0,0.0
1998-09-27,311.0,122.0,0.0,0.0,0.0
1998-09-28,317.0,117.0,0.0,0.0,0.0
1998-09-29,278.0,178.0,0.0,0.0,0.0
1998-09-30,233.0,167.0,297.0,0.0,0.0
1998-10-01,267.0,161.0,0.0,,0.0
1998-10-02,289.0,78.0,0.0,,0.0
1998-10-03,244.0,83.0,0.0,,0.0
1998-10-04,239.0,111.0,152.0,,0.0
1998-10-05,272.0,167.0,0.0,,0.0
1998-10-06,261.0,167.0,0.0,,0.0
1998-10-07,250.0,194.0,0.0,,0.0
1998-10-08,267.0,144.0,236.0,,0.0
1998-10-09,178.0,61.0,0.0,,0.0
1998-10-10,211.0,56.0,8.0,,0.0
1998-10-11,222.0,83.0,0.0,,0.0
1998-10-12,244.0,83.0,5.0,,0.0
1998-10-13,250.0,78.0,0.0,,0.0
1998-10-14,239.0,50.0,0.0,,0.0
1998-10-15,228.0,28.0,0.0,,0.0
1998-10-16,239.0,28.0,0.0,,0.0
1998-10-17,250.0,50.0,0.0,,0.0
1998-10-18,256.0,67.0,0.0,,0.0
1998-10-19,244.0,106.0,0.0,,0.0
1998-10-20,189.0,128.0,15.0,,0.0
1998-10-21,233.0,83.0,0.0,,0.0
1998-10-22,200.0,11.0,0.0,,0.0
1998-10-23,144.0,-22.0,0.0,,0.0
1998-10-24,178.0,-22.0,0.0,,0.0
1998-10-25,222.0,-11.0,0.0,,0.0
1998-10-26,222.0,0.0,0.0,,0.0
1998-10-27,250.0,17.0,0.0,,0.0
1998-10-28,256.0,17.0,0.0,,0.0
1998-10-29,244.0,39.0,0.0,,0.0
1998-10-30,256.0,67.0,0.0,,0.0
1998-10-31,272.0,72.0,0.0,,0.0
1998-11-01,261.0,39.0,0.0,0.0,0.0
1998-11-02,250.0,83.0,0.0,0.0,0.0
1998-11-03,194.0,100.0,64.0,0.0,0.0
1998-11-04,239.0,50.0,0.0,0.0,0.0
1998-11-05,183.0,67.0,3.0,0.0,0.0
1998-11-06,67.0,-17.0,3.0,0.0,0.0
1998-11-07,106.0,-44.0,0.0,0.0,0.0
1998-11-08,139.0,6.0,0.0,0.0,0.0
1998-11-09,100.0,50.0,69.0,0.0,0.0
1998-11-10,167.0,100.0,53.0,0.0,0.0
1998-11-11,194.0,56.0,368.0,0.0,0.0
1998-11-12,167.0,-22.0,0.0,0.0,0.0
1998-11-13,183.0,-11.0,0.0,0.0,0.0
1998-11-14,161.0,89.0,41.0,0.0,0.0
1998-11-15,122.0,94.0,363.0,0.0,0.0
1998-11-16,189.0,17.0,0.0,0.0,0.0
1998-11-17,122.0,33.0,231.0,0.0,0.0
1998-11-18,206.0,0.0,0.0,0.0,0.0
1998-11-19,178.0,6.0,0.0,0.0,0.0
1998-11-20,194.0,94.0,3.0,0.0,0.0
1998-11-21,156.0,-6.0,66.0,0.0,0.0
1998-11-22,128.0,-33.0,0.0,0.0,0.0
1998-11-23,167.0,-33.0,0.0,0.0,0.0
1998-11-24,144.0,56.0,5.0,0.0,0.0
1998-11-25,217.0,50.0,3.0,0.0,0.0
1998-11-26,183.0,11.0,25.0,0.0,0.0
1998-11-27,183.0,-22.0,0.0,0.0,0.0
1998-11-28,206.0,-17.0,0.0,0.0,0.0
1998-11-29,211.0,-17.0,0.0,0.0,0.0
1998-11-30,222.0,11.0,0.0,0.0,0.0
1998-12-01,217.0,44.0,13.0,0.0,0.0
1998-12-02,211.0,-6.0,0.0,0.0,0.0
1998-12-03,211.0,0.0,0.0,0.0,0.0
1998-12-04,222.0,33.0,0.0,0.0,0.0
1998-12-05,217.0,33.0,5.0,0.0,0.0
1998-12-06,211.0,111.0,0.0,0.0,0.0
1998-12-07,239.0,106.0,0.0,0.0,0.0
1998-12-08,228.0,150.0,236.0,0.0,0.0
1998-12-09,222.0,22.0,97.0,0.0,0.0
1998-12-10,144.0,-11.0,0.0,0.0,0.0
1998-12-11,156.0,-6.0,10.0,0.0,0.0
1998-12-12,106.0,61.0,25.0,0.0,0.0
1998-12-13,111.0,89.0,305.0,0.0,0.0
1998-12-14,122.0,56.0,28.0,0.0,0.0
1998-12-15,139.0,-28.0,0.0,0.0,0.0
1998-12-16,111.0,-39.0,0.0,0.0,0.0
1998-12-17,156.0,-39.0,5.0,0.0,0.0
1998-12-18,67.0,-61.0,0.0,0.0,0.0
1998-12-19,117.0,56.0,0.0,0.0,0.0
1998-12-20,161.0,61.0,102.0,0.0,0.0
1998-12-21,167.0,50.0,104.0,0.0,0.0
1998-12-22,222.0,44.0,345.0,0.0,0.0
1998-12-23,50.0,-17.0,13.0,0.0,0.0
1998-12-24,50.0,6.0,472.0,0.0,0.0
1998-12-25,28.0,-11.0,36.0,0.0,0.0
1998-12-26,44.0,-11.0,20.0,0.0,0.0
1998-12-27,83.0,-39.0,0.0,0.0,0.0
1998-12-28,89.0,-39.0,0.0,0.0,0.0
1998-12-29,100.0,-39.0,89.0,0.0,0.0
1998-12-30,89.0,-33.0,102.0,0.0,0.0
1998-12-31,22.0,-33.0,0.0,0.0,0.0
1999-01-01,72.0,-67.0,0.0,0.0,0.0
1999-01-02,94.0,-67.0,13.0,0.0,0.0
1999-01-03,67.0,-11.0,163.0,0.0,0.0
1999-01-04,11.0,-106.0,0.0,0.0,0.0
1999-01-05,-17.0,-128.0,0.0,0.0,0.0
1999-01-06,-11.0,-111.0,0.0,0.0,0.0
1999-01-07,50.0,-11.0,51.0,0.0,0.0
1999-01-08,56.0,0.0,76.0,0.0,0.0
1999-01-09,128.0,44.0,10.0,0.0,0.0
1999-01-10,39.0,-94.0,0.0,0.0,0.0
1999-01-11,50.0,-89.0,0.0,0.0,0.0
1999-01-12,89.0,-83.0,0.0,0.0,0.0
1999-01-13,117.0,-11.0,0.0,0.0,0.0
1999-01-14,144.0,44.0,109.0,0.0,0.0
1999-01-15,111.0,-11.0,495.0,0.0,0.0
1999-01-16,111.0,-17.0,0.0,0.0,0.0
1999-01-17,167.0,-44.0,0.0,0.0,0.0
1999-01-18,144.0,11.0,198.0,0.0,0.0
1999-01-19,150.0,-39.0,0.0,0.0,0.0
1999-01-20,156.0,-39.0,0.0,0.0,0.0
1999-01-21,172.0,44.0,0.0,0.0,0.0
1999-01-22,189.0,100.0,3.0,0.0,0.0
1999-01-23,206.0,161.0,48.0,0.0,0.0
1999-01-24,183.0,0.0,483.0,0.0,0.0
1999-01-25,117.0,-33.0,0.0,0.0,0.0
1999-01-26,172.0,-17.0,0.0,0.0,0.0
1999-01-27,183.0,-6.0,0.0,0.0,0.0
1999-01-28,233.0,-6.0,0.0,0.0,0.0
1999-01-29,228.0,56.0,0.0,0.0,0.0
1999-01-30,156.0,78.0,61.0,0.0,0.0
1999-01-31,122.0,44.0,107.0,0.0,0.0
1999-02-01,56.0,33.0,396.0,0.0,0.0
1999-02-02,94.0,61.0,13.0,0.0,0.0
1999-02-03,156.0,6.0,0.0,0.0,0.0
1999-02-04,161.0,6.0,0.0,0.0,0.0
1999-02-05,172.0,-33.0,0.0,0.0,0.0
1999-02-06,178.0,-22.0,0.0,0.0,0.0
1999-02-07,94.0,89.0,30.0,0.0,0.0
1999-02-08,200.0,28.0,0.0,0.0,0.0
1999-02-09,200.0,22.0,0.0,0.0,0.0
1999-02-10,211.0,78.0,191.0,0.0,0.0
1999-02-11,222.0,100.0,0.0,0.0,0.0
1999-02-12,211.0,117.0,0.0,0.0,0.0
1999-02-13,128.0,-44.0,33.0,0.0,0.0
1999-02-14,106.0,-94.0,0.0,0.0,0.0
1999-02-15,106.0,-67.0,0.0,0.0,0.0
1999-02-16,144.0,-44.0,0.0,0.0,0.0
1999-02-17,178.0,-33.0,140.0,0.0,0.0
1999-02-18,117.0,56.0,318.0,0.0,0.0
1999-02-19,117.0,17.0,53.0,0.0,0.0
1999-02-20,128.0,-11.0,0.0,0.0,0.0
1999-02-21,133.0,-33.0,0.0,0.0,0.0
1999-02-22,44.0,-83.0,0.0,0.0,0.0
1999-02-23,67.0,-61.0,0.0,0.0,0.0
1999-02-24,44.0,-22.0,41.0,51.0,51.0
1999-02-25,44.0,-28.0,0.0,,0.0
1999-02-26,89.0,-50.0,0.0,,0.0
1999-02-27,172.0,-39.0,0.0,0.0,0.0
1999-02-28,128.0,44.0,488.0,0.0,0.0
1999-03-01,117.0,-6.0,8.0,0.0,0.0
1999-03-02,128.0,-39.0,0.0,0.0,0.0
1999-03-03,206.0,-17.0,229.0,0.0,0.0
1999-03-04,61.0,-56.0,58.0,0.0,0.0
1999-03-05,72.0,-44.0,0.0,0.0,0.0
1999-03-06,139.0,-28.0,61.0,0.0,0.0
1999-03-07,133.0,-33.0,0.0,0.0,0.0
1999-03-08,117.0,-39.0,0.0,0.0,0.0
1999-03-09,78.0,-33.0,102.0,0.0,0.0
1999-03-10,56.0,17.0,41.0,0.0,0.0
1999-03-11,78.0,-39.0,0.0,0.0,0.0
1999-03-12,117.0,-61.0,0.0,0.0,0.0
1999-03-13,144.0,-28.0,0.0,0.0,0.0
1999-03-14,100.0,33.0,137.0,0.0,0.0
1999-03-15,122.0,6.0,38.0,0.0,0.0
1999-03-16,122.0,-39.0,0.0,0.0,0.0
1999-03-17,194.0,-22.0,0.0,0.0,0.0
1999-03-18,228.0,-6.0,0.0,0.0,0.0
1999-03-19,211.0,-17.0,0.0,0.0,0.0
1999-03-20,200.0,22.0,0.0,0.0,0.0
1999-03-21,222.0,50.0,51.0,0.0,0.0
1999-03-22,139.0,-28.0,0.0,0.0,0.0
1999-03-23,156.0,-22.0,0.0,0.0,0.0
1999-03-24,211.0,6.0,10.0,0.0,0.0
1999-03-25,200.0,22.0,51.0,0.0,0.0
1999-03-26,144.0,17.0,0.0,0.0,0.0
1999-03-27,94.0,-22.0,0.0,0.0,0.0
1999-03-28,128.0,-33.0,0.0,0.0,0.0
1999-03-29,206.0,-33.0,10.0,0.0,0.0
1999-03-30,150.0,-6.0,3.0,0.0,0.0
1999-03-31,194.0,0.0,18.0,0.0,0.0
1999-04-01,133.0,94.0,163.0,0.0,0.0
1999-04-02,67.0,72.0,5.0,0.0,0.0
1999-04-03,239.0,78.0,0.0,0.0,0.0
1999-04-04,306.0,117.0,0.0,0.0,0.0
1999-04-05,283.0,78.0,0.0,0.0,0.0
1999-04-06,300.0,94.0,0.0,0.0,0.0
1999-04-07,211.0,111.0,102.0,0.0,0.0
1999-04-08,267.0,106.0,0.0,0.0,0.0
1999-04-09,250.0,122.0,53.0,0.0,0.0
1999-04-10,283.0,100.0,8.0,0.0,0.0
1999-04-11,294.0,172.0,0.0,0.0,0.0
1999-04-12,278.0,94.0,0.0,0.0,0.0
1999-04-13,183.0,6.0,0.0,0.0,0.0
1999-04-14,222.0,22.0,0.0,0.0,0.0
1999-04-15,183.0,72.0,114.0,0.0,0.0
1999-04-16,206.0,56.0,89.0,0.0,0.0
1999-04-17,167.0,-6.0,0.0,0.0,0.0
1999-04-18,144.0,0.0,0.0,0.0,0.0
1999-04-19,144.0,-17.0,0.0,0.0,0.0
1999-04-20,211.0,0.0,53.0,0.0,0.0
1999-04-21,228.0,44.0,0.0,0.0,0.0
1999-04-22,289.0,56.0,0.0,0.0,0.0
1999-04-23,283.0,89.0,0.0,0.0,0.0
1999-04-24,278.0,117.0,33.0,0.0,0.0
1999-04-25,294.0,139.0,41.0,0.0,0.0
1999-04-26,178.0,133.0,0.0,0.0,0.0
1999-04-27,167.0,139.0,97.0,0.0,0.0
1999-04-28,233.0,144.0,102.0,0.0,0.0
1999-04-29,228.0,100.0,76.0,0.0,0.0
1999-04-30,133.0,67.0,127.0,0.0,0.0
1999-05-01,172.0,22.0,0.0,0.0,0.0
1999-05-02,217.0,28.0,0.0,0.0,0.0
1999-05-03,250.0,33.0,0.0,0.0,0.0
1999-05-04,256.0,39.0,0.0,0.0,0.0
1999-05-05,278.0,56.0,20.0,0.0,0.0
1999-05-06,189.0,139.0,556.0,0.0,0.0
1999-05-07,206.0,111.0,89.0,0.0,0.0
1999-05-08,217.0,111.0,287.0,0.0,0.0
1999-05-09,233.0,67.0,0.0,0.0,0.0
1999-05-10,267.0,83.0,0.0,0.0,0.0
1999-05-11,278.0,106.0,0.0,0.0,0.0
1999-05-12,278.0,128.0,0.0,0.0,0.0
1999-05-13,267.0,128.0,112.0,0.0,0.0
1999-05-14,256.0,122.0,97.0,0.0,0.0
1999-05-15,233.0,122.0,5.0,0.0,0.0
1999-05-16,244.0,139.0,0.0,0.0,0.0
1999-05-17,267.0,133.0,0.0,0.0,0.0
1999-05-18,278.0,150.0,0.0,0.0,0.0
1999-05-19,267.0,117.0,102.0,0.0,0.0
1999-05-20,250.0,67.0,0.0,0.0,0.0
1999-05-21,261.0,94.0,0.0,0.0,0.0
1999-05-22,267.0,122.0,0.0,0.0,0.0
1999-05-23,272.0,156.0,43.0,0.0,0.0
1999-05-24,272.0,156.0,10.0,0.0,0.0
1999-05-25,222.0,89.0,0.0,0.0,0.0
1999-05-26,239.0,94.0,140.0,0.0,0.0
1999-05-27,189.0,89.0,0.0,0.0,0.0
1999-05-28,244.0,61.0,0.0,0.0,0.0
1999-05-29,256.0,72.0,0.0,0.0,0.0
1999-05-30,272.0,122.0,0.0,0.0,0.0
1999-05-31,278.0,117.0,0.0,0.0,0.0
1999-06-01,261.0,117.0,3.0,0.0,0.0
1999-06-02,233.0,156.0,10.0,0.0,0.0
1999-06-03,283.0,167.0,122.0,0.0,0.0
1999-06-04,294.0,144.0,0.0,0.0,0.0
1999-06-05,294.0,128.0,0.0,0.0,0.0
1999-06-06,289.0,133.0,0.0,0.0,0.0
1999-06-07,289.0,128.0,0.0,0.0,0.0
1999-06-08,306.0,139.0,0.0,0.0,0.0
1999-06-09,317.0,150.0,0.0,0.0,0.0
1999-06-10,322.0,156.0,0.0,0.0,0.0
1999-06-11,311.0,150.0,36.0,0.0,0.0
1999-06-12,283.0,161.0,0.0,0.0,0.0
1999-06-13,289.0,133.0,0.0,0.0,0.0
1999-06-14,294.0,133.0,0.0,0.0,0.0
1999-06-15,283.0,161.0,38.0,0.0,0.0
1999-06-16,283.0,183.0,140.0,0.0,0.0
1999-06-17,206.0,178.0,445.0,0.0,0.0
1999-06-18,250.0,106.0,0.0,0.0,0.0
1999-06-19,256.0,106.0,0.0,0.0,0.0
1999-06-20,261.0,106.0,0.0,0.0,0.0
1999-06-21,267.0,106.0,0.0,0.0,0.0
1999-06-22,289.0,139.0,13.0,0.0,0.0
1999-06-23,283.0,167.0,69.0,0.0,0.0
1999-06-24,267.0,167.0,58.0,0.0,0.0
1999-06-25,228.0,189.0,229.0,0.0,0.0
1999-06-26,261.0,194.0,51.0,0.0,0.0
1999-06-27,283.0,194.0,366.0,0.0,0.0
1999-06-28,250.0,200.0,168.0,0.0,0.0
1999-06-29,294.0,200.0,244.0,0.0,0.0
1999-06-30,272.0,172.0,183.0,0.0,0.0
1999-07-01,289.0,172.0,30.0,0.0,0.0
1999-07-02,267.0,189.0,0.0,0.0,0.0
1999-07-03,244.0,172.0,33.0,0.0,0.0
1999-07-04,306.0,189.0,15.0,0.0,0.0
1999-07-05,306.0,189.0,0.0,0.0,0.0
1999-07-06,322.0,194.0,112.0,0.0,0.0
1999-07-07,311.0,194.0,13.0,0.0,0.0
1999-07-08,317.0,189.0,81.0,0.0,0.0
1999-07-09,300.0,189.0,13.0,0.0,0.0
1999-07-10,283.0,194.0,10.0,0.0,0.0
1999-07-11,272.0,194.0,439.0,0.0,0.0
1999-07-12,272.0,178.0,183.0,0.0,0.0
1999-07-13,200.0,172.0,122.0,0.0,0.0
1999-07-14,261.0,178.0,0.0,0.0,0.0
1999-07-15,278.0,167.0,0.0,0.0,0.0
1999-07-16,289.0,167.0,30.0,0.0,0.0
1999-07-17,294.0,178.0,3.0,0.0,0.0
1999-07-18,294.0,178.0,0.0,0.0,0.0
1999-07-19,306.0,178.0,0.0,0.0,0.0
1999-07-20,306.0,178.0,0.0,0.0,0.0
1999-07-21,306.0,183.0,0.0,0.0,0.0
1999-07-22,300.0,194.0,0.0,0.0,0.0
1999-07-23,317.0,200.0,206.0,0.0,0.0
1999-07-24,322.0,194.0,8.0,0.0,0.0
1999-07-25,322.0,200.0,0.0,0.0,0.0
1999-07-26,322.0,167.0,0.0,0.0,0.0
1999-07-27,322.0,183.0,0.0,0.0,0.0
1999-07-28,322.0,178.0,0.0,0.0,0.0
1999-07-29,322.0,189.0,0.0,0.0,0.0
1999-07-30,328.0,183.0,15.0,0.0,0.0
1999-07-31,333.0,183.0,5.0,0.0,0.0
1999-08-01,344.0,183.0,0.0,0.0,0.0
1999-08-02,333.0,200.0,0.0,0.0,0.0
1999-08-03,317.0,183.0,0.0,0.0,0.0
1999-08-04,306.0,172.0,0.0,0.0,0.0
1999-08-05,306.0,156.0,0.0,0.0,0.0
1999-08-06,317.0,150.0,0.0,0.0,0.0
1999-08-07,317.0,133.0,0.0,0.0,0.0
1999-08-08,322.0,144.0,0.0,0.0,0.0
1999-08-09,317.0,156.0,79.0,0.0,0.0
1999-08-10,311.0,156.0,0.0,0.0,0.0
1999-08-11,306.0,167.0,0.0,0.0,0.0
1999-08-12,322.0,167.0,0.0,0.0,0.0
1999-08-13,328.0,178.0,0.0,0.0,0.0
1999-08-14,339.0,194.0,69.0,0.0,0.0
1999-08-15,306.0,139.0,0.0,0.0,0.0
1999-08-16,300.0,139.0,0.0,0.0,0.0
1999-08-17,322.0,178.0,0.0,0.0,0.0
1999-08-18,333.0,161.0,0.0,0.0,0.0
1999-08-19,339.0,156.0,0.0,0.0,0.0
1999-08-20,322.0,161.0,0.0,0.0,0.0
1999-08-21,317.0,133.0,0.0,0.0,0.0
1999-08-22,294.0,133.0,0.0,0.0,0.0
1999-08-23,294.0,128.0,0.0,0.0,0.0
1999-08-24,294.0,144.0,89.0,0.0,0.0
1999-08-25,256.0,189.0,51.0,0.0,0.0
1999-08-26,289.0,194.0,0.0,0.0,0.0
1999-08-27,294.0,139.0,0.0,0.0,0.0
1999-08-28,272.0,139.0,3.0,0.0,0.0
1999-08-29,311.0,144.0,0.0,0.0,0.0
1999-08-30,317.0,133.0,0.0,0.0,0.0
1999-08-31,300.0,111.0,0.0,0.0,0.0
1999-09-01,289.0,106.0,0.0,0.0,0.0
1999-09-02,300.0,100.0,0.0,0.0,0.0
1999-09-03,317.0,100.0,0.0,0.0,0.0
1999-09-04,317.0,117.0,0.0,0.0,0.0
1999-09-05,328.0,111.0,0.0,0.0,0.0
1999-09-06,322.0,133.0,0.0,0.0,0.0
1999-09-07,322.0,144.0,0.0,0.0,0.0
1999-09-08,333.0,133.0,0.0,0.0,0.0
1999-09-09,344.0,139.0,0.0,0.0,0.0
1999-09-10,228.0,128.0,36.0,0.0,0.0
1999-09-11,283.0,72.0,0.0,0.0,0.0
1999-09-12,294.0,117.0,0.0,0.0,0.0
1999-09-13,311.0,100.0,0.0,0.0,0.0
1999-09-14,294.0,100.0,0.0,0.0,0.0
1999-09-15,306.0,111.0,0.0,0.0,0.0
1999-09-16,283.0,89.0,0.0,0.0,0.0
1999-09-17,244.0,39.0,0.0,0.0,0.0
1999-09-18,256.0,39.0,0.0,0.0,0.0
1999-09-19,256.0,61.0,0.0,0.0,0.0
1999-09-20,289.0,61.0,0.0,0.0,0.0
1999-09-21,289.0,111.0,0.0,0.0,0.0
1999-09-22,256.0,56.0,0.0,0.0,0.0
1999-09-23,206.0,6.0,0.0,0.0,0.0
1999-09-24,244.0,6.0,0.0,0.0,0.0
1999-09-25,256.0,39.0,0.0,0.0,0.0
1999-09-26,278.0,44.0,0.0,0.0,0.0
1999-09-27,272.0,167.0,13.0,0.0,0.0
1999-09-28,278.0,194.0,318.0,0.0,0.0
1999-09-29,267.0,189.0,221.0,0.0,0.0
1999-09-30,233.0,56.0,127.0,0.0,0.0
1999-10-01,211.0,22.0,0.0,0.0,0.0
1999-10-02,228.0,22.0,0.0,0.0,0.0
1999-10-03,244.0,50.0,0.0,0.0,0.0
1999-10-04,244.0,144.0,432.0,0.0,0.0
1999-10-05,233.0,122.0,20.0,0.0,0.0
1999-10-06,217.0,67.0,0.0,0.0,0.0
1999-10-07,233.0,50.0,0.0,0.0,0.0
1999-10-08,222.0,56.0,0.0,0.0,0.0
1999-10-09,200.0,111.0,8.0,0.0,0.0
1999-10-10,194.0,178.0,191.0,0.0,0.0
1999-10-11,206.0,156.0,43.0,0.0,0.0
1999-10-12,267.0,128.0,0.0,0.0,0.0
1999-10-13,233.0,139.0,15.0,0.0,0.0
1999-10-14,222.0,133.0,0.0,0.0,0.0
1999-10-15,239.0,83.0,0.0,0.0,0.0
1999-10-16,222.0,67.0,0.0,0.0,0.0
1999-10-17,256.0,78.0,0.0,0.0,0.0
1999-10-18,267.0,83.0,0.0,0.0,0.0
1999-10-19,194.0,67.0,0.0,0.0,0.0
1999-10-20,178.0,83.0,86.0,0.0,0.0
1999-10-21,139.0,17.0,15.0,0.0,0.0
1999-10-22,161.0,-6.0,0.0,0.0,0.0
1999-10-23,206.0,-6.0,23.0,0.0,0.0
1999-10-24,111.0,-28.0,0.0,0.0,0.0
1999-10-25,122.0,-33.0,0.0,0.0,0.0
1999-10-26,167.0,-33.0,0.0,0.0,0.0
1999-10-27,194.0,-22.0,0.0,0.0,0.0
1999-10-28,233.0,-22.0,0.0,0.0,0.0
1999-10-29,239.0,6.0,0.0,0.0,0.0
1999-10-30,239.0,28.0,0.0,0.0,0.0
1999-10-31,233.0,67.0,0.0,0.0,0.0
1999-11-01,261.0,67.0,0.0,0.0,0.0
1999-11-02,206.0,106.0,310.0,0.0,0.0
1999-11-03,128.0,-17.0,28.0,0.0,0.0
1999-11-04,94.0,-61.0,0.0,0.0,0.0
1999-11-05,167.0,-28.0,0.0,0.0,0.0
1999-11-06,189.0,-22.0,0.0,0.0,0.0
1999-11-07,217.0,-17.0,0.0,0.0,0.0
1999-11-08,233.0,22.0,0.0,0.0,0.0
1999-11-09,244.0,44.0,0.0,0.0,0.0
1999-11-10,244.0,39.0,0.0,0.0,0.0
1999-11-11,222.0,61.0,0.0,0.0,0.0
1999-11-12,222.0,22.0,0.0,0.0,0.0
1999-11-13,217.0,28.0,0.0,0.0,0.0
1999-11-14,217.0,11.0,0.0,0.0,0.0
1999-11-15,233.0,-6.0,0.0,0.0,0.0
1999-11-16,178.0,-33.0,0.0,0.0,0.0
1999-11-17,133.0,-50.0,0.0,0.0,0.0
1999-11-18,144.0,-50.0,0.0,0.0,0.0
1999-11-19,172.0,-28.0,0.0,0.0,0.0
1999-11-20,183.0,-6.0,0.0,0.0,0.0
1999-11-21,194.0,56.0,41.0,0.0,0.0
1999-11-22,211.0,44.0,30.0,0.0,0.0
1999-11-23,217.0,50.0,0.0,0.0,0.0
1999-11-24,194.0,67.0,0.0,0.0,0.0
1999-11-25,228.0,100.0,0.0,0.0,0.0
1999-11-26,228.0,100.0,584.0,0.0,0.0
1999-11-27,128.0,-11.0,30.0,0.0,0.0
1999-11-28,161.0,-17.0,0.0,0.0,0.0
1999-11-29,178.0,-17.0,0.0,0.0,0.0
1999-11-30,161.0,-56.0,0.0,0.0,0.0
1999-12-01,83.0,-83.0,0.0,0.0,0.0
1999-12-02,94.0,-83.0,0.0,0.0,0.0
1999-12-03,161.0,-61.0,0.0,0.0,0.0
1999-12-04,178.0,-17.0,0.0,0.0,0.0
1999-12-05,172.0,6.0,0.0,0.0,0.0
1999-12-06,194.0,6.0,91.0,0.0,0.0
1999-12-07,83.0,-61.0,0.0,0.0,0.0
1999-12-08,139.0,-61.0,0.0,0.0,0.0
1999-12-09,183.0,50.0,0.0,0.0,0.0
1999-12-10,139.0,61.0,102.0,0.0,0.0
1999-12-11,139.0,-6.0,10.0,0.0,0.0
1999-12-12,167.0,0.0,0.0,0.0,0.0
1999-12-13,167.0,22.0,79.0,0.0,0.0
1999-12-14,156.0,50.0,180.0,0.0,0.0
1999-12-15,89.0,-11.0,0.0,0.0,0.0
1999-12-16,139.0,-33.0,0.0,0.0,0.0
1999-12-17,94.0,-67.0,0.0,0.0,0.0
1999-12-18,128.0,-67.0,0.0,0.0,0.0
1999-12-19,128.0,-44.0,0.0,0.0,0.0
1999-12-20,161.0,39.0,0.0,0.0,0.0
1999-12-21,144.0,50.0,18.0,0.0,0.0
1999-12-22,78.0,0.0,51.0,0.0,0.0
1999-12-23,72.0,-72.0,0.0,0.0,0.0
1999-12-24,89.0,-72.0,0.0,0.0,0.0
1999-12-25,33.0,-106.0,0.0,0.0,0.0
1999-12-26,33.0,-106.0,0.0,0.0,0.0
1999-12-27,100.0,-100.0,0.0,0.0,0.0
1999-12-28,78.0,-56.0,0.0,0.0,0.0
1999-12-29,44.0,-33.0,0.0,0.0,0.0
1999-12-30,106.0,-61.0,0.0,0.0,0.0
1999-12-31,122.0,-17.0,0.0,0.0,0.0
2000-01-01,183.0,6.0,0.0,0.0,0.0
2000-01-02,189.0,56.0,0.0,0.0,0.0
2000-01-03,194.0,61.0,0.0,0.0,0.0
2000-01-04,206.0,128.0,127.0,0.0,0.0
2000-01-05,150.0,-28.0,0.0,0.0,0.0
2000-01-06,78.0,-72.0,0.0,0.0,0.0
2000-01-07,106.0,-67.0,0.0,0.0,0.0
2000-01-08,128.0,-67.0,0.0,0.0,0.0
2000-01-09,111.0,33.0,127.0,0.0,0.0
2000-01-10,128.0,56.0,495.0,0.0,0.0
2000-01-11,150.0,-22.0,0.0,0.0,0.0
2000-01-12,172.0,-28.0,0.0,0.0,0.0
2000-01-13,211.0,78.0,18.0,0.0,0.0
2000-01-14,167.0,-61.0,0.0,0.0,0.0
2000-01-15,56.0,-89.0,0.0,0.0,0.0
2000-01-16,117.0,-94.0,89.0,0.0,0.0
2000-01-17,44.0,-17.0,15.0,0.0,0.0
2000-01-18,94.0,17.0,127.0,0.0,0.0
2000-01-19,100.0,-28.0,66.0,0.0,0.0
2000-01-20,78.0,-28.0,127.0,0.0,0.0
2000-01-21,28.0,-111.0,0.0,0.0,0.0
2000-01-22,11.0,-111.0,0.0,0.0,0.0
2000-01-23,6.0,-56.0,,0.0,0.0
2000-01-24,11.0,-56.0,,0.0,0.0
2000-01-25,39.0,-89.0,0.0,0.0,0.0
2000-01-26,17.0,-89.0,572.0,,
2000-01-27,-28.0,-150.0,0.0,,0.0
2000-01-28,28.0,-150.0,0.0,,0.0
2000-01-29,67.0,-44.0,0.0,,0.0
2000-01-30,22.0,-6.0,137.0,,0.0
2000-01-31,28.0,-56.0,0.0,,0.0
2000-02-01,17.0,-94.0,0.0,,0.0
2000-02-02,44.0,-106.0,0.0,,0.0
2000-02-03,83.0,-106.0,0.0,,0.0
2000-02-04,122.0,11.0,0.0,,0.0
2000-02-05,44.0,-33.0,0.0,,0.0
2000-02-06,61.0,-94.0,0.0,,0.0
2000-02-07,106.0,-61.0,0.0,,0.0
2000-02-08,133.0,-56.0,0.0,,0.0
2000-02-09,139.0,-50.0,0.0,,0.0
2000-02-10,161.0,-44.0,0.0,,0.0
2000-02-11,194.0,-44.0,0.0,,0.0
2000-02-12,200.0,72.0,56.0,,0.0
2000-02-13,156.0,56.0,69.0,,0.0
2000-02-14,139.0,67.0,272.0,0.0,0.0
2000-02-15,144.0,-28.0,0.0,0.0,0.0
2000-02-16,172.0,-22.0,0.0,0.0,0.0
2000-02-17,217.0,-11.0,0.0,0.0,0.0
2000-02-18,194.0,-11.0,28.0,0.0,0.0
2000-02-19,161.0,78.0,48.0,0.0,0.0
2000-02-20,117.0,-44.0,0.0,0.0,0.0
2000-02-21,100.0,-61.0,0.0,0.0,0.0
2000-02-22,144.0,-56.0,0.0,0.0,0.0
2000-02-23,144.0,-6.0,0.0,0.0,0.0
2000-02-24,189.0,-6.0,0.0,0.0,0.0
2000-02-25,194.0,33.0,0.0,0.0,0.0
2000-02-26,233.0,61.0,0.0,0.0,0.0
2000-02-27,222.0,117.0,0.0,0.0,0.0
2000-02-28,128.0,-17.0,127.0,0.0,0.0
2000-02-29,161.0,-22.0,0.0,0.0,0.0
2000-03-01,206.0,-11.0,0.0,0.0,0.0
2000-03-02,206.0,-11.0,0.0,0.0,0.0
2000-03-03,178.0,-11.0,0.0,0.0,0.0
2000-03-04,206.0,22.0,86.0,0.0,0.0
2000-03-05,206.0,-22.0,15.0,0.0,0.0
2000-03-06,206.0,-22.0,0.0,0.0,0.0
2000-03-07,228.0,0.0,0.0,0.0,0.0
2000-03-08,250.0,17.0,0.0,0.0,0.0
2000-03-09,261.0,50.0,0.0,0.0,0.0
2000-03-10,206.0,72.0,0.0,0.0,0.0
2000-03-11,222.0,78.0,152.0,0.0,0.0
2000-03-12,100.0,-6.0,165.0,0.0,0.0
2000-03-13,67.0,-56.0,0.0,0.0,0.0
2000-03-14,128.0,-39.0,0.0,0.0,0.0
2000-03-15,178.0,-17.0,0.0,0.0,0.0
2000-03-16,194.0,50.0,0.0,0.0,0.0
2000-03-17,144.0,83.0,135.0,0.0,0.0
2000-03-18,133.0,-17.0,0.0,0.0,0.0
2000-03-19,133.0,6.0,0.0,0.0,0.0
2000-03-20,133.0,83.0,185.0,0.0,0.0
2000-03-21,172.0,0.0,0.0,0.0,0.0
2000-03-22,200.0,11.0,0.0,0.0,0.0
2000-03-23,222.0,22.0,0.0,0.0,0.0
2000-03-24,233.0,39.0,0.0,0.0,0.0
2000-03-25,239.0,61.0,0.0,0.0,0.0
2000-03-26,239.0,56.0,0.0,0.0,0.0
2000-03-27,228.0,28.0,0.0,0.0,0.0
2000-03-28,133.0,-17.0,99.0,0.0,0.0
2000-03-29,194.0,-17.0,0.0,0.0,0.0
2000-03-30,117.0,22.0,10.0,0.0,0.0
2000-03-31,211.0,56.0,15.0,0.0,0.0
2000-04-01,217.0,56.0,0.0,0.0,0.0
2000-04-02,250.0,67.0,236.0,0.0,0.0
2000-04-03,189.0,133.0,396.0,0.0,0.0
2000-04-04,189.0,72.0,409.0,0.0,0.0
2000-04-05,106.0,-28.0,10.0,0.0,0.0
2000-04-06,150.0,-22.0,0.0,0.0,0.0
2000-04-07,244.0,6.0,0.0,0.0,0.0
2000-04-08,244.0,56.0,23.0,0.0,0.0
2000-04-09,139.0,-22.0,41.0,0.0,0.0
2000-04-10,144.0,-22.0,0.0,0.0,0.0
2000-04-11,228.0,-17.0,0.0,0.0,0.0
2000-04-12,228.0,33.0,18.0,0.0,0.0
2000-04-13,206.0,100.0,122.0,0.0,0.0
2000-04-14,133.0,89.0,33.0,0.0,0.0
2000-04-15,206.0,89.0,0.0,0.0,0.0
2000-04-16,222.0,83.0,0.0,0.0,0.0
2000-04-17,256.0,83.0,0.0,0.0,0.0
2000-04-18,244.0,83.0,5.0,0.0,0.0
2000-04-19,178.0,56.0,0.0,0.0,0.0
2000-04-20,261.0,67.0,0.0,0.0,0.0
2000-04-21,267.0,83.0,64.0,0.0,0.0
2000-04-22,128.0,50.0,13.0,0.0,0.0
2000-04-23,144.0,11.0,0.0,0.0,0.0
2000-04-24,183.0,67.0,25.0,0.0,0.0
2000-04-25,133.0,89.0,404.0,0.0,0.0
2000-04-26,139.0,39.0,0.0,0.0,0.0
2000-04-27,178.0,-6.0,0.0,0.0,0.0
2000-04-28,217.0,0.0,127.0,0.0,0.0
2000-04-29,178.0,50.0,20.0,0.0,0.0
2000-04-30,211.0,17.0,0.0,0.0,0.0
2000-05-01,239.0,17.0,0.0,0.0,0.0
2000-05-02,261.0,33.0,0.0,0.0,0.0
2000-05-03,267.0,100.0,0.0,0.0,0.0
2000-05-04,267.0,111.0,28.0,0.0,0.0
2000-05-05,222.0,94.0,0.0,0.0,0.0
2000-05-06,267.0,100.0,0.0,0.0,0.0
2000-05-07,283.0,94.0,0.0,0.0,0.0
2000-05-08,283.0,122.0,0.0,0.0,0.0
2000-05-09,278.0,111.0,0.0,0.0,0.0
2000-05-10,278.0,117.0,0.0,0.0,0.0
2000-05-11,239.0,61.0,28.0,0.0,0.0
2000-05-12,283.0,67.0,0.0,0.0,0.0
2000-05-13,294.0,144.0,0.0,0.0,0.0
2000-05-14,283.0,89.0,0.0,0.0,0.0
2000-05-15,233.0,50.0,0.0,0.0,0.0
2000-05-16,233.0,44.0,0.0,0.0,0.0
2000-05-17,244.0,56.0,0.0,0.0,0.0
2000-05-18,217.0,117.0,5.0,0.0,0.0
2000-05-19,289.0,139.0,0.0,0.0,0.0
2000-05-20,294.0,150.0,25.0,0.0,0.0
2000-05-21,272.0,172.0,36.0,0.0,0.0
2000-05-22,272.0,139.0,124.0,0.0,0.0
2000-05-23,244.0,117.0,56.0,0.0,0.0
2000-05-24,228.0,122.0,74.0,0.0,0.0
2000-05-25,261.0,178.0,5.0,0.0,0.0
2000-05-26,283.0,144.0,25.0,0.0,0.0
2000-05-27,244.0,156.0,10.0,0.0,0.0
2000-05-28,289.0,172.0,13.0,0.0,0.0
2000-05-29,250.0,133.0,0.0,0.0,0.0
2000-05-30,222.0,106.0,0.0,0.0,0.0
2000-05-31,244.0,117.0,0.0,0.0,0.0
2000-06-01,272.0,117.0,0.0,0.0,0.0
2000-06-02,294.0,122.0,0.0,0.0,0.0
2000-06-03,294.0,150.0,0.0,0.0,0.0
2000-06-04,300.0,156.0,0.0,0.0,0.0
2000-06-05,244.0,156.0,411.0,0.0,0.0
2000-06-06,217.0,117.0,236.0,0.0,0.0
2000-06-07,206.0,50.0,0.0,0.0,0.0
2000-06-08,244.0,67.0,0.0,0.0,0.0
2000-06-09,250.0,89.0,0.0,0.0,0.0
2000-06-10,283.0,122.0,0.0,0.0,0.0
2000-06-11,300.0,128.0,0.0,0.0,0.0
2000-06-12,306.0,133.0,0.0,0.0,0.0
2000-06-13,311.0,139.0,0.0,0.0,0.0
2000-06-14,311.0,178.0,0.0,0.0,0.0
2000-06-15,306.0,178.0,140.0,0.0,0.0
2000-06-16,294.0,178.0,0.0,0.0,0.0
2000-06-17,239.0,183.0,140.0,0.0,0.0
2000-06-18,278.0,189.0,76.0,0.0,0.0
2000-06-19,278.0,178.0,94.0,0.0,0.0
2000-06-20,278.0,183.0,0.0,0.0,0.0
2000-06-21,283.0,183.0,127.0,0.0,0.0
2000-06-22,300.0,189.0,183.0,0.0,0.0
2000-06-23,261.0,139.0,15.0,0.0,0.0
2000-06-24,294.0,133.0,0.0,0.0,0.0
2000-06-25,311.0,144.0,0.0,0.0,0.0
2000-06-26,289.0,156.0,0.0,0.0,0.0
2000-06-27,300.0,178.0,51.0,0.0,0.0
2000-06-28,283.0,183.0,0.0,0.0,0.0
2000-06-29,267.0,189.0,15.0,0.0,0.0
2000-06-30,228.0,133.0,91.0,0.0,0.0
2000-07-01,261.0,122.0,3.0,0.0,0.0
2000-07-02,272.0,128.0,0.0,0.0,0.0
2000-07-03,289.0,133.0,0.0,0.0,0.0
2000-07-04,294.0,167.0,0.0,0.0,0.0
2000-07-05,306.0,172.0,0.0,0.0,0.0
2000-07-06,300.0,178.0,0.0,0.0,0.0
2000-07-07,300.0,183.0,0.0,0.0,0.0
2000-07-08,300.0,189.0,0.0,0.0,0.0
2000-07-09,294.0,178.0,0.0,0.0,0.0
2000-07-10,311.0,178.0,0.0,0.0,0.0
2000-07-11,322.0,183.0,76.0,0.0,0.0
2000-07-12,311.0,194.0,183.0,0.0,0.0
2000-07-13,306.0,183.0,112.0,0.0,0.0
2000-07-14,300.0,167.0,0.0,0.0,0.0
2000-07-15,294.0,167.0,0.0,0.0,0.0
2000-07-16,283.0,139.0,0.0,0.0,0.0
2000-07-17,283.0,122.0,0.0,0.0,0.0
2000-07-18,289.0,139.0,0.0,0.0,0.0
2000-07-19,294.0,150.0,0.0,0.0,0.0
2000-07-20,322.0,167.0,0.0,0.0,0.0
2000-07-21,311.0,172.0,0.0,0.0,0.0
2000-07-22,300.0,178.0,0.0,0.0,0.0
2000-07-23,300.0,167.0,0.0,0.0,0.0
2000-07-24,244.0,172.0,206.0,0.0,0.0
2000-07-25,267.0,156.0,5.0,0.0,0.0
2000-07-26,267.0,161.0,109.0,0.0,0.0
2000-07-27,278.0,161.0,0.0,0.0,0.0
2000-07-28,294.0,150.0,0.0,0.0,0.0
2000-07-29,306.0,172.0,127.0,0.0,0.0
2000-07-30,306.0,172.0,165.0,0.0,0.0
2000-07-31,294.0,178.0,102.0,0.0,0.0
2000-08-01,250.0,183.0,81.0,0.0,0.0
2000-08-02,250.0,194.0,297.0,0.0,0.0
2000-08-03,261.0,194.0,104.0,0.0,0.0
2000-08-04,289.0,183.0,10.0,0.0,0.0
2000-08-05,278.0,161.0,13.0,0.0,0.0
2000-08-06,294.0,161.0,0.0,0.0,0.0
2000-08-07,306.0,189.0,0.0,0.0,0.0
2000-08-08,306.0,189.0,0.0,0.0,0.0
2000-08-09,317.0,194.0,0.0,0.0,0.0
2000-08-10,328.0,183.0,76.0,0.0,0.0
2000-08-11,311.0,183.0,36.0,0.0,0.0
2000-08-12,278.0,133.0,0.0,0.0,0.0
2000-08-13,278.0,111.0,0.0,0.0,0.0
2000-08-14,272.0,117.0,0.0,0.0,0.0
2000-08-15,278.0,117.0,0.0,0.0,0.0
2000-08-16,306.0,122.0,0.0,0.0,0.0
2000-08-17,322.0,156.0,0.0,0.0,0.0
2000-08-18,328.0,189.0,0.0,0.0,0.0
2000-08-19,339.0,156.0,0.0,0.0,0.0
2000-08-20,306.0,167.0,0.0,0.0,0.0
2000-08-21,256.0,172.0,79.0,0.0,0.0
2000-08-22,217.0,133.0,0.0,0.0,0.0
2000-08-23,256.0,133.0,0.0,0.0,0.0
2000-08-24,283.0,139.0,0.0,0.0,0.0
2000-08-25,300.0,172.0,18.0,0.0,0.0
2000-08-26,294.0,128.0,20.0,0.0,0.0
2000-08-27,294.0,167.0,20.0,0.0,0.0
2000-08-28,244.0,167.0,76.0,0.0,0.0
2000-08-29,306.0,156.0,0.0,0.0,0.0
2000-08-30,294.0,156.0,0.0,0.0,0.0
2000-08-31,289.0,156.0,0.0,0.0,0.0
2000-09-01,256.0,172.0,3.0,0.0,0.0
2000-09-02,278.0,194.0,38.0,0.0,0.0
2000-09-03,267.0,178.0,20.0,0.0,0.0
2000-09-04,289.0,178.0,25.0,0.0,0.0
2000-09-05,294.0,156.0,0.0,0.0,0.0
2000-09-06,283.0,150.0,0.0,0.0,0.0
2000-09-07,244.0,156.0,0.0,0.0,0.0
2000-09-08,233.0,178.0,0.0,0.0,0.0
2000-09-09,278.0,178.0,0.0,0.0,0.0
2000-09-10,278.0,178.0,0.0,0.0,0.0
2000-09-11,289.0,161.0,0.0,0.0,0.0
2000-09-12,294.0,161.0,0.0,0.0,0.0
2000-09-13,289.0,167.0,0.0,0.0,0.0
2000-09-14,306.0,161.0,0.0,0.0,0.0
2000-09-15,300.0,133.0,0.0,0.0,0.0
2000-09-16,256.0,61.0,0.0,0.0,0.0
2000-09-17,222.0,44.0,0.0,0.0,0.0
2000-09-18,222.0,44.0,0.0,0.0,0.0
2000-09-19,244.0,106.0,0.0,0.0,0.0
2000-09-20,283.0,106.0,0.0,0.0,0.0
2000-09-21,283.0,111.0,709.0,0.0,0.0
2000-09-22,250.0,178.0,15.0,0.0,0.0
2000-09-23,250.0,172.0,23.0,0.0,0.0
2000-09-24,272.0,172.0,198.0,0.0,0.0
2000-09-25,267.0,194.0,460.0,0.0,0.0
2000-09-26,244.0,89.0,135.0,0.0,0.0
2000-09-27,189.0,39.0,0.0,0.0,0.0
2000-09-28,211.0,39.0,0.0,0.0,0.0
2000-09-29,239.0,50.0,0.0,0.0,0.0
2000-09-30,239.0,56.0,0.0,0.0,0.0
2000-10-01,233.0,67.0,0.0,0.0,0.0
2000-10-02,256.0,72.0,0.0,0.0,0.0
2000-10-03,256.0,78.0,0.0,0.0,0.0
2000-10-04,272.0,106.0,0.0,0.0,0.0
2000-10-05,267.0,111.0,0.0,0.0,0.0
2000-10-06,272.0,122.0,0.0,0.0,0.0
2000-10-07,244.0,67.0,10.0,0.0,0.0
2000-10-08,172.0,-11.0,0.0,0.0,0.0
2000-10-09,117.0,-11.0,0.0,0.0,0.0
2000-10-10,106.0,-33.0,0.0,0.0,0.0
2000-10-11,172.0,-28.0,0.0,0.0,0.0
2000-10-12,217.0,-28.0,0.0,0.0,0.0
2000-10-13,233.0,-22.0,0.0,0.0,0.0
2000-10-14,244.0,-6.0,5.0,0.0,0.0
2000-10-15,239.0,0.0,0.0,0.0,0.0
2000-10-16,250.0,0.0,0.0,0.0,0.0
2000-10-17,261.0,22.0,0.0,0.0,0.0
2000-10-18,256.0,78.0,0.0,0.0,0.0
2000-10-19,261.0,50.0,0.0,0.0,0.0
2000-10-20,244.0,56.0,0.0,0.0,0.0
2000-10-21,233.0,94.0,0.0,0.0,0.0
2000-10-22,250.0,89.0,0.0,0.0,0.0
2000-10-23,261.0,89.0,0.0,0.0,0.0
2000-10-24,256.0,94.0,0.0,0.0,0.0
2000-10-25,250.0,89.0,0.0,0.0,0.0
2000-10-26,244.0,89.0,0.0,0.0,0.0
2000-10-27,244.0,94.0,0.0,0.0,0.0
2000-10-28,256.0,83.0,0.0,0.0,0.0
2000-10-29,267.0,50.0,0.0,0.0,0.0
2000-10-30,239.0,22.0,0.0,0.0,0.0
2000-10-31,250.0,28.0,0.0,0.0,0.0
2000-11-01,244.0,44.0,0.0,0.0,0.0
2000-11-02,256.0,56.0,0.0,0.0,0.0
2000-11-03,267.0,61.0,0.0,0.0,0.0
2000-11-04,256.0,78.0,0.0,0.0,0.0
2000-11-05,183.0,83.0,38.0,0.0,0.0
2000-11-06,189.0,61.0,0.0,0.0,0.0
2000-11-07,161.0,89.0,13.0,0.0,0.0
2000-11-08,189.0,150.0,107.0,0.0,0.0
2000-11-09,222.0,161.0,378.0,0.0,0.0
2000-11-10,217.0,56.0,500.0,0.0,0.0
2000-11-11,128.0,-11.0,3.0,0.0,0.0
2000-11-12,144.0,-11.0,0.0,0.0,0.0
2000-11-13,178.0,-6.0,0.0,0.0,0.0
2000-11-14,150.0,17.0,0.0,0.0,0.0
2000-11-15,111.0,-50.0,0.0,0.0,0.0
2000-11-16,117.0,-44.0,0.0,0.0,0.0
2000-11-17,72.0,6.0,206.0,0.0,0.0
2000-11-18,83.0,-44.0,5.0,0.0,0.0
2000-11-19,28.0,-44.0,0.0,0.0,8.0
2000-11-20,22.0,-11.0,76.0,76.0,76.0
2000-11-21,94.0,-50.0,0.0,,0.0
2000-11-22,28.0,-100.0,0.0,,0.0
2000-11-23,94.0,-94.0,0.0,,0.0
2000-11-24,100.0,-6.0,0.0,,0.0
2000-11-25,106.0,28.0,130.0,0.0,0.0
2000-11-26,128.0,61.0,0.0,0.0,0.0
2000-11-27,94.0,-17.0,0.0,0.0,0.0
2000-11-28,122.0,-39.0,0.0,0.0,0.0
2000-11-29,156.0,-39.0,8.0,0.0,0.0
2000-11-30,122.0,-33.0,13.0,0.0,0.0
2000-12-01,106.0,-56.0,0.0,0.0,0.0
2000-12-02,128.0,-56.0,5.0,,38.0
2000-12-03,94.0,0.0,38.0,,0.0
2000-12-04,33.0,-17.0,61.0,0.0,0.0
2000-12-05,89.0,-50.0,0.0,0.0,0.0
2000-12-06,83.0,-56.0,0.0,0.0,0.0
2000-12-07,56.0,-50.0,0.0,0.0,0.0
2000-12-08,106.0,-50.0,0.0,0.0,0.0
2000-12-09,128.0,-50.0,0.0,0.0,0.0
2000-12-10,139.0,-50.0,0.0,0.0,0.0
2000-12-11,139.0,-44.0,0.0,0.0,0.0
2000-12-12,144.0,17.0,28.0,0.0,3.0
2000-12-13,56.0,-39.0,0.0,0.0,0.0
2000-12-14,89.0,-28.0,152.0,0.0,0.0
2000-12-15,144.0,6.0,0.0,0.0,0.0
2000-12-16,167.0,6.0,74.0,0.0,0.0
2000-12-17,150.0,-17.0,206.0,0.0,0.0
2000-12-18,150.0,-111.0,30.0,,38.0
2000-12-19,61.0,-106.0,33.0,,38.0
2000-12-20,-11.0,-150.0,0.0,,0.0
2000-12-21,-11.0,-150.0,0.0,,0.0
2000-12-22,-11.0,-83.0,0.0,,0.0
2000-12-23,-11.0,-139.0,0.0,,0.0
2000-12-24,56.0,-139.0,0.0,,0.0
2000-12-25,89.0,-89.0,0.0,0.0,0.0
2000-12-26,39.0,-83.0,0.0,0.0,0.0
2000-12-27,50.0,-28.0,0.0,0.0,0.0
2000-12-28,22.0,-6.0,41.0,0.0,0.0
2000-12-29,22.0,-17.0,0.0,0.0,0.0
2000-12-30,56.0,-100.0,10.0,0.0,0.0
2000-12-31,-61.0,-122.0,51.0,,51.0
2001-01-01,-11.0,-106.0,0.0,0.0,0.0
2001-01-02,-6.0,-117.0,5.0,0.0,5.0
2001-01-03,17.0,-144.0,0.0,0.0,0.0
2001-01-04,28.0,-144.0,0.0,0.0,0.0
2001-01-05,67.0,-122.0,0.0,0.0,0.0
2001-01-06,94.0,-67.0,0.0,0.0,0.0
2001-01-07,100.0,-56.0,0.0,0.0,0.0
2001-01-08,111.0,-50.0,135.0,0.0,0.0
2001-01-09,56.0,-39.0,0.0,0.0,0.0
2001-01-10,6.0,-106.0,0.0,0.0,0.0
2001-01-11,94.0,-100.0,0.0,0.0,0.0
2001-01-12,44.0,-67.0,145.0,0.0,0.0
2001-01-13,61.0,0.0,20.0,0.0,0.0
2001-01-14,133.0,-17.0,0.0,0.0,0.0
2001-01-15,94.0,-11.0,23.0,0.0,0.0
2001-01-16,161.0,-28.0,0.0,0.0,0.0
2001-01-17,72.0,-28.0,0.0,0.0,0.0
2001-01-18,111.0,11.0,56.0,0.0,0.0
2001-01-19,122.0,61.0,389.0,0.0,0.0
2001-01-20,139.0,0.0,0.0,0.0,0.0
2001-01-21,6.0,-94.0,64.0,51.0,61.0
2001-01-22,39.0,-94.0,0.0,25.0,0.0
2001-01-23,100.0,-72.0,0.0,0.0,0.0
2001-01-24,111.0,-72.0,0.0,0.0,0.0
2001-01-25,94.0,-50.0,0.0,0.0,0.0
2001-01-26,56.0,-94.0,0.0,0.0,0.0
2001-01-27,94.0,-94.0,8.0,0.0,0.0
2001-01-28,111.0,-72.0,0.0,0.0,0.0
2001-01-29,139.0,-72.0,0.0,0.0,0.0
2001-01-30,183.0,-22.0,157.0,0.0,0.0
2001-01-31,167.0,0.0,0.0,0.0,0.0
2001-02-01,161.0,-28.0,0.0,0.0,0.0
2001-02-02,94.0,-33.0,0.0,0.0,0.0
2001-02-03,78.0,-83.0,0.0,0.0,0.0
2001-02-04,111.0,-39.0,0.0,0.0,0.0
2001-02-05,22.0,-39.0,0.0,0.0,0.0
2001-02-06,72.0,-72.0,0.0,0.0,0.0
2001-02-07,156.0,-72.0,0.0,0.0,0.0
2001-02-08,194.0,-28.0,0.0,0.0,0.0
2001-02-09,217.0,-11.0,0.0,0.0,0.0
2001-02-10,200.0,50.0,168.0,0.0,0.0
2001-02-11,72.0,-39.0,0.0,0.0,0.0
2001-02-12,133.0,-39.0,79.0,0.0,0.0
2001-02-13,83.0,33.0,38.0,0.0,0.0
2001-02-14,111.0,72.0,140.0,0.0,0.0
2001-02-15,156.0,106.0,13.0,0.0,0.0
2001-02-16,172.0,133.0,48.0,0.0,0.0
2001-02-17,222.0,17.0,224.0,0.0,0.0
2001-02-18,94.0,-56.0,0.0,0.0,0.0
2001-02-19,94.0,-50.0,0.0,0.0,0.0
2001-02-20,144.0,-11.0,0.0,0.0,0.0
2001-02-21,167.0,22.0,28.0,0.0,0.0
2001-02-22,144.0,72.0,168.0,0.0,0.0
2001-02-23,89.0,11.0,8.0,0.0,0.0
2001-02-24,172.0,11.0,0.0,0.0,0.0
2001-02-25,144.0,94.0,351.0,0.0,0.0
2001-02-26,189.0,6.0,33.0,0.0,0.0
2001-02-27,206.0,6.0,0.0,0.0,0.0
2001-02-28,167.0,6.0,0.0,0.0,0.0
2001-03-01,133.0,0.0,0.0,0.0,0.0
2001-03-02,178.0,6.0,0.0,0.0,0.0
2001-03-03,150.0,78.0,15.0,0.0,0.0
2001-03-04,133.0,100.0,198.0,0.0,0.0
2001-03-05,183.0,17.0,64.0,0.0,0.0
2001-03-06,67.0,-33.0,0.0,0.0,0.0
2001-03-07,50.0,-50.0,0.0,0.0,0.0
2001-03-08,94.0,-61.0,0.0,0.0,0.0
2001-03-09,161.0,-33.0,0.0,0.0,0.0
2001-03-10,133.0,-67.0,0.0,0.0,0.0
2001-03-11,144.0,-67.0,0.0,0.0,0.0
2001-03-12,178.0,33.0,0.0,0.0,0.0
2001-03-13,144.0,94.0,183.0,0.0,0.0
2001-03-14,178.0,0.0,0.0,0.0,0.0
2001-03-15,194.0,22.0,46.0,0.0,0.0
2001-03-16,133.0,56.0,33.0,0.0,0.0
2001-03-17,178.0,22.0,0.0,0.0,0.0
2001-03-18,122.0,-11.0,0.0,0.0,0.0
2001-03-19,156.0,-22.0,0.0,0.0,0.0
2001-03-20,144.0,44.0,86.0,0.0,0.0
2001-03-21,94.0,33.0,107.0,0.0,0.0
2001-03-22,78.0,22.0,20.0,0.0,0.0
2001-03-23,167.0,-17.0,0.0,0.0,0.0
2001-03-24,200.0,-17.0,0.0,0.0,0.0
2001-03-25,161.0,-17.0,0.0,0.0,0.0
2001-03-26,133.0,-33.0,0.0,0.0,0.0
2001-03-27,83.0,-72.0,0.0,0.0,0.0
2001-03-28,111.0,-72.0,0.0,0.0,0.0
2001-03-29,139.0,17.0,23.0,0.0,0.0
2001-03-30,100.0,56.0,226.0,0.0,0.0
2001-03-31,178.0,78.0,20.0,0.0,0.0
2001-04-01,133.0,56.0,76.0,0.0,0.0
2001-04-02,117.0,0.0,5.0,0.0,0.0
2001-04-03,161.0,28.0,3.0,0.0,0.0
2001-04-04,117.0,78.0,53.0,0.0,0.0
2001-04-05,228.0,117.0,0.0,0.0,0.0
2001-04-06,144.0,122.0,0.0,0.0,0.0
2001-04-07,217.0,106.0,0.0,0.0,0.0
2001-04-08,272.0,100.0,0.0,0.0,0.0
2001-04-09,283.0,100.0,0.0,0.0,0.0
2001-04-10,283.0,111.0,0.0,0.0,0.0
2001-04-11,317.0,117.0,0.0,0.0,0.0
2001-04-12,294.0,133.0,0.0,0.0,0.0
2001-04-13,256.0,167.0,89.0,0.0,0.0
2001-04-14,228.0,72.0,107.0,0.0,0.0
2001-04-15,233.0,72.0,0.0,0.0,0.0
2001-04-16,217.0,78.0,104.0,0.0,0.0
2001-04-17,183.0,50.0,0.0,0.0,0.0
2001-04-18,72.0,6.0,0.0,0.0,0.0
2001-04-19,133.0,-33.0,0.0,0.0,0.0
2001-04-20,183.0,-17.0,0.0,0.0,0.0
2001-04-21,228.0,22.0,0.0,0.0,0.0
2001-04-22,261.0,89.0,0.0,0.0,0.0
2001-04-23,283.0,94.0,0.0,0.0,0.0
2001-04-24,278.0,117.0,0.0,0.0,0.0
2001-04-25,211.0,44.0,0.0,0.0,0.0
2001-04-26,206.0,6.0,0.0,0.0,0.0
2001-04-27,222.0,6.0,0.0,0.0,0.0
2001-04-28,250.0,33.0,0.0,0.0,0.0
2001-04-29,283.0,56.0,0.0,0.0,0.0
2001-04-30,256.0,56.0,0.0,0.0,0.0
2001-05-01,256.0,106.0,0.0,0.0,0.0
2001-05-02,250.0,106.0,0.0,0.0,0.0
2001-05-03,250.0,78.0,0.0,0.0,0.0
2001-05-04,272.0,72.0,0.0,0.0,0.0
2001-05-05,294.0,106.0,0.0,0.0,0.0
2001-05-06,294.0,106.0,0.0,0.0,0.0
2001-05-07,283.0,139.0,163.0,0.0,0.0
2001-05-08,222.0,100.0,0.0,0.0,0.0
2001-05-09,167.0,111.0,48.0,0.0,0.0
2001-05-10,217.0,111.0,46.0,0.0,0.0
2001-05-11,250.0,111.0,0.0,0.0,0.0
2001-05-12,278.0,117.0,104.0,0.0,0.0
2001-05-13,228.0,78.0,0.0,0.0,0.0
2001-05-14,228.0,33.0,0.0,0.0,0.0
2001-05-15,250.0,33.0,0.0,0.0,0.0
2001-05-16,278.0,111.0,0.0,0.0,0.0
2001-05-17,289.0,117.0,0.0,0.0,0.0
2001-05-18,294.0,122.0,0.0,0.0,0.0
2001-05-19,300.0,117.0,0.0,0.0,0.0
2001-05-20,283.0,117.0,25.0,0.0,0.0
2001-05-21,233.0,167.0,0.0,0.0,0.0
2001-05-22,278.0,178.0,51.0,0.0,0.0
2001-05-23,194.0,50.0,135.0,0.0,0.0
2001-05-24,222.0,56.0,18.0,0.0,0.0
2001-05-25,206.0,83.0,353.0,0.0,0.0
2001-05-26,206.0,72.0,13.0,0.0,0.0
2001-05-27,211.0,83.0,0.0,0.0,0.0
2001-05-28,250.0,128.0,53.0,0.0,0.0
2001-05-29,189.0,133.0,282.0,0.0,0.0
2001-05-30,256.0,100.0,0.0,0.0,0.0
2001-05-31,267.0,111.0,0.0,0.0,0.0
2001-06-01,256.0,128.0,183.0,0.0,0.0
2001-06-02,206.0,122.0,279.0,0.0,0.0
2001-06-03,217.0,128.0,0.0,0.0,0.0
2001-06-04,244.0,128.0,41.0,0.0,0.0
2001-06-05,283.0,106.0,0.0,0.0,0.0
2001-06-06,278.0,150.0,0.0,0.0,0.0
2001-06-07,294.0,167.0,36.0,0.0,0.0
2001-06-08,267.0,139.0,272.0,0.0,0.0
2001-06-09,267.0,139.0,102.0,0.0,0.0
2001-06-10,261.0,117.0,0.0,0.0,0.0
2001-06-11,272.0,117.0,0.0,0.0,0.0
2001-06-12,267.0,139.0,0.0,0.0,0.0
2001-06-13,289.0,161.0,0.0,0.0,0.0
2001-06-14,311.0,172.0,0.0,0.0,0.0
2001-06-15,278.0,172.0,8.0,0.0,0.0
2001-06-16,294.0,167.0,48.0,0.0,0.0
2001-06-17,278.0,117.0,0.0,0.0,0.0
2001-06-18,306.0,117.0,0.0,0.0,0.0
2001-06-19,300.0,144.0,0.0,0.0,0.0
2001-06-20,289.0,150.0,0.0,0.0,0.0
2001-06-21,294.0,167.0,0.0,0.0,0.0
2001-06-22,300.0,183.0,0.0,0.0,0.0
2001-06-23,267.0,150.0,274.0,0.0,0.0
2001-06-24,239.0,94.0,0.0,0.0,0.0
2001-06-25,272.0,111.0,0.0,0.0,0.0
2001-06-26,250.0,133.0,264.0,0.0,0.0
2001-06-27,233.0,144.0,81.0,0.0,0.0
2001-06-28,267.0,150.0,8.0,0.0,0.0
2001-06-29,278.0,178.0,0.0,0.0,0.0
2001-06-30,278.0,178.0,221.0,0.0,0.0
2001-07-01,278.0,178.0,81.0,0.0,0.0
2001-07-02,278.0,178.0,0.0,0.0,0.0
2001-07-03,294.0,178.0,8.0,0.0,0.0
2001-07-04,289.0,178.0,46.0,0.0,0.0
2001-07-05,289.0,167.0,69.0,0.0,0.0
2001-07-06,289.0,83.0,0.0,0.0,0.0
2001-07-07,289.0,133.0,0.0,0.0,0.0
2001-07-08,261.0,128.0,0.0,0.0,0.0
2001-07-09,306.0,189.0,0.0,0.0,0.0
2001-07-10,317.0,178.0,10.0,0.0,0.0
2001-07-11,311.0,167.0,0.0,0.0,0.0
2001-07-12,317.0,189.0,0.0,0.0,0.0
2001-07-13,300.0,178.0,0.0,0.0,0.0
2001-07-14,322.0,133.0,0.0,0.0,0.0
2001-07-15,317.0,117.0,0.0,0.0,0.0
2001-07-16,311.0,150.0,0.0,0.0,0.0
2001-07-17,328.0,161.0,0.0,0.0,0.0
2001-07-18,339.0,167.0,0.0,0.0,0.0
2001-07-19,306.0,167.0,0.0,0.0,0.0
2001-07-20,311.0,200.0,10.0,0.0,0.0
2001-07-21,294.0,194.0,28.0,0.0,0.0
2001-07-22,306.0,189.0,0.0,0.0,0.0
2001-07-23,328.0,189.0,97.0,0.0,0.0
2001-07-24,339.0,178.0,165.0,0.0,0.0
2001-07-25,294.0,194.0,30.0,0.0,0.0
2001-07-26,294.0,194.0,66.0,0.0,0.0
2001-07-27,317.0,206.0,3.0,0.0,0.0
2001-07-28,333.0,206.0,3.0,0.0,0.0
2001-07-29,311.0,211.0,58.0,0.0,0.0
2001-07-30,256.0,206.0,841.0,0.0,0.0
2001-07-31,333.0,194.0,0.0,0.0,0.0
2001-08-01,333.0,183.0,363.0,0.0,0.0
2001-08-02,306.0,194.0,10.0,0.0,0.0
2001-08-03,317.0,183.0,0.0,0.0,0.0
2001-08-04,289.0,183.0,102.0,0.0,0.0
2001-08-05,311.0,200.0,3.0,0.0,0.0
2001-08-06,328.0,178.0,25.0,0.0,0.0
2001-08-07,317.0,183.0,0.0,0.0,0.0
2001-08-08,339.0,189.0,0.0,0.0,0.0
2001-08-09,344.0,200.0,0.0,0.0,0.0
2001-08-10,350.0,194.0,0.0,0.0,0.0
2001-08-11,339.0,200.0,0.0,0.0,0.0
2001-08-12,328.0,200.0,213.0,0.0,0.0
2001-08-13,244.0,211.0,201.0,0.0,0.0
2001-08-14,289.0,189.0,89.0,0.0,0.0
2001-08-15,317.0,161.0,0.0,0.0,0.0
2001-08-16,317.0,178.0,0.0,0.0,0.0
2001-08-17,311.0,189.0,3.0,0.0,0.0
2001-08-18,311.0,200.0,3.0,0.0,0.0
2001-08-19,317.0,189.0,0.0,0.0,0.0
2001-08-20,317.0,183.0,30.0,0.0,0.0
2001-08-21,289.0,128.0,0.0,0.0,0.0
2001-08-22,300.0,122.0,0.0,0.0,0.0
2001-08-23,306.0,133.0,0.0,0.0,0.0
2001-08-24,322.0,139.0,0.0,0.0,0.0
2001-08-25,278.0,161.0,127.0,0.0,0.0
2001-08-26,294.0,189.0,0.0,0.0,0.0
2001-08-27,317.0,189.0,0.0,0.0,0.0
2001-08-28,311.0,178.0,23.0,0.0,0.0
2001-08-29,272.0,178.0,0.0,0.0,0.0
2001-08-30,306.0,200.0,0.0,0.0,0.0
2001-08-31,250.0,200.0,201.0,0.0,0.0
2001-09-01,233.0,183.0,318.0,0.0,0.0
2001-09-02,222.0,183.0,170.0,0.0,0.0
2001-09-03,239.0,189.0,66.0,0.0,0.0
2001-09-04,233.0,189.0,15.0,0.0,0.0
2001-09-05,289.0,189.0,0.0,0.0,0.0
2001-09-06,311.0,189.0,127.0,0.0,0.0
2001-09-07,306.0,167.0,0.0,0.0,0.0
2001-09-08,300.0,156.0,0.0,0.0,0.0
2001-09-09,289.0,161.0,0.0,0.0,0.0
2001-09-10,289.0,167.0,0.0,0.0,0.0
2001-09-11,278.0,161.0,0.0,0.0,0.0
2001-09-12,300.0,167.0,0.0,0.0,0.0
2001-09-13,289.0,156.0,0.0,0.0,0.0
2001-09-14,289.0,156.0,0.0,0.0,0.0
2001-09-15,278.0,100.0,0.0,0.0,0.0
2001-09-16,272.0,117.0,0.0,0.0,0.0
2001-09-17,244.0,89.0,0.0,0.0,0.0
2001-09-18,250.0,89.0,0.0,0.0,0.0
2001-09-19,256.0,89.0,0.0,0.0,0.0
2001-09-20,211.0,139.0,386.0,0.0,0.0
2001-09-21,244.0,122.0,5.0,0.0,0.0
2001-09-22,256.0,122.0,0.0,0.0,0.0
2001-09-23,267.0,122.0,0.0,0.0,0.0
2001-09-24,278.0,128.0,157.0,0.0,0.0
2001-09-25,189.0,50.0,23.0,0.0,0.0
2001-09-26,183.0,28.0,0.0,0.0,0.0
2001-09-27,200.0,28.0,0.0,0.0,0.0
2001-09-28,222.0,39.0,0.0,0.0,0.0
2001-09-29,233.0,44.0,0.0,0.0,0.0
2001-09-30,222.0,44.0,0.0,0.0,0.0
2001-10-01,217.0,39.0,0.0,0.0,0.0
2001-10-02,228.0,39.0,0.0,0.0,0.0
2001-10-03,244.0,39.0,0.0,0.0,0.0
2001-10-04,250.0,61.0,0.0,0.0,0.0
2001-10-05,244.0,61.0,0.0,0.0,0.0
2001-10-06,200.0,72.0,53.0,0.0,0.0
2001-10-07,150.0,11.0,3.0,0.0,0.0
2001-10-08,178.0,0.0,0.0,0.0,0.0
2001-10-09,194.0,6.0,0.0,0.0,0.0
2001-10-10,194.0,17.0,0.0,0.0,0.0
2001-10-11,206.0,50.0,0.0,0.0,0.0
2001-10-12,206.0,139.0,8.0,0.0,0.0
2001-10-13,200.0,167.0,15.0,0.0,0.0
2001-10-14,211.0,178.0,119.0,0.0,0.0
2001-10-15,244.0,39.0,0.0,0.0,0.0
2001-10-16,222.0,39.0,0.0,0.0,0.0
2001-10-17,156.0,-11.0,0.0,0.0,0.0
2001-10-18,156.0,-22.0,0.0,0.0,0.0
2001-10-19,189.0,-22.0,0.0,0.0,0.0
2001-10-20,244.0,-6.0,0.0,0.0,0.0
2001-10-21,250.0,56.0,0.0,0.0,0.0
2001-10-22,244.0,56.0,0.0,0.0,0.0
2001-10-23,256.0,56.0,0.0,0.0,0.0
2001-10-24,267.0,89.0,0.0,0.0,0.0
2001-10-25,267.0,67.0,36.0,0.0,0.0
2001-10-26,200.0,56.0,0.0,0.0,0.0
2001-10-27,167.0,6.0,0.0,0.0,0.0
2001-10-28,89.0,-50.0,0.0,0.0,0.0
2001-10-29,139.0,-39.0,0.0,0.0,0.0
2001-10-30,189.0,-28.0,0.0,0.0,0.0
2001-10-31,222.0,-11.0,0.0,0.0,0.0
2001-11-01,217.0,28.0,0.0,0.0,0.0
2001-11-02,206.0,83.0,0.0,0.0,0.0
2001-11-03,244.0,56.0,0.0,0.0,0.0
2001-11-04,256.0,22.0,0.0,0.0,0.0
2001-11-05,261.0,6.0,0.0,0.0,0.0
2001-11-06,211.0,-22.0,0.0,0.0,0.0
2001-11-07,194.0,-33.0,0.0,0.0,0.0
2001-11-08,217.0,-22.0,0.0,0.0,0.0
2001-11-09,217.0,-6.0,0.0,0.0,0.0
2001-11-10,217.0,-11.0,0.0,0.0,0.0
2001-11-11,222.0,-11.0,0.0,0.0,0.0
2001-11-12,211.0,-17.0,0.0,0.0,0.0
2001-11-13,194.0,-17.0,0.0,0.0,0.0
2001-11-14,172.0,-33.0,0.0,0.0,0.0
2001-11-15,194.0,-28.0,0.0,0.0,0.0
2001-11-16,206.0,-28.0,0.0,0.0,0.0
2001-11-17,206.0,-28.0,0.0,0.0,0.0
2001-11-18,228.0,11.0,0.0,0.0,0.0
2001-11-19,211.0,6.0,0.0,0.0,0.0
2001-11-20,206.0,22.0,0.0,0.0,0.0
2001-11-21,144.0,-56.0,0.0,0.0,0.0
2001-11-22,144.0,-44.0,0.0,0.0,0.0
2001-11-23,172.0,11.0,0.0,0.0,0.0
2001-11-24,161.0,44.0,102.0,0.0,0.0
2001-11-25,189.0,122.0,323.0,0.0,0.0
2001-11-26,217.0,11.0,0.0,0.0,0.0
2001-11-27,206.0,11.0,0.0,0.0,0.0
2001-11-28,233.0,89.0,0.0,0.0,0.0
2001-11-29,228.0,106.0,0.0,0.0,0.0
2001-11-30,217.0,78.0,127.0,0.0,0.0
2001-12-01,194.0,28.0,0.0,0.0,0.0
2001-12-02,172.0,28.0,0.0,0.0,0.0
2001-12-03,194.0,-6.0,0.0,0.0,0.0
2001-12-04,206.0,0.0,0.0,0.0,0.0
2001-12-05,222.0,0.0,0.0,0.0,0.0
2001-12-06,211.0,0.0,0.0,0.0,0.0
2001-12-07,222.0,56.0,0.0,0.0,0.0
2001-12-08,183.0,111.0,0.0,0.0,0.0
2001-12-09,167.0,83.0,58.0,0.0,0.0
2001-12-10,133.0,50.0,71.0,0.0,0.0
2001-12-11,89.0,83.0,102.0,0.0,0.0
2001-12-12,111.0,67.0,0.0,0.0,0.0
2001-12-13,161.0,139.0,23.0,0.0,0.0
2001-12-14,167.0,150.0,157.0,0.0,0.0
2001-12-15,206.0,11.0,0.0,0.0,0.0
2001-12-16,167.0,89.0,0.0,0.0,0.0
2001-12-17,144.0,67.0,0.0,0.0,0.0
2001-12-18,167.0,78.0,241.0,0.0,0.0
2001-12-19,144.0,-22.0,0.0,0.0,0.0
2001-12-20,144.0,-22.0,0.0,0.0,0.0
2001-12-21,106.0,-61.0,0.0,0.0,0.0
2001-12-22,133.0,-61.0,0.0,0.0,0.0
2001-12-23,150.0,-50.0,0.0,0.0,0.0
2001-12-24,111.0,-22.0,114.0,0.0,0.0
2001-12-25,50.0,-83.0,0.0,0.0,0.0
2001-12-26,44.0,-100.0,0.0,0.0,0.0
2001-12-27,17.0,-100.0,0.0,0.0,0.0
2001-12-28,61.0,-72.0,0.0,0.0,0.0
2001-12-29,122.0,-61.0,0.0,0.0,0.0
2001-12-30,117.0,-72.0,0.0,0.0,0.0
2001-12-31,39.0,-72.0,0.0,0.0,0.0
2002-01-01,17.0,-117.0,0.0,0.0,0.0
2002-01-02,44.0,-94.0,0.0,0.0,0.0
2002-01-03,28.0,-44.0,0.0,0.0,0.0
2002-01-04,6.0,-117.0,0.0,0.0,0.0
2002-01-05,67.0,-117.0,0.0,0.0,0.0
2002-01-06,106.0,-100.0,99.0,0.0,13.0
2002-01-07,22.0,-6.0,53.0,0.0,0.0
2002-01-08,6.0,-83.0,,0.0,0.0
2002-01-09,61.0,-83.0,0.0,0.0,0.0
2002-01-10,156.0,-44.0,0.0,0.0,0.0
2002-01-11,133.0,22.0,30.0,0.0,0.0
2002-01-12,128.0,-61.0,0.0,0.0,0.0
2002-01-13,128.0,-6.0,0.0,0.0,0.0
2002-01-14,128.0,-50.0,0.0,0.0,0.0
2002-01-15,117.0,-39.0,0.0,0.0,0.0
2002-01-16,106.0,-56.0,0.0,0.0,0.0
2002-01-17,128.0,-56.0,0.0,0.0,0.0
2002-01-18,128.0,-22.0,28.0,0.0,0.0
2002-01-19,106.0,28.0,38.0,0.0,0.0
2002-01-20,89.0,-28.0,622.0,0.0,0.0
2002-01-21,122.0,-22.0,157.0,0.0,0.0
2002-01-22,133.0,-44.0,0.0,0.0,0.0
2002-01-23,144.0,-39.0,259.0,0.0,0.0
2002-01-24,150.0,67.0,25.0,0.0,0.0
2002-01-25,167.0,33.0,518.0,0.0,0.0
2002-01-26,133.0,-33.0,0.0,0.0,0.0
2002-01-27,167.0,-33.0,0.0,0.0,0.0
2002-01-28,161.0,-33.0,0.0,0.0,0.0
2002-01-29,200.0,-11.0,0.0,0.0,0.0
2002-01-30,228.0,78.0,0.0,0.0,0.0
2002-01-31,239.0,89.0,0.0,0.0,0.0
2002-02-01,228.0,83.0,5.0,0.0,0.0
2002-02-02,161.0,-28.0,71.0,0.0,0.0
2002-02-03,161.0,-28.0,0.0,0.0,0.0
2002-02-04,67.0,11.0,5.0,0.0,0.0
2002-02-05,61.0,-56.0,0.0,0.0,0.0
2002-02-06,33.0,-50.0,0.0,0.0,0.0
2002-02-07,61.0,-6.0,267.0,0.0,0.0
2002-02-08,50.0,-39.0,25.0,0.0,0.0
2002-02-09,161.0,-33.0,0.0,0.0,0.0
2002-02-10,183.0,-33.0,0.0,0.0,0.0
2002-02-11,178.0,28.0,0.0,0.0,0.0
2002-02-12,94.0,-50.0,0.0,0.0,0.0
2002-02-13,133.0,-50.0,0.0,0.0,0.0
2002-02-14,117.0,-56.0,0.0,0.0,0.0
2002-02-15,144.0,-50.0,0.0,0.0,0.0
2002-02-16,156.0,-11.0,25.0,0.0,0.0
2002-02-17,156.0,-22.0,0.0,0.0,0.0
2002-02-18,94.0,-67.0,0.0,0.0,0.0
2002-02-19,183.0,-67.0,0.0,0.0,0.0
2002-02-20,156.0,-33.0,0.0,0.0,0.0
2002-02-21,161.0,0.0,71.0,0.0,0.0
2002-02-22,183.0,-6.0,0.0,0.0,0.0
2002-02-23,83.0,-56.0,0.0,0.0,0.0
2002-02-24,128.0,-61.0,0.0,0.0,0.0
2002-02-25,194.0,-44.0,0.0,0.0,0.0
2002-02-26,194.0,-11.0,30.0,0.0,0.0
2002-02-27,128.0,-89.0,0.0,0.0,0.0
2002-02-28,-44.0,-128.0,0.0,0.0,0.0
2002-03-01,44.0,-94.0,0.0,0.0,0.0
2002-03-02,128.0,-72.0,23.0,0.0,0.0
2002-03-03,111.0,72.0,127.0,0.0,0.0
2002-03-04,72.0,-83.0,0.0,0.0,0.0
2002-03-05,-11.0,-100.0,0.0,0.0,0.0
2002-03-06,122.0,-67.0,0.0,0.0,0.0
2002-03-07,178.0,-22.0,0.0,0.0,0.0
2002-03-08,200.0,-6.0,0.0,0.0,0.0
2002-03-09,222.0,28.0,0.0,0.0,0.0
2002-03-10,211.0,-17.0,99.0,0.0,0.0
2002-03-11,111.0,-50.0,0.0,0.0,0.0
2002-03-12,178.0,-22.0,79.0,0.0,0.0
2002-03-13,144.0,67.0,130.0,0.0,0.0
2002-03-14,139.0,78.0,0.0,0.0,0.0
2002-03-15,244.0,67.0,0.0,0.0,0.0
2002-03-16,244.0,78.0,0.0,0.0,0.0
2002-03-17,244.0,78.0,89.0,0.0,0.0
2002-03-18,228.0,161.0,0.0,0.0,0.0
2002-03-19,194.0,122.0,30.0,0.0,0.0
2002-03-20,222.0,128.0,0.0,0.0,0.0
2002-03-21,206.0,100.0,193.0,0.0,0.0
2002-03-22,178.0,-39.0,0.0,0.0,0.0
2002-03-23,67.0,-72.0,0.0,0.0,0.0
2002-03-24,167.0,-22.0,0.0,0.0,0.0
2002-03-25,217.0,-6.0,0.0,0.0,0.0
2002-03-26,239.0,78.0,0.0,0.0,0.0
2002-03-27,194.0,33.0,97.0,0.0,0.0
2002-03-28,111.0,-17.0,0.0,0.0,0.0
2002-03-29,217.0,-11.0,0.0,0.0,0.0
2002-03-30,244.0,72.0,498.0,0.0,0.0
2002-03-31,183.0,133.0,234.0,0.0,0.0
2002-04-01,211.0,61.0,66.0,0.0,0.0
2002-04-02,200.0,33.0,0.0,0.0,0.0
2002-04-03,256.0,100.0,0.0,0.0,0.0
2002-04-04,189.0,-11.0,0.0,0.0,0.0
2002-04-05,156.0,0.0,0.0,0.0,0.0
2002-04-06,156.0,-22.0,0.0,0.0,0.0
2002-04-07,156.0,-6.0,0.0,0.0,0.0
2002-04-08,189.0,-6.0,0.0,0.0,0.0
2002-04-09,217.0,139.0,38.0,0.0,0.0
2002-04-10,217.0,122.0,178.0,0.0,0.0
2002-04-11,261.0,117.0,175.0,0.0,0.0
2002-04-12,222.0,133.0,0.0,0.0,0.0
2002-04-13,194.0,133.0,36.0,0.0,0.0
2002-04-14,222.0,144.0,10.0,0.0,0.0
2002-04-15,228.0,128.0,13.0,0.0,0.0
2002-04-16,294.0,128.0,0.0,0.0,0.0
2002-04-17,306.0,144.0,152.0,0.0,0.0
2002-04-18,294.0,128.0,0.0,0.0,0.0
2002-04-19,306.0,133.0,3.0,0.0,0.0
2002-04-20,311.0,139.0,0.0,0.0,0.0
2002-04-21,300.0,156.0,0.0,0.0,0.0
2002-04-22,289.0,144.0,30.0,0.0,0.0
2002-04-23,217.0,39.0,0.0,0.0,0.0
2002-04-24,244.0,61.0,0.0,0.0,0.0
2002-04-25,244.0,100.0,157.0,0.0,0.0
2002-04-26,200.0,33.0,5.0,0.0,0.0
2002-04-27,161.0,56.0,8.0,0.0,0.0
2002-04-28,183.0,89.0,0.0,0.0,0.0
2002-04-29,283.0,122.0,0.0,0.0,0.0
2002-04-30,233.0,50.0,0.0,0.0,0.0
2002-05-01,233.0,72.0,292.0,0.0,0.0
2002-05-02,206.0,156.0,36.0,0.0,0.0
2002-05-03,267.0,167.0,267.0,0.0,0.0
2002-05-04,211.0,139.0,467.0,0.0,0.0
2002-05-05,167.0,117.0,61.0,0.0,0.0
2002-05-06,267.0,94.0,0.0,0.0,0.0
2002-05-07,267.0,111.0,0.0,0.0,0.0
2002-05-08,289.0,156.0,0.0,0.0,0.0
2002-05-09,300.0,161.0,0.0,0.0,0.0
2002-05-10,278.0,167.0,46.0,0.0,0.0
2002-05-11,244.0,156.0,8.0,0.0,0.0
2002-05-12,272.0,156.0,0.0,0.0,0.0
2002-05-13,278.0,189.0,0.0,0.0,0.0
2002-05-14,256.0,39.0,203.0,0.0,0.0
2002-05-15,200.0,39.0,0.0,0.0,0.0
2002-05-16,256.0,61.0,0.0,0.0,0.0
2002-05-17,261.0,94.0,0.0,0.0,0.0
2002-05-18,278.0,111.0,234.0,0.0,0.0
2002-05-19,144.0,28.0,0.0,0.0,0.0
2002-05-20,178.0,17.0,0.0,0.0,0.0
2002-05-21,183.0,17.0,0.0,0.0,0.0
2002-05-22,178.0,17.0,0.0,0.0,0.0
2002-05-23,211.0,39.0,0.0,0.0,0.0
2002-05-24,250.0,61.0,0.0,0.0,0.0
2002-05-25,256.0,72.0,0.0,0.0,0.0
2002-05-26,283.0,111.0,0.0,0.0,0.0
2002-05-27,289.0,117.0,0.0,0.0,0.0
2002-05-28,278.0,133.0,91.0,0.0,0.0
2002-05-29,267.0,128.0,0.0,0.0,0.0
2002-05-30,289.0,133.0,0.0,0.0,0.0
2002-05-31,283.0,150.0,0.0,0.0,0.0
2002-06-01,300.0,156.0,0.0,0.0,0.0
2002-06-02,300.0,156.0,0.0,0.0,0.0
2002-06-03,311.0,178.0,0.0,0.0,0.0
2002-06-04,328.0,189.0,0.0,0.0,0.0
2002-06-05,339.0,178.0,399.0,0.0,0.0
2002-06-06,306.0,183.0,36.0,0.0,0.0
2002-06-07,289.0,167.0,0.0,0.0,0.0
2002-06-08,306.0,189.0,3.0,0.0,0.0
2002-06-09,294.0,122.0,0.0,0.0,0.0
2002-06-10,294.0,122.0,0.0,0.0,0.0
2002-06-11,306.0,117.0,0.0,0.0,0.0
2002-06-12,306.0,122.0,0.0,0.0,0.0
2002-06-13,306.0,167.0,0.0,0.0,0.0
2002-06-14,306.0,189.0,33.0,0.0,0.0
2002-06-15,244.0,122.0,28.0,0.0,0.0
2002-06-16,244.0,89.0,0.0,0.0,0.0
2002-06-17,250.0,100.0,0.0,0.0,0.0
2002-06-18,272.0,122.0,0.0,0.0,0.0
2002-06-19,300.0,150.0,0.0,0.0,0.0
2002-06-20,300.0,144.0,0.0,0.0,0.0
2002-06-21,311.0,133.0,58.0,0.0,0.0
2002-06-22,300.0,117.0,0.0,0.0,0.0
2002-06-23,289.0,133.0,5.0,0.0,0.0
2002-06-24,278.0,189.0,0.0,0.0,0.0
2002-06-25,294.0,194.0,117.0,0.0,0.0
2002-06-26,300.0,194.0,0.0,0.0,0.0
2002-06-27,306.0,194.0,15.0,0.0,0.0
2002-06-28,283.0,183.0,117.0,0.0,0.0
2002-06-29,261.0,189.0,20.0,0.0,0.0
2002-06-30,294.0,183.0,25.0,0.0,0.0
2002-07-01,322.0,183.0,0.0,0.0,0.0
2002-07-02,328.0,183.0,3.0,0.0,0.0
2002-07-03,311.0,172.0,23.0,0.0,0.0
2002-07-04,317.0,183.0,46.0,0.0,0.0
2002-07-05,311.0,183.0,23.0,0.0,0.0
2002-07-06,333.0,183.0,0.0,0.0,0.0
2002-07-07,328.0,178.0,0.0,0.0,0.0
2002-07-08,311.0,183.0,0.0,0.0,0.0
2002-07-09,306.0,167.0,0.0,0.0,0.0
2002-07-10,317.0,178.0,0.0,0.0,0.0
2002-07-11,322.0,200.0,84.0,0.0,0.0
2002-07-12,306.0,183.0,58.0,0.0,0.0
2002-07-13,250.0,183.0,8.0,0.0,0.0
2002-07-14,217.0,183.0,193.0,0.0,0.0
2002-07-15,289.0,200.0,127.0,0.0,0.0
2002-07-16,306.0,183.0,0.0,0.0,0.0
2002-07-17,322.0,178.0,0.0,0.0,0.0
2002-07-18,322.0,194.0,0.0,0.0,0.0
2002-07-19,311.0,189.0,0.0,0.0,0.0
2002-07-20,306.0,189.0,0.0,0.0,0.0
2002-07-21,322.0,183.0,0.0,0.0,0.0
2002-07-22,328.0,178.0,0.0,0.0,0.0
2002-07-23,317.0,178.0,0.0,0.0,0.0
2002-07-24,317.0,189.0,0.0,0.0,0.0
2002-07-25,322.0,194.0,0.0,0.0,0.0
2002-07-26,294.0,200.0,363.0,0.0,0.0
2002-07-27,306.0,206.0,5.0,0.0,0.0
2002-07-28,317.0,206.0,0.0,0.0,0.0
2002-07-29,328.0,194.0,0.0,0.0,0.0
2002-07-30,328.0,194.0,0.0,0.0,0.0
2002-07-31,333.0,189.0,104.0,0.0,0.0
2002-08-01,311.0,183.0,0.0,0.0,0.0
2002-08-02,333.0,183.0,0.0,0.0,0.0
2002-08-03,333.0,189.0,13.0,0.0,0.0
2002-08-04,333.0,172.0,0.0,0.0,0.0
2002-08-05,333.0,172.0,130.0,0.0,0.0
2002-08-06,333.0,194.0,0.0,0.0,0.0
2002-08-07,333.0,139.0,0.0,0.0,0.0
2002-08-08,306.0,133.0,0.0,0.0,0.0
2002-08-09,306.0,139.0,0.0,0.0,0.0
2002-08-10,300.0,150.0,0.0,0.0,0.0
2002-08-11,306.0,161.0,0.0,0.0,0.0
2002-08-12,317.0,161.0,0.0,0.0,0.0
2002-08-13,317.0,150.0,0.0,0.0,0.0
2002-08-14,322.0,156.0,0.0,0.0,0.0
2002-08-15,322.0,183.0,0.0,0.0,0.0
2002-08-16,311.0,194.0,145.0,0.0,0.0
2002-08-17,294.0,200.0,74.0,0.0,0.0
2002-08-18,289.0,189.0,48.0,0.0,0.0
2002-08-19,306.0,183.0,33.0,0.0,0.0
2002-08-20,317.0,172.0,0.0,0.0,0.0
2002-08-21,328.0,178.0,0.0,0.0,0.0
2002-08-22,344.0,189.0,0.0,0.0,0.0
2002-08-23,328.0,200.0,0.0,0.0,0.0
2002-08-24,333.0,200.0,0.0,0.0,0.0
2002-08-25,328.0,200.0,0.0,0.0,0.0
2002-08-26,294.0,178.0,147.0,0.0,0.0
2002-08-27,306.0,150.0,132.0,0.0,0.0
2002-08-28,272.0,161.0,8.0,0.0,0.0
2002-08-29,300.0,172.0,259.0,0.0,0.0
2002-08-30,278.0,172.0,0.0,0.0,0.0
2002-08-31,283.0,172.0,5.0,0.0,0.0
2002-09-01,283.0,161.0,0.0,0.0,0.0
2002-09-02,300.0,161.0,0.0,0.0,0.0
2002-09-03,311.0,178.0,69.0,0.0,0.0
2002-09-04,311.0,178.0,15.0,0.0,0.0
2002-09-05,328.0,183.0,0.0,0.0,0.0
2002-09-06,333.0,178.0,0.0,0.0,0.0
2002-09-07,333.0,144.0,0.0,0.0,0.0
2002-09-08,317.0,156.0,0.0,0.0,0.0
2002-09-09,322.0,144.0,0.0,0.0,0.0
2002-09-10,333.0,133.0,0.0,0.0,0.0
2002-09-11,333.0,128.0,0.0,0.0,0.0
2002-09-12,317.0,128.0,0.0,0.0,0.0
2002-09-13,306.0,133.0,0.0,0.0,0.0
2002-09-14,289.0,156.0,114.0,0.0,0.0
2002-09-15,278.0,189.0,130.0,0.0,0.0
2002-09-16,256.0,183.0,0.0,0.0,0.0
2002-09-17,289.0,178.0,0.0,0.0,0.0
2002-09-18,272.0,183.0,56.0,0.0,0.0
2002-09-19,244.0,189.0,152.0,0.0,0.0
2002-09-20,283.0,189.0,0.0,0.0,0.0
2002-09-21,250.0,183.0,752.0,0.0,0.0
2002-09-22,239.0,189.0,693.0,0.0,0.0
2002-09-23,250.0,161.0,41.0,0.0,0.0
2002-09-24,267.0,161.0,0.0,0.0,0.0
2002-09-25,256.0,161.0,36.0,0.0,0.0
2002-09-26,194.0,167.0,396.0,0.0,0.0
2002-09-27,239.0,183.0,94.0,0.0,0.0
2002-09-28,233.0,150.0,36.0,0.0,0.0
2002-09-29,283.0,161.0,0.0,0.0,0.0
2002-09-30,283.0,156.0,0.0,0.0,0.0
2002-10-01,250.0,156.0,0.0,0.0,0.0
2002-10-02,283.0,161.0,0.0,0.0,0.0
2002-10-03,300.0,161.0,0.0,0.0,0.0
2002-10-04,300.0,172.0,0.0,0.0,0.0
2002-10-05,261.0,194.0,23.0,0.0,0.0
2002-10-06,289.0,139.0,0.0,0.0,0.0
2002-10-07,300.0,139.0,41.0,0.0,0.0
2002-10-08,233.0,128.0,8.0,0.0,0.0
2002-10-09,244.0,128.0,0.0,0.0,0.0
2002-10-10,228.0,144.0,0.0,0.0,0.0
2002-10-11,211.0,172.0,97.0,0.0,0.0
2002-10-12,261.0,161.0,0.0,0.0,0.0
2002-10-13,278.0,161.0,53.0,0.0,0.0
2002-10-14,244.0,111.0,0.0,0.0,0.0
2002-10-15,222.0,111.0,0.0,0.0,0.0
2002-10-16,167.0,122.0,269.0,0.0,0.0
2002-10-17,167.0,56.0,0.0,0.0,0.0
2002-10-18,156.0,22.0,0.0,0.0,0.0
2002-10-19,183.0,22.0,3.0,0.0,0.0
2002-10-20,206.0,56.0,5.0,0.0,0.0
2002-10-21,178.0,117.0,18.0,0.0,0.0
2002-10-22,200.0,106.0,5.0,0.0,0.0
2002-10-23,222.0,106.0,0.0,0.0,0.0
2002-10-24,228.0,100.0,5.0,0.0,0.0
2002-10-25,183.0,117.0,0.0,0.0,0.0
2002-10-26,161.0,128.0,25.0,0.0,0.0
2002-10-27,189.0,144.0,3.0,0.0,0.0
2002-10-28,211.0,156.0,46.0,0.0,0.0
2002-10-29,189.0,167.0,351.0,0.0,0.0
2002-10-30,217.0,167.0,168.0,0.0,0.0
2002-10-31,167.0,67.0,5.0,0.0,0.0
2002-11-01,133.0,6.0,0.0,0.0,0.0
2002-11-02,122.0,-11.0,0.0,0.0,0.0
2002-11-03,133.0,44.0,5.0,0.0,0.0
2002-11-04,111.0,89.0,81.0,0.0,0.0
2002-11-05,133.0,117.0,13.0,0.0,0.0
2002-11-06,133.0,78.0,221.0,0.0,0.0
2002-11-07,106.0,-11.0,0.0,0.0,0.0
2002-11-08,156.0,-11.0,0.0,0.0,0.0
2002-11-09,206.0,0.0,0.0,0.0,0.0
2002-11-10,200.0,94.0,5.0,0.0,0.0
2002-11-11,228.0,133.0,277.0,0.0,0.0
2002-11-12,200.0,111.0,142.0,0.0,0.0
2002-11-13,183.0,44.0,10.0,0.0,0.0
2002-11-14,139.0,-17.0,0.0,0.0,0.0
2002-11-15,172.0,-11.0,0.0,0.0,0.0
2002-11-16,139.0,17.0,340.0,0.0,0.0
2002-11-17,117.0,22.0,58.0,0.0,0.0
2002-11-18,50.0,-39.0,0.0,0.0,0.0
2002-11-19,139.0,-33.0,33.0,0.0,0.0
2002-11-20,106.0,33.0,20.0,0.0,0.0
2002-11-21,150.0,33.0,203.0,0.0,0.0
2002-11-22,156.0,33.0,20.0,0.0,0.0
2002-11-23,39.0,-44.0,0.0,0.0,0.0
2002-11-24,122.0,-44.0,0.0,0.0,0.0
2002-11-25,178.0,-22.0,0.0,0.0,0.0
2002-11-26,172.0,-6.0,0.0,0.0,0.0
2002-11-27,183.0,0.0,53.0,0.0,0.0
2002-11-28,28.0,-61.0,0.0,0.0,0.0
2002-11-29,33.0,-72.0,0.0,0.0,0.0
2002-11-30,122.0,-72.0,3.0,0.0,0.0
2002-12-01,133.0,-56.0,0.0,0.0,0.0
2002-12-02,33.0,-72.0,0.0,0.0,0.0
2002-12-03,100.0,-72.0,10.0,0.0,0.0
2002-12-04,150.0,-17.0,0.0,0.0,0.0
2002-12-05,56.0,33.0,376.0,0.0,0.0
2002-12-06,61.0,-11.0,15.0,0.0,0.0
2002-12-07,44.0,-72.0,0.0,0.0,0.0
2002-12-08,111.0,-67.0,0.0,0.0,0.0
2002-12-09,78.0,-50.0,0.0,0.0,0.0
2002-12-10,106.0,-17.0,0.0,0.0,0.0
2002-12-11,111.0,56.0,155.0,0.0,0.0
2002-12-12,67.0,33.0,8.0,0.0,0.0
2002-12-13,83.0,28.0,71.0,0.0,0.0
2002-12-14,111.0,17.0,76.0,0.0,0.0
2002-12-15,22.0,-56.0,0.0,0.0,0.0
2002-12-16,111.0,-56.0,0.0,0.0,0.0
2002-12-17,156.0,-22.0,0.0,0.0,0.0
2002-12-18,144.0,6.0,0.0,0.0,0.0
2002-12-19,139.0,6.0,0.0,0.0,0.0
2002-12-20,150.0,56.0,272.0,0.0,0.0
2002-12-21,89.0,-50.0,0.0,0.0,0.0
2002-12-22,150.0,-39.0,0.0,0.0,0.0
2002-12-23,150.0,-39.0,0.0,0.0,0.0
2002-12-24,139.0,-17.0,366.0,0.0,0.0
2002-12-25,106.0,-28.0,56.0,0.0,0.0
2002-12-26,-17.0,-67.0,0.0,0.0,0.0
2002-12-27,44.0,-67.0,0.0,0.0,0.0
2002-12-28,72.0,-67.0,0.0,0.0,0.0
2002-12-29,111.0,-17.0,0.0,0.0,0.0
2002-12-30,161.0,-44.0,0.0,0.0,0.0
2002-12-31,161.0,-22.0,0.0,0.0,0.0
2003-01-01,161.0,67.0,135.0,0.0,0.0
2003-01-02,150.0,83.0,20.0,0.0,0.0
2003-01-03,139.0,17.0,114.0,0.0,0.0
2003-01-04,17.0,-56.0,5.0,0.0,0.0
2003-01-05,72.0,-56.0,0.0,0.0,0.0
2003-01-06,128.0,-17.0,0.0,0.0,0.0
2003-01-07,33.0,-61.0,10.0,0.0,0.0
2003-01-08,72.0,-61.0,0.0,0.0,0.0
2003-01-09,128.0,-39.0,0.0,0.0,0.0
2003-01-10,178.0,-33.0,53.0,0.0,0.0
2003-01-11,72.0,-61.0,0.0,0.0,0.0
2003-01-12,39.0,-78.0,0.0,0.0,0.0
2003-01-13,39.0,-78.0,0.0,0.0,0.0
2003-01-14,78.0,-67.0,0.0,0.0,0.0
2003-01-15,117.0,-61.0,0.0,0.0,0.0
2003-01-16,50.0,-61.0,0.0,0.0,0.0
2003-01-17,44.0,-61.0,51.0,51.0,51.0
2003-01-18,-17.0,-172.0,10.0,25.0,20.0
2003-01-19,6.0,-156.0,0.0,25.0,0.0
2003-01-20,39.0,-100.0,0.0,0.0,0.0
2003-01-21,133.0,-89.0,53.0,0.0,0.0
2003-01-22,111.0,0.0,48.0,0.0,0.0
2003-01-23,78.0,-100.0,13.0,25.0,13.0
2003-01-24,-72.0,-156.0,0.0,0.0,0.0
2003-01-25,-6.0,-156.0,0.0,0.0,0.0
2003-01-26,67.0,-67.0,0.0,0.0,0.0
2003-01-27,44.0,-94.0,0.0,0.0,0.0
2003-01-28,33.0,-94.0,0.0,0.0,0.0
2003-01-29,67.0,-67.0,61.0,0.0,0.0
2003-01-30,72.0,39.0,399.0,0.0,0.0
2003-01-31,56.0,22.0,15.0,0.0,0.0
2003-02-01,111.0,28.0,13.0,0.0,0.0
2003-02-02,89.0,-28.0,0.0,0.0,0.0
2003-02-03,211.0,-28.0,0.0,0.0,0.0
2003-02-04,167.0,-6.0,142.0,0.0,0.0
2003-02-05,89.0,-56.0,0.0,0.0,0.0
2003-02-06,89.0,-56.0,0.0,0.0,0.0
2003-02-07,50.0,0.0,196.0,0.0,0.0
2003-02-08,17.0,-83.0,0.0,0.0,0.0
2003-02-09,28.0,-72.0,0.0,0.0,0.0
2003-02-10,94.0,-28.0,76.0,0.0,0.0
2003-02-11,44.0,-50.0,8.0,0.0,0.0
2003-02-12,117.0,-50.0,0.0,0.0,0.0
2003-02-13,100.0,-61.0,0.0,0.0,0.0
2003-02-14,122.0,-61.0,0.0,0.0,0.0
2003-02-15,72.0,11.0,381.0,0.0,0.0
2003-02-16,167.0,83.0,18.0,0.0,0.0
2003-02-17,83.0,28.0,79.0,0.0,0.0
2003-02-18,39.0,-17.0,15.0,0.0,0.0
2003-02-19,56.0,-17.0,0.0,0.0,0.0
2003-02-20,156.0,0.0,3.0,0.0,0.0
2003-02-21,133.0,50.0,13.0,0.0,0.0
2003-02-22,133.0,67.0,518.0,0.0,0.0
2003-02-23,222.0,-11.0,406.0,25.0,25.0
2003-02-24,89.0,-6.0,28.0,0.0,0.0
2003-02-25,161.0,-17.0,0.0,0.0,0.0
2003-02-26,67.0,0.0,23.0,0.0,0.0
2003-02-27,72.0,17.0,246.0,0.0,0.0
2003-02-28,106.0,61.0,66.0,0.0,0.0
2003-03-01,172.0,39.0,5.0,0.0,0.0
2003-03-02,183.0,39.0,0.0,0.0,0.0
2003-03-03,122.0,-33.0,0.0,0.0,0.0
2003-03-04,133.0,-28.0,0.0,0.0,0.0
2003-03-05,178.0,-6.0,0.0,0.0,0.0
2003-03-06,189.0,100.0,376.0,0.0,0.0
2003-03-07,189.0,33.0,0.0,0.0,0.0
2003-03-08,194.0,-11.0,0.0,0.0,0.0
2003-03-09,211.0,44.0,0.0,0.0,0.0
2003-03-10,217.0,-11.0,0.0,0.0,0.0
2003-03-11,150.0,-17.0,0.0,0.0,0.0
2003-03-12,178.0,0.0,0.0,0.0,0.0
2003-03-13,239.0,22.0,0.0,0.0,0.0
2003-03-14,233.0,67.0,0.0,0.0,0.0
2003-03-15,161.0,78.0,38.0,0.0,0.0
2003-03-16,194.0,78.0,25.0,0.0,0.0
2003-03-17,194.0,78.0,0.0,0.0,0.0
2003-03-18,156.0,94.0,81.0,0.0,0.0
2003-03-19,183.0,139.0,102.0,0.0,0.0
2003-03-20,167.0,167.0,0.0,0.0,0.0
2003-03-21,178.0,117.0,51.0,0.0,0.0
2003-03-22,172.0,67.0,0.0,0.0,0.0
2003-03-23,167.0,28.0,0.0,0.0,0.0
2003-03-24,194.0,6.0,0.0,0.0,0.0
2003-03-25,228.0,11.0,0.0,0.0,0.0
2003-03-26,244.0,61.0,0.0,0.0,0.0
2003-03-27,200.0,67.0,0.0,0.0,0.0
2003-03-28,217.0,72.0,0.0,0.0,0.0
2003-03-29,217.0,106.0,0.0,0.0,0.0
2003-03-30,144.0,17.0,112.0,0.0,0.0
2003-03-31,72.0,-28.0,0.0,0.0,0.0
2003-04-01,111.0,-22.0,0.0,0.0,0.0
2003-04-02,222.0,22.0,0.0,0.0,0.0
2003-04-03,244.0,39.0,0.0,0.0,0.0
2003-04-04,250.0,89.0,0.0,0.0,0.0
2003-04-05,206.0,122.0,196.0,0.0,0.0
2003-04-06,233.0,33.0,5.0,0.0,0.0
2003-04-07,222.0,33.0,170.0,0.0,0.0
2003-04-08,222.0,133.0,0.0,0.0,0.0
2003-04-09,167.0,89.0,191.0,0.0,0.0
2003-04-10,117.0,50.0,104.0,0.0,0.0
2003-04-11,100.0,33.0,5.0,0.0,0.0
2003-04-12,128.0,6.0,0.0,0.0,0.0
2003-04-13,228.0,11.0,0.0,0.0,0.0
2003-04-14,244.0,11.0,0.0,0.0,0.0
2003-04-15,278.0,72.0,0.0,0.0,0.0
2003-04-16,272.0,78.0,0.0,0.0,0.0
2003-04-17,256.0,83.0,0.0,0.0,0.0
2003-04-18,172.0,128.0,203.0,0.0,0.0
2003-04-19,233.0,89.0,0.0,0.0,0.0
2003-04-20,256.0,128.0,0.0,0.0,0.0
2003-04-21,233.0,144.0,13.0,0.0,0.0
2003-04-22,244.0,106.0,191.0,0.0,0.0
2003-04-23,172.0,17.0,0.0,0.0,0.0
2003-04-24,222.0,33.0,0.0,0.0,0.0
2003-04-25,211.0,44.0,56.0,0.0,0.0
2003-04-26,189.0,122.0,79.0,0.0,0.0
2003-04-27,222.0,72.0,0.0,0.0,0.0
2003-04-28,256.0,83.0,0.0,0.0,0.0
2003-04-29,278.0,100.0,0.0,0.0,0.0
2003-04-30,283.0,117.0,0.0,0.0,0.0
2003-05-01,278.0,128.0,218.0,0.0,0.0
2003-05-02,267.0,128.0,112.0,0.0,0.0
2003-05-03,222.0,122.0,13.0,0.0,0.0
2003-05-04,244.0,83.0,0.0,0.0,0.0
2003-05-05,267.0,94.0,0.0,0.0,0.0
2003-05-06,194.0,144.0,1123.0,0.0,0.0
2003-05-07,233.0,150.0,625.0,0.0,0.0
2003-05-08,228.0,156.0,13.0,0.0,0.0
2003-05-09,283.0,172.0,0.0,0.0,0.0
2003-05-10,294.0,178.0,0.0,0.0,0.0
2003-05-11,294.0,194.0,0.0,0.0,0.0
2003-05-12,233.0,106.0,104.0,0.0,0.0
2003-05-13,217.0,61.0,0.0,0.0,0.0
2003-05-14,233.0,83.0,0.0,0.0,0.0
2003-05-15,228.0,111.0,84.0,0.0,0.0
2003-05-16,244.0,150.0,30.0,0.0,0.0
2003-05-17,278.0,156.0,0.0,0.0,0.0
2003-05-18,267.0,167.0,33.0,0.0,0.0
2003-05-19,239.0,156.0,36.0,0.0,0.0
2003-05-20,244.0,144.0,0.0,0.0,0.0
2003-05-21,228.0,150.0,0.0,0.0,0.0
2003-05-22,178.0,156.0,879.0,0.0,0.0
2003-05-23,239.0,139.0,28.0,0.0,0.0
2003-05-24,256.0,122.0,0.0,0.0,0.0
2003-05-25,244.0,94.0,0.0,0.0,0.0
2003-05-26,244.0,100.0,13.0,0.0,0.0
2003-05-27,244.0,100.0,0.0,0.0,0.0
2003-05-28,228.0,78.0,0.0,0.0,0.0
2003-05-29,239.0,89.0,30.0,0.0,0.0
2003-05-30,228.0,106.0,0.0,0.0,0.0
2003-05-31,244.0,106.0,0.0,0.0,0.0
2003-06-01,272.0,83.0,0.0,0.0,0.0
2003-06-02,233.0,61.0,0.0,0.0,0.0
2003-06-03,256.0,89.0,91.0,0.0,0.0
2003-06-04,233.0,161.0,147.0,0.0,0.0
2003-06-05,233.0,89.0,0.0,0.0,0.0
2003-06-06,250.0,117.0,0.0,0.0,0.0
2003-06-07,272.0,133.0,140.0,0.0,0.0
2003-06-08,256.0,189.0,302.0,0.0,0.0
2003-06-09,278.0,133.0,0.0,0.0,0.0
2003-06-10,267.0,117.0,0.0,0.0,0.0
2003-06-11,289.0,144.0,0.0,0.0,0.0
2003-06-12,306.0,172.0,170.0,0.0,0.0
2003-06-13,278.0,189.0,20.0,0.0,0.0
2003-06-14,272.0,183.0,18.0,0.0,0.0
2003-06-15,306.0,194.0,0.0,0.0,0.0
2003-06-16,283.0,178.0,0.0,0.0,0.0
2003-06-17,289.0,194.0,5.0,0.0,0.0
2003-06-18,283.0,194.0,79.0,0.0,0.0
2003-06-19,228.0,194.0,137.0,0.0,0.0
2003-06-20,272.0,183.0,0.0,0.0,0.0
2003-06-21,267.0,83.0,0.0,0.0,0.0
2003-06-22,261.0,89.0,0.0,0.0,0.0
2003-06-23,272.0,100.0,0.0,0.0,0.0
2003-06-24,294.0,133.0,0.0,0.0,0.0
2003-06-25,300.0,156.0,0.0,0.0,0.0
2003-06-26,311.0,167.0,0.0,0.0,0.0
2003-06-27,300.0,183.0,46.0,0.0,0.0
2003-06-28,261.0,183.0,0.0,0.0,0.0
2003-06-29,272.0,172.0,0.0,0.0,0.0
2003-06-30,306.0,183.0,5.0,0.0,0.0
2003-07-01,233.0,183.0,706.0,0.0,0.0
2003-07-02,200.0,183.0,721.0,0.0,0.0
2003-07-03,256.0,156.0,5.0,0.0,0.0
2003-07-04,294.0,161.0,0.0,0.0,0.0
2003-07-05,311.0,189.0,0.0,0.0,0.0
2003-07-06,300.0,200.0,3.0,0.0,0.0
2003-07-07,294.0,206.0,109.0,0.0,0.0
2003-07-08,278.0,206.0,0.0,0.0,0.0
2003-07-09,317.0,200.0,0.0,0.0,0.0
2003-07-10,317.0,206.0,0.0,0.0,0.0
2003-07-11,272.0,189.0,109.0,0.0,0.0
2003-07-12,289.0,144.0,43.0,0.0,0.0
2003-07-13,294.0,144.0,0.0,0.0,0.0
2003-07-14,300.0,167.0,102.0,0.0,0.0
2003-07-15,289.0,178.0,0.0,0.0,0.0
2003-07-16,306.0,189.0,0.0,0.0,0.0
2003-07-17,289.0,194.0,36.0,0.0,0.0
2003-07-18,306.0,183.0,0.0,0.0,0.0
2003-07-19,306.0,194.0,0.0,0.0,0.0
2003-07-20,306.0,178.0,0.0,0.0,0.0
2003-07-21,317.0,178.0,0.0,0.0,0.0
2003-07-22,317.0,183.0,25.0,0.0,0.0
2003-07-23,244.0,172.0,368.0,0.0,0.0
2003-07-24,267.0,117.0,0.0,0.0,0.0
2003-07-25,278.0,117.0,0.0,0.0,0.0
2003-07-26,294.0,167.0,0.0,0.0,0.0
2003-07-27,306.0,183.0,3.0,0.0,0.0
2003-07-28,306.0,183.0,0.0,0.0,0.0
2003-07-29,311.0,183.0,0.0,0.0,0.0
2003-07-30,289.0,194.0,0.0,0.0,0.0
2003-07-31,306.0,200.0,264.0,0.0,0.0
2003-08-01,272.0,200.0,279.0,0.0,0.0
2003-08-02,300.0,189.0,0.0,0.0,0.0
2003-08-03,306.0,189.0,5.0,0.0,0.0
2003-08-04,283.0,178.0,130.0,0.0,0.0
2003-08-05,294.0,189.0,10.0,0.0,0.0
2003-08-06,300.0,189.0,5.0,0.0,0.0
2003-08-07,283.0,194.0,84.0,0.0,0.0
2003-08-08,283.0,156.0,0.0,0.0,0.0
2003-08-09,294.0,156.0,0.0,0.0,0.0
2003-08-10,294.0,156.0,0.0,0.0,0.0
2003-08-11,283.0,167.0,0.0,0.0,0.0
2003-08-12,294.0,167.0,0.0,0.0,0.0
2003-08-13,289.0,172.0,36.0,0.0,0.0
2003-08-14,283.0,183.0,15.0,0.0,0.0
2003-08-15,322.0,206.0,28.0,0.0,0.0
2003-08-16,317.0,194.0,417.0,0.0,0.0
2003-08-17,311.0,183.0,3.0,0.0,0.0
2003-08-18,311.0,189.0,0.0,0.0,0.0
2003-08-19,317.0,178.0,0.0,0.0,0.0
2003-08-20,311.0,183.0,0.0,0.0,0.0
2003-08-21,306.0,200.0,0.0,0.0,0.0
2003-08-22,306.0,189.0,0.0,0.0,0.0
2003-08-23,306.0,183.0,0.0,0.0,0.0
2003-08-24,317.0,183.0,0.0,0.0,0.0
2003-08-25,317.0,183.0,0.0,0.0,0.0
2003-08-26,317.0,189.0,0.0,0.0,0.0
2003-08-27,328.0,194.0,0.0,0.0,0.0
2003-08-28,322.0,200.0,0.0,0.0,0.0
2003-08-29,294.0,194.0,8.0,0.0,0.0
2003-08-30,317.0,200.0,0.0,0.0,0.0
2003-08-31,294.0,200.0,25.0,0.0,0.0
2003-09-01,300.0,194.0,381.0,0.0,0.0
2003-09-02,300.0,172.0,0.0,0.0,0.0
2003-09-03,306.0,183.0,0.0,0.0,0.0
2003-09-04,306.0,183.0,274.0,0.0,0.0
2003-09-05,283.0,156.0,0.0,0.0,0.0
2003-09-06,289.0,156.0,69.0,0.0,0.0
2003-09-07,267.0,178.0,0.0,0.0,0.0
2003-09-08,239.0,150.0,33.0,0.0,0.0
2003-09-09,250.0,133.0,0.0,0.0,0.0
2003-09-10,272.0,133.0,0.0,0.0,0.0
2003-09-11,267.0,156.0,0.0,0.0,0.0
2003-09-12,267.0,139.0,8.0,0.0,0.0
2003-09-13,272.0,139.0,0.0,0.0,0.0
2003-09-14,283.0,144.0,0.0,0.0,0.0
2003-09-15,244.0,156.0,0.0,0.0,0.0
2003-09-16,267.0,117.0,0.0,0.0,0.0
2003-09-17,278.0,122.0,0.0,0.0,0.0
2003-09-18,278.0,122.0,0.0,0.0,0.0
2003-09-19,261.0,100.0,0.0,0.0,0.0
2003-09-20,278.0,100.0,0.0,0.0,0.0
2003-09-21,300.0,100.0,0.0,0.0,0.0
2003-09-22,272.0,144.0,56.0,0.0,0.0
2003-09-23,217.0,128.0,526.0,0.0,0.0
2003-09-24,250.0,94.0,0.0,0.0,0.0
2003-09-25,272.0,94.0,0.0,0.0,0.0
2003-09-26,272.0,117.0,0.0,0.0,0.0
2003-09-27,278.0,128.0,5.0,0.0,0.0
2003-09-28,261.0,89.0,97.0,0.0,0.0
2003-09-29,194.0,33.0,0.0,0.0,0.0
2003-09-30,200.0,33.0,0.0,0.0,0.0
2003-10-01,211.0,33.0,0.0,0.0,0.0
2003-10-02,189.0,33.0,0.0,0.0,0.0
2003-10-03,183.0,17.0,0.0,0.0,0.0
2003-10-04,178.0,17.0,0.0,0.0,0.0
2003-10-05,222.0,72.0,0.0,0.0,0.0
2003-10-06,194.0,72.0,3.0,0.0,0.0
2003-10-07,194.0,106.0,0.0,0.0,0.0
2003-10-08,244.0,106.0,3.0,0.0,0.0
2003-10-09,244.0,106.0,0.0,0.0,0.0
2003-10-10,228.0,122.0,0.0,0.0,0.0
2003-10-11,228.0,144.0,30.0,0.0,0.0
2003-10-12,211.0,111.0,3.0,0.0,0.0
2003-10-13,250.0,111.0,0.0,0.0,0.0
2003-10-14,256.0,122.0,0.0,0.0,0.0
2003-10-15,228.0,56.0,30.0,0.0,0.0
2003-10-16,183.0,0.0,0.0,0.0,0.0
2003-10-17,228.0,6.0,0.0,0.0,0.0
2003-10-18,167.0,28.0,0.0,0.0,0.0
2003-10-19,206.0,28.0,0.0,0.0,0.0
2003-10-20,239.0,28.0,0.0,0.0,0.0
2003-10-21,261.0,39.0,0.0,0.0,0.0
2003-10-22,256.0,56.0,0.0,0.0,0.0
2003-10-23,222.0,33.0,0.0,0.0,0.0
2003-10-24,211.0,28.0,0.0,0.0,0.0
2003-10-25,239.0,28.0,0.0,0.0,0.0
2003-10-26,250.0,61.0,0.0,0.0,0.0
2003-10-27,172.0,122.0,79.0,0.0,0.0
2003-10-28,122.0,44.0,38.0,0.0,0.0
2003-10-29,139.0,44.0,3.0,0.0,0.0
2003-10-30,189.0,28.0,0.0,0.0,0.0
2003-10-31,267.0,50.0,0.0,0.0,0.0
2003-11-01,267.0,44.0,0.0,0.0,0.0
2003-11-02,278.0,56.0,0.0,0.0,0.0
2003-11-03,289.0,50.0,0.0,0.0,0.0
2003-11-04,289.0,61.0,0.0,0.0,0.0
2003-11-05,244.0,144.0,5.0,0.0,0.0
2003-11-06,244.0,178.0,79.0,0.0,0.0
2003-11-07,272.0,139.0,114.0,0.0,0.0
2003-11-08,194.0,106.0,0.0,0.0,0.0
2003-11-09,172.0,56.0,0.0,0.0,0.0
2003-11-10,194.0,17.0,0.0,0.0,0.0
2003-11-11,194.0,17.0,0.0,0.0,0.0
2003-11-12,228.0,72.0,0.0,0.0,0.0
2003-11-13,233.0,56.0,48.0,0.0,0.0
2003-11-14,94.0,-39.0,0.0,0.0,0.0
2003-11-15,122.0,-39.0,0.0,0.0,0.0
2003-11-16,172.0,72.0,0.0,0.0,0.0
2003-11-17,139.0,94.0,28.0,0.0,0.0
2003-11-18,211.0,128.0,0.0,0.0,0.0
2003-11-19,217.0,122.0,851.0,0.0,0.0
2003-11-20,183.0,6.0,13.0,0.0,0.0
2003-11-21,206.0,-6.0,0.0,0.0,0.0
2003-11-22,217.0,0.0,0.0,0.0,0.0
2003-11-23,217.0,0.0,0.0,0.0,0.0
2003-11-24,222.0,22.0,48.0,0.0,0.0
2003-11-25,139.0,-56.0,0.0,0.0,0.0
2003-11-26,144.0,-56.0,0.0,0.0,0.0
2003-11-27,139.0,-6.0,69.0,0.0,0.0
2003-11-28,161.0,67.0,259.0,0.0,0.0
2003-11-29,100.0,-28.0,64.0,0.0,0.0
2003-11-30,50.0,-61.0,0.0,0.0,0.0
2003-12-01,144.0,-56.0,0.0,0.0,0.0
2003-12-02,139.0,-56.0,0.0,0.0,0.0
2003-12-03,139.0,-50.0,0.0,0.0,0.0
2003-12-04,78.0,11.0,109.0,0.0,0.0
2003-12-05,56.0,44.0,46.0,0.0,0.0
2003-12-06,56.0,11.0,25.0,0.0,0.0
2003-12-07,56.0,-56.0,0.0,0.0,0.0
2003-12-08,106.0,-56.0,0.0,0.0,0.0
2003-12-09,156.0,-50.0,0.0,0.0,0.0
2003-12-10,139.0,0.0,86.0,0.0,0.0
2003-12-11,133.0,0.0,175.0,0.0,0.0
2003-12-12,56.0,-50.0,0.0,0.0,0.0
2003-12-13,61.0,-33.0,0.0,0.0,0.0
2003-12-14,78.0,-6.0,145.0,0.0,0.0
2003-12-15,50.0,-22.0,5.0,0.0,0.0
2003-12-16,128.0,-28.0,0.0,0.0,0.0
2003-12-17,144.0,-28.0,132.0,0.0,0.0
2003-12-18,44.0,-44.0,0.0,0.0,0.0
2003-12-19,44.0,-39.0,36.0,,
2003-12-20,33.0,-56.0,51.0,,
2003-12-21,28.0,-83.0,0.0,,0.0
2003-12-22,111.0,-89.0,0.0,0.0,0.0
2003-12-23,128.0,-33.0,0.0,0.0,0.0
2003-12-24,156.0,-11.0,135.0,0.0,0.0
2003-12-25,39.0,-72.0,0.0,0.0,0.0
2003-12-26,56.0,-72.0,0.0,0.0,0.0
2003-12-27,111.0,-72.0,0.0,0.0,0.0
2003-12-28,167.0,-56.0,0.0,0.0,0.0
2003-12-29,178.0,-28.0,0.0,0.0,0.0
2003-12-30,144.0,-6.0,91.0,0.0,0.0
2003-12-31,117.0,-50.0,0.0,0.0,0.0
2004-01-01,139.0,-50.0,0.0,0.0,0.0
2004-01-02,144.0,-33.0,0.0,0.0,0.0
2004-01-03,189.0,33.0,3.0,0.0,0.0
2004-01-04,189.0,133.0,3.0,0.0,0.0
2004-01-05,211.0,139.0,84.0,0.0,0.0
2004-01-06,167.0,-28.0,203.0,0.0,0.0
2004-01-07,22.0,-111.0,0.0,0.0,0.0
2004-01-08,11.0,-106.0,0.0,0.0,0.0
2004-01-09,33.0,-33.0,58.0,0.0,0.0
2004-01-10,17.0,-22.0,0.0,0.0,0.0
2004-01-11,11.0,-89.0,0.0,0.0,0.0
2004-01-12,78.0,-94.0,0.0,0.0,0.0
2004-01-13,133.0,-61.0,0.0,0.0,0.0
2004-01-14,144.0,-44.0,0.0,0.0,0.0
2004-01-15,150.0,-44.0,0.0,0.0,0.0
2004-01-16,89.0,-50.0,0.0,0.0,0.0
2004-01-17,139.0,-44.0,0.0,0.0,0.0
2004-01-18,111.0,-6.0,104.0,0.0,0.0
2004-01-19,100.0,-17.0,127.0,0.0,0.0
2004-01-20,22.0,-94.0,0.0,0.0,0.0
2004-01-21,50.0,-94.0,0.0,0.0,0.0
2004-01-22,67.0,-72.0,0.0,0.0,0.0
2004-01-23,100.0,-72.0,0.0,0.0,0.0
2004-01-24,67.0,-72.0,0.0,0.0,0.0
2004-01-25,144.0,33.0,145.0,0.0,0.0
2004-01-26,61.0,33.0,193.0,0.0,0.0
2004-01-27,139.0,28.0,0.0,0.0,0.0
2004-01-28,44.0,-67.0,0.0,0.0,0.0
2004-01-29,33.0,-94.0,0.0,0.0,0.0
2004-01-30,89.0,-94.0,0.0,0.0,0.0
2004-01-31,67.0,-83.0,0.0,0.0,0.0
2004-02-01,89.0,-67.0,0.0,0.0,0.0
2004-02-02,128.0,-67.0,0.0,0.0,0.0
2004-02-03,72.0,39.0,239.0,0.0,0.0
2004-02-04,78.0,-39.0,0.0,0.0,0.0
2004-02-05,117.0,-28.0,0.0,0.0,0.0
2004-02-06,117.0,50.0,251.0,0.0,0.0
2004-02-07,144.0,-11.0,0.0,0.0,0.0
2004-02-08,6.0,-67.0,0.0,0.0,0.0
2004-02-09,89.0,-67.0,0.0,0.0,0.0
2004-02-10,78.0,11.0,3.0,0.0,0.0
2004-02-11,61.0,0.0,41.0,0.0,0.0
2004-02-12,94.0,0.0,140.0,0.0,0.0
2004-02-13,56.0,-17.0,15.0,0.0,0.0
2004-02-14,117.0,-11.0,0.0,0.0,0.0
2004-02-15,100.0,39.0,33.0,0.0,0.0
2004-02-16,106.0,17.0,38.0,0.0,0.0
2004-02-17,61.0,11.0,0.0,0.0,0.0
2004-02-18,50.0,-33.0,0.0,0.0,0.0
2004-02-19,122.0,-50.0,0.0,0.0,0.0
2004-02-20,178.0,-44.0,0.0,0.0,0.0
2004-02-21,128.0,17.0,10.0,0.0,0.0
2004-02-22,133.0,-39.0,0.0,0.0,0.0
2004-02-23,167.0,-39.0,0.0,0.0,0.0
2004-02-24,117.0,22.0,3.0,0.0,0.0
2004-02-25,128.0,61.0,13.0,0.0,0.0
2004-02-26,117.0,0.0,5.0,0.0,8.0
2004-02-27,39.0,6.0,43.0,0.0,0.0
2004-02-28,72.0,-33.0,0.0,0.0,0.0
2004-02-29,183.0,-28.0,0.0,0.0,0.0
2004-03-01,178.0,6.0,0.0,0.0,0.0
2004-03-02,211.0,78.0,30.0,0.0,0.0
2004-03-03,144.0,106.0,165.0,0.0,0.0
2004-03-04,211.0,111.0,0.0,0.0,0.0
2004-03-05,222.0,128.0,0.0,0.0,0.0
2004-03-06,211.0,117.0,257.0,0.0,0.0
2004-03-07,194.0,39.0,0.0,0.0,0.0
2004-03-08,178.0,33.0,0.0,0.0,0.0
2004-03-09,111.0,-17.0,0.0,0.0,0.0
2004-03-10,89.0,-22.0,20.0,0.0,0.0
2004-03-11,122.0,-44.0,0.0,0.0,0.0
2004-03-12,172.0,-22.0,0.0,0.0,0.0
2004-03-13,139.0,-22.0,5.0,0.0,0.0
2004-03-14,200.0,6.0,0.0,0.0,0.0
2004-03-15,206.0,106.0,46.0,0.0,0.0
2004-03-16,139.0,111.0,231.0,0.0,0.0
2004-03-17,183.0,39.0,0.0,0.0,0.0
2004-03-18,144.0,61.0,0.0,0.0,0.0
2004-03-19,128.0,39.0,5.0,0.0,0.0
2004-03-20,228.0,28.0,5.0,0.0,0.0
2004-03-21,244.0,67.0,51.0,0.0,0.0
2004-03-22,106.0,-44.0,0.0,0.0,0.0
2004-03-23,83.0,-61.0,0.0,0.0,0.0
2004-03-24,161.0,0.0,0.0,0.0,0.0
2004-03-25,206.0,33.0,0.0,0.0,0.0
2004-03-26,228.0,72.0,0.0,0.0,0.0
2004-03-27,244.0,56.0,0.0,0.0,0.0
2004-03-28,256.0,72.0,0.0,0.0,0.0
2004-03-29,278.0,106.0,0.0,0.0,0.0
2004-03-30,239.0,100.0,165.0,0.0,0.0
2004-03-31,183.0,56.0,28.0,0.0,0.0
2004-04-01,106.0,39.0,5.0,0.0,0.0
2004-04-02,122.0,33.0,0.0,0.0,0.0
2004-04-03,100.0,33.0,5.0,0.0,0.0
2004-04-04,189.0,56.0,0.0,0.0,0.0
2004-04-05,133.0,-11.0,0.0,0.0,0.0
2004-04-06,161.0,-17.0,0.0,0.0,0.0
2004-04-07,233.0,-6.0,0.0,0.0,0.0
2004-04-08,256.0,33.0,0.0,0.0,0.0
2004-04-09,233.0,28.0,3.0,0.0,0.0
2004-04-10,239.0,11.0,0.0,0.0,0.0
2004-04-11,183.0,44.0,0.0,0.0,0.0
2004-04-12,172.0,100.0,25.0,0.0,0.0
2004-04-13,178.0,128.0,351.0,0.0,0.0
2004-04-14,144.0,11.0,64.0,0.0,0.0
2004-04-15,133.0,-6.0,0.0,0.0,0.0
2004-04-16,228.0,11.0,0.0,0.0,0.0
2004-04-17,261.0,50.0,0.0,0.0,0.0
2004-04-18,261.0,61.0,0.0,0.0,0.0
2004-04-19,294.0,83.0,0.0,0.0,0.0
2004-04-20,278.0,100.0,0.0,0.0,0.0
2004-04-21,267.0,83.0,0.0,0.0,0.0
2004-04-22,250.0,94.0,10.0,0.0,0.0
2004-04-23,272.0,139.0,0.0,0.0,0.0
2004-04-24,278.0,122.0,0.0,0.0,0.0
2004-04-25,306.0,139.0,0.0,0.0,0.0
2004-04-26,256.0,156.0,234.0,0.0,0.0
2004-04-27,172.0,50.0,56.0,0.0,0.0
2004-04-28,189.0,6.0,0.0,0.0,0.0
2004-04-29,250.0,33.0,0.0,0.0,0.0
2004-04-30,239.0,89.0,0.0,0.0,0.0
2004-05-01,206.0,156.0,13.0,0.0,0.0
2004-05-02,228.0,156.0,64.0,0.0,0.0
2004-05-03,183.0,44.0,152.0,0.0,0.0
2004-05-04,133.0,0.0,0.0,0.0,0.0
2004-05-05,200.0,6.0,0.0,0.0,0.0
2004-05-06,267.0,78.0,0.0,0.0,0.0
2004-05-07,289.0,89.0,0.0,0.0,0.0
2004-05-08,289.0,94.0,0.0,0.0,0.0
2004-05-09,306.0,122.0,0.0,0.0,0.0
2004-05-10,294.0,144.0,0.0,0.0,0.0
2004-05-11,294.0,133.0,0.0,0.0,0.0
2004-05-12,272.0,144.0,0.0,0.0,0.0
2004-05-13,278.0,167.0,5.0,0.0,0.0
2004-05-14,267.0,156.0,0.0,0.0,0.0
2004-05-15,250.0,144.0,5.0,0.0,0.0
2004-05-16,272.0,139.0,0.0,0.0,0.0
2004-05-17,256.0,139.0,0.0,0.0,0.0
2004-05-18,256.0,144.0,53.0,0.0,0.0
2004-05-19,261.0,161.0,91.0,0.0,0.0
2004-05-20,272.0,156.0,0.0,0.0,0.0
2004-05-21,294.0,156.0,3.0,0.0,0.0
2004-05-22,306.0,161.0,0.0,0.0,0.0
2004-05-23,294.0,167.0,15.0,0.0,0.0
2004-05-24,289.0,156.0,38.0,0.0,0.0
2004-05-25,283.0,172.0,0.0,0.0,0.0
2004-05-26,311.0,183.0,3.0,0.0,0.0
2004-05-27,283.0,178.0,0.0,0.0,0.0
2004-05-28,289.0,178.0,0.0,0.0,0.0
2004-05-29,256.0,167.0,38.0,0.0,0.0
2004-05-30,267.0,167.0,566.0,0.0,0.0
2004-05-31,300.0,178.0,310.0,0.0,0.0
2004-06-01,244.0,150.0,28.0,0.0,0.0
2004-06-02,261.0,106.0,0.0,0.0,0.0
2004-06-03,283.0,122.0,0.0,0.0,0.0
2004-06-04,272.0,144.0,0.0,0.0,0.0
2004-06-05,261.0,111.0,0.0,0.0,0.0
2004-06-06,267.0,133.0,0.0,0.0,0.0
2004-06-07,272.0,144.0,0.0,0.0,0.0
2004-06-08,256.0,172.0,13.0,0.0,0.0
2004-06-09,278.0,172.0,3.0,0.0,0.0
2004-06-10,278.0,178.0,48.0,0.0,0.0
2004-06-11,294.0,172.0,0.0,0.0,0.0
2004-06-12,317.0,178.0,0.0,0.0,0.0
2004-06-13,328.0,206.0,3.0,0.0,0.0
2004-06-14,267.0,211.0,79.0,0.0,0.0
2004-06-15,306.0,206.0,130.0,0.0,0.0
2004-06-16,289.0,200.0,61.0,0.0,0.0
2004-06-17,311.0,200.0,18.0,0.0,0.0
2004-06-18,311.0,200.0,0.0,0.0,0.0
2004-06-19,294.0,183.0,0.0,0.0,0.0
2004-06-20,306.0,172.0,0.0,0.0,0.0
2004-06-21,289.0,183.0,0.0,0.0,0.0
2004-06-22,283.0,206.0,58.0,0.0,0.0
2004-06-23,272.0,189.0,290.0,0.0,0.0
2004-06-24,256.0,189.0,150.0,0.0,0.0
2004-06-25,278.0,194.0,15.0,0.0,0.0
2004-06-26,256.0,189.0,259.0,0.0,0.0
2004-06-27,278.0,183.0,0.0,0.0,0.0
2004-06-28,256.0,183.0,38.0,0.0,0.0
2004-06-29,228.0,150.0,112.0,0.0,0.0
2004-06-30,289.0,156.0,0.0,0.0,0.0
2004-07-01,250.0,189.0,56.0,0.0,0.0
2004-07-02,267.0,194.0,142.0,0.0,0.0
2004-07-03,267.0,194.0,28.0,0.0,0.0
2004-07-04,278.0,183.0,3.0,0.0,0.0
2004-07-05,294.0,194.0,119.0,0.0,0.0
2004-07-06,317.0,156.0,41.0,0.0,0.0
2004-07-07,317.0,161.0,30.0,0.0,0.0
2004-07-08,294.0,178.0,0.0,0.0,0.0
2004-07-09,300.0,167.0,0.0,0.0,0.0
2004-07-10,317.0,189.0,0.0,0.0,0.0
2004-07-11,317.0,200.0,0.0,0.0,0.0
2004-07-12,317.0,206.0,0.0,0.0,0.0
2004-07-13,311.0,178.0,33.0,0.0,0.0
2004-07-14,317.0,178.0,0.0,0.0,0.0
2004-07-15,317.0,161.0,76.0,0.0,0.0
2004-07-16,278.0,133.0,0.0,0.0,0.0
2004-07-17,278.0,133.0,0.0,0.0,0.0
2004-07-18,272.0,167.0,168.0,0.0,0.0
2004-07-19,294.0,144.0,0.0,0.0,0.0
2004-07-20,278.0,144.0,0.0,0.0,0.0
2004-07-21,300.0,150.0,0.0,0.0,0.0
2004-07-22,311.0,161.0,0.0,0.0,0.0
2004-07-23,294.0,183.0,30.0,0.0,0.0
2004-07-24,322.0,189.0,0.0,0.0,0.0
2004-07-25,328.0,200.0,0.0,0.0,0.0
2004-07-26,311.0,194.0,10.0,0.0,0.0
2004-07-27,306.0,200.0,417.0,0.0,0.0
2004-07-28,267.0,183.0,46.0,0.0,0.0
2004-07-29,300.0,183.0,0.0,0.0,0.0
2004-07-30,283.0,189.0,330.0,0.0,0.0
2004-07-31,289.0,194.0,0.0,0.0,0.0
2004-08-01,289.0,211.0,145.0,0.0,0.0
2004-08-02,306.0,217.0,8.0,0.0,0.0
2004-08-03,306.0,178.0,0.0,0.0,0.0
2004-08-04,322.0,167.0,0.0,0.0,0.0
2004-08-05,322.0,178.0,0.0,0.0,0.0
2004-08-06,283.0,139.0,86.0,0.0,0.0
2004-08-07,267.0,111.0,0.0,0.0,0.0
2004-08-08,256.0,117.0,0.0,0.0,0.0
2004-08-09,278.0,117.0,0.0,0.0,0.0
2004-08-10,272.0,144.0,0.0,0.0,0.0
2004-08-11,294.0,167.0,0.0,0.0,0.0
2004-08-12,289.0,172.0,437.0,0.0,0.0
2004-08-13,233.0,128.0,84.0,0.0,0.0
2004-08-14,233.0,122.0,0.0,0.0,0.0
2004-08-15,267.0,122.0,0.0,0.0,0.0
2004-08-16,278.0,144.0,0.0,0.0,0.0
2004-08-17,283.0,172.0,41.0,0.0,0.0
2004-08-18,289.0,167.0,5.0,0.0,0.0
2004-08-19,289.0,167.0,0.0,0.0,0.0
2004-08-20,317.0,172.0,0.0,0.0,0.0
2004-08-21,294.0,189.0,191.0,0.0,0.0
2004-08-22,267.0,194.0,157.0,0.0,0.0
2004-08-23,289.0,194.0,0.0,0.0,0.0
2004-08-24,283.0,178.0,0.0,0.0,0.0
2004-08-25,283.0,183.0,0.0,0.0,0.0
2004-08-26,278.0,189.0,0.0,0.0,0.0
2004-08-27,278.0,183.0,0.0,0.0,0.0
2004-08-28,306.0,189.0,0.0,0.0,0.0
2004-08-29,311.0,194.0,10.0,0.0,0.0
2004-08-30,294.0,189.0,0.0,0.0,0.0
2004-08-31,300.0,178.0,0.0,0.0,0.0
2004-09-01,306.0,178.0,0.0,0.0,0.0
2004-09-02,250.0,189.0,8.0,0.0,0.0
2004-09-03,244.0,167.0,0.0,0.0,0.0
2004-09-04,267.0,167.0,0.0,0.0,0.0
2004-09-05,272.0,161.0,0.0,0.0,0.0
2004-09-06,294.0,161.0,0.0,0.0,0.0
2004-09-07,278.0,189.0,66.0,0.0,0.0
2004-09-08,217.0,200.0,498.0,0.0,0.0
2004-09-09,233.0,167.0,41.0,0.0,0.0
2004-09-10,278.0,167.0,0.0,0.0,0.0
2004-09-11,300.0,167.0,0.0,0.0,0.0
2004-09-12,289.0,156.0,0.0,0.0,0.0
2004-09-13,283.0,139.0,0.0,0.0,0.0
2004-09-14,250.0,122.0,0.0,0.0,0.0
2004-09-15,272.0,133.0,0.0,0.0,0.0
2004-09-16,283.0,139.0,0.0,0.0,0.0
2004-09-17,239.0,194.0,876.0,0.0,0.0
2004-09-18,211.0,106.0,99.0,0.0,0.0
2004-09-19,267.0,67.0,0.0,0.0,0.0
2004-09-20,261.0,61.0,0.0,0.0,0.0
2004-09-21,261.0,67.0,0.0,0.0,0.0
2004-09-22,272.0,72.0,0.0,0.0,0.0
2004-09-23,289.0,72.0,0.0,0.0,0.0
2004-09-24,306.0,106.0,0.0,0.0,0.0
2004-09-25,289.0,106.0,8.0,0.0,0.0
2004-09-26,278.0,139.0,0.0,0.0,0.0
2004-09-27,278.0,139.0,0.0,0.0,0.0
2004-09-28,244.0,167.0,193.0,0.0,0.0
2004-09-29,250.0,122.0,5.0,0.0,0.0
2004-09-30,244.0,122.0,0.0,0.0,0.0
2004-10-01,256.0,111.0,0.0,0.0,0.0
2004-10-02,267.0,139.0,0.0,0.0,0.0
2004-10-03,261.0,144.0,58.0,0.0,0.0
2004-10-04,239.0,67.0,0.0,0.0,0.0
2004-10-05,256.0,67.0,0.0,0.0,0.0
2004-10-06,250.0,61.0,0.0,0.0,0.0
2004-10-07,256.0,67.0,0.0,0.0,0.0
2004-10-08,250.0,83.0,0.0,0.0,0.0
2004-10-09,233.0,156.0,0.0,0.0,0.0
2004-10-10,211.0,150.0,0.0,0.0,0.0
2004-10-11,244.0,144.0,0.0,0.0,0.0
2004-10-12,250.0,144.0,13.0,0.0,0.0
2004-10-13,217.0,150.0,137.0,0.0,0.0
2004-10-14,189.0,117.0,15.0,0.0,0.0
2004-10-15,150.0,67.0,13.0,0.0,0.0
2004-10-16,139.0,28.0,0.0,0.0,0.0
2004-10-17,178.0,11.0,0.0,0.0,0.0
2004-10-18,189.0,11.0,13.0,0.0,0.0
2004-10-19,222.0,111.0,15.0,0.0,0.0
2004-10-20,183.0,139.0,203.0,0.0,0.0
2004-10-21,239.0,144.0,0.0,0.0,0.0
2004-10-22,256.0,128.0,0.0,0.0,0.0
2004-10-23,244.0,139.0,0.0,0.0,0.0
2004-10-24,183.0,139.0,56.0,0.0,0.0
2004-10-25,228.0,106.0,3.0,0.0,0.0
2004-10-26,244.0,72.0,0.0,0.0,0.0
2004-10-27,261.0,72.0,0.0,0.0,0.0
2004-10-28,261.0,156.0,5.0,0.0,0.0
2004-10-29,244.0,167.0,132.0,0.0,0.0
2004-10-30,256.0,144.0,18.0,0.0,0.0
2004-10-31,244.0,144.0,112.0,0.0,0.0
2004-11-01,261.0,133.0,5.0,0.0,0.0
2004-11-02,272.0,144.0,0.0,0.0,0.0
2004-11-03,250.0,172.0,292.0,0.0,0.0
2004-11-04,194.0,178.0,478.0,0.0,0.0
2004-11-05,206.0,28.0,18.0,0.0,0.0
2004-11-06,167.0,-11.0,0.0,0.0,0.0
2004-11-07,206.0,11.0,0.0,0.0,0.0
2004-11-08,233.0,39.0,0.0,0.0,0.0
2004-11-09,189.0,-11.0,0.0,0.0,0.0
2004-11-10,189.0,-6.0,0.0,0.0,0.0
2004-11-11,161.0,11.0,0.0,0.0,0.0
2004-11-12,144.0,56.0,274.0,0.0,0.0
2004-11-13,161.0,83.0,343.0,0.0,0.0
2004-11-14,150.0,6.0,0.0,0.0,0.0
2004-11-15,167.0,-28.0,0.0,0.0,0.0
2004-11-16,178.0,-17.0,0.0,0.0,0.0
2004-11-17,172.0,-6.0,0.0,0.0,0.0
2004-11-18,183.0,39.0,0.0,0.0,0.0
2004-11-19,200.0,50.0,0.0,0.0,0.0
2004-11-20,194.0,122.0,33.0,0.0,0.0
2004-11-21,178.0,89.0,0.0,0.0,0.0
2004-11-22,144.0,89.0,13.0,0.0,0.0
2004-11-23,178.0,111.0,152.0,0.0,0.0
2004-11-24,172.0,128.0,635.0,0.0,0.0
2004-11-25,172.0,17.0,208.0,0.0,0.0
2004-11-26,72.0,-33.0,0.0,0.0,0.0
2004-11-27,128.0,-33.0,5.0,0.0,0.0
2004-11-28,94.0,22.0,69.0,0.0,0.0
2004-11-29,122.0,22.0,0.0,0.0,0.0
2004-11-30,178.0,28.0,0.0,0.0,0.0
2004-12-01,150.0,33.0,173.0,0.0,0.0
2004-12-02,94.0,-33.0,0.0,0.0,0.0
2004-12-03,156.0,-33.0,0.0,0.0,0.0
2004-12-04,117.0,-33.0,0.0,0.0,0.0
2004-12-05,133.0,-28.0,0.0,0.0,0.0
2004-12-06,144.0,-17.0,231.0,0.0,0.0
2004-12-07,183.0,78.0,452.0,0.0,0.0
2004-12-08,217.0,22.0,89.0,0.0,0.0
2004-12-09,183.0,22.0,119.0,0.0,0.0
2004-12-10,161.0,78.0,236.0,0.0,0.0
2004-12-11,172.0,33.0,58.0,0.0,0.0
2004-12-12,44.0,17.0,36.0,0.0,0.0
2004-12-13,78.0,17.0,0.0,0.0,0.0
2004-12-14,67.0,-39.0,0.0,,
2004-12-15,6.0,-94.0,,,
2004-12-16,72.0,-94.0,0.0,0.0,0.0
2004-12-17,117.0,-78.0,0.0,0.0,0.0
2004-12-18,117.0,-56.0,0.0,0.0,0.0
2004-12-19,106.0,-50.0,0.0,0.0,0.0
2004-12-20,22.0,-122.0,,,13.0
2004-12-21,11.0,-106.0,0.0,,0.0
2004-12-22,78.0,-39.0,0.0,,0.0
2004-12-23,150.0,-6.0,58.0,,0.0
2004-12-24,56.0,-56.0,46.0,0.0,0.0
2004-12-25,11.0,-78.0,0.0,0.0,0.0
2004-12-26,56.0,-44.0,0.0,0.0,0.0
2004-12-27,78.0,-61.0,0.0,0.0,0.0
2004-12-28,83.0,-61.0,0.0,0.0,0.0
2004-12-29,128.0,-61.0,0.0,0.0,0.0
2004-12-30,139.0,-33.0,0.0,0.0,0.0
2004-12-31,156.0,17.0,0.0,0.0,0.0
2005-01-01,161.0,17.0,0.0,0.0,0.0
2005-01-02,200.0,22.0,0.0,0.0,0.0
2005-01-03,150.0,39.0,3.0,0.0,0.0
2005-01-04,178.0,44.0,0.0,0.0,0.0
2005-01-05,183.0,67.0,0.0,0.0,0.0
2005-01-06,200.0,89.0,3.0,0.0,0.0
2005-01-07,178.0,44.0,58.0,0.0,0.0
2005-01-08,161.0,61.0,86.0,0.0,0.0
2005-01-09,189.0,11.0,0.0,0.0,0.0
2005-01-10,189.0,11.0,0.0,0.0,0.0
2005-01-11,167.0,44.0,0.0,0.0,0.0
2005-01-12,150.0,67.0,0.0,0.0,0.0
2005-01-13,189.0,122.0,3.0,0.0,0.0
2005-01-14,200.0,44.0,356.0,0.0,0.0
2005-01-15,100.0,-28.0,0.0,0.0,0.0
2005-01-16,94.0,-22.0,0.0,0.0,0.0
2005-01-17,106.0,-94.0,0.0,0.0,0.0
2005-01-18,0.0,-111.0,0.0,0.0,0.0
2005-01-19,39.0,-111.0,0.0,0.0,0.0
2005-01-20,44.0,-78.0,0.0,0.0,0.0
2005-01-21,117.0,-78.0,0.0,0.0,0.0
2005-01-22,167.0,-11.0,0.0,0.0,0.0
2005-01-23,67.0,-94.0,0.0,0.0,0.0
2005-01-24,-17.0,-133.0,0.0,0.0,0.0
2005-01-25,72.0,-128.0,0.0,0.0,0.0
2005-01-26,156.0,-50.0,28.0,0.0,0.0
2005-01-27,172.0,-22.0,0.0,0.0,0.0
2005-01-28,100.0,-22.0,0.0,0.0,0.0
2005-01-29,56.0,-17.0,5.0,0.0,0.0
2005-01-30,39.0,11.0,140.0,0.0,0.0
2005-01-31,72.0,-11.0,0.0,0.0,0.0
2005-02-01,78.0,22.0,0.0,0.0,0.0
2005-02-02,111.0,28.0,5.0,0.0,0.0
2005-02-03,39.0,17.0,185.0,0.0,0.0
2005-02-04,89.0,-39.0,0.0,0.0,0.0
2005-02-05,150.0,-39.0,0.0,0.0,0.0
2005-02-06,172.0,-28.0,0.0,0.0,0.0
2005-02-07,178.0,-11.0,0.0,0.0,0.0
2005-02-08,183.0,33.0,8.0,0.0,0.0
2005-02-09,122.0,78.0,0.0,0.0,0.0
2005-02-10,133.0,11.0,0.0,0.0,0.0
2005-02-11,33.0,-72.0,5.0,0.0,0.0
2005-02-12,72.0,-67.0,51.0,0.0,0.0
2005-02-13,150.0,-33.0,13.0,0.0,0.0
2005-02-14,78.0,17.0,178.0,0.0,0.0
2005-02-15,94.0,61.0,89.0,0.0,0.0
2005-02-16,183.0,72.0,0.0,0.0,0.0
2005-02-17,167.0,0.0,46.0,0.0,0.0
2005-02-18,83.0,-44.0,0.0,0.0,0.0
2005-02-19,100.0,-50.0,0.0,0.0,0.0
2005-02-20,111.0,-28.0,69.0,0.0,0.0
2005-02-21,78.0,39.0,391.0,0.0,0.0
2005-02-22,117.0,78.0,295.0,0.0,0.0
2005-02-23,206.0,11.0,0.0,0.0,0.0
2005-02-24,211.0,28.0,86.0,0.0,0.0
2005-02-25,156.0,-17.0,0.0,0.0,0.0
2005-02-26,128.0,-44.0,0.0,0.0,0.0
2005-02-27,167.0,-17.0,0.0,0.0,0.0
2005-02-28,94.0,17.0,137.0,0.0,0.0
2005-03-01,61.0,-22.0,36.0,0.0,0.0
2005-03-02,0.0,-50.0,18.0,0.0,0.0
2005-03-03,67.0,-61.0,0.0,0.0,0.0
2005-03-04,117.0,-56.0,0.0,0.0,0.0
2005-03-05,161.0,-39.0,8.0,0.0,0.0
2005-03-06,144.0,-28.0,18.0,0.0,0.0
2005-03-07,161.0,-22.0,0.0,0.0,0.0
2005-03-08,167.0,-6.0,356.0,0.0,0.0
2005-03-09,50.0,-39.0,5.0,0.0,0.0
2005-03-10,61.0,-28.0,3.0,0.0,0.0
2005-03-11,111.0,-17.0,0.0,0.0,0.0
2005-03-12,106.0,0.0,28.0,0.0,0.0
2005-03-13,211.0,28.0,0.0,0.0,0.0
2005-03-14,233.0,50.0,38.0,0.0,0.0
2005-03-15,139.0,-22.0,0.0,0.0,0.0
2005-03-16,117.0,0.0,91.0,0.0,0.0
2005-03-17,67.0,33.0,140.0,0.0,0.0
2005-03-18,56.0,17.0,36.0,0.0,0.0
2005-03-19,144.0,-17.0,0.0,0.0,0.0
2005-03-20,139.0,28.0,0.0,0.0,0.0
2005-03-21,178.0,22.0,0.0,0.0,0.0
2005-03-22,189.0,44.0,0.0,0.0,0.0
2005-03-23,161.0,106.0,363.0,0.0,0.0
2005-03-24,189.0,72.0,0.0,0.0,0.0
2005-03-25,189.0,56.0,0.0,0.0,0.0
2005-03-26,250.0,72.0,0.0,0.0,0.0
2005-03-27,267.0,111.0,38.0,0.0,0.0
2005-03-28,189.0,78.0,229.0,0.0,0.0
2005-03-29,89.0,22.0,18.0,0.0,0.0
2005-03-30,228.0,39.0,0.0,0.0,0.0
2005-03-31,267.0,67.0,117.0,0.0,0.0
2005-04-01,200.0,106.0,64.0,0.0,0.0
2005-04-02,206.0,39.0,206.0,0.0,0.0
2005-04-03,78.0,22.0,122.0,0.0,0.0
2005-04-04,178.0,6.0,0.0,0.0,0.0
2005-04-05,244.0,11.0,0.0,0.0,0.0
2005-04-06,261.0,61.0,0.0,0.0,0.0
2005-04-07,244.0,72.0,53.0,0.0,0.0
2005-04-08,200.0,111.0,198.0,0.0,0.0
2005-04-09,211.0,106.0,13.0,0.0,0.0
2005-04-10,261.0,89.0,0.0,0.0,0.0
2005-04-11,278.0,106.0,0.0,0.0,0.0
2005-04-12,267.0,122.0,0.0,0.0,0.0
2005-04-13,222.0,100.0,64.0,0.0,0.0
2005-04-14,189.0,72.0,89.0,0.0,0.0
2005-04-15,200.0,22.0,0.0,0.0,0.0
2005-04-16,233.0,44.0,0.0,0.0,0.0
2005-04-17,233.0,17.0,0.0,0.0,0.0
2005-04-18,239.0,44.0,0.0,0.0,0.0
2005-04-19,267.0,61.0,0.0,0.0,0.0
2005-04-20,272.0,72.0,0.0,0.0,0.0
2005-04-21,272.0,72.0,0.0,0.0,0.0
2005-04-22,233.0,94.0,0.0,0.0,0.0
2005-04-23,222.0,83.0,284.0,0.0,0.0
2005-04-24,100.0,11.0,13.0,0.0,0.0
2005-04-25,117.0,-17.0,0.0,0.0,0.0
2005-04-26,189.0,0.0,0.0,0.0,0.0
2005-04-27,133.0,33.0,102.0,0.0,0.0
2005-04-28,150.0,6.0,5.0,0.0,0.0
2005-04-29,167.0,17.0,13.0,0.0,0.0
2005-04-30,228.0,111.0,173.0,0.0,0.0
2005-05-01,194.0,39.0,30.0,0.0,0.0
2005-05-02,189.0,11.0,0.0,0.0,0.0
2005-05-03,183.0,22.0,0.0,0.0,0.0
2005-05-04,183.0,6.0,0.0,0.0,0.0
2005-05-05,206.0,28.0,0.0,0.0,0.0
2005-05-06,156.0,89.0,38.0,0.0,0.0
2005-05-07,217.0,44.0,0.0,0.0,0.0
2005-05-08,244.0,67.0,0.0,0.0,0.0
2005-05-09,283.0,89.0,0.0,0.0,0.0
2005-05-10,294.0,122.0,0.0,0.0,0.0
2005-05-11,228.0,100.0,0.0,0.0,0.0
2005-05-12,294.0,106.0,0.0,0.0,0.0
2005-05-13,311.0,133.0,0.0,0.0,0.0
2005-05-14,300.0,156.0,0.0,0.0,0.0
2005-05-15,278.0,156.0,28.0,0.0,0.0
2005-05-16,217.0,56.0,33.0,0.0,0.0
2005-05-17,222.0,67.0,0.0,0.0,0.0
2005-05-18,272.0,83.0,0.0,0.0,0.0
2005-05-19,278.0,122.0,0.0,0.0,0.0
2005-05-20,283.0,139.0,127.0,0.0,0.0
2005-05-21,228.0,117.0,150.0,0.0,0.0
2005-05-22,250.0,139.0,0.0,0.0,0.0
2005-05-23,244.0,161.0,0.0,0.0,0.0
2005-05-24,256.0,100.0,0.0,0.0,0.0
2005-05-25,222.0,50.0,0.0,0.0,0.0
2005-05-26,222.0,61.0,0.0,0.0,0.0
2005-05-27,256.0,83.0,0.0,0.0,0.0
2005-05-28,267.0,83.0,15.0,0.0,0.0
2005-05-29,250.0,78.0,0.0,0.0,0.0
2005-05-30,189.0,144.0,36.0,0.0,0.0
2005-05-31,217.0,133.0,8.0,0.0,0.0
2005-06-01,261.0,133.0,71.0,0.0,0.0
2005-06-02,206.0,156.0,269.0,0.0,0.0
2005-06-03,239.0,161.0,30.0,0.0,0.0
2005-06-04,256.0,150.0,51.0,0.0,0.0
2005-06-05,294.0,161.0,0.0,0.0,0.0
2005-06-06,311.0,172.0,0.0,0.0,0.0
2005-06-07,322.0,167.0,391.0,0.0,0.0
2005-06-08,306.0,172.0,46.0,0.0,0.0
2005-06-09,278.0,189.0,135.0,0.0,0.0
2005-06-10,294.0,183.0,0.0,0.0,0.0
2005-06-11,294.0,200.0,74.0,0.0,0.0
2005-06-12,250.0,211.0,18.0,0.0,0.0
2005-06-13,289.0,200.0,218.0,0.0,0.0
2005-06-14,294.0,178.0,0.0,0.0,0.0
2005-06-15,322.0,178.0,0.0,0.0,0.0
2005-06-16,294.0,139.0,0.0,0.0,0.0
2005-06-17,278.0,156.0,0.0,0.0,0.0
2005-06-18,278.0,100.0,0.0,0.0,0.0
2005-06-19,278.0,128.0,0.0,0.0,0.0
2005-06-20,272.0,156.0,0.0,0.0,0.0
2005-06-21,250.0,122.0,442.0,0.0,0.0
2005-06-22,267.0,122.0,0.0,0.0,0.0
2005-06-23,283.0,161.0,0.0,0.0,0.0
2005-06-24,306.0,167.0,0.0,0.0,0.0
2005-06-25,306.0,161.0,0.0,0.0,0.0
2005-06-26,306.0,194.0,18.0,0.0,0.0
2005-06-27,261.0,200.0,13.0,0.0,0.0
2005-06-28,317.0,206.0,81.0,0.0,0.0
2005-06-29,283.0,200.0,127.0,0.0,0.0
2005-06-30,311.0,189.0,216.0,0.0,0.0
2005-07-01,322.0,189.0,0.0,0.0,0.0
2005-07-02,322.0,189.0,10.0,0.0,0.0
2005-07-03,306.0,200.0,94.0,0.0,0.0
2005-07-04,283.0,189.0,41.0,0.0,0.0
2005-07-05,289.0,211.0,58.0,0.0,0.0
2005-07-06,300.0,206.0,13.0,0.0,0.0
2005-07-07,278.0,178.0,348.0,0.0,0.0
2005-07-08,233.0,150.0,66.0,0.0,0.0
2005-07-09,294.0,150.0,0.0,0.0,0.0
2005-07-10,311.0,183.0,145.0,0.0,0.0
2005-07-11,283.0,194.0,107.0,0.0,0.0
2005-07-12,283.0,194.0,117.0,0.0,0.0
2005-07-13,283.0,200.0,66.0,0.0,0.0
2005-07-14,283.0,200.0,201.0,0.0,0.0
2005-07-15,272.0,206.0,69.0,0.0,0.0
2005-07-16,294.0,211.0,61.0,0.0,0.0
2005-07-17,300.0,211.0,3.0,0.0,0.0
2005-07-18,311.0,200.0,216.0,0.0,0.0
2005-07-19,317.0,200.0,51.0,0.0,0.0
2005-07-20,322.0,206.0,0.0,0.0,0.0
2005-07-21,322.0,211.0,0.0,0.0,0.0
2005-07-22,322.0,211.0,0.0,0.0,0.0
2005-07-23,322.0,189.0,0.0,0.0,0.0
2005-07-24,322.0,183.0,0.0,0.0,0.0
2005-07-25,322.0,206.0,0.0,0.0,0.0
2005-07-26,339.0,206.0,0.0,0.0,0.0
2005-07-27,350.0,211.0,0.0,0.0,0.0
2005-07-28,333.0,200.0,5.0,0.0,0.0
2005-07-29,328.0,200.0,284.0,0.0,0.0
2005-07-30,283.0,200.0,234.0,0.0,0.0
2005-07-31,272.0,200.0,0.0,0.0,0.0
2005-08-01,289.0,194.0,0.0,0.0,0.0
2005-08-02,300.0,172.0,15.0,0.0,0.0
2005-08-03,306.0,172.0,0.0,0.0,0.0
2005-08-04,317.0,167.0,142.0,0.0,0.0
2005-08-05,317.0,178.0,0.0,0.0,0.0
2005-08-06,322.0,178.0,0.0,0.0,0.0
2005-08-07,283.0,189.0,114.0,0.0,0.0
2005-08-08,228.0,194.0,114.0,0.0,0.0
2005-08-09,272.0,189.0,8.0,0.0,0.0
2005-08-10,300.0,194.0,0.0,0.0,0.0
2005-08-11,300.0,194.0,5.0,0.0,0.0
2005-08-12,328.0,194.0,0.0,0.0,0.0
2005-08-13,328.0,200.0,0.0,0.0,0.0
2005-08-14,322.0,194.0,221.0,0.0,0.0
2005-08-15,317.0,183.0,3.0,0.0,0.0
2005-08-16,328.0,189.0,0.0,0.0,0.0
2005-08-17,328.0,206.0,0.0,0.0,0.0
2005-08-18,317.0,211.0,48.0,0.0,0.0
2005-08-19,317.0,200.0,25.0,0.0,0.0
2005-08-20,328.0,206.0,0.0,0.0,0.0
2005-08-21,333.0,217.0,0.0,0.0,0.0
2005-08-22,333.0,206.0,0.0,0.0,0.0
2005-08-23,317.0,206.0,0.0,0.0,0.0
2005-08-24,306.0,206.0,0.0,0.0,0.0
2005-08-25,311.0,206.0,3.0,0.0,0.0
2005-08-26,283.0,178.0,0.0,0.0,0.0
2005-08-27,294.0,183.0,0.0,0.0,0.0
2005-08-28,283.0,183.0,0.0,0.0,0.0
2005-08-29,311.0,200.0,15.0,0.0,0.0
2005-08-30,283.0,206.0,323.0,0.0,0.0
2005-08-31,283.0,206.0,8.0,0.0,0.0
2005-09-01,289.0,144.0,0.0,0.0,0.0
2005-09-02,289.0,139.0,0.0,0.0,0.0
2005-09-03,294.0,139.0,5.0,0.0,0.0
2005-09-04,294.0,122.0,0.0,0.0,0.0
2005-09-05,300.0,156.0,0.0,0.0,0.0
2005-09-06,278.0,122.0,0.0,0.0,0.0
2005-09-07,278.0,122.0,0.0,0.0,0.0
2005-09-08,283.0,133.0,0.0,0.0,0.0
2005-09-09,294.0,133.0,0.0,0.0,0.0
2005-09-10,294.0,128.0,0.0,0.0,0.0
2005-09-11,300.0,139.0,0.0,0.0,0.0
2005-09-12,294.0,144.0,0.0,0.0,0.0
2005-09-13,294.0,133.0,0.0,0.0,0.0
2005-09-14,306.0,128.0,0.0,0.0,0.0
2005-09-15,306.0,133.0,0.0,0.0,0.0
2005-09-16,317.0,156.0,0.0,0.0,0.0
2005-09-17,250.0,183.0,168.0,0.0,0.0
2005-09-18,283.0,128.0,0.0,0.0,0.0
2005-09-19,283.0,117.0,0.0,0.0,0.0
2005-09-20,306.0,122.0,0.0,0.0,0.0
2005-09-21,306.0,144.0,0.0,0.0,0.0
2005-09-22,317.0,150.0,0.0,0.0,0.0
2005-09-23,300.0,156.0,0.0,0.0,0.0
2005-09-24,306.0,144.0,0.0,0.0,0.0
2005-09-25,306.0,144.0,0.0,0.0,0.0
2005-09-26,278.0,194.0,51.0,0.0,0.0
2005-09-27,206.0,167.0,175.0,0.0,0.0
2005-09-28,278.0,150.0,0.0,0.0,0.0
2005-09-29,256.0,150.0,0.0,0.0,0.0
2005-09-30,222.0,83.0,0.0,0.0,0.0
2005-10-01,256.0,100.0,0.0,0.0,0.0
2005-10-02,278.0,144.0,0.0,0.0,0.0
2005-10-03,283.0,139.0,0.0,0.0,0.0
2005-10-04,289.0,128.0,0.0,0.0,0.0
2005-10-05,283.0,128.0,0.0,0.0,0.0
2005-10-06,283.0,133.0,18.0,0.0,0.0
2005-10-07,211.0,178.0,178.0,0.0,0.0
2005-10-08,250.0,139.0,183.0,0.0,0.0
2005-10-09,206.0,139.0,0.0,0.0,0.0
2005-10-10,233.0,139.0,0.0,0.0,0.0
2005-10-11,267.0,178.0,20.0,0.0,0.0
2005-10-12,272.0,183.0,0.0,0.0,0.0
2005-10-13,261.0,161.0,0.0,0.0,0.0
2005-10-14,250.0,139.0,0.0,0.0,0.0
2005-10-15,239.0,78.0,0.0,0.0,0.0
2005-10-16,250.0,44.0,0.0,0.0,0.0
2005-10-17,228.0,28.0,0.0,0.0,0.0
2005-10-18,222.0,28.0,0.0,0.0,0.0
2005-10-19,256.0,44.0,0.0,0.0,0.0
2005-10-20,267.0,100.0,0.0,0.0,0.0
2005-10-21,267.0,117.0,0.0,0.0,0.0
2005-10-22,256.0,117.0,0.0,0.0,0.0
2005-10-23,161.0,22.0,0.0,0.0,0.0
2005-10-24,206.0,17.0,0.0,0.0,0.0
2005-10-25,100.0,22.0,5.0,0.0,0.0
2005-10-26,94.0,-17.0,5.0,0.0,0.0
2005-10-27,150.0,-17.0,0.0,0.0,0.0
2005-10-28,156.0,-17.0,0.0,0.0,0.0
2005-10-29,156.0,-28.0,0.0,0.0,0.0
2005-10-30,172.0,-22.0,0.0,0.0,0.0
2005-10-31,217.0,-6.0,0.0,0.0,0.0
2005-11-01,228.0,-6.0,0.0,0.0,0.0
2005-11-02,194.0,50.0,0.0,0.0,0.0
2005-11-03,206.0,0.0,0.0,0.0,0.0
2005-11-04,228.0,6.0,0.0,0.0,0.0
2005-11-05,222.0,28.0,3.0,0.0,0.0
2005-11-06,228.0,128.0,18.0,0.0,0.0
2005-11-07,239.0,106.0,0.0,0.0,0.0
2005-11-08,250.0,44.0,0.0,0.0,0.0
2005-11-09,261.0,56.0,0.0,0.0,0.0
2005-11-10,256.0,78.0,51.0,0.0,0.0
2005-11-11,178.0,-33.0,0.0,0.0,0.0
2005-11-12,189.0,-22.0,0.0,0.0,0.0
2005-11-13,200.0,17.0,0.0,0.0,0.0
2005-11-14,206.0,61.0,13.0,0.0,0.0
2005-11-15,200.0,144.0,0.0,0.0,0.0
2005-11-16,233.0,117.0,216.0,0.0,0.0
2005-11-17,117.0,-28.0,0.0,0.0,0.0
2005-11-18,78.0,-72.0,0.0,0.0,0.0
2005-11-19,106.0,-67.0,0.0,0.0,0.0
2005-11-20,150.0,-44.0,0.0,0.0,0.0
2005-11-21,133.0,56.0,5.0,0.0,0.0
2005-11-22,106.0,22.0,511.0,0.0,0.0
2005-11-23,61.0,-28.0,13.0,0.0,0.0
2005-11-24,139.0,-22.0,0.0,0.0,0.0
2005-11-25,150.0,-39.0,0.0,0.0,0.0
2005-11-26,100.0,-44.0,0.0,0.0,0.0
2005-11-27,167.0,-28.0,0.0,0.0,0.0
2005-11-28,156.0,111.0,25.0,0.0,0.0
2005-11-29,189.0,83.0,224.0,0.0,0.0
2005-11-30,161.0,-28.0,0.0,0.0,0.0
2005-12-01,106.0,-33.0,0.0,0.0,0.0
2005-12-02,94.0,-22.0,0.0,0.0,0.0
2005-12-03,106.0,-33.0,0.0,0.0,0.0
2005-12-04,128.0,6.0,163.0,0.0,0.0
2005-12-05,139.0,39.0,231.0,0.0,0.0
2005-12-06,44.0,-33.0,18.0,0.0,0.0
2005-12-07,67.0,-78.0,0.0,0.0,0.0
2005-12-08,94.0,-72.0,0.0,0.0,0.0
2005-12-09,94.0,-11.0,203.0,0.0,0.0
2005-12-10,56.0,-67.0,0.0,0.0,0.0
2005-12-11,117.0,-61.0,0.0,0.0,0.0
2005-12-12,50.0,6.0,0.0,0.0,0.0
2005-12-13,94.0,-17.0,0.0,0.0,0.0
2005-12-14,78.0,-28.0,0.0,0.0,0.0
2005-12-15,56.0,17.0,201.0,0.0,0.0
2005-12-16,56.0,-28.0,173.0,0.0,0.0
2005-12-17,56.0,-22.0,10.0,0.0,0.0
2005-12-18,72.0,-22.0,0.0,0.0,0.0
2005-12-19,133.0,-39.0,0.0,0.0,0.0
2005-12-20,78.0,-78.0,0.0,0.0,0.0
2005-12-21,56.0,-94.0,0.0,0.0,0.0
2005-12-22,56.0,-106.0,0.0,0.0,0.0
2005-12-23,117.0,-106.0,0.0,0.0,0.0
2005-12-24,128.0,-89.0,0.0,0.0,0.0
2005-12-25,89.0,-89.0,0.0,0.0,0.0
2005-12-26,150.0,6.0,358.0,0.0,0.0
2005-12-27,61.0,-22.0,0.0,0.0,0.0
2005-12-28,144.0,-17.0,3.0,0.0,0.0
2005-12-29,150.0,39.0,170.0,0.0,0.0
2005-12-30,44.0,-6.0,0.0,0.0,0.0
2005-12-31,117.0,6.0,5.0,0.0,0.0
2006-01-01,94.0,-33.0,0.0,0.0,0.0
2006-01-02,183.0,-33.0,157.0,0.0,0.0
2006-01-03,161.0,78.0,107.0,0.0,0.0
2006-01-04,100.0,0.0,3.0,0.0,0.0
2006-01-05,178.0,0.0,0.0,0.0,0.0
2006-01-06,83.0,0.0,0.0,0.0,0.0
2006-01-07,44.0,-56.0,0.0,0.0,0.0
2006-01-08,83.0,-44.0,0.0,0.0,0.0
2006-01-09,172.0,-44.0,0.0,0.0,0.0
2006-01-10,172.0,72.0,0.0,0.0,0.0
2006-01-11,194.0,78.0,74.0,0.0,0.0
2006-01-12,178.0,-6.0,8.0,0.0,0.0
2006-01-13,189.0,-11.0,0.0,0.0,0.0
2006-01-14,156.0,-6.0,269.0,0.0,0.0
2006-01-15,0.0,-44.0,0.0,0.0,0.0
2006-01-16,111.0,-39.0,5.0,0.0,0.0
2006-01-17,128.0,11.0,56.0,0.0,0.0
2006-01-18,133.0,-17.0,445.0,0.0,0.0
2006-01-19,78.0,-28.0,0.0,0.0,0.0
2006-01-20,178.0,-22.0,0.0,0.0,0.0
2006-01-21,161.0,-17.0,175.0,0.0,0.0
2006-01-22,144.0,89.0,36.0,0.0,0.0
2006-01-23,133.0,100.0,48.0,0.0,0.0
2006-01-24,133.0,56.0,38.0,0.0,0.0
2006-01-25,128.0,17.0,0.0,0.0,0.0
2006-01-26,83.0,-50.0,0.0,0.0,0.0
2006-01-27,122.0,-44.0,0.0,0.0,0.0
2006-01-28,144.0,-33.0,0.0,0.0,0.0
2006-01-29,172.0,-22.0,109.0,0.0,0.0
2006-01-30,178.0,-6.0,0.0,0.0,0.0
2006-01-31,167.0,-6.0,86.0,0.0,0.0
2006-02-01,94.0,-44.0,0.0,0.0,0.0
2006-02-02,128.0,-44.0,0.0,0.0,0.0
2006-02-03,128.0,6.0,20.0,0.0,0.0
2006-02-04,178.0,44.0,239.0,0.0,0.0
2006-02-05,44.0,-33.0,0.0,0.0,0.0
2006-02-06,44.0,-39.0,0.0,0.0,0.0
2006-02-07,39.0,-33.0,23.0,0.0,0.0
2006-02-08,89.0,-72.0,0.0,0.0,0.0
2006-02-09,78.0,-72.0,43.0,,13.0
2006-02-10,39.0,-67.0,0.0,,0.0
2006-02-11,94.0,-67.0,15.0,,15.0
2006-02-12,28.0,-28.0,76.0,,76.0
2006-02-13,11.0,-50.0,91.0,,25.0
2006-02-14,28.0,-78.0,0.0,,0.0
2006-02-15,139.0,-78.0,0.0,,0.0
2006-02-16,161.0,-28.0,0.0,,0.0
2006-02-17,200.0,33.0,10.0,,0.0
2006-02-18,144.0,11.0,5.0,0.0,0.0
2006-02-19,17.0,-61.0,69.0,0.0,0.0
2006-02-20,44.0,-50.0,15.0,0.0,0.0
2006-02-21,67.0,11.0,3.0,0.0,0.0
2006-02-22,128.0,11.0,46.0,0.0,0.0
2006-02-23,117.0,67.0,130.0,0.0,0.0
2006-02-24,133.0,-33.0,0.0,0.0,0.0
2006-02-25,178.0,-22.0,0.0,0.0,0.0
2006-02-27,78.0,-78.0,0.0,0.0,0.0
2006-02-28,133.0,-67.0,0.0,0.0,0.0
2006-03-01,189.0,0.0,0.0,0.0,0.0
2006-03-02,228.0,67.0,0.0,0.0,0.0
2006-03-03,217.0,17.0,0.0,0.0,0.0
2006-03-04,117.0,-56.0,0.0,0.0,0.0
2006-03-05,139.0,-44.0,0.0,0.0,0.0
2006-03-06,189.0,-44.0,13.0,0.0,0.0
2006-03-07,161.0,-22.0,0.0,0.0,0.0
2006-03-08,139.0,-17.0,0.0,0.0,0.0
2006-03-09,206.0,6.0,0.0,0.0,0.0
2006-03-10,194.0,72.0,135.0,0.0,0.0
2006-03-11,239.0,72.0,0.0,0.0,0.0
2006-03-12,250.0,111.0,0.0,0.0,0.0
2006-03-13,267.0,117.0,0.0,0.0,0.0
2006-03-14,200.0,72.0,23.0,0.0,0.0
2006-03-15,133.0,-22.0,0.0,0.0,0.0
2006-03-16,156.0,0.0,0.0,0.0,0.0
2006-03-17,189.0,28.0,0.0,0.0,0.0
2006-03-18,167.0,0.0,0.0,0.0,0.0
2006-03-19,161.0,11.0,0.0,0.0,0.0
2006-03-20,150.0,28.0,0.0,0.0,0.0
2006-03-21,83.0,44.0,320.0,0.0,0.0
2006-03-22,161.0,-6.0,8.0,0.0,0.0
2006-03-23,117.0,-33.0,0.0,0.0,0.0
2006-03-24,100.0,-17.0,66.0,0.0,0.0
2006-03-25,72.0,-11.0,0.0,0.0,0.0
2006-03-26,67.0,-28.0,0.0,0.0,0.0
2006-03-27,106.0,-56.0,0.0,0.0,0.0
2006-03-28,161.0,-28.0,0.0,0.0,0.0
2006-03-29,178.0,17.0,5.0,0.0,0.0
2006-03-30,222.0,22.0,0.0,0.0,0.0
2006-03-31,233.0,61.0,0.0,0.0,0.0
2006-04-01,239.0,133.0,419.0,0.0,0.0
2006-04-02,261.0,56.0,0.0,0.0,0.0
2006-04-03,233.0,56.0,193.0,0.0,0.0
2006-04-04,233.0,17.0,0.0,0.0,0.0
2006-04-05,178.0,-6.0,0.0,0.0,0.0
2006-04-06,206.0,0.0,0.0,0.0,0.0
2006-04-07,244.0,11.0,3.0,0.0,0.0
2006-04-08,278.0,100.0,165.0,0.0,0.0
2006-04-09,206.0,6.0,0.0,0.0,0.0
2006-04-10,189.0,6.0,0.0,0.0,0.0
2006-04-11,228.0,6.0,0.0,0.0,0.0
2006-04-12,250.0,44.0,0.0,0.0,0.0
2006-04-13,250.0,67.0,0.0,0.0,0.0
2006-04-14,278.0,78.0,0.0,0.0,0.0
2006-04-15,306.0,100.0,0.0,0.0,0.0
2006-04-16,294.0,100.0,0.0,0.0,0.0
2006-04-17,294.0,117.0,0.0,0.0,0.0
2006-04-18,289.0,106.0,0.0,0.0,0.0
2006-04-19,267.0,117.0,0.0,0.0,0.0
2006-04-20,239.0,139.0,94.0,0.0,0.0
2006-04-21,239.0,139.0,89.0,0.0,0.0
2006-04-22,239.0,144.0,264.0,0.0,0.0
2006-04-23,233.0,78.0,46.0,0.0,0.0
2006-04-24,261.0,89.0,0.0,0.0,0.0
2006-04-25,283.0,106.0,0.0,0.0,0.0
2006-04-26,278.0,133.0,18.0,0.0,0.0
2006-04-27,189.0,94.0,114.0,0.0,0.0
2006-04-28,211.0,28.0,0.0,0.0,0.0
2006-04-29,244.0,33.0,0.0,0.0,0.0
2006-04-30,183.0,122.0,0.0,0.0,0.0
2006-05-01,172.0,83.0,20.0,0.0,0.0
2006-05-02,239.0,72.0,0.0,0.0,0.0
2006-05-03,228.0,83.0,25.0,0.0,0.0
2006-05-04,267.0,100.0,0.0,0.0,0.0
2006-05-05,256.0,117.0,8.0,0.0,0.0
2006-05-06,228.0,94.0,0.0,0.0,0.0
2006-05-07,244.0,111.0,112.0,0.0,0.0
2006-05-08,189.0,133.0,66.0,0.0,0.0
2006-05-09,222.0,128.0,0.0,0.0,0.0
2006-05-10,233.0,139.0,0.0,0.0,0.0
2006-05-11,250.0,139.0,0.0,0.0,0.0
2006-05-12,183.0,78.0,102.0,0.0,0.0
2006-05-13,189.0,44.0,13.0,0.0,0.0
2006-05-14,228.0,78.0,20.0,0.0,0.0
2006-05-15,183.0,50.0,0.0,0.0,0.0
2006-05-16,150.0,50.0,0.0,0.0,0.0
2006-05-17,167.0,67.0,0.0,0.0,0.0
2006-05-18,194.0,72.0,0.0,0.0,0.0
2006-05-19,233.0,44.0,33.0,0.0,0.0
2006-05-20,233.0,72.0,43.0,0.0,0.0
2006-05-21,267.0,144.0,284.0,0.0,0.0
2006-05-22,233.0,167.0,193.0,0.0,0.0
2006-05-23,239.0,111.0,3.0,0.0,0.0
2006-05-24,267.0,61.0,0.0,0.0,0.0
2006-05-25,283.0,83.0,0.0,0.0,0.0
2006-05-26,256.0,133.0,23.0,0.0,0.0
2006-05-27,294.0,172.0,30.0,0.0,0.0
2006-05-28,306.0,150.0,76.0,0.0,0.0
2006-05-29,311.0,161.0,0.0,0.0,0.0
2006-05-30,311.0,194.0,0.0,0.0,0.0
2006-05-31,317.0,178.0,0.0,0.0,0.0
2006-07-01,294.0,150.0,0.0,,0.0
2006-07-02,322.0,161.0,0.0,0.0,0.0
2006-07-03,328.0,178.0,0.0,0.0,0.0
2006-07-04,333.0,183.0,0.0,0.0,0.0
2006-07-05,322.0,183.0,86.0,0.0,0.0
2006-07-06,322.0,189.0,89.0,0.0,0.0
2006-07-07,278.0,172.0,0.0,0.0,0.0
2006-07-08,278.0,161.0,0.0,0.0,0.0
2006-07-09,278.0,156.0,0.0,0.0,0.0
2006-07-10,278.0,172.0,20.0,0.0,0.0
2006-07-11,294.0,189.0,0.0,0.0,0.0
2006-07-12,294.0,189.0,0.0,0.0,0.0
2006-07-13,322.0,194.0,0.0,0.0,0.0
2006-07-14,317.0,206.0,185.0,0.0,0.0
2006-07-15,306.0,211.0,109.0,0.0,0.0
2006-07-16,328.0,194.0,3.0,0.0,0.0
2006-07-17,328.0,189.0,0.0,0.0,0.0
2006-07-18,322.0,161.0,0.0,0.0,0.0
2006-07-19,328.0,178.0,0.0,0.0,0.0
2006-07-20,339.0,189.0,0.0,0.0,0.0
2006-07-21,339.0,194.0,89.0,0.0,0.0
2006-07-22,322.0,194.0,132.0,0.0,0.0
2006-07-23,294.0,194.0,0.0,0.0,0.0
2006-07-24,289.0,161.0,0.0,0.0,0.0
2006-07-25,294.0,172.0,0.0,0.0,0.0
2006-07-26,311.0,178.0,0.0,0.0,0.0
2006-07-27,317.0,189.0,0.0,0.0,0.0
2006-07-28,328.0,194.0,0.0,0.0,0.0
2006-07-29,328.0,194.0,23.0,0.0,0.0
2006-07-30,272.0,183.0,0.0,0.0,0.0
2006-07-31,317.0,178.0,0.0,0.0,0.0
2006-08-01,333.0,189.0,0.0,0.0,0.0
2006-08-02,350.0,206.0,0.0,0.0,0.0
2006-08-03,344.0,206.0,191.0,0.0,0.0
2006-08-04,339.0,200.0,0.0,0.0,0.0
2006-08-05,339.0,200.0,0.0,0.0,0.0
2006-08-06,328.0,211.0,0.0,0.0,0.0
2006-08-07,328.0,206.0,0.0,0.0,0.0
2006-08-08,328.0,200.0,0.0,0.0,0.0
2006-08-09,344.0,183.0,0.0,0.0,0.0
2006-08-10,339.0,200.0,0.0,0.0,0.0
2006-08-11,350.0,194.0,43.0,0.0,0.0
2006-08-12,239.0,178.0,28.0,0.0,0.0
2006-08-13,,144.0,0.0,0.0,0.0
2006-08-14,283.0,183.0,0.0,0.0,0.0
2006-08-15,306.0,194.0,0.0,0.0,0.0
2006-08-16,322.0,206.0,53.0,0.0,0.0
2006-08-17,311.0,194.0,0.0,0.0,0.0
2006-08-18,317.0,194.0,0.0,0.0,0.0
2006-08-19,311.0,194.0,0.0,0.0,0.0
2006-08-20,311.0,200.0,0.0,0.0,0.0
2006-08-21,311.0,206.0,8.0,0.0,0.0
2006-08-22,311.0,206.0,0.0,0.0,0.0
2006-08-23,317.0,206.0,0.0,0.0,0.0
2006-08-24,306.0,194.0,0.0,0.0,0.0
2006-08-25,317.0,183.0,0.0,0.0,0.0
2006-08-26,317.0,172.0,0.0,0.0,0.0
2006-08-27,317.0,172.0,0.0,0.0,0.0
2006-08-28,328.0,178.0,0.0,0.0,0.0
2006-08-29,294.0,183.0,229.0,0.0,0.0
2006-08-30,317.0,206.0,437.0,0.0,0.0
2006-08-31,300.0,206.0,76.0,0.0,0.0
2006-09-01,272.0,200.0,20.0,0.0,0.0
2006-09-02,289.0,200.0,0.0,0.0,0.0
2006-09-03,256.0,172.0,8.0,0.0,0.0
2006-09-04,267.0,194.0,0.0,0.0,0.0
2006-09-05,272.0,194.0,20.0,0.0,0.0
2006-09-06,250.0,139.0,0.0,0.0,0.0
2006-09-07,272.0,133.0,0.0,0.0,0.0
2006-09-08,272.0,133.0,0.0,0.0,0.0
2006-09-09,278.0,144.0,0.0,0.0,0.0
2006-09-10,272.0,156.0,0.0,0.0,0.0
2006-09-11,289.0,150.0,18.0,0.0,0.0
2006-09-12,267.0,156.0,0.0,0.0,0.0
2006-09-13,228.0,156.0,198.0,0.0,0.0
2006-09-14,211.0,150.0,30.0,0.0,0.0
2006-09-15,239.0,111.0,0.0,0.0,0.0
2006-09-16,261.0,111.0,0.0,0.0,0.0
2006-09-17,267.0,111.0,0.0,0.0,0.0
2006-09-18,272.0,139.0,0.0,0.0,0.0
2006-09-19,294.0,144.0,170.0,0.0,0.0
2006-09-20,233.0,89.0,23.0,0.0,0.0
2006-09-21,206.0,61.0,0.0,0.0,0.0
2006-09-22,228.0,61.0,20.0,0.0,0.0
2006-09-23,206.0,167.0,122.0,0.0,0.0
2006-09-24,283.0,178.0,269.0,0.0,0.0
2006-09-25,239.0,122.0,297.0,0.0,0.0
2006-09-26,217.0,83.0,0.0,0.0,0.0
2006-09-27,228.0,83.0,0.0,0.0,0.0
2006-09-28,239.0,94.0,8.0,0.0,0.0
2006-09-29,222.0,50.0,99.0,0.0,0.0
2006-09-30,183.0,56.0,0.0,0.0,0.0
2006-10-01,228.0,67.0,33.0,0.0,0.0
2006-10-02,239.0,83.0,0.0,0.0,0.0
2006-10-03,261.0,83.0,0.0,0.0,0.0
2006-10-04,256.0,117.0,0.0,0.0,0.0
2006-10-05,267.0,122.0,0.0,0.0,0.0
2006-10-06,278.0,133.0,61.0,0.0,0.0
2006-10-07,222.0,61.0,0.0,0.0,0.0
2006-10-08,206.0,56.0,0.0,0.0,0.0
2006-10-09,217.0,,0.0,0.0,0.0
2006-10-10,256.0,106.0,0.0,0.0,0.0
2006-10-11,250.0,106.0,3.0,0.0,0.0
2006-10-12,244.0,89.0,140.0,0.0,0.0
2006-10-13,244.0,39.0,0.0,0.0,0.0
2006-10-14,139.0,-6.0,0.0,0.0,0.0
2006-10-15,172.0,-22.0,0.0,0.0,0.0
2006-10-16,206.0,-22.0,0.0,0.0,0.0
2006-10-17,150.0,89.0,315.0,0.0,0.0
2006-10-18,172.0,150.0,396.0,0.0,0.0
2006-10-19,272.0,139.0,0.0,0.0,0.0
2006-10-20,211.0,94.0,127.0,0.0,0.0
2006-10-21,139.0,39.0,0.0,0.0,0.0
2006-10-22,233.0,33.0,20.0,0.0,0.0
2006-10-23,183.0,17.0,0.0,0.0,0.0
2006-10-24,78.0,-28.0,0.0,0.0,0.0
2006-10-25,100.0,-28.0,0.0,0.0,0.0
2006-10-26,161.0,-11.0,0.0,0.0,0.0
2006-10-27,200.0,61.0,74.0,0.0,0.0
2006-10-28,161.0,78.0,378.0,0.0,0.0
2006-10-29,144.0,-6.0,38.0,0.0,0.0
2006-10-30,211.0,22.0,0.0,0.0,0.0
2006-10-31,244.0,22.0,0.0,0.0,0.0
2006-11-01,206.0,56.0,0.0,0.0,0.0
2006-11-02,217.0,72.0,18.0,0.0,0.0
2006-11-03,133.0,-39.0,0.0,0.0,0.0
2006-11-04,117.0,-33.0,0.0,0.0,0.0
2006-11-05,161.0,-28.0,0.0,0.0,0.0
2006-11-06,189.0,-17.0,0.0,0.0,0.0
2006-11-07,172.0,28.0,38.0,0.0,0.0
2006-11-08,150.0,111.0,178.0,0.0,0.0
2006-11-09,128.0,61.0,13.0,0.0,0.0
2006-11-10,233.0,50.0,0.0,0.0,0.0
2006-11-11,244.0,56.0,0.0,0.0,0.0
2006-11-12,189.0,11.0,91.0,0.0,0.0
2006-11-13,178.0,-33.0,0.0,0.0,0.0
2006-11-14,194.0,-33.0,0.0,0.0,0.0
2006-11-15,189.0,-6.0,56.0,0.0,0.0
2006-11-16,161.0,89.0,483.0,0.0,0.0
2006-11-17,94.0,33.0,28.0,0.0,0.0
2006-11-18,111.0,-11.0,0.0,0.0,0.0
2006-11-19,161.0,-17.0,0.0,0.0,0.0
2006-11-20,72.0,-17.0,0.0,0.0,0.0
2006-11-21,67.0,-56.0,0.0,0.0,0.0
2006-11-22,89.0,-56.0,0.0,0.0,0.0
2006-11-23,194.0,6.0,0.0,0.0,0.0
2006-11-24,178.0,-22.0,0.0,0.0,0.0
2006-11-25,228.0,-17.0,0.0,0.0,0.0
2006-11-26,217.0,-17.0,0.0,0.0,0.0
2006-11-27,222.0,-22.0,0.0,0.0,0.0
2006-11-28,206.0,-22.0,0.0,0.0,0.0
2006-11-29,178.0,72.0,0.0,0.0,0.0
2006-11-30,206.0,94.0,61.0,0.0,0.0
2006-12-01,211.0,139.0,132.0,0.0,0.0
2006-12-02,161.0,-39.0,0.0,0.0,0.0
2006-12-03,106.0,-33.0,0.0,0.0,0.0
2006-12-04,122.0,-44.0,0.0,0.0,0.0
2006-12-05,44.0,-78.0,0.0,0.0,0.0
2006-12-06,111.0,-78.0,0.0,0.0,0.0
2006-12-07,144.0,-44.0,0.0,0.0,0.0
2006-12-08,83.0,-111.0,0.0,0.0,0.0
2006-12-09,17.0,-111.0,0.0,0.0,0.0
2006-12-10,100.0,-111.0,0.0,0.0,0.0
2006-12-11,122.0,-39.0,0.0,0.0,0.0
2006-12-12,178.0,-28.0,0.0,0.0,0.0
2006-12-13,178.0,-6.0,43.0,0.0,0.0
2006-12-14,172.0,0.0,0.0,0.0,0.0
2006-12-15,172.0,-6.0,0.0,0.0,0.0
2006-12-16,189.0,-11.0,0.0,0.0,0.0
2006-12-17,228.0,-11.0,0.0,0.0,0.0
2006-12-18,217.0,-6.0,0.0,0.0,0.0
2006-12-19,217.0,-6.0,0.0,0.0,0.0
2006-12-20,194.0,6.0,0.0,0.0,0.0
2006-12-21,144.0,17.0,0.0,0.0,0.0
2006-12-22,156.0,122.0,74.0,0.0,0.0
2006-12-23,161.0,67.0,236.0,0.0,0.0
2006-12-24,156.0,-11.0,0.0,0.0,0.0
2006-12-25,150.0,-17.0,0.0,0.0,0.0
2006-12-26,139.0,28.0,175.0,0.0,0.0
2006-12-27,33.0,-22.0,36.0,0.0,0.0
2006-12-28,100.0,-33.0,0.0,0.0,0.0
2006-12-29,156.0,-33.0,0.0,0.0,0.0
2006-12-30,161.0,-17.0,5.0,0.0,0.0
2006-12-31,178.0,83.0,0.0,0.0,0.0
2007-01-01,167.0,44.0,348.0,0.0,0.0
2007-01-02,133.0,-33.0,0.0,0.0,0.0
2007-01-03,128.0,-44.0,0.0,0.0,0.0
2007-01-04,150.0,-44.0,0.0,0.0,0.0
2007-01-05,194.0,50.0,23.0,0.0,0.0
2007-01-06,206.0,67.0,203.0,0.0,0.0
2007-01-07,,,,0.0,0.0
2007-01-08,189.0,39.0,,0.0,0.0
2007-01-09,89.0,-50.0,0.0,0.0,0.0
2007-01-10,56.0,-50.0,0.0,0.0,0.0
2007-01-11,83.0,-50.0,0.0,0.0,0.0
2007-01-12,106.0,-50.0,0.0,0.0,0.0
2007-01-13,150.0,56.0,5.0,0.0,0.0
2007-01-14,189.0,72.0,0.0,0.0,0.0
2007-01-15,217.0,106.0,0.0,0.0,0.0
2007-01-16,194.0,39.0,43.0,0.0,0.0
2007-01-17,44.0,-50.0,0.0,0.0,0.0
2007-01-18,61.0,-50.0,10.0,0.0,0.0
2007-01-19,44.0,-6.0,15.0,0.0,0.0
2007-01-20,78.0,-50.0,0.0,0.0,0.0
2007-01-21,89.0,-22.0,0.0,0.0,0.0
2007-01-22,72.0,33.0,259.0,0.0,0.0
2007-01-23,78.0,-6.0,0.0,0.0,0.0
2007-01-24,44.0,-44.0,0.0,0.0,0.0
2007-01-25,100.0,-50.0,0.0,0.0,0.0
2007-01-26,50.0,-78.0,0.0,0.0,0.0
2007-01-27,111.0,-72.0,0.0,0.0,0.0
2007-01-28,139.0,6.0,0.0,0.0,0.0
2007-01-29,11.0,-117.0,0.0,0.0,0.0
2007-01-30,28.0,-117.0,0.0,0.0,0.0
2007-01-31,78.0,-100.0,0.0,0.0,0.0
2007-02-01,78.0,-100.0,51.0,51.0,51.0
2007-02-02,39.0,-17.0,94.0,0.0,0.0
2007-02-03,33.0,-78.0,0.0,0.0,0.0
2007-02-04,33.0,-89.0,0.0,0.0,0.0
2007-02-05,28.0,-72.0,0.0,0.0,0.0
2007-02-06,11.0,-89.0,0.0,0.0,0.0
2007-02-07,83.0,-67.0,0.0,0.0,0.0
2007-02-08,128.0,-39.0,0.0,0.0,0.0
2007-02-09,83.0,-67.0,0.0,0.0,0.0
2007-02-10,28.0,-72.0,0.0,0.0,0.0
2007-02-11,56.0,-89.0,0.0,0.0,0.0
2007-02-12,133.0,-78.0,0.0,0.0,0.0
2007-02-13,183.0,-39.0,0.0,0.0,0.0
2007-02-14,156.0,-6.0,140.0,0.0,0.0
2007-02-15,28.0,-67.0,0.0,0.0,0.0
2007-02-16,33.0,-89.0,0.0,0.0,0.0
2007-02-17,28.0,-83.0,0.0,0.0,0.0
2007-02-18,6.0,-72.0,76.0,51.0,51.0
2007-02-19,28.0,-78.0,0.0,25.0,0.0
2007-02-20,133.0,-72.0,0.0,0.0,0.0
2007-02-21,139.0,22.0,38.0,0.0,0.0
2007-02-22,206.0,11.0,0.0,0.0,0.0
2007-02-23,189.0,-33.0,0.0,0.0,0.0
2007-02-24,167.0,-39.0,0.0,0.0,0.0
2007-02-25,144.0,-17.0,208.0,0.0,0.0
2007-02-26,189.0,-6.0,18.0,0.0,0.0
2007-02-27,161.0,-17.0,0.0,0.0,0.0
2007-02-28,172.0,-28.0,0.0,0.0,0.0
2007-03-01,222.0,-22.0,3.0,0.0,0.0
2007-03-02,161.0,0.0,419.0,0.0,0.0
2007-03-03,150.0,-17.0,3.0,0.0,0.0
2007-03-04,144.0,-28.0,0.0,0.0,0.0
2007-03-05,56.0,-56.0,0.0,0.0,0.0
2007-03-06,139.0,-39.0,0.0,0.0,0.0
2007-03-07,172.0,6.0,0.0,0.0,0.0
2007-03-08,200.0,-11.0,0.0,0.0,0.0
2007-03-09,211.0,-6.0,0.0,0.0,0.0
2007-03-10,200.0,94.0,0.0,0.0,0.0
2007-03-11,194.0,78.0,0.0,0.0,0.0
2007-03-12,211.0,0.0,0.0,0.0,0.0
2007-03-13,228.0,0.0,0.0,0.0,0.0
2007-03-14,244.0,17.0,0.0,0.0,0.0
2007-03-15,244.0,89.0,0.0,0.0,0.0
2007-03-16,206.0,106.0,318.0,0.0,0.0
2007-03-17,128.0,6.0,20.0,0.0,0.0
2007-03-18,83.0,-50.0,0.0,0.0,0.0
2007-03-19,117.0,-28.0,0.0,0.0,0.0
2007-03-20,194.0,22.0,0.0,0.0,0.0
2007-03-21,211.0,78.0,0.0,0.0,0.0
2007-03-22,228.0,78.0,0.0,0.0,0.0
2007-03-23,228.0,61.0,0.0,0.0,0.0
2007-03-24,261.0,61.0,0.0,0.0,0.0
2007-03-25,272.0,72.0,0.0,0.0,0.0
2007-03-26,311.0,111.0,0.0,0.0,0.0
2007-03-27,267.0,128.0,0.0,0.0,0.0
2007-03-28,267.0,117.0,0.0,0.0,0.0
2007-03-29,267.0,117.0,0.0,0.0,0.0
2007-03-30,261.0,106.0,58.0,0.0,0.0
2007-03-31,228.0,100.0,0.0,0.0,0.0
2007-04-01,250.0,106.0,8.0,0.0,0.0
2007-04-02,178.0,144.0,160.0,0.0,0.0
2007-04-03,261.0,89.0,0.0,0.0,0.0
2007-04-04,283.0,94.0,127.0,0.0,0.0
2007-04-05,178.0,6.0,0.0,0.0,0.0
2007-04-06,117.0,0.0,0.0,0.0,0.0
2007-04-07,106.0,-44.0,0.0,0.0,0.0
2007-04-08,44.0,-61.0,0.0,0.0,0.0
2007-04-09,89.0,-22.0,0.0,0.0,0.0
2007-04-10,117.0,-28.0,0.0,0.0,0.0
2007-04-11,172.0,-17.0,0.0,0.0,0.0
2007-04-12,139.0,50.0,23.0,0.0,0.0
2007-04-13,189.0,6.0,0.0,0.0,0.0
2007-04-14,156.0,6.0,0.0,0.0,0.0
2007-04-15,217.0,83.0,86.0,0.0,0.0
2007-04-16,83.0,22.0,20.0,0.0,0.0
2007-04-17,178.0,22.0,0.0,0.0,0.0
2007-04-18,222.0,44.0,0.0,0.0,0.0
2007-04-19,228.0,44.0,0.0,0.0,0.0
2007-04-20,200.0,11.0,0.0,0.0,0.0
2007-04-21,217.0,28.0,0.0,0.0,0.0
2007-04-22,250.0,50.0,0.0,0.0,0.0
2007-04-23,272.0,50.0,0.0,0.0,0.0
2007-04-24,267.0,72.0,0.0,0.0,0.0
2007-04-25,233.0,122.0,102.0,0.0,0.0
2007-04-26,272.0,133.0,0.0,0.0,0.0
2007-04-27,206.0,133.0,147.0,0.0,0.0
2007-04-28,217.0,56.0,0.0,0.0,0.0
2007-04-29,206.0,39.0,0.0,0.0,0.0
2007-04-30,256.0,56.0,0.0,0.0,0.0
2007-05-01,306.0,78.0,0.0,0.0,0.0
2007-05-02,322.0,106.0,0.0,0.0,0.0
2007-05-03,294.0,122.0,0.0,0.0,0.0
2007-05-04,283.0,144.0,0.0,0.0,0.0
2007-05-05,267.0,150.0,274.0,0.0,0.0
2007-05-06,183.0,150.0,107.0,0.0,0.0
2007-05-07,278.0,106.0,0.0,0.0,0.0
2007-05-08,244.0,56.0,0.0,0.0,0.0
2007-05-09,261.0,83.0,0.0,0.0,0.0
2007-05-10,289.0,111.0,0.0,0.0,0.0
2007-05-11,294.0,144.0,0.0,0.0,0.0
2007-05-12,289.0,167.0,147.0,0.0,0.0
2007-05-13,272.0,122.0,3.0,0.0,0.0
2007-05-14,289.0,172.0,0.0,0.0,0.0
2007-05-15,256.0,106.0,0.0,0.0,0.0
2007-05-16,278.0,117.0,0.0,0.0,0.0
2007-05-17,211.0,78.0,109.0,0.0,0.0
2007-05-18,222.0,56.0,0.0,0.0,0.0
2007-05-19,200.0,22.0,0.0,0.0,0.0
2007-05-20,228.0,39.0,0.0,0.0,0.0
2007-05-21,267.0,33.0,0.0,0.0,0.0
2007-05-22,278.0,67.0,0.0,0.0,0.0
2007-05-23,294.0,106.0,0.0,0.0,0.0
2007-05-24,289.0,139.0,0.0,0.0,0.0
2007-05-25,272.0,111.0,0.0,0.0,0.0
2007-05-26,283.0,122.0,0.0,0.0,0.0
2007-05-27,300.0,139.0,0.0,0.0,0.0
2007-05-28,294.0,122.0,0.0,0.0,0.0
2007-05-29,300.0,117.0,0.0,0.0,0.0
2007-05-30,300.0,111.0,0.0,0.0,0.0
2007-05-31,300.0,128.0,0.0,0.0,0.0
2007-06-01,300.0,139.0,0.0,0.0,0.0
2007-06-02,294.0,161.0,0.0,0.0,0.0
2007-06-03,250.0,167.0,0.0,0.0,0.0
2007-06-04,278.0,161.0,3.0,0.0,0.0
2007-06-05,272.0,139.0,18.0,0.0,0.0
2007-06-06,278.0,133.0,0.0,0.0,0.0
2007-06-07,294.0,133.0,0.0,0.0,0.0
2007-06-08,317.0,178.0,0.0,0.0,0.0
2007-06-09,294.0,178.0,46.0,0.0,0.0
2007-06-10,289.0,133.0,0.0,0.0,0.0
2007-06-11,317.0,161.0,0.0,0.0,0.0
2007-06-12,289.0,150.0,0.0,0.0,0.0
2007-06-13,294.0,117.0,0.0,0.0,0.0
2007-06-14,283.0,150.0,170.0,0.0,0.0
2007-06-15,272.0,150.0,10.0,0.0,0.0
2007-06-16,278.0,167.0,0.0,0.0,0.0
2007-06-17,294.0,144.0,0.0,0.0,0.0
2007-06-18,322.0,161.0,0.0,0.0,0.0
2007-06-19,317.0,178.0,64.0,0.0,0.0
2007-06-20,294.0,183.0,183.0,0.0,0.0
2007-06-21,294.0,111.0,0.0,0.0,0.0
2007-06-22,294.0,106.0,0.0,0.0,0.0
2007-06-23,300.0,144.0,0.0,0.0,0.0
2007-06-24,333.0,156.0,0.0,0.0,0.0
2007-06-25,328.0,161.0,5.0,0.0,0.0
2007-06-26,294.0,178.0,43.0,0.0,0.0
2007-06-27,294.0,178.0,0.0,0.0,0.0
2007-06-28,311.0,172.0,0.0,0.0,0.0
2007-06-29,317.0,194.0,3.0,0.0,0.0
2007-06-30,306.0,189.0,28.0,0.0,0.0
2007-07-01,311.0,178.0,0.0,0.0,0.0
2007-07-02,322.0,206.0,0.0,0.0,0.0
2007-07-03,278.0,172.0,163.0,0.0,0.0
2007-07-04,256.0,161.0,0.0,0.0,0.0
2007-07-05,283.0,156.0,0.0,0.0,0.0
2007-07-06,300.0,161.0,0.0,0.0,0.0
2007-07-07,306.0,183.0,0.0,0.0,0.0
2007-07-08,267.0,189.0,89.0,0.0,0.0
2007-07-09,300.0,194.0,18.0,0.0,0.0
2007-07-10,311.0,189.0,152.0,0.0,0.0
2007-07-11,278.0,194.0,165.0,0.0,0.0
2007-07-12,267.0,156.0,363.0,0.0,0.0
2007-07-13,267.0,156.0,0.0,0.0,0.0
2007-07-14,222.0,144.0,8.0,0.0,0.0
2007-07-15,267.0,167.0,0.0,0.0,0.0
2007-07-16,289.0,178.0,254.0,0.0,0.0
2007-07-17,283.0,183.0,0.0,0.0,0.0
2007-07-18,283.0,194.0,8.0,0.0,0.0
2007-07-19,283.0,194.0,69.0,0.0,0.0
2007-07-20,306.0,189.0,28.0,0.0,0.0
2007-07-21,272.0,144.0,5.0,0.0,0.0
2007-07-22,278.0,144.0,0.0,0.0,0.0
2007-07-23,283.0,156.0,38.0,0.0,0.0
2007-07-24,256.0,161.0,84.0,0.0,0.0
2007-07-25,250.0,172.0,71.0,0.0,0.0
2007-07-26,278.0,172.0,53.0,0.0,0.0
2007-07-27,294.0,183.0,0.0,0.0,0.0
2007-07-28,294.0,189.0,84.0,0.0,0.0
2007-07-29,267.0,200.0,102.0,0.0,0.0
2007-07-30,294.0,194.0,0.0,0.0,0.0
2007-07-31,300.0,183.0,0.0,0.0,0.0
2007-08-01,311.0,194.0,0.0,0.0,0.0
2007-08-02,322.0,194.0,229.0,0.0,0.0
2007-08-03,306.0,178.0,10.0,0.0,0.0
2007-08-04,322.0,178.0,0.0,0.0,0.0
2007-08-05,328.0,178.0,0.0,0.0,0.0
2007-08-06,333.0,200.0,0.0,0.0,0.0
2007-08-07,339.0,200.0,0.0,0.0,0.0
2007-08-08,350.0,206.0,0.0,0.0,0.0
2007-08-09,361.0,200.0,0.0,0.0,0.0
2007-08-10,361.0,194.0,0.0,0.0,0.0
2007-08-11,356.0,183.0,0.0,0.0,0.0
2007-08-12,339.0,194.0,0.0,0.0,0.0
2007-08-13,339.0,194.0,0.0,0.0,0.0
2007-08-14,350.0,178.0,0.0,0.0,0.0
2007-08-15,367.0,183.0,0.0,0.0,0.0
2007-08-16,367.0,200.0,0.0,0.0,0.0
2007-08-17,350.0,167.0,0.0,0.0,0.0
2007-08-18,350.0,178.0,0.0,0.0,0.0
2007-08-19,256.0,189.0,0.0,0.0,0.0
2007-08-20,339.0,183.0,0.0,0.0,0.0
2007-08-21,344.0,200.0,0.0,0.0,0.0
2007-08-22,361.0,194.0,0.0,0.0,0.0
2007-08-23,372.0,200.0,0.0,0.0,0.0
2007-08-24,361.0,211.0,0.0,0.0,0.0
2007-08-25,333.0,189.0,0.0,0.0,0.0
2007-08-26,344.0,189.0,0.0,0.0,0.0
2007-08-27,311.0,183.0,5.0,0.0,0.0
2007-08-28,328.0,194.0,0.0,0.0,0.0
2007-08-29,328.0,200.0,0.0,0.0,0.0
2007-08-30,333.0,206.0,0.0,0.0,0.0
2007-08-31,294.0,194.0,66.0,0.0,0.0
2007-09-01,306.0,183.0,124.0,0.0,0.0
2007-09-02,306.0,172.0,0.0,0.0,0.0
2007-09-03,306.0,161.0,0.0,0.0,0.0
2007-09-04,317.0,161.0,0.0,0.0,0.0
2007-09-05,333.0,133.0,0.0,0.0,0.0
2007-09-06,339.0,144.0,0.0,0.0,0.0
2007-09-07,311.0,167.0,0.0,0.0,0.0
2007-09-08,306.0,156.0,0.0,0.0,0.0
2007-09-09,317.0,144.0,0.0,0.0,0.0
2007-09-10,328.0,161.0,0.0,0.0,0.0
2007-09-11,322.0,167.0,0.0,0.0,0.0
2007-09-12,294.0,172.0,64.0,0.0,0.0
2007-09-13,294.0,139.0,0.0,0.0,0.0
2007-09-14,306.0,144.0,251.0,0.0,0.0
2007-09-15,228.0,156.0,691.0,0.0,0.0
2007-09-16,250.0,94.0,0.0,0.0,0.0
2007-09-17,261.0,94.0,0.0,0.0,0.0
2007-09-18,267.0,122.0,0.0,0.0,0.0
2007-09-19,278.0,106.0,0.0,0.0,0.0
2007-09-20,283.0,106.0,0.0,0.0,0.0
2007-09-21,289.0,128.0,0.0,0.0,0.0
2007-09-22,283.0,172.0,0.0,0.0,0.0
2007-09-23,311.0,161.0,0.0,0.0,0.0
2007-09-24,322.0,161.0,0.0,0.0,0.0
2007-09-25,322.0,161.0,0.0,0.0,0.0
2007-09-26,317.0,150.0,0.0,0.0,0.0
2007-09-27,294.0,156.0,0.0,0.0,0.0
2007-09-28,272.0,156.0,0.0,0.0,0.0
2007-09-29,272.0,61.0,0.0,0.0,0.0
2007-09-30,272.0,72.0,0.0,0.0,0.0
2007-10-01,272.0,67.0,0.0,0.0,0.0
2007-10-02,278.0,72.0,0.0,0.0,0.0
2007-10-03,289.0,83.0,0.0,0.0,0.0
2007-10-04,261.0,167.0,0.0,0.0,0.0
2007-10-05,283.0,183.0,0.0,0.0,0.0
2007-10-06,283.0,150.0,0.0,0.0,0.0
2007-10-07,300.0,144.0,0.0,0.0,0.0
2007-10-08,317.0,144.0,0.0,0.0,0.0
2007-10-09,300.0,144.0,0.0,0.0,0.0
2007-10-10,283.0,133.0,0.0,0.0,0.0
2007-10-11,261.0,56.0,0.0,0.0,0.0
2007-10-12,178.0,17.0,0.0,0.0,0.0
2007-10-13,206.0,22.0,0.0,0.0,0.0
2007-10-14,228.0,50.0,0.0,0.0,0.0
2007-10-15,272.0,56.0,0.0,0.0,0.0
2007-10-16,272.0,83.0,0.0,0.0,0.0
2007-10-17,244.0,139.0,0.0,0.0,0.0
2007-10-18,244.0,144.0,0.0,0.0,0.0
2007-10-19,244.0,189.0,102.0,0.0,0.0
2007-10-20,239.0,61.0,8.0,0.0,0.0
2007-10-21,222.0,39.0,0.0,0.0,0.0
2007-10-22,250.0,39.0,0.0,0.0,0.0
2007-10-23,217.0,150.0,104.0,0.0,0.0
2007-10-24,244.0,133.0,366.0,0.0,0.0
2007-10-25,178.0,100.0,0.0,0.0,0.0
2007-10-26,178.0,100.0,0.0,0.0,0.0
2007-10-27,206.0,61.0,0.0,0.0,0.0
2007-10-28,189.0,33.0,0.0,0.0,0.0
2007-10-29,200.0,11.0,0.0,0.0,0.0
2007-10-30,194.0,11.0,0.0,0.0,0.0
2007-10-31,228.0,6.0,0.0,0.0,0.0
2007-11-01,222.0,6.0,0.0,0.0,0.0
2007-11-02,222.0,61.0,0.0,0.0,0.0
2007-11-03,217.0,28.0,0.0,0.0,0.0
2007-11-04,178.0,-22.0,0.0,0.0,0.0
2007-11-05,178.0,-11.0,0.0,0.0,0.0
2007-11-06,217.0,6.0,36.0,0.0,0.0
2007-11-07,106.0,-50.0,0.0,0.0,0.0
2007-11-08,117.0,-50.0,0.0,0.0,0.0
2007-11-09,133.0,-28.0,0.0,0.0,0.0
2007-11-10,172.0,6.0,0.0,0.0,0.0
2007-11-11,139.0,-28.0,0.0,0.0,0.0
2007-11-12,172.0,-28.0,0.0,0.0,0.0
2007-11-13,178.0,17.0,0.0,0.0,0.0
2007-11-14,189.0,56.0,53.0,0.0,0.0
2007-11-15,233.0,61.0,292.0,0.0,0.0
2007-11-16,83.0,-39.0,0.0,0.0,0.0
2007-11-17,94.0,-33.0,0.0,0.0,0.0
2007-11-18,156.0,-17.0,0.0,0.0,0.0
2007-11-19,189.0,78.0,0.0,0.0,0.0
2007-11-20,217.0,56.0,0.0,0.0,0.0
2007-11-21,222.0,50.0,0.0,0.0,0.0
2007-11-22,222.0,56.0,325.0,0.0,0.0
2007-11-23,144.0,-6.0,0.0,0.0,0.0
2007-11-24,78.0,-22.0,0.0,0.0,0.0
2007-11-25,106.0,-22.0,0.0,0.0,0.0
2007-11-26,156.0,-22.0,127.0,0.0,0.0
2007-11-27,172.0,61.0,13.0,0.0,0.0
2007-11-28,111.0,-33.0,0.0,0.0,0.0
2007-11-29,183.0,-28.0,0.0,0.0,0.0
2007-11-30,156.0,-28.0,0.0,0.0,0.0
2007-12-01,150.0,-28.0,0.0,0.0,0.0
2007-12-02,150.0,-11.0,0.0,0.0,0.0
2007-12-03,194.0,17.0,56.0,0.0,0.0
2007-12-04,78.0,-50.0,0.0,0.0,0.0
2007-12-05,94.0,-44.0,0.0,0.0,0.0
2007-12-06,161.0,-50.0,0.0,0.0,0.0
2007-12-07,94.0,-50.0,0.0,0.0,0.0
2007-12-08,144.0,11.0,0.0,0.0,0.0
2007-12-09,144.0,111.0,74.0,0.0,0.0
2007-12-10,228.0,117.0,0.0,0.0,0.0
2007-12-11,228.0,78.0,0.0,0.0,0.0
2007-12-12,250.0,78.0,0.0,0.0,0.0
2007-12-13,206.0,106.0,0.0,0.0,0.0
2007-12-14,172.0,44.0,36.0,0.0,0.0
2007-12-15,150.0,17.0,0.0,0.0,0.0
2007-12-16,150.0,22.0,203.0,0.0,0.0
2007-12-17,22.0,-56.0,0.0,0.0,0.0
2007-12-18,78.0,-78.0,0.0,0.0,0.0
2007-12-19,100.0,-72.0,20.0,0.0,0.0
2007-12-20,56.0,11.0,3.0,0.0,0.0
2007-12-21,106.0,44.0,104.0,0.0,0.0
2007-12-22,139.0,22.0,0.0,0.0,0.0
2007-12-23,150.0,39.0,102.0,0.0,0.0
2007-12-24,128.0,-50.0,0.0,0.0,0.0
2007-12-25,106.0,-56.0,0.0,0.0,0.0
2007-12-26,33.0,17.0,124.0,,
2007-12-27,128.0,28.0,3.0,,0.0
2007-12-28,150.0,50.0,0.0,,0.0
2007-12-29,167.0,56.0,356.0,,0.0
2007-12-30,150.0,39.0,33.0,,0.0
2007-12-31,67.0,-6.0,56.0,0.0,0.0
2008-01-01,133.0,-6.0,0.0,0.0,0.0
2008-01-02,56.0,-89.0,0.0,0.0,0.0
2008-01-03,-22.0,-133.0,0.0,0.0,0.0
2008-01-04,33.0,-133.0,0.0,0.0,0.0
2008-01-05,89.0,-100.0,0.0,0.0,0.0
2008-01-06,122.0,-11.0,0.0,0.0,0.0
2008-01-07,156.0,22.0,0.0,0.0,0.0
2008-01-08,211.0,28.0,0.0,0.0,0.0
2008-01-09,200.0,94.0,41.0,0.0,0.0
2008-01-10,189.0,39.0,38.0,0.0,0.0
2008-01-11,183.0,78.0,251.0,0.0,0.0
2008-01-12,122.0,-22.0,0.0,0.0,0.0
2008-01-13,122.0,-17.0,0.0,0.0,0.0
2008-01-14,117.0,-28.0,0.0,0.0,0.0
2008-01-15,67.0,-61.0,0.0,0.0,0.0
2008-01-16,50.0,-67.0,0.0,0.0,0.0
2008-01-17,56.0,-61.0,132.0,0.0,0.0
2008-01-18,78.0,6.0,0.0,0.0,0.0
2008-01-19,100.0,6.0,0.0,0.0,0.0
2008-01-20,22.0,-111.0,13.0,0.0,0.0
2008-01-21,-22.0,-122.0,0.0,0.0,0.0
2008-01-22,72.0,-117.0,0.0,0.0,0.0
2008-01-23,50.0,17.0,104.0,0.0,0.0
2008-01-24,83.0,-17.0,0.0,0.0,0.0
2008-01-25,44.0,-111.0,0.0,0.0,0.0
2008-01-26,67.0,-106.0,0.0,0.0,0.0
2008-01-27,61.0,-44.0,0.0,0.0,0.0
2008-01-28,111.0,-67.0,0.0,0.0,0.0
2008-01-29,161.0,-67.0,0.0,0.0,0.0
2008-01-30,150.0,-33.0,104.0,0.0,0.0
2008-01-31,67.0,-67.0,0.0,0.0,0.0
2008-02-01,122.0,-28.0,274.0,0.0,0.0
2008-02-02,61.0,-50.0,0.0,0.0,0.0
2008-02-03,178.0,-33.0,0.0,0.0,0.0
2008-02-04,144.0,0.0,135.0,0.0,0.0
2008-02-05,122.0,72.0,48.0,0.0,0.0
2008-02-06,239.0,94.0,0.0,0.0,0.0
2008-02-07,194.0,-17.0,41.0,0.0,0.0
2008-02-08,139.0,-28.0,0.0,0.0,0.0
2008-02-09,161.0,-28.0,0.0,0.0,0.0
2008-02-10,144.0,-33.0,0.0,0.0,0.0
2008-02-11,133.0,-56.0,0.0,0.0,0.0
2008-02-12,172.0,-56.0,0.0,0.0,0.0
2008-02-13,161.0,28.0,89.0,0.0,0.0
2008-02-14,28.0,-78.0,0.0,0.0,0.0
2008-02-15,139.0,-78.0,0.0,0.0,0.0
2008-02-16,161.0,-11.0,0.0,0.0,0.0
2008-02-17,,,0.0,0.0,0.0
2008-02-18,194.0,61.0,305.0,0.0,0.0
2008-02-19,100.0,-33.0,0.0,0.0,0.0
2008-02-20,78.0,-28.0,0.0,0.0,0.0
2008-02-21,133.0,-28.0,0.0,0.0,0.0
2008-02-22,111.0,11.0,79.0,0.0,0.0
2008-02-23,117.0,78.0,28.0,0.0,0.0
2008-02-24,78.0,-17.0,0.0,0.0,0.0
2008-02-25,133.0,6.0,0.0,0.0,0.0
2008-02-26,200.0,28.0,229.0,0.0,0.0
2008-02-27,167.0,-61.0,64.0,,64.0
2008-02-28,-17.0,-72.0,8.0,,8.0
2008-02-29,67.0,-28.0,0.0,,0.0
2008-03-01,83.0,-17.0,66.0,0.0,0.0
2008-03-02,144.0,-28.0,0.0,0.0,0.0
2008-03-03,217.0,11.0,0.0,0.0,0.0
2008-03-04,200.0,28.0,130.0,0.0,0.0
2008-03-05,206.0,0.0,290.0,0.0,0.0
2008-03-06,117.0,-17.0,0.0,0.0,0.0
2008-03-07,206.0,-17.0,64.0,0.0,0.0
2008-03-08,161.0,-6.0,107.0,0.0,0.0
2008-03-09,6.0,-67.0,8.0,0.0,0.0
2008-03-10,117.0,-67.0,0.0,0.0,0.0
2008-03-11,183.0,-33.0,0.0,0.0,0.0
2008-03-12,133.0,-44.0,0.0,0.0,0.0
2008-03-13,189.0,-39.0,0.0,0.0,0.0
2008-03-14,233.0,0.0,0.0,0.0,0.0
2008-03-15,133.0,50.0,102.0,0.0,0.0
2008-03-16,133.0,28.0,229.0,0.0,0.0
2008-03-17,172.0,11.0,0.0,0.0,0.0
2008-03-18,161.0,17.0,0.0,0.0,0.0
2008-03-19,178.0,106.0,0.0,0.0,0.0
2008-03-20,206.0,28.0,259.0,0.0,0.0
2008-03-21,133.0,-22.0,0.0,0.0,0.0
2008-03-22,217.0,-17.0,0.0,0.0,0.0
2008-03-23,206.0,-11.0,0.0,0.0,0.0
2008-03-24,122.0,-39.0,0.0,0.0,0.0
2008-03-25,72.0,-61.0,229.0,0.0,0.0
2008-03-26,156.0,-56.0,0.0,0.0,0.0
2008-03-27,194.0,28.0,0.0,0.0,0.0
2008-03-28,233.0,67.0,0.0,0.0,0.0
2008-03-29,194.0,117.0,84.0,0.0,0.0
2008-03-30,,,102.0,,
2008-03-31,150.0,89.0,0.0,,0.0
2008-04-01,167.0,106.0,15.0,,0.0
2008-04-02,250.0,100.0,51.0,,0.0
2008-04-03,222.0,100.0,10.0,0.0,0.0
2008-04-04,133.0,106.0,33.0,0.0,0.0
2008-04-05,183.0,122.0,191.0,0.0,0.0
2008-04-06,161.0,106.0,84.0,0.0,0.0
2008-04-07,233.0,89.0,0.0,0.0,0.0
2008-04-08,244.0,94.0,0.0,0.0,0.0
2008-04-09,233.0,67.0,0.0,0.0,0.0
2008-04-10,256.0,83.0,0.0,0.0,0.0
2008-04-11,250.0,94.0,0.0,0.0,0.0
2008-04-12,256.0,117.0,122.0,0.0,0.0
2008-04-13,217.0,33.0,0.0,0.0,0.0
2008-04-14,122.0,28.0,0.0,0.0,0.0
2008-04-15,89.0,-11.0,18.0,0.0,0.0
2008-04-16,172.0,-11.0,0.0,0.0,0.0
2008-04-17,228.0,11.0,0.0,0.0,0.0
2008-04-18,250.0,33.0,0.0,0.0,0.0
2008-04-19,267.0,78.0,112.0,0.0,0.0
2008-04-20,222.0,72.0,0.0,0.0,0.0
2008-04-21,189.0,28.0,0.0,0.0,0.0
2008-04-22,244.0,44.0,0.0,0.0,0.0
2008-04-23,261.0,89.0,0.0,0.0,0.0
2008-04-24,283.0,100.0,0.0,0.0,0.0
2008-04-25,278.0,122.0,0.0,0.0,0.0
2008-04-26,244.0,128.0,0.0,0.0,0.0
2008-04-27,256.0,150.0,30.0,0.0,0.0
2008-04-28,206.0,139.0,287.0,0.0,0.0
2008-04-29,172.0,22.0,18.0,0.0,0.0
2008-04-30,144.0,0.0,0.0,0.0,0.0
2008-05-01,228.0,22.0,0.0,0.0,0.0
2008-05-02,261.0,72.0,0.0,0.0,0.0
2008-05-03,272.0,150.0,0.0,0.0,0.0
2008-05-04,211.0,100.0,36.0,0.0,0.0
2008-05-05,233.0,50.0,0.0,0.0,0.0
2008-05-06,250.0,44.0,0.0,0.0,0.0
2008-05-07,267.0,72.0,0.0,0.0,0.0
2008-05-08,261.0,133.0,0.0,0.0,0.0
2008-05-09,267.0,161.0,160.0,0.0,0.0
2008-05-10,256.0,150.0,142.0,0.0,0.0
2008-05-11,256.0,144.0,183.0,0.0,0.0
2008-05-12,228.0,100.0,13.0,0.0,0.0
2008-05-13,200.0,33.0,0.0,0.0,0.0
2008-05-14,250.0,61.0,0.0,0.0,0.0
2008-05-15,206.0,117.0,18.0,0.0,0.0
2008-05-16,194.0,144.0,175.0,0.0,0.0
2008-05-17,178.0,61.0,5.0,0.0,0.0
2008-05-18,,,0.0,0.0,0.0
2008-05-19,222.0,72.0,206.0,0.0,0.0
2008-05-20,256.0,89.0,0.0,0.0,0.0
2008-05-21,272.0,83.0,117.0,0.0,0.0
2008-05-22,217.0,56.0,0.0,0.0,0.0
2008-05-23,256.0,72.0,0.0,0.0,0.0
2008-05-24,294.0,144.0,0.0,0.0,0.0
2008-05-25,278.0,106.0,0.0,0.0,0.0
2008-05-26,278.0,122.0,0.0,0.0,0.0
2008-05-27,278.0,122.0,46.0,0.0,0.0
2008-05-28,278.0,167.0,56.0,0.0,0.0
2008-05-29,250.0,167.0,18.0,0.0,0.0
2008-05-30,250.0,172.0,5.0,0.0,0.0
2008-05-31,289.0,189.0,0.0,0.0,0.0
2008-06-01,300.0,172.0,147.0,0.0,0.0
2008-06-02,233.0,161.0,79.0,0.0,0.0
2008-06-03,300.0,150.0,0.0,0.0,0.0
2008-06-04,306.0,178.0,0.0,0.0,0.0
2008-06-05,306.0,178.0,0.0,0.0,0.0
2008-06-06,322.0,183.0,0.0,0.0,0.0
2008-06-07,333.0,200.0,0.0,0.0,0.0
2008-06-08,328.0,189.0,0.0,0.0,0.0
2008-06-09,333.0,189.0,0.0,0.0,0.0
2008-06-10,333.0,183.0,0.0,0.0,0.0
2008-06-11,306.0,178.0,0.0,0.0,0.0
2008-06-12,328.0,183.0,0.0,0.0,0.0
2008-06-13,311.0,178.0,0.0,0.0,0.0
2008-06-14,311.0,194.0,0.0,0.0,0.0
2008-06-15,244.0,183.0,152.0,0.0,0.0
2008-06-16,300.0,150.0,0.0,0.0,0.0
2008-06-17,311.0,172.0,18.0,0.0,0.0
2008-06-18,311.0,89.0,0.0,0.0,0.0
2008-06-19,261.0,83.0,0.0,0.0,0.0
2008-06-20,278.0,106.0,0.0,0.0,0.0
2008-06-21,,,0.0,0.0,0.0
2008-06-22,283.0,122.0,0.0,0.0,0.0
2008-06-23,306.0,144.0,0.0,0.0,0.0
2008-06-24,300.0,117.0,0.0,0.0,0.0
2008-06-25,306.0,117.0,0.0,0.0,0.0
2008-06-26,322.0,144.0,0.0,0.0,0.0
2008-06-27,317.0,172.0,0.0,0.0,0.0
2008-06-28,306.0,178.0,66.0,0.0,0.0
2008-06-29,311.0,178.0,241.0,0.0,0.0
2008-06-30,278.0,178.0,8.0,0.0,0.0
2008-07-01,261.0,94.0,0.0,0.0,0.0
2008-07-02,272.0,111.0,0.0,0.0,0.0
2008-07-03,289.0,111.0,0.0,0.0,0.0
2008-07-04,306.0,144.0,0.0,0.0,0.0
2008-07-05,317.0,189.0,5.0,0.0,0.0
2008-07-06,300.0,172.0,297.0,0.0,0.0
2008-07-07,306.0,172.0,5.0,0.0,0.0
2008-07-08,306.0,183.0,0.0,0.0,0.0
2008-07-09,306.0,194.0,188.0,0.0,0.0
2008-07-10,300.0,194.0,3.0,0.0,0.0
2008-07-11,289.0,200.0,8.0,0.0,0.0
2008-07-12,306.0,172.0,0.0,0.0,0.0
2008-07-13,328.0,183.0,0.0,0.0,0.0
2008-07-14,267.0,178.0,427.0,0.0,0.0
2008-07-15,294.0,139.0,0.0,0.0,0.0
2008-07-16,300.0,161.0,0.0,0.0,0.0
2008-07-17,300.0,172.0,114.0,0.0,0.0
2008-07-18,300.0,150.0,0.0,0.0,0.0
2008-07-19,300.0,156.0,0.0,0.0,0.0
2008-07-20,311.0,156.0,0.0,0.0,0.0
2008-07-21,317.0,183.0,0.0,0.0,0.0
2008-07-22,339.0,183.0,0.0,0.0,0.0
2008-07-23,339.0,178.0,389.0,0.0,0.0
2008-07-24,294.0,144.0,0.0,0.0,0.0
2008-07-25,283.0,156.0,0.0,0.0,0.0
2008-07-26,278.0,183.0,10.0,0.0,0.0
2008-07-27,283.0,206.0,10.0,0.0,0.0
2008-07-28,317.0,172.0,0.0,0.0,0.0
2008-07-29,322.0,183.0,391.0,0.0,0.0
2008-07-30,306.0,200.0,0.0,0.0,0.0
2008-07-31,322.0,206.0,0.0,0.0,0.0
2008-08-01,306.0,211.0,89.0,0.0,0.0
2008-08-02,306.0,194.0,0.0,0.0,0.0
2008-08-03,322.0,183.0,0.0,0.0,0.0
2008-08-04,311.0,167.0,0.0,0.0,0.0
2008-08-05,328.0,178.0,0.0,0.0,0.0
2008-08-06,322.0,156.0,0.0,0.0,0.0
2008-08-07,328.0,194.0,0.0,0.0,0.0
2008-08-08,294.0,150.0,0.0,0.0,0.0
2008-08-09,278.0,122.0,0.0,0.0,0.0
2008-08-10,278.0,133.0,0.0,0.0,0.0
2008-08-11,289.0,122.0,0.0,0.0,0.0
2008-08-12,294.0,106.0,0.0,0.0,0.0
2008-08-13,272.0,128.0,0.0,0.0,0.0
2008-08-14,283.0,183.0,23.0,0.0,0.0
2008-08-15,300.0,144.0,0.0,0.0,0.0
2008-08-16,300.0,150.0,0.0,0.0,0.0
2008-08-17,278.0,139.0,0.0,0.0,0.0
2008-08-18,311.0,167.0,0.0,0.0,0.0
2008-08-19,317.0,172.0,0.0,0.0,0.0
2008-08-20,328.0,167.0,0.0,0.0,0.0
2008-08-21,322.0,161.0,0.0,0.0,0.0
2008-08-22,317.0,167.0,0.0,0.0,0.0
2008-08-23,311.0,178.0,0.0,0.0,0.0
2008-08-24,311.0,228.0,0.0,0.0,0.0
2008-08-25,272.0,200.0,33.0,0.0,0.0
2008-08-26,272.0,200.0,175.0,0.0,0.0
2008-08-27,250.0,200.0,650.0,0.0,0.0
2008-08-28,244.0,194.0,53.0,0.0,0.0
2008-08-29,283.0,156.0,0.0,0.0,0.0
2008-08-30,306.0,156.0,0.0,0.0,0.0
2008-08-31,317.0,178.0,0.0,0.0,0.0
2008-09-01,317.0,194.0,0.0,0.0,0.0
2008-09-02,317.0,183.0,0.0,0.0,0.0
2008-09-03,306.0,172.0,0.0,0.0,0.0
2008-09-04,306.0,128.0,0.0,0.0,0.0
2008-09-05,311.0,139.0,0.0,0.0,0.0
2008-09-06,311.0,133.0,0.0,0.0,0.0
2008-09-07,283.0,150.0,0.0,0.0,0.0
2008-09-08,317.0,150.0,0.0,0.0,0.0
2008-09-09,322.0,156.0,10.0,0.0,0.0
2008-09-10,267.0,194.0,36.0,0.0,0.0
2008-09-11,289.0,194.0,0.0,0.0,0.0
2008-09-12,283.0,194.0,0.0,0.0,0.0
2008-09-13,289.0,178.0,0.0,0.0,0.0
2008-09-14,311.0,200.0,0.0,0.0,0.0
2008-09-15,306.0,189.0,89.0,0.0,0.0
2008-09-16,250.0,156.0,8.0,0.0,0.0
2008-09-17,239.0,161.0,0.0,0.0,0.0
2008-09-18,233.0,156.0,0.0,0.0,0.0
2008-09-19,283.0,122.0,0.0,0.0,0.0
2008-09-20,256.0,117.0,0.0,0.0,0.0
2008-09-21,261.0,144.0,0.0,0.0,0.0
2008-09-22,272.0,122.0,0.0,0.0,0.0
2008-09-23,278.0,117.0,0.0,0.0,0.0
2008-09-24,278.0,100.0,0.0,0.0,0.0
2008-09-25,256.0,56.0,0.0,0.0,0.0
2008-09-26,250.0,56.0,0.0,0.0,0.0
2008-09-27,228.0,111.0,0.0,0.0,0.0
2008-09-28,222.0,156.0,0.0,0.0,0.0
2008-09-29,283.0,128.0,0.0,0.0,0.0
2008-09-30,283.0,94.0,0.0,0.0,0.0
2008-10-01,278.0,89.0,0.0,0.0,0.0
2008-10-02,206.0,22.0,0.0,0.0,0.0
2008-10-03,206.0,28.0,0.0,0.0,0.0
2008-10-04,244.0,33.0,0.0,0.0,0.0
2008-10-05,261.0,56.0,0.0,0.0,0.0
2008-10-06,272.0,83.0,0.0,0.0,0.0
2008-10-07,278.0,83.0,0.0,0.0,0.0
2008-10-08,244.0,94.0,102.0,0.0,0.0
2008-10-09,167.0,144.0,284.0,0.0,0.0
2008-10-10,267.0,144.0,8.0,0.0,0.0
2008-10-11,272.0,144.0,0.0,0.0,0.0
2008-10-12,278.0,156.0,0.0,0.0,0.0
2008-10-13,278.0,156.0,0.0,0.0,0.0
2008-10-14,278.0,117.0,0.0,0.0,0.0
2008-10-15,283.0,83.0,0.0,0.0,0.0
2008-10-16,283.0,83.0,0.0,0.0,0.0
2008-10-17,250.0,106.0,10.0,0.0,0.0
2008-10-18,178.0,78.0,0.0,0.0,0.0
2008-10-19,189.0,0.0,0.0,0.0,0.0
2008-10-20,194.0,6.0,0.0,0.0,0.0
2008-10-21,206.0,6.0,0.0,0.0,0.0
2008-10-22,228.0,17.0,0.0,0.0,0.0
2008-10-23,217.0,39.0,0.0,0.0,0.0
2008-10-24,167.0,50.0,36.0,0.0,0.0
2008-10-25,139.0,83.0,254.0,0.0,0.0
2008-10-26,167.0,17.0,0.0,0.0,0.0
2008-10-27,206.0,17.0,0.0,0.0,0.0
2008-10-28,100.0,28.0,0.0,0.0,0.0
2008-10-29,83.0,-17.0,0.0,0.0,0.0
2008-10-30,128.0,-28.0,0.0,0.0,0.0
2008-10-31,194.0,-28.0,0.0,0.0,0.0
2008-11-01,217.0,-17.0,0.0,0.0,0.0
2008-11-02,222.0,-17.0,0.0,0.0,0.0
2008-11-03,244.0,17.0,0.0,0.0,0.0
2008-11-04,233.0,22.0,0.0,0.0,0.0
2008-11-05,228.0,17.0,0.0,0.0,0.0
2008-11-06,239.0,22.0,0.0,0.0,0.0
2008-11-07,233.0,28.0,0.0,0.0,0.0
2008-11-08,211.0,33.0,38.0,0.0,0.0
2008-11-09,,,0.0,0.0,0.0
2008-11-10,161.0,-39.0,0.0,0.0,0.0
2008-11-11,156.0,-22.0,0.0,0.0,0.0
2008-11-12,161.0,0.0,0.0,0.0,0.0
2008-11-13,161.0,78.0,69.0,0.0,0.0
2008-11-14,150.0,117.0,33.0,0.0,0.0
2008-11-15,211.0,106.0,64.0,0.0,0.0
2008-11-16,,,69.0,,
2008-11-17,106.0,-39.0,0.0,,0.0
2008-11-18,89.0,-22.0,0.0,,0.0
2008-11-19,44.0,-83.0,0.0,,0.0
2008-11-20,106.0,-72.0,0.0,0.0,0.0
2008-11-21,144.0,-50.0,0.0,0.0,0.0
2008-11-22,22.0,-111.0,0.0,0.0,0.0
2008-11-23,61.0,-100.0,0.0,0.0,0.0
2008-11-24,133.0,-33.0,13.0,0.0,0.0
2008-11-25,83.0,-22.0,155.0,0.0,0.0
2008-11-26,78.0,-67.0,0.0,0.0,0.0
2008-11-27,133.0,-67.0,0.0,0.0,0.0
2008-11-28,161.0,-61.0,0.0,0.0,0.0
2008-11-29,167.0,-6.0,13.0,0.0,0.0
2008-11-30,111.0,67.0,114.0,0.0,0.0
2008-12-01,89.0,6.0,109.0,,
2008-12-02,11.0,-11.0,25.0,,25.0
2008-12-03,61.0,-61.0,0.0,,0.0
2008-12-04,133.0,-56.0,13.0,,
2008-12-05,72.0,-33.0,56.0,,
2008-12-06,44.0,-61.0,0.0,,0.0
2008-12-07,44.0,-39.0,0.0,,0.0
2008-12-08,50.0,-67.0,0.0,,0.0
2008-12-09,128.0,-61.0,0.0,,0.0
2008-12-10,178.0,117.0,559.0,0.0,
2008-12-11,167.0,133.0,218.0,0.0,
2008-12-12,178.0,6.0,401.0,0.0,0.0
2008-12-13,50.0,-61.0,0.0,0.0,0.0
2008-12-14,100.0,-44.0,0.0,0.0,0.0
2008-12-15,117.0,11.0,3.0,0.0,0.0
2008-12-16,144.0,78.0,117.0,0.0,
2008-12-17,167.0,78.0,188.0,0.0,
2008-12-18,172.0,128.0,99.0,0.0,
2008-12-19,161.0,117.0,5.0,0.0,
2008-12-20,161.0,117.0,10.0,0.0,
2008-12-21,150.0,39.0,198.0,,
2008-12-22,44.0,-117.0,0.0,,0.0
2008-12-23,0.0,-117.0,0.0,,0.0
2008-12-24,117.0,0.0,0.0,,0.0
2008-12-25,150.0,61.0,226.0,0.0,
2008-12-26,161.0,33.0,8.0,0.0,
2008-12-27,156.0,89.0,8.0,0.0,
2008-12-28,183.0,117.0,203.0,0.0,
2008-12-29,144.0,33.0,30.0,,
2008-12-30,128.0,-28.0,0.0,,0.0
2008-12-31,178.0,-28.0,0.0,,0.0
2009-01-01,67.0,-83.0,0.0,0.0,0.0
2009-01-02,94.0,-83.0,36.0,0.0,
2009-01-03,61.0,11.0,15.0,0.0,0.0
2009-01-04,117.0,39.0,66.0,0.0,0.0
2009-01-05,206.0,100.0,20.0,0.0,0.0
2009-01-06,167.0,128.0,478.0,0.0,0.0
2009-01-07,189.0,94.0,752.0,0.0,0.0
2009-01-08,100.0,-6.0,58.0,0.0,0.0
2009-01-09,89.0,-50.0,0.0,0.0,0.0
2009-01-10,133.0,-50.0,0.0,0.0,0.0
2009-01-11,111.0,22.0,41.0,0.0,0.0
2009-01-12,22.0,-50.0,0.0,0.0,0.0
2009-01-13,89.0,-50.0,0.0,0.0,0.0
2009-01-14,94.0,-83.0,0.0,0.0,0.0
2009-01-15,94.0,-83.0,0.0,0.0,0.0
2009-01-16,-11.0,-144.0,0.0,0.0,0.0
2009-01-17,-28.0,-144.0,0.0,0.0,0.0
2009-01-18,28.0,-117.0,,25.0,
2009-01-19,83.0,-33.0,53.0,,
2009-01-20,33.0,-61.0,0.0,,
2009-01-21,-22.0,-133.0,0.0,,
2009-01-22,28.0,-122.0,0.0,0.0,0.0
2009-01-23,100.0,-89.0,0.0,0.0,0.0
2009-01-24,156.0,-44.0,8.0,0.0,0.0
2009-01-25,122.0,-39.0,0.0,0.0,0.0
2009-01-26,122.0,-39.0,0.0,0.0,0.0
2009-01-27,100.0,22.0,0.0,0.0,0.0
2009-01-28,167.0,67.0,0.0,0.0,0.0
2009-01-29,139.0,-11.0,89.0,0.0,0.0
2009-01-30,89.0,-44.0,0.0,0.0,0.0
2009-01-31,39.0,-61.0,0.0,0.0,0.0
2009-02-01,83.0,-56.0,0.0,0.0,0.0
2009-02-02,156.0,-22.0,0.0,0.0,0.0
2009-02-03,50.0,-67.0,66.0,0.0,0.0
2009-02-04,50.0,-117.0,3.0,,
2009-02-05,-33.0,-133.0,0.0,,
2009-02-06,44.0,-133.0,0.0,0.0,0.0
2009-02-07,161.0,-83.0,0.0,0.0,0.0
2009-02-08,189.0,-28.0,0.0,0.0,0.0
2009-02-09,183.0,22.0,0.0,0.0,0.0
2009-02-10,217.0,28.0,0.0,0.0,0.0
2009-02-11,206.0,56.0,0.0,0.0,0.0
2009-02-12,172.0,67.0,155.0,0.0,0.0
2009-02-13,172.0,-33.0,0.0,0.0,0.0
2009-02-14,178.0,-22.0,20.0,0.0,0.0
2009-02-15,122.0,0.0,8.0,0.0,0.0
2009-02-16,139.0,-39.0,0.0,0.0,0.0
2009-02-17,94.0,-72.0,0.0,0.0,0.0
2009-02-18,139.0,-67.0,279.0,0.0,0.0
2009-02-19,167.0,33.0,58.0,0.0,0.0
2009-02-20,56.0,-78.0,0.0,0.0,0.0
2009-02-21,50.0,-78.0,0.0,0.0,0.0
2009-02-22,133.0,-33.0,38.0,0.0,0.0
2009-02-23,33.0,-89.0,0.0,0.0,0.0
2009-02-24,67.0,-83.0,0.0,0.0,0.0
2009-02-25,133.0,-72.0,0.0,0.0,0.0
2009-02-26,144.0,44.0,5.0,0.0,0.0
2009-02-27,178.0,78.0,10.0,0.0,0.0
2009-02-28,139.0,94.0,188.0,0.0,0.0
2009-03-01,133.0,28.0,71.0,0.0,0.0
2009-03-02,61.0,-67.0,0.0,0.0,0.0
2009-03-03,33.0,-106.0,0.0,0.0,0.0
2009-03-04,67.0,-94.0,0.0,0.0,0.0
2009-03-05,128.0,-39.0,0.0,0.0,0.0
2009-03-06,183.0,-22.0,0.0,0.0,0.0
2009-03-07,161.0,28.0,0.0,0.0,0.0
2009-03-08,244.0,50.0,0.0,0.0,0.0
2009-03-09,233.0,61.0,0.0,0.0,0.0
2009-03-10,256.0,106.0,0.0,0.0,0.0
2009-03-11,261.0,89.0,0.0,0.0,0.0
2009-03-12,194.0,33.0,0.0,0.0,0.0
2009-03-13,139.0,33.0,0.0,0.0,0.0
2009-03-14,111.0,67.0,231.0,0.0,0.0
2009-03-15,106.0,78.0,361.0,0.0,0.0
2009-03-16,156.0,83.0,69.0,0.0,0.0
2009-03-17,139.0,50.0,69.0,0.0,0.0
2009-03-18,217.0,33.0,0.0,0.0,0.0
2009-03-19,217.0,33.0,0.0,0.0,0.0
2009-03-20,222.0,-6.0,0.0,0.0,0.0
2009-03-21,167.0,-22.0,0.0,0.0,0.0
2009-03-22,161.0,-11.0,0.0,0.0,0.0
2009-03-23,211.0,-11.0,0.0,0.0,0.0
2009-03-24,228.0,17.0,0.0,0.0,0.0
2009-03-25,222.0,33.0,43.0,0.0,0.0
2009-03-26,133.0,106.0,119.0,0.0,0.0
2009-03-27,144.0,100.0,69.0,0.0,0.0
2009-03-28,161.0,100.0,102.0,0.0,0.0
2009-03-29,189.0,56.0,114.0,0.0,0.0
2009-03-30,78.0,-17.0,0.0,0.0,0.0
2009-03-31,178.0,-11.0,0.0,0.0,0.0
2009-04-01,161.0,50.0,124.0,0.0,0.0
2009-04-02,222.0,106.0,3.0,0.0,0.0
2009-04-03,183.0,100.0,140.0,0.0,0.0
2009-04-04,117.0,-6.0,0.0,0.0,0.0
2009-04-05,233.0,17.0,0.0,0.0,0.0
2009-04-06,267.0,50.0,3.0,0.0,0.0
2009-04-07,67.0,-6.0,51.0,0.0,13.0
2009-04-08,56.0,-39.0,0.0,0.0,0.0
2009-04-09,172.0,-28.0,0.0,0.0,0.0
2009-04-10,239.0,17.0,0.0,0.0,0.0
2009-04-11,183.0,106.0,500.0,0.0,0.0
2009-04-12,156.0,6.0,0.0,0.0,0.0
2009-04-13,222.0,22.0,51.0,0.0,0.0
2009-04-14,139.0,111.0,20.0,0.0,0.0
2009-04-15,167.0,72.0,76.0,0.0,0.0
2009-04-16,133.0,11.0,0.0,0.0,0.0
2009-04-17,217.0,22.0,0.0,0.0,0.0
2009-04-18,250.0,39.0,0.0,0.0,0.0
2009-04-19,261.0,83.0,3.0,0.0,0.0
2009-04-20,194.0,100.0,239.0,0.0,0.0
2009-04-21,178.0,44.0,20.0,0.0,0.0
2009-04-22,178.0,0.0,0.0,0.0,0.0
2009-04-23,189.0,22.0,0.0,0.0,0.0
2009-04-24,283.0,44.0,0.0,0.0,0.0
2009-04-25,306.0,100.0,0.0,0.0,0.0
2009-04-26,311.0,111.0,0.0,0.0,0.0
2009-04-27,294.0,111.0,0.0,0.0,0.0
2009-04-28,283.0,106.0,0.0,0.0,0.0
2009-04-29,272.0,117.0,0.0,0.0,0.0
2009-04-30,278.0,133.0,0.0,0.0,0.0
2009-05-01,261.0,156.0,53.0,0.0,0.0
2009-05-02,239.0,144.0,267.0,0.0,0.0
2009-05-03,189.0,150.0,356.0,0.0,0.0
2009-05-04,206.0,156.0,79.0,0.0,0.0
2009-05-05,206.0,161.0,102.0,0.0,0.0
2009-05-06,244.0,139.0,185.0,0.0,0.0
2009-05-07,239.0,156.0,251.0,0.0,0.0
2009-05-08,267.0,133.0,0.0,0.0,0.0
2009-05-09,267.0,144.0,165.0,0.0,0.0
2009-05-10,256.0,133.0,38.0,0.0,0.0
2009-05-11,244.0,144.0,5.0,0.0,0.0
2009-05-12,189.0,67.0,0.0,0.0,0.0
2009-05-13,244.0,83.0,0.0,0.0,0.0
2009-05-14,228.0,161.0,0.0,0.0,0.0
2009-05-15,256.0,156.0,0.0,0.0,0.0
2009-05-16,294.0,156.0,3.0,0.0,0.0
2009-05-17,267.0,156.0,64.0,0.0,0.0
2009-05-18,161.0,39.0,8.0,0.0,0.0
2009-05-19,211.0,39.0,0.0,0.0,0.0
2009-05-20,244.0,61.0,0.0,0.0,0.0
2009-05-21,272.0,100.0,0.0,0.0,0.0
2009-05-22,267.0,167.0,0.0,0.0,0.0
2009-05-23,267.0,172.0,8.0,0.0,0.0
2009-05-24,,,,0.0,0.0
2009-05-25,261.0,178.0,,0.0,0.0
2009-05-26,278.0,178.0,5.0,0.0,0.0
2009-05-27,267.0,178.0,25.0,0.0,0.0
2009-05-28,256.0,172.0,41.0,0.0,0.0
2009-05-29,289.0,167.0,71.0,0.0,0.0
2009-05-30,256.0,106.0,0.0,0.0,0.0
2009-05-31,283.0,139.0,0.0,0.0,0.0
2009-06-01,294.0,111.0,0.0,,0.0
2009-06-02,306.0,133.0,0.0,0.0,0.0
2009-06-03,322.0,161.0,0.0,0.0,0.0
2009-06-04,306.0,172.0,229.0,0.0,0.0
2009-06-05,250.0,178.0,94.0,0.0,0.0
2009-06-06,244.0,128.0,0.0,0.0,0.0
2009-06-07,278.0,128.0,0.0,0.0,0.0
2009-06-08,300.0,128.0,0.0,0.0,0.0
2009-06-09,294.0,161.0,0.0,0.0,0.0
2009-06-10,306.0,172.0,0.0,0.0,0.0
2009-06-11,294.0,189.0,43.0,0.0,0.0
2009-06-12,283.0,178.0,310.0,0.0,0.0
2009-06-13,289.0,172.0,0.0,0.0,0.0
2009-06-14,300.0,178.0,28.0,0.0,0.0
2009-06-15,278.0,172.0,0.0,0.0,0.0
2009-06-16,300.0,172.0,0.0,0.0,0.0
2009-06-17,306.0,200.0,0.0,0.0,0.0
2009-06-18,317.0,189.0,373.0,0.0,0.0
2009-06-19,311.0,178.0,0.0,0.0,0.0
2009-06-20,322.0,189.0,0.0,0.0,0.0
2009-06-21,328.0,228.0,0.0,0.0,0.0
2009-06-22,328.0,200.0,69.0,0.0,0.0
2009-06-23,306.0,194.0,53.0,0.0,0.0
2009-06-24,311.0,167.0,0.0,0.0,0.0
2009-06-25,306.0,161.0,0.0,0.0,0.0
2009-06-26,322.0,156.0,0.0,0.0,0.0
2009-06-27,311.0,167.0,0.0,0.0,0.0
2009-06-28,328.0,189.0,51.0,0.0,0.0
2009-06-29,333.0,172.0,0.0,0.0,0.0
2009-06-30,283.0,133.0,0.0,0.0,0.0
2009-07-01,267.0,161.0,20.0,0.0,0.0
2009-07-02,306.0,133.0,0.0,0.0,0.0
2009-07-03,289.0,128.0,0.0,0.0,0.0
2009-07-04,278.0,122.0,0.0,0.0,0.0
2009-07-05,294.0,156.0,64.0,0.0,0.0
2009-07-06,267.0,183.0,241.0,0.0,0.0
2009-07-07,294.0,183.0,8.0,0.0,0.0
2009-07-08,294.0,189.0,185.0,0.0,0.0
2009-07-09,278.0,183.0,79.0,0.0,0.0
2009-07-10,283.0,161.0,10.0,0.0,0.0
2009-07-11,283.0,167.0,0.0,0.0,0.0
2009-07-12,294.0,178.0,0.0,0.0,0.0
2009-07-13,278.0,194.0,127.0,0.0,0.0
2009-07-14,278.0,167.0,0.0,0.0,0.0
2009-07-15,311.0,178.0,0.0,0.0,0.0
2009-07-16,306.0,189.0,53.0,0.0,0.0
2009-07-17,300.0,206.0,0.0,0.0,0.0
2009-07-18,294.0,122.0,0.0,0.0,0.0
2009-07-19,250.0,111.0,0.0,0.0,0.0
2009-07-20,250.0,122.0,0.0,0.0,0.0
2009-07-21,261.0,117.0,0.0,0.0,0.0
2009-07-22,283.0,144.0,0.0,0.0,0.0
2009-07-23,261.0,167.0,10.0,0.0,0.0
2009-07-24,283.0,133.0,0.0,0.0,0.0
2009-07-25,289.0,144.0,0.0,0.0,0.0
2009-07-26,311.0,156.0,0.0,0.0,0.0
2009-07-27,311.0,172.0,0.0,0.0,0.0
2009-07-28,306.0,183.0,8.0,0.0,0.0
2009-07-29,306.0,189.0,312.0,0.0,0.0
2009-07-30,278.0,206.0,30.0,0.0,0.0
2009-07-31,272.0,206.0,25.0,0.0,0.0
2009-08-01,272.0,189.0,145.0,0.0,0.0
2009-08-02,306.0,194.0,89.0,0.0,0.0
2009-08-03,289.0,156.0,122.0,0.0,0.0
2009-08-04,294.0,161.0,0.0,0.0,0.0
2009-08-05,317.0,172.0,0.0,0.0,0.0
2009-08-06,300.0,156.0,86.0,0.0,0.0
2009-08-07,294.0,150.0,0.0,0.0,0.0
2009-08-08,311.0,161.0,0.0,0.0,0.0
2009-08-09,317.0,183.0,0.0,0.0,0.0
2009-08-10,322.0,178.0,0.0,0.0,0.0
2009-08-11,322.0,194.0,0.0,0.0,0.0
2009-08-12,317.0,200.0,76.0,0.0,0.0
2009-08-13,283.0,167.0,53.0,0.0,0.0
2009-08-14,306.0,167.0,3.0,0.0,0.0
2009-08-15,311.0,183.0,127.0,0.0,0.0
2009-08-16,306.0,178.0,0.0,0.0,0.0
2009-08-17,289.0,194.0,23.0,0.0,0.0
2009-08-18,300.0,194.0,15.0,0.0,0.0
2009-08-19,267.0,194.0,170.0,0.0,0.0
2009-08-20,272.0,200.0,127.0,0.0,0.0
2009-08-21,300.0,200.0,69.0,0.0,0.0
2009-08-22,278.0,183.0,343.0,0.0,0.0
2009-08-23,272.0,139.0,0.0,0.0,0.0
2009-08-24,261.0,144.0,0.0,0.0,0.0
2009-08-25,289.0,156.0,20.0,0.0,0.0
2009-08-26,294.0,156.0,0.0,0.0,0.0
2009-08-27,300.0,172.0,5.0,0.0,0.0
2009-08-28,294.0,189.0,58.0,0.0,0.0
2009-08-29,256.0,172.0,102.0,0.0,0.0
2009-08-30,272.0,178.0,0.0,0.0,0.0
2009-08-31,261.0,183.0,0.0,0.0,0.0
2009-09-01,272.0,183.0,15.0,0.0,0.0
2009-09-02,250.0,167.0,0.0,0.0,0.0
2009-09-03,272.0,133.0,0.0,0.0,0.0
2009-09-04,250.0,133.0,0.0,0.0,0.0
2009-09-05,278.0,144.0,0.0,0.0,0.0
2009-09-06,283.0,150.0,0.0,0.0,0.0
2009-09-07,267.0,178.0,0.0,0.0,0.0
2009-09-08,283.0,161.0,0.0,0.0,0.0
2009-09-09,283.0,167.0,36.0,0.0,0.0
2009-09-10,278.0,150.0,3.0,0.0,0.0
2009-09-11,244.0,156.0,3.0,0.0,0.0
2009-09-12,267.0,172.0,0.0,0.0,0.0
2009-09-13,278.0,150.0,0.0,0.0,0.0
2009-09-14,289.0,144.0,0.0,0.0,0.0
2009-09-15,283.0,156.0,0.0,0.0,0.0
2009-09-16,228.0,189.0,236.0,0.0,0.0
2009-09-17,256.0,189.0,389.0,0.0,0.0
2009-09-18,250.0,189.0,13.0,0.0,0.0
2009-09-19,256.0,183.0,147.0,0.0,0.0
2009-09-20,256.0,189.0,157.0,0.0,0.0
2009-09-21,211.0,194.0,414.0,0.0,0.0
2009-09-22,217.0,189.0,282.0,0.0,0.0
2009-09-23,272.0,167.0,5.0,0.0,0.0
2009-09-24,294.0,167.0,0.0,0.0,0.0
2009-09-25,289.0,189.0,183.0,0.0,0.0
2009-09-26,300.0,194.0,0.0,0.0,0.0
2009-09-27,211.0,172.0,353.0,0.0,0.0
2009-09-28,239.0,117.0,0.0,0.0,0.0
2009-09-29,256.0,61.0,0.0,0.0,0.0
2009-09-30,194.0,61.0,0.0,0.0,0.0
2009-10-01,217.0,67.0,0.0,0.0,0.0
2009-10-02,233.0,67.0,0.0,0.0,0.0
2009-10-03,217.0,83.0,0.0,0.0,0.0
2009-10-04,217.0,67.0,0.0,0.0,0.0
2009-10-05,217.0,67.0,328.0,0.0,0.0
2009-10-06,194.0,122.0,5.0,0.0,0.0
2009-10-07,217.0,150.0,124.0,0.0,0.0
2009-10-08,228.0,67.0,0.0,0.0,0.0
2009-10-09,267.0,67.0,0.0,0.0,0.0
2009-10-10,278.0,167.0,114.0,0.0,0.0
2009-10-11,194.0,133.0,5.0,0.0,0.0
2009-10-12,233.0,133.0,310.0,0.0,0.0
2009-10-13,172.0,117.0,163.0,0.0,0.0
2009-10-14,233.0,128.0,94.0,0.0,0.0
2009-10-15,156.0,128.0,69.0,0.0,0.0
2009-10-16,172.0,94.0,132.0,0.0,0.0
2009-10-17,128.0,67.0,0.0,0.0,0.0
2009-10-18,89.0,28.0,5.0,0.0,0.0
2009-10-19,111.0,-22.0,0.0,0.0,0.0
2009-10-20,178.0,-22.0,0.0,0.0,0.0
2009-10-21,217.0,0.0,0.0,0.0,0.0
2009-10-22,233.0,6.0,0.0,0.0,0.0
2009-10-23,233.0,39.0,13.0,0.0,0.0
2009-10-24,206.0,128.0,107.0,0.0,0.0
2009-10-25,150.0,11.0,0.0,0.0,0.0
2009-10-26,200.0,22.0,0.0,0.0,0.0
2009-10-27,206.0,33.0,48.0,0.0,0.0
2009-10-28,144.0,94.0,409.0,0.0,0.0
2009-10-29,217.0,78.0,0.0,0.0,0.0
2009-10-30,256.0,72.0,0.0,0.0,0.0
2009-10-31,194.0,156.0,3.0,0.0,0.0
2009-11-01,194.0,44.0,221.0,0.0,0.0
2009-11-02,167.0,33.0,0.0,0.0,0.0
2009-11-03,194.0,22.0,0.0,0.0,0.0
2009-11-04,211.0,11.0,0.0,0.0,0.0
2009-11-05,206.0,17.0,0.0,0.0,0.0
2009-11-06,178.0,-22.0,0.0,0.0,0.0
2009-11-07,206.0,-17.0,0.0,0.0,0.0
2009-11-08,228.0,6.0,0.0,0.0,0.0
2009-11-09,261.0,6.0,0.0,0.0,0.0
2009-11-10,194.0,50.0,137.0,0.0,0.0
2009-11-11,133.0,111.0,904.0,0.0,0.0
2009-11-12,172.0,44.0,0.0,0.0,0.0
2009-11-13,172.0,22.0,0.0,0.0,0.0
2009-11-14,211.0,22.0,0.0,0.0,0.0
2009-11-15,233.0,33.0,0.0,0.0,0.0
2009-11-16,244.0,-6.0,0.0,0.0,0.0
2009-11-17,244.0,-6.0,0.0,0.0,0.0
2009-11-18,167.0,83.0,165.0,0.0,0.0
2009-11-19,144.0,39.0,3.0,0.0,0.0
2009-11-20,156.0,0.0,0.0,0.0,0.0
2009-11-21,178.0,0.0,0.0,0.0,0.0
2009-11-22,178.0,11.0,0.0,0.0,0.0
2009-11-23,100.0,67.0,91.0,0.0,0.0
2009-11-24,150.0,83.0,0.0,0.0,0.0
2009-11-25,139.0,56.0,0.0,0.0,0.0
2009-11-26,167.0,-11.0,0.0,0.0,0.0
2009-11-27,106.0,0.0,0.0,0.0,0.0
2009-11-28,106.0,-33.0,0.0,0.0,0.0
2009-11-29,172.0,0.0,0.0,0.0,0.0
2009-11-30,161.0,28.0,107.0,0.0,0.0
2009-12-01,122.0,-17.0,81.0,0.0,0.0
2009-12-02,122.0,-22.0,117.0,0.0,0.0
2009-12-03,161.0,50.0,142.0,0.0,0.0
2009-12-04,67.0,33.0,0.0,0.0,0.0
2009-12-05,100.0,-6.0,51.0,0.0,5.0
2009-12-06,50.0,-67.0,0.0,0.0,0.0
2009-12-07,56.0,-61.0,0.0,0.0,0.0
2009-12-08,100.0,-33.0,0.0,0.0,0.0
2009-12-09,111.0,61.0,800.0,0.0,0.0
2009-12-10,172.0,-22.0,0.0,0.0,0.0
2009-12-11,28.0,-67.0,0.0,0.0,0.0
2009-12-12,22.0,-56.0,0.0,0.0,0.0
2009-12-13,94.0,-28.0,56.0,0.0,0.0
2009-12-14,117.0,72.0,86.0,0.0,0.0
2009-12-15,167.0,72.0,28.0,0.0,0.0
2009-12-16,133.0,-6.0,0.0,0.0,0.0
2009-12-17,67.0,-50.0,0.0,0.0,0.0
2009-12-18,94.0,-44.0,84.0,0.0,0.0
2009-12-19,44.0,11.0,376.0,0.0,0.0
2009-12-20,44.0,-6.0,127.0,0.0,13.0
2009-12-21,28.0,-56.0,0.0,0.0,0.0
2009-12-22,83.0,-56.0,0.0,0.0,0.0
2009-12-23,128.0,-44.0,0.0,0.0,0.0
2009-12-24,139.0,-11.0,0.0,0.0,0.0
2009-12-25,128.0,-11.0,224.0,0.0,0.0
2009-12-26,111.0,-44.0,0.0,0.0,0.0
2009-12-27,83.0,-33.0,0.0,0.0,0.0
2009-12-28,100.0,-61.0,0.0,0.0,0.0
2009-12-29,28.0,-67.0,0.0,0.0,0.0
2009-12-30,67.0,-44.0,0.0,0.0,0.0
2009-12-31,78.0,22.0,81.0,0.0,0.0
2010-01-01,72.0,17.0,254.0,0.0,0.0
2010-01-02,56.0,-72.0,0.0,0.0,0.0
2010-01-03,-17.0,-117.0,0.0,0.0,0.0
2010-01-05,-6.0,-117.0,0.0,0.0,0.0
2010-01-06,-11.0,-111.0,0.0,0.0,0.0
2010-01-07,17.0,-106.0,0.0,0.0,0.0
2010-01-08,0.0,-117.0,381.0,51.0,38.0
2010-01-09,-72.0,-172.0,0.0,25.0,0.0
2010-01-10,-11.0,-161.0,0.0,25.0,0.0
2010-01-11,-6.0,-156.0,0.0,25.0,0.0
2010-01-12,33.0,-139.0,25.0,25.0,3.0
2010-01-13,17.0,-117.0,0.0,0.0,0.0
2010-01-14,83.0,-111.0,0.0,0.0,0.0
2010-01-15,128.0,-83.0,0.0,0.0,0.0
2010-01-16,167.0,-50.0,0.0,0.0,0.0
2010-01-17,128.0,11.0,119.0,0.0,0.0
2010-01-18,111.0,11.0,99.0,0.0,0.0
2010-01-19,161.0,-17.0,0.0,0.0,0.0
2010-01-20,156.0,-11.0,0.0,0.0,0.0
2010-01-21,167.0,78.0,191.0,0.0,0.0
2010-01-22,133.0,67.0,140.0,0.0,0.0
2010-01-23,117.0,22.0,0.0,0.0,0.0
2010-01-24,117.0,28.0,5.0,0.0,0.0
2010-01-25,150.0,67.0,508.0,0.0,0.0
2010-01-26,78.0,-39.0,0.0,0.0,0.0
2010-01-27,22.0,-56.0,0.0,0.0,0.0
2010-01-28,89.0,-56.0,0.0,0.0,0.0
2010-01-29,133.0,-17.0,0.0,0.0,0.0
2010-01-30,28.0,-6.0,508.0,,
2010-01-31,28.0,-44.0,0.0,51.0,0.0
2010-02-01,50.0,-61.0,0.0,0.0,0.0
2010-02-02,122.0,-61.0,147.0,0.0,0.0
2010-02-03,72.0,-22.0,5.0,0.0,0.0
2010-02-04,89.0,-22.0,0.0,0.0,0.0
2010-02-05,67.0,0.0,404.0,0.0,0.0
2010-02-06,72.0,28.0,191.0,25.0,
2010-02-07,28.0,-28.0,0.0,0.0,0.0
2010-02-08,22.0,-22.0,0.0,0.0,0.0
2010-02-09,106.0,-17.0,0.0,0.0,0.0
2010-02-10,78.0,-72.0,64.0,0.0,0.0
2010-02-11,-17.0,-72.0,3.0,0.0,0.0
2010-02-12,50.0,-72.0,0.0,0.0,0.0
2010-02-13,17.0,-100.0,508.0,51.0,51.0
2010-02-14,17.0,-72.0,76.0,51.0,8.0
2010-02-15,28.0,-22.0,132.0,0.0,0.0
2010-02-16,11.0,-72.0,254.0,25.0,
2010-02-17,-28.0,-67.0,8.0,0.0,13.0
2010-02-18,11.0,-44.0,0.0,0.0,0.0
2010-02-19,78.0,-56.0,0.0,0.0,0.0
2010-02-20,128.0,-56.0,0.0,0.0,0.0
2010-02-21,161.0,-39.0,0.0,0.0,0.0
2010-02-22,189.0,-39.0,157.0,0.0,0.0
2010-02-23,150.0,50.0,0.0,0.0,0.0
2010-02-24,78.0,6.0,0.0,0.0,0.0
2010-02-25,56.0,-56.0,0.0,0.0,0.0
2010-02-26,17.0,-56.0,0.0,0.0,0.0
2010-02-27,56.0,-61.0,0.0,0.0,0.0
2010-02-28,83.0,-6.0,0.0,0.0,0.0
2010-03-01,44.0,-39.0,0.0,0.0,0.0
2010-03-02,100.0,-17.0,43.0,0.0,0.0
2010-03-03,28.0,-17.0,86.0,25.0,25.0
2010-03-04,28.0,-22.0,0.0,0.0,0.0
2010-03-05,72.0,-67.0,0.0,0.0,0.0
2010-03-06,106.0,-72.0,0.0,0.0,0.0
2010-03-07,139.0,-61.0,0.0,0.0,0.0
2010-03-08,150.0,-44.0,0.0,0.0,0.0
2010-03-09,206.0,0.0,0.0,0.0,0.0
2010-03-10,211.0,17.0,10.0,0.0,0.0
2010-03-11,139.0,61.0,0.0,0.0,0.0
2010-03-12,144.0,56.0,61.0,0.0,0.0
2010-03-13,167.0,39.0,279.0,0.0,0.0
2010-03-14,167.0,33.0,142.0,0.0,0.0
2010-03-15,67.0,44.0,84.0,0.0,0.0
2010-03-16,,,0.0,0.0,0.0
2010-03-17,133.0,39.0,0.0,0.0,0.0
2010-03-18,106.0,56.0,0.0,0.0,0.0
2010-03-19,183.0,-6.0,0.0,0.0,0.0
2010-03-20,211.0,-6.0,0.0,0.0,0.0
2010-03-21,222.0,17.0,0.0,0.0,0.0
2010-03-22,144.0,17.0,155.0,0.0,0.0
2010-03-23,44.0,0.0,38.0,0.0,0.0
2010-03-24,167.0,0.0,0.0,0.0,0.0
2010-03-25,239.0,0.0,0.0,0.0,0.0
2010-03-26,172.0,72.0,38.0,0.0,0.0
2010-03-27,100.0,-11.0,3.0,0.0,0.0
2010-03-28,178.0,0.0,20.0,0.0,0.0
2010-03-29,161.0,61.0,107.0,0.0,0.0
2010-03-30,94.0,11.0,3.0,0.0,0.0
2010-03-31,178.0,-11.0,0.0,0.0,0.0
2010-04-01,244.0,-11.0,0.0,0.0,0.0
2010-04-02,306.0,28.0,0.0,0.0,0.0
2010-04-03,311.0,56.0,0.0,0.0,0.0
2010-04-04,244.0,89.0,0.0,0.0,0.0
2010-04-05,283.0,83.0,0.0,0.0,0.0
2010-04-06,306.0,89.0,0.0,0.0,0.0
2010-04-07,306.0,89.0,0.0,0.0,0.0
2010-04-08,283.0,106.0,0.0,0.0,0.0
2010-04-09,178.0,39.0,574.0,0.0,0.0
2010-04-10,183.0,0.0,0.0,0.0,0.0
2010-04-11,233.0,22.0,0.0,0.0,0.0
2010-04-12,244.0,22.0,0.0,0.0,0.0
2010-04-13,278.0,44.0,0.0,0.0,0.0
2010-04-14,278.0,72.0,0.0,0.0,0.0
2010-04-15,289.0,78.0,0.0,0.0,0.0
2010-04-16,283.0,83.0,0.0,0.0,0.0
2010-04-17,278.0,83.0,0.0,0.0,0.0
2010-04-18,228.0,22.0,0.0,0.0,0.0
2010-04-19,211.0,22.0,0.0,0.0,0.0
2010-04-20,222.0,39.0,0.0,0.0,0.0
2010-04-21,133.0,78.0,97.0,0.0,0.0
2010-04-22,194.0,33.0,0.0,0.0,0.0
2010-04-23,228.0,50.0,0.0,0.0,0.0
2010-04-24,283.0,111.0,13.0,0.0,0.0
2010-04-25,200.0,150.0,559.0,0.0,0.0
2010-04-26,244.0,111.0,3.0,0.0,0.0
2010-04-27,150.0,94.0,13.0,0.0,0.0
2010-04-28,161.0,22.0,25.0,0.0,0.0
2010-04-29,178.0,22.0,0.0,0.0,0.0
2010-04-30,244.0,39.0,0.0,0.0,0.0
2010-05-01,289.0,94.0,0.0,0.0,0.0
2010-05-02,239.0,189.0,0.0,0.0,0.0
2010-05-03,306.0,183.0,577.0,0.0,0.0
2010-05-04,267.0,144.0,5.0,0.0,0.0
2010-05-05,289.0,89.0,0.0,0.0,0.0
2010-05-06,300.0,117.0,0.0,0.0,0.0
2010-05-07,300.0,122.0,0.0,0.0,0.0
2010-05-08,311.0,144.0,0.0,0.0,0.0
2010-05-09,217.0,39.0,0.0,0.0,0.0
2010-05-10,200.0,39.0,0.0,0.0,0.0
2010-05-11,167.0,50.0,51.0,0.0,0.0
2010-05-12,189.0,139.0,0.0,0.0,0.0
2010-05-13,278.0,139.0,0.0,0.0,0.0
2010-05-14,294.0,139.0,0.0,0.0,0.0
2010-05-15,300.0,161.0,0.0,0.0,0.0
2010-05-16,283.0,161.0,5.0,0.0,0.0
2010-05-17,261.0,161.0,208.0,0.0,0.0
2010-05-18,267.0,144.0,43.0,0.0,0.0
2010-05-19,244.0,100.0,0.0,0.0,0.0
2010-05-20,222.0,83.0,0.0,0.0,0.0
2010-05-21,278.0,111.0,48.0,0.0,0.0
2010-05-22,244.0,167.0,236.0,0.0,0.0
2010-05-23,283.0,139.0,0.0,0.0,0.0
2010-05-24,311.0,133.0,0.0,0.0,0.0
2010-05-25,289.0,156.0,61.0,0.0,0.0
2010-05-26,283.0,139.0,0.0,0.0,0.0
2010-05-27,289.0,133.0,0.0,0.0,0.0
2010-05-28,294.0,156.0,8.0,0.0,0.0
2010-05-29,294.0,167.0,394.0,0.0,0.0
2010-05-30,289.0,178.0,0.0,0.0,0.0
2010-05-31,,,0.0,0.0,0.0
2010-06-01,256.0,183.0,30.0,0.0,0.0
2010-06-02,289.0,183.0,0.0,0.0,0.0
2010-06-03,289.0,178.0,15.0,0.0,0.0
2010-06-04,306.0,178.0,0.0,0.0,0.0
2010-06-05,283.0,194.0,0.0,0.0,0.0
2010-06-06,289.0,194.0,20.0,0.0,0.0
2010-06-07,283.0,128.0,152.0,0.0,0.0
2010-06-08,278.0,133.0,0.0,0.0,0.0
2010-06-09,289.0,156.0,0.0,0.0,0.0
2010-06-11,294.0,194.0,0.0,0.0,0.0
2010-06-12,317.0,200.0,0.0,0.0,0.0
2010-06-13,322.0,206.0,0.0,0.0,0.0
2010-06-14,322.0,194.0,0.0,0.0,0.0
2010-06-15,339.0,194.0,0.0,0.0,0.0
2010-06-16,333.0,189.0,0.0,0.0,0.0
2010-06-17,306.0,189.0,0.0,0.0,0.0
2010-06-18,322.0,178.0,0.0,0.0,0.0
2010-06-19,306.0,194.0,18.0,0.0,0.0
2010-06-20,322.0,194.0,36.0,0.0,0.0
2010-06-21,333.0,156.0,0.0,0.0,0.0
2010-06-22,333.0,178.0,0.0,0.0,0.0
2010-06-23,333.0,183.0,0.0,0.0,0.0
2010-06-24,339.0,194.0,0.0,0.0,0.0
2010-06-25,333.0,206.0,0.0,0.0,0.0
2010-06-26,328.0,206.0,0.0,0.0,0.0
2010-06-27,328.0,200.0,0.0,0.0,0.0
2010-06-28,322.0,200.0,0.0,0.0,0.0
2010-06-29,333.0,206.0,15.0,0.0,0.0
2010-06-30,311.0,189.0,0.0,0.0,0.0
2010-07-01,306.0,161.0,0.0,0.0,0.0
2010-07-02,311.0,178.0,0.0,0.0,0.0
2010-07-03,278.0,178.0,0.0,0.0,0.0
2010-07-04,300.0,172.0,0.0,0.0,0.0
2010-07-05,322.0,156.0,0.0,0.0,0.0
2010-07-06,322.0,156.0,0.0,0.0,0.0
2010-07-07,339.0,178.0,0.0,0.0,0.0
2010-07-08,350.0,178.0,0.0,0.0,0.0
2010-07-09,361.0,178.0,0.0,0.0,0.0
2010-07-10,333.0,183.0,102.0,0.0,0.0
2010-07-11,317.0,178.0,0.0,0.0,0.0
2010-07-12,333.0,178.0,51.0,0.0,0.0
2010-07-13,289.0,206.0,508.0,0.0,0.0
2010-07-14,,,0.0,0.0,0.0
2010-07-15,322.0,183.0,0.0,0.0,0.0
2010-07-16,328.0,206.0,0.0,0.0,0.0
2010-07-17,333.0,206.0,0.0,0.0,0.0
2010-07-18,300.0,206.0,0.0,0.0,0.0
2010-07-19,294.0,217.0,264.0,0.0,0.0
2010-07-20,317.0,189.0,66.0,0.0,0.0
2010-07-21,306.0,200.0,312.0,0.0,0.0
2010-07-22,328.0,206.0,0.0,0.0,0.0
2010-07-23,333.0,200.0,0.0,0.0,0.0
2010-07-24,344.0,206.0,0.0,0.0,0.0
2010-07-25,350.0,222.0,0.0,0.0,0.0
2010-07-26,344.0,217.0,46.0,0.0,0.0
2010-07-27,322.0,217.0,5.0,0.0,0.0
2010-07-28,328.0,211.0,0.0,0.0,0.0
2010-07-29,328.0,211.0,0.0,0.0,0.0
2010-07-30,328.0,211.0,0.0,0.0,0.0
2010-07-31,322.0,194.0,0.0,0.0,0.0
2010-08-01,300.0,222.0,0.0,0.0,0.0
2010-08-02,339.0,222.0,0.0,0.0,0.0
2010-08-03,300.0,217.0,0.0,0.0,0.0
2010-08-04,328.0,222.0,56.0,0.0,0.0
2010-08-05,344.0,222.0,0.0,0.0,0.0
2010-08-06,339.0,206.0,10.0,0.0,0.0
2010-08-07,317.0,178.0,0.0,0.0,0.0
2010-08-08,328.0,178.0,0.0,0.0,0.0
2010-08-09,333.0,178.0,0.0,0.0,0.0
2010-08-10,333.0,211.0,0.0,0.0,0.0
2010-08-11,333.0,217.0,0.0,0.0,0.0
2010-08-12,344.0,217.0,51.0,0.0,0.0
2010-08-13,333.0,206.0,10.0,0.0,0.0
2010-08-14,356.0,211.0,3.0,0.0,0.0
2010-08-15,306.0,217.0,0.0,0.0,0.0
2010-08-16,339.0,211.0,0.0,0.0,0.0
2010-08-17,333.0,217.0,137.0,0.0,0.0
2010-08-18,283.0,211.0,20.0,0.0,0.0
2010-08-19,328.0,217.0,61.0,0.0,0.0
2010-08-20,306.0,200.0,5.0,0.0,0.0
2010-08-21,322.0,200.0,43.0,0.0,0.0
2010-08-22,267.0,217.0,135.0,0.0,0.0
2010-08-23,322.0,178.0,0.0,0.0,0.0
2010-08-24,317.0,161.0,0.0,0.0,0.0
2010-08-25,300.0,161.0,0.0,0.0,0.0
2010-08-26,294.0,156.0,0.0,0.0,0.0
2010-08-27,311.0,161.0,0.0,0.0,0.0
2010-08-28,311.0,178.0,64.0,0.0,0.0
2010-08-29,306.0,189.0,0.0,0.0,0.0
2010-08-30,294.0,183.0,0.0,0.0,0.0
2010-08-31,306.0,144.0,0.0,0.0,0.0
2010-09-01,322.0,128.0,0.0,0.0,0.0
2010-09-02,333.0,133.0,0.0,0.0,0.0
2010-09-03,328.0,150.0,0.0,0.0,0.0
2010-09-04,317.0,122.0,0.0,0.0,0.0
2010-09-05,261.0,67.0,0.0,0.0,0.0
2010-09-06,283.0,72.0,0.0,0.0,0.0
2010-09-07,306.0,117.0,0.0,0.0,0.0
2010-09-08,317.0,122.0,0.0,0.0,0.0
2010-09-09,300.0,167.0,0.0,0.0,0.0
2010-09-10,283.0,161.0,0.0,0.0,0.0
2010-09-11,311.0,183.0,0.0,0.0,0.0
2010-09-12,289.0,189.0,376.0,0.0,0.0
2010-09-13,272.0,100.0,0.0,0.0,0.0
2010-09-14,300.0,106.0,0.0,0.0,0.0
2010-09-15,306.0,111.0,0.0,0.0,0.0
2010-09-16,317.0,133.0,0.0,0.0,0.0
2010-09-17,294.0,161.0,142.0,0.0,0.0
2010-09-18,306.0,133.0,0.0,0.0,0.0
2010-09-19,311.0,139.0,0.0,0.0,0.0
2010-09-20,311.0,133.0,0.0,0.0,0.0
2010-09-21,317.0,133.0,0.0,0.0,0.0
2010-09-22,333.0,144.0,0.0,0.0,0.0
2010-09-23,317.0,167.0,0.0,0.0,0.0
2010-09-24,311.0,144.0,0.0,0.0,0.0
2010-09-25,306.0,150.0,0.0,0.0,0.0
2010-09-26,272.0,178.0,155.0,0.0,0.0
2010-09-27,206.0,161.0,203.0,0.0,0.0
2010-09-28,233.0,122.0,79.0,0.0,0.0
2010-09-29,222.0,100.0,0.0,0.0,0.0
2010-09-30,261.0,106.0,287.0,0.0,0.0
2010-10-01,228.0,83.0,48.0,0.0,0.0
2010-10-02,239.0,61.0,0.0,0.0,0.0
2010-10-03,233.0,61.0,0.0,0.0,0.0
2010-10-04,167.0,33.0,0.0,0.0,0.0
2010-10-05,161.0,17.0,0.0,0.0,0.0
2010-10-06,178.0,6.0,0.0,0.0,0.0
2010-10-07,206.0,11.0,0.0,0.0,0.0
2010-10-08,256.0,28.0,0.0,0.0,0.0
2010-10-09,267.0,56.0,0.0,0.0,0.0
2010-10-10,278.0,72.0,0.0,0.0,0.0
2010-10-11,283.0,67.0,0.0,0.0,0.0
2010-10-12,283.0,78.0,0.0,0.0,0.0
2010-10-13,256.0,89.0,10.0,0.0,0.0
2010-10-14,244.0,111.0,0.0,0.0,0.0
2010-10-15,194.0,6.0,0.0,0.0,0.0
2010-10-16,217.0,6.0,0.0,0.0,0.0
2010-10-17,228.0,0.0,0.0,0.0,0.0
2010-10-18,250.0,0.0,0.0,0.0,0.0
2010-10-19,189.0,22.0,0.0,0.0,0.0
2010-10-20,250.0,39.0,15.0,0.0,0.0
2010-10-21,211.0,17.0,0.0,0.0,0.0
2010-10-22,233.0,6.0,0.0,0.0,0.0
2010-10-23,239.0,6.0,0.0,0.0,0.0
2010-10-24,256.0,22.0,0.0,0.0,0.0
2010-10-25,244.0,50.0,135.0,0.0,0.0
2010-10-26,211.0,133.0,112.0,0.0,0.0
2010-10-27,278.0,178.0,246.0,0.0,0.0
2010-10-28,217.0,156.0,112.0,0.0,0.0
2010-10-29,217.0,28.0,0.0,0.0,0.0
2010-10-30,189.0,-11.0,0.0,0.0,0.0
2010-10-31,222.0,-6.0,0.0,0.0,0.0
2010-11-01,233.0,6.0,0.0,0.0,0.0
2010-11-02,233.0,28.0,0.0,0.0,0.0
2010-11-03,178.0,83.0,0.0,0.0,0.0
2010-11-04,150.0,78.0,142.0,0.0,0.0
2010-11-05,144.0,22.0,23.0,0.0,0.0
2010-11-06,78.0,-44.0,38.0,0.0,0.0
2010-11-07,83.0,-50.0,0.0,0.0,0.0
2010-11-08,144.0,-50.0,0.0,0.0,0.0
2010-11-09,206.0,-28.0,0.0,0.0,0.0
2010-11-10,228.0,-22.0,0.0,0.0,0.0
2010-11-11,239.0,-6.0,0.0,0.0,0.0
2010-11-12,250.0,-6.0,0.0,0.0,0.0
2010-11-13,233.0,6.0,0.0,0.0,0.0
2010-11-14,222.0,11.0,0.0,0.0,0.0
2010-11-15,172.0,28.0,5.0,0.0,0.0
2010-11-16,139.0,89.0,249.0,0.0,0.0
2010-11-17,189.0,44.0,84.0,0.0,0.0
2010-11-18,150.0,-11.0,0.0,0.0,0.0
2010-11-19,161.0,-17.0,0.0,0.0,0.0
2010-11-20,178.0,-11.0,0.0,0.0,0.0
2010-11-21,178.0,22.0,0.0,0.0,0.0
2010-11-22,206.0,56.0,0.0,0.0,0.0
2010-11-23,217.0,83.0,0.0,0.0,0.0
2010-11-24,183.0,39.0,25.0,0.0,0.0
2010-11-25,133.0,39.0,0.0,0.0,0.0
2010-11-26,222.0,94.0,81.0,0.0,0.0
2010-11-27,106.0,-44.0,8.0,0.0,0.0
2010-11-28,89.0,-56.0,0.0,0.0,0.0
2010-11-29,117.0,-50.0,0.0,0.0,0.0
2010-11-30,156.0,11.0,183.0,0.0,0.0
2010-12-01,172.0,-6.0,437.0,0.0,0.0
2010-12-02,44.0,-56.0,0.0,0.0,0.0
2010-12-03,61.0,-50.0,0.0,0.0,0.0
2010-12-04,111.0,-33.0,0.0,0.0,0.0
2010-12-05,78.0,-6.0,0.0,0.0,0.0
2010-12-06,22.0,-44.0,0.0,0.0,0.0
2010-12-07,11.0,-78.0,0.0,0.0,0.0
2010-12-08,0.0,-111.0,0.0,0.0,0.0
2010-12-09,17.0,-111.0,0.0,0.0,0.0
2010-12-10,78.0,-106.0,0.0,0.0,0.0
2010-12-11,106.0,-50.0,0.0,0.0,0.0
2010-12-12,117.0,11.0,145.0,0.0,0.0
2010-12-13,17.0,-94.0,1016.0,102.0,102.0
2010-12-14,-61.0,-172.0,51.0,51.0,51.0
2010-12-15,-22.0,-144.0,3.0,25.0,25.0
2010-12-16,11.0,-94.0,3.0,0.0,0.0
2010-12-17,94.0,-6.0,216.0,0.0,0.0
2010-12-18,67.0,-17.0,0.0,0.0,0.0
2010-12-19,83.0,-33.0,0.0,0.0,0.0
2010-12-20,78.0,-78.0,0.0,0.0,0.0
2010-12-21,89.0,-72.0,3.0,0.0,0.0
2010-12-22,67.0,22.0,104.0,0.0,0.0
2010-12-23,111.0,-56.0,0.0,0.0,0.0
2010-12-24,56.0,-72.0,0.0,0.0,0.0
2010-12-25,89.0,-67.0,8.0,76.0,76.0
2010-12-26,11.0,-44.0,284.0,102.0,28.0
2010-12-27,11.0,-61.0,51.0,152.0,51.0
2010-12-28,0.0,-139.0,0.0,76.0,0.0
2010-12-29,44.0,-122.0,0.0,76.0,0.0
2010-12-30,50.0,-61.0,0.0,0.0,0.0
2010-12-31,83.0,11.0,3.0,0.0,0.0
2011-01-01,161.0,33.0,178.0,0.0,0.0
2011-01-02,133.0,39.0,257.0,0.0,0.0
2011-01-03,72.0,-83.0,0.0,0.0,0.0
2011-01-04,94.0,-83.0,0.0,0.0,0.0
2011-01-05,100.0,-50.0,0.0,0.0,0.0
2011-01-06,44.0,-28.0,58.0,0.0,0.0
2011-01-07,56.0,6.0,0.0,0.0,0.0
2011-01-08,39.0,-11.0,38.0,0.0,3.0
2011-01-09,0.0,-122.0,0.0,0.0,0.0
2011-01-10,11.0,-122.0,203.0,203.0,203.0
2011-01-11,6.0,-33.0,25.0,229.0,25.0
2011-01-12,22.0,-67.0,3.0,152.0,13.0
2011-01-13,-33.0,-161.0,25.0,152.0,3.0
2011-01-14,6.0,-161.0,0.0,0.0,0.0
2011-01-15,56.0,-150.0,0.0,0.0,0.0
2011-01-16,78.0,-83.0,0.0,0.0,0.0
2011-01-17,117.0,-56.0,0.0,0.0,0.0
2011-01-18,83.0,-11.0,0.0,0.0,0.0
2011-01-19,67.0,22.0,84.0,0.0,0.0
2011-01-20,56.0,-22.0,0.0,0.0,0.0
2011-01-21,122.0,-50.0,0.0,0.0,0.0
2011-01-22,6.0,-56.0,0.0,0.0,0.0
2011-01-23,39.0,-78.0,0.0,0.0,0.0
2011-01-24,67.0,-17.0,0.0,0.0,0.0
2011-01-25,100.0,-17.0,0.0,0.0,0.0
2011-01-26,78.0,11.0,284.0,0.0,0.0
2011-01-27,,,,0.0,0.0
2011-01-28,89.0,-39.0,0.0,0.0,0.0
2011-01-29,106.0,-50.0,0.0,0.0,0.0
2011-01-30,183.0,-33.0,0.0,0.0,0.0
2011-01-31,206.0,-28.0,8.0,0.0,0.0
2011-02-01,128.0,61.0,102.0,0.0,0.0
2011-02-02,117.0,44.0,170.0,0.0,0.0
2011-02-03,44.0,-50.0,0.0,0.0,0.0
2011-02-04,56.0,-50.0,25.0,0.0,0.0
2011-02-05,78.0,17.0,142.0,0.0,0.0
2011-02-06,100.0,-28.0,0.0,0.0,0.0
2011-02-07,117.0,-39.0,0.0,0.0,0.0
2011-02-08,94.0,-33.0,51.0,0.0,0.0
2011-02-09,44.0,-67.0,0.0,0.0,0.0
2011-02-10,78.0,-50.0,18.0,0.0,3.0
2011-02-11,50.0,-67.0,0.0,0.0,0.0
2011-02-12,78.0,-83.0,0.0,0.0,0.0
2011-02-13,100.0,-61.0,0.0,0.0,0.0
2011-02-14,167.0,-67.0,0.0,0.0,0.0
2011-02-15,178.0,-39.0,0.0,0.0,0.0
2011-02-16,194.0,-17.0,0.0,0.0,0.0
2011-02-17,183.0,0.0,0.0,0.0,0.0
2011-02-18,211.0,6.0,0.0,0.0,0.0
2011-02-19,178.0,39.0,0.0,0.0,0.0
2011-02-20,211.0,17.0,0.0,0.0,0.0
2011-02-21,167.0,50.0,0.0,0.0,0.0
2011-02-22,194.0,89.0,8.0,0.0,0.0
2011-02-23,150.0,-11.0,0.0,0.0,0.0
2011-02-24,194.0,-6.0,0.0,0.0,0.0
2011-02-25,194.0,111.0,99.0,0.0,0.0
2011-02-26,144.0,-22.0,0.0,0.0,0.0
2011-02-27,200.0,0.0,0.0,0.0,0.0
2011-02-28,233.0,61.0,0.0,0.0,0.0
2011-03-01,217.0,17.0,91.0,0.0,0.0
2011-03-02,178.0,-17.0,0.0,0.0,0.0
2011-03-03,189.0,-6.0,0.0,0.0,0.0
2011-03-04,178.0,17.0,0.0,0.0,0.0
2011-03-05,128.0,89.0,5.0,0.0,0.0
2011-03-06,133.0,67.0,462.0,0.0,0.0
2011-03-07,72.0,-22.0,13.0,0.0,0.0
2011-03-08,144.0,-11.0,0.0,0.0,0.0
2011-03-09,144.0,33.0,211.0,0.0,0.0
2011-03-10,128.0,61.0,508.0,0.0,0.0
2011-03-11,61.0,6.0,23.0,0.0,0.0
2011-03-12,94.0,-33.0,8.0,0.0,0.0
2011-03-13,206.0,6.0,0.0,0.0,0.0
2011-03-14,217.0,6.0,0.0,0.0,0.0
2011-03-15,211.0,67.0,160.0,0.0,0.0
2011-03-16,144.0,67.0,43.0,0.0,0.0
2011-03-17,133.0,-6.0,0.0,0.0,0.0
2011-03-18,244.0,-6.0,0.0,0.0,0.0
2011-03-19,272.0,39.0,0.0,0.0,0.0
2011-03-20,256.0,100.0,0.0,0.0,0.0
2011-03-21,194.0,106.0,0.0,0.0,0.0
2011-03-22,267.0,83.0,0.0,0.0,0.0
2011-03-23,272.0,83.0,0.0,0.0,0.0
2011-03-24,228.0,72.0,51.0,0.0,0.0
2011-03-25,117.0,-11.0,0.0,0.0,0.0
2011-03-26,161.0,-6.0,112.0,0.0,0.0
2011-03-27,128.0,83.0,533.0,0.0,0.0
2011-03-28,150.0,61.0,163.0,0.0,0.0
2011-03-29,128.0,61.0,15.0,0.0,0.0
2011-03-30,194.0,67.0,112.0,0.0,0.0
2011-03-31,144.0,50.0,20.0,0.0,0.0
2011-04-01,94.0,6.0,0.0,0.0,0.0
2011-04-02,117.0,17.0,0.0,0.0,0.0
2011-04-03,178.0,0.0,0.0,0.0,0.0
2011-04-04,261.0,6.0,0.0,0.0,0.0
2011-04-05,,,,0.0,0.0
2011-04-06,128.0,-22.0,0.0,0.0,0.0
2011-04-07,222.0,-6.0,0.0,0.0,0.0
2011-04-08,256.0,39.0,0.0,0.0,0.0
2011-04-09,250.0,128.0,0.0,0.0,0.0
2011-04-10,294.0,122.0,0.0,0.0,0.0
2011-04-11,317.0,122.0,0.0,0.0,0.0
2011-04-12,278.0,111.0,119.0,0.0,0.0
2011-04-13,144.0,22.0,53.0,0.0,0.0
2011-04-14,228.0,17.0,0.0,0.0,0.0
2011-04-15,256.0,28.0,0.0,0.0,0.0
2011-04-16,200.0,122.0,429.0,0.0,0.0
2011-04-17,156.0,22.0,0.0,0.0,0.0
2011-04-18,222.0,17.0,0.0,0.0,0.0
2011-04-19,267.0,56.0,0.0,0.0,0.0
2011-04-20,294.0,128.0,18.0,0.0,0.0
2011-04-21,256.0,144.0,142.0,0.0,0.0
2011-04-22,256.0,144.0,5.0,0.0,0.0
2011-04-23,244.0,133.0,0.0,0.0,0.0
2011-04-24,283.0,122.0,0.0,0.0,0.0
2011-04-25,294.0,117.0,0.0,0.0,0.0
2011-04-26,283.0,144.0,5.0,0.0,0.0
2011-04-27,267.0,172.0,5.0,0.0,0.0
2011-04-28,267.0,133.0,178.0,0.0,0.0
2011-04-29,189.0,44.0,0.0,0.0,0.0
2011-04-30,228.0,50.0,0.0,0.0,0.0
2011-05-01,267.0,89.0,0.0,0.0,0.0
2011-05-02,250.0,106.0,0.0,0.0,0.0
2011-05-03,272.0,144.0,0.0,0.0,0.0
2011-05-04,256.0,39.0,165.0,0.0,0.0
2011-05-05,150.0,-6.0,0.0,0.0,0.0
2011-05-06,206.0,17.0,0.0,0.0,0.0
2011-05-07,206.0,39.0,0.0,0.0,0.0
2011-05-08,228.0,94.0,0.0,0.0,0.0
2011-05-09,272.0,100.0,0.0,0.0,0.0
2011-05-10,294.0,128.0,0.0,0.0,0.0
2011-05-11,306.0,144.0,0.0,0.0,0.0
2011-05-12,311.0,144.0,0.0,0.0,0.0
2011-05-13,311.0,144.0,0.0,0.0,0.0
2011-05-14,283.0,139.0,56.0,0.0,0.0
2011-05-15,244.0,117.0,0.0,0.0,0.0
2011-05-16,,,,0.0,0.0
2011-05-17,161.0,83.0,0.0,0.0,0.0
2011-05-18,133.0,61.0,0.0,0.0,0.0
2011-05-19,172.0,78.0,0.0,0.0,0.0
2011-05-20,244.0,106.0,0.0,0.0,0.0
2011-05-21,250.0,111.0,0.0,0.0,0.0
2011-05-22,306.0,133.0,0.0,0.0,0.0
2011-05-23,322.0,133.0,0.0,0.0,0.0
2011-05-24,306.0,156.0,0.0,0.0,0.0
2011-05-25,294.0,139.0,0.0,0.0,0.0
2011-05-26,322.0,139.0,0.0,0.0,0.0
2011-05-27,283.0,156.0,287.0,0.0,0.0
2011-05-28,267.0,133.0,0.0,0.0,0.0
2011-05-29,300.0,156.0,0.0,0.0,0.0
2011-05-30,328.0,156.0,0.0,0.0,0.0
2011-05-31,328.0,167.0,0.0,0.0,0.0
2011-06-01,328.0,183.0,0.0,0.0,0.0
2011-06-02,350.0,183.0,0.0,0.0,0.0
2011-06-03,333.0,172.0,0.0,0.0,0.0
2011-06-04,328.0,167.0,0.0,0.0,0.0
2011-06-05,333.0,139.0,0.0,0.0,0.0
2011-06-06,339.0,161.0,0.0,0.0,0.0
2011-06-07,322.0,167.0,0.0,0.0,0.0
2011-06-08,328.0,189.0,0.0,0.0,0.0
2011-06-09,339.0,167.0,5.0,0.0,0.0
2011-06-10,333.0,150.0,714.0,0.0,0.0
2011-06-11,317.0,156.0,3.0,0.0,0.0
2011-06-12,328.0,167.0,0.0,0.0,0.0
2011-06-13,311.0,167.0,165.0,0.0,0.0
2011-06-14,300.0,133.0,0.0,0.0,0.0
2011-06-15,289.0,133.0,0.0,0.0,0.0
2011-06-16,289.0,156.0,345.0,0.0,0.0
2011-06-17,289.0,150.0,0.0,0.0,0.0
2011-06-18,272.0,156.0,3.0,0.0,0.0
2011-06-19,289.0,172.0,155.0,0.0,0.0
2011-06-20,311.0,161.0,91.0,0.0,0.0
2011-06-21,328.0,172.0,0.0,0.0,0.0
2011-06-22,333.0,178.0,5.0,0.0,0.0
2011-06-23,300.0,194.0,150.0,0.0,0.0
2011-06-24,267.0,189.0,0.0,0.0,0.0
2011-06-25,294.0,167.0,33.0,0.0,0.0
2011-06-26,300.0,172.0,0.0,0.0,0.0
2011-06-27,300.0,172.0,18.0,0.0,0.0
2011-06-28,317.0,200.0,30.0,0.0,0.0
2011-06-29,283.0,178.0,0.0,0.0,0.0
2011-06-30,306.0,156.0,0.0,0.0,0.0
2011-07-01,317.0,161.0,0.0,0.0,0.0
2011-07-02,,,,0.0,0.0
2011-07-03,333.0,183.0,0.0,0.0,0.0
2011-07-04,,,,0.0,0.0
2011-07-05,317.0,189.0,300.0,0.0,0.0
2011-07-06,311.0,194.0,0.0,0.0,0.0
2011-07-07,317.0,189.0,0.0,0.0,0.0
2011-07-08,311.0,194.0,0.0,0.0,0.0
2011-07-09,311.0,206.0,46.0,0.0,0.0
2011-07-10,328.0,206.0,0.0,0.0,0.0
2011-07-11,344.0,206.0,0.0,0.0,0.0
2011-07-12,344.0,222.0,0.0,0.0,0.0
2011-07-13,333.0,206.0,0.0,0.0,0.0
2011-07-14,339.0,211.0,0.0,0.0,0.0
2011-07-15,317.0,222.0,0.0,0.0,0.0
2011-07-16,267.0,206.0,0.0,0.0,0.0
2011-07-17,278.0,172.0,0.0,0.0,0.0
2011-07-18,294.0,178.0,0.0,0.0,0.0
2011-07-19,317.0,183.0,0.0,0.0,0.0
2011-07-20,322.0,194.0,15.0,0.0,0.0
2011-07-21,339.0,206.0,0.0,0.0,0.0
2011-07-22,350.0,211.0,0.0,0.0,0.0
2011-07-23,339.0,217.0,0.0,0.0,0.0
2011-07-24,344.0,211.0,259.0,0.0,0.0
2011-07-25,328.0,211.0,0.0,0.0,0.0
2011-07-26,322.0,211.0,513.0,0.0,0.0
2011-07-27,333.0,200.0,0.0,0.0,0.0
2011-07-28,344.0,189.0,0.0,0.0,0.0
2011-07-29,339.0,194.0,0.0,0.0,0.0
2011-07-30,328.0,200.0,0.0,0.0,0.0
2011-07-31,339.0,200.0,0.0,0.0,0.0
2011-08-01,333.0,206.0,0.0,0.0,0.0
2011-08-02,344.0,194.0,0.0,0.0,0.0
2011-08-03,344.0,167.0,0.0,0.0,0.0
2011-08-04,356.0,183.0,302.0,0.0,0.0
2011-08-05,328.0,200.0,0.0,0.0,0.0
2011-08-06,339.0,206.0,0.0,0.0,0.0
2011-08-07,306.0,200.0,0.0,0.0,0.0
2011-08-08,333.0,200.0,262.0,0.0,0.0
2011-08-09,328.0,206.0,51.0,0.0,0.0
2011-08-10,306.0,178.0,0.0,0.0,0.0
2011-08-11,317.0,183.0,0.0,0.0,0.0
2011-08-12,311.0,178.0,0.0,0.0,0.0
2011-08-13,322.0,178.0,0.0,0.0,0.0
2011-08-14,328.0,206.0,5.0,0.0,0.0
2011-08-15,306.0,150.0,5.0,0.0,0.0
2011-08-16,272.0,122.0,0.0,0.0,0.0
2011-08-17,294.0,139.0,0.0,0.0,0.0
2011-08-18,306.0,172.0,0.0,0.0,0.0
2011-08-19,306.0,178.0,132.0,0.0,0.0
2011-08-20,317.0,189.0,0.0,0.0,0.0
2011-08-21,333.0,194.0,0.0,0.0,0.0
2011-08-22,311.0,189.0,0.0,0.0,0.0
2011-08-23,317.0,139.0,0.0,0.0,0.0
2011-08-24,306.0,139.0,0.0,0.0,0.0
2011-08-25,306.0,156.0,0.0,0.0,0.0
2011-08-26,328.0,183.0,0.0,0.0,0.0
2011-08-27,344.0,178.0,0.0,0.0,0.0
2011-08-28,306.0,128.0,0.0,0.0,0.0
2011-08-29,311.0,128.0,0.0,0.0,0.0
2011-08-30,300.0,128.0,0.0,0.0,0.0
2011-08-31,322.0,150.0,0.0,0.0,0.0
2011-09-01,322.0,178.0,0.0,0.0,0.0
2011-09-02,322.0,178.0,0.0,0.0,0.0
2011-09-03,350.0,189.0,20.0,0.0,0.0
2011-09-04,339.0,194.0,0.0,0.0,0.0
2011-09-05,283.0,194.0,122.0,0.0,0.0
2011-09-06,228.0,194.0,1100.0,0.0,0.0
2011-09-07,206.0,150.0,8.0,0.0,0.0
2011-09-08,200.0,144.0,0.0,0.0,0.0
2011-09-09,211.0,133.0,0.0,0.0,0.0
2011-09-10,228.0,100.0,0.0,0.0,0.0
2011-09-11,261.0,100.0,0.0,0.0,0.0
2011-09-12,272.0,94.0,0.0,0.0,0.0
2011-09-13,272.0,117.0,0.0,0.0,0.0
2011-09-14,278.0,122.0,0.0,0.0,0.0
2011-09-15,294.0,122.0,0.0,0.0,0.0
2011-09-16,244.0,122.0,0.0,0.0,0.0
2011-09-17,194.0,117.0,0.0,0.0,0.0
2011-09-18,244.0,128.0,0.0,0.0,0.0
2011-09-19,267.0,128.0,0.0,0.0,0.0
2011-09-20,228.0,150.0,28.0,0.0,0.0
2011-09-21,233.0,150.0,0.0,0.0,0.0
2011-09-22,272.0,172.0,0.0,0.0,0.0
2011-09-23,256.0,178.0,74.0,0.0,0.0
2011-09-24,250.0,144.0,0.0,0.0,0.0
2011-09-25,244.0,100.0,0.0,0.0,0.0
2011-09-26,278.0,94.0,0.0,0.0,0.0
2011-09-27,278.0,167.0,81.0,0.0,0.0
2011-09-28,239.0,106.0,0.0,0.0,0.0
2011-09-29,250.0,106.0,0.0,0.0,0.0
2011-09-30,256.0,117.0,0.0,0.0,0.0
2011-10-01,211.0,56.0,0.0,0.0,0.0
2011-10-02,211.0,33.0,0.0,0.0,0.0
2011-10-03,167.0,6.0,0.0,0.0,0.0
2011-10-04,206.0,6.0,0.0,0.0,0.0
2011-10-05,239.0,28.0,0.0,0.0,0.0
2011-10-06,261.0,56.0,0.0,0.0,0.0
2011-10-07,267.0,83.0,0.0,0.0,0.0
2011-10-08,261.0,56.0,0.0,0.0,0.0
2011-10-09,250.0,78.0,0.0,0.0,0.0
2011-10-10,222.0,94.0,0.0,0.0,0.0
2011-10-11,233.0,133.0,18.0,0.0,0.0
2011-10-12,167.0,117.0,157.0,0.0,0.0
2011-10-13,222.0,117.0,13.0,0.0,0.0
2011-10-14,194.0,106.0,211.0,0.0,0.0
2011-10-15,217.0,56.0,0.0,0.0,0.0
2011-10-16,206.0,33.0,0.0,0.0,0.0
2011-10-17,256.0,33.0,0.0,0.0,0.0
2011-10-18,272.0,61.0,0.0,0.0,0.0
2011-10-19,272.0,83.0,211.0,0.0,0.0
2011-10-20,111.0,44.0,114.0,0.0,0.0
2011-10-21,89.0,39.0,5.0,0.0,0.0
2011-10-22,144.0,-6.0,0.0,0.0,0.0
2011-10-23,178.0,0.0,0.0,0.0,0.0
2011-10-24,200.0,0.0,0.0,0.0,0.0
2011-10-25,211.0,28.0,0.0,0.0,0.0
2011-10-26,256.0,28.0,0.0,0.0,0.0
2011-10-27,233.0,44.0,0.0,0.0,0.0
2011-10-28,178.0,56.0,0.0,0.0,0.0
2011-10-29,133.0,28.0,102.0,0.0,0.0
2011-10-30,122.0,-28.0,0.0,0.0,0.0
2011-10-31,161.0,-28.0,0.0,0.0,0.0
2011-11-01,150.0,-22.0,0.0,0.0,0.0
2011-11-02,194.0,-22.0,0.0,0.0,0.0
2011-11-03,206.0,-11.0,0.0,0.0,0.0
2011-11-04,167.0,6.0,196.0,0.0,0.0
2011-11-05,172.0,11.0,0.0,0.0,0.0
2011-11-06,189.0,0.0,0.0,0.0,0.0
2011-11-07,200.0,0.0,0.0,0.0,0.0
2011-11-08,222.0,17.0,0.0,0.0,0.0
2011-11-09,228.0,28.0,0.0,0.0,0.0
2011-11-10,189.0,56.0,97.0,0.0,0.0
2011-11-11,111.0,-28.0,0.0,0.0,0.0
2011-11-12,111.0,-39.0,0.0,0.0,0.0
2011-11-13,172.0,-11.0,0.0,0.0,0.0
2011-11-14,178.0,11.0,0.0,0.0,0.0
2011-11-15,183.0,139.0,33.0,0.0,0.0
2011-11-16,183.0,156.0,376.0,0.0,0.0
2011-11-17,217.0,61.0,107.0,0.0,0.0
2011-11-18,89.0,-56.0,0.0,0.0,0.0
2011-11-19,133.0,-56.0,0.0,0.0,0.0
2011-11-20,167.0,44.0,0.0,0.0,0.0
2011-11-21,211.0,122.0,94.0,0.0,0.0
2011-11-22,194.0,133.0,5.0,0.0,0.0
2011-11-23,211.0,106.0,257.0,0.0,0.0
2011-11-24,139.0,0.0,0.0,0.0,0.0
2011-11-25,183.0,-22.0,0.0,0.0,0.0
2011-11-26,211.0,-22.0,0.0,0.0,0.0
2011-11-27,178.0,72.0,8.0,0.0,0.0
2011-11-28,183.0,144.0,155.0,0.0,0.0
2011-11-29,161.0,22.0,216.0,0.0,0.0
2011-11-30,39.0,6.0,20.0,0.0,0.0
2011-12-01,78.0,-50.0,0.0,0.0,0.0
2011-12-02,161.0,-56.0,0.0,0.0,0.0
2011-12-03,161.0,-50.0,0.0,0.0,0.0
2011-12-04,172.0,-6.0,0.0,0.0,0.0
2011-12-05,156.0,33.0,0.0,0.0,0.0
2011-12-06,183.0,128.0,23.0,0.0,0.0
2011-12-07,167.0,89.0,373.0,0.0,0.0
2011-12-08,89.0,-39.0,155.0,0.0,0.0
2011-12-09,94.0,-33.0,0.0,0.0,0.0
2011-12-10,117.0,-50.0,0.0,0.0,0.0
2011-12-11,89.0,-56.0,0.0,0.0,0.0
2011-12-12,106.0,-56.0,0.0,0.0,0.0
2011-12-13,167.0,44.0,0.0,0.0,0.0
2011-12-14,167.0,28.0,0.0,0.0,0.0
2011-12-15,206.0,28.0,0.0,0.0,0.0
2011-12-16,178.0,67.0,38.0,0.0,0.0
2011-12-17,133.0,22.0,84.0,0.0,0.0
2011-12-18,78.0,-56.0,0.0,0.0,0.0
2011-12-19,117.0,-56.0,0.0,0.0,0.0
2011-12-20,161.0,-39.0,0.0,0.0,0.0
2011-12-21,133.0,61.0,48.0,0.0,0.0
2011-12-22,172.0,94.0,135.0,0.0,0.0
2011-12-23,200.0,61.0,208.0,0.0,0.0
2011-12-24,117.0,0.0,0.0,0.0,0.0
2011-12-25,117.0,0.0,0.0,0.0,0.0
2011-12-26,78.0,-44.0,0.0,0.0,0.0
2011-12-27,122.0,-33.0,124.0,0.0,0.0
2011-12-28,89.0,6.0,36.0,0.0,0.0
2011-12-29,89.0,-50.0,0.0,0.0,0.0
2011-12-30,122.0,-39.0,0.0,0.0,0.0
2011-12-31,144.0,-6.0,0.0,0.0,0.0
2012-01-01,150.0,-6.0,23.0,0.0,0.0
2012-01-02,167.0,-6.0,56.0,0.0,0.0
2012-01-03,44.0,-83.0,3.0,0.0,0.0
2012-01-04,-17.0,-106.0,0.0,0.0,0.0
2012-01-05,89.0,-106.0,0.0,0.0,0.0
2012-01-06,128.0,-61.0,0.0,0.0,0.0
2012-01-07,172.0,-50.0,10.0,0.0,0.0
2012-01-08,128.0,50.0,53.0,0.0,0.0
2012-01-09,133.0,106.0,25.0,0.0,0.0
2012-01-10,161.0,106.0,10.0,0.0,0.0
2012-01-11,144.0,111.0,51.0,0.0,0.0
2012-01-12,161.0,61.0,122.0,0.0,0.0
2012-01-13,100.0,-50.0,76.0,0.0,0.0
2012-01-14,0.0,-94.0,0.0,0.0,0.0
2012-01-15,83.0,-83.0,0.0,0.0,0.0
2012-01-16,94.0,-33.0,0.0,0.0,0.0
2012-01-17,94.0,-11.0,0.0,0.0,0.0
2012-01-18,128.0,-11.0,361.0,0.0,0.0
2012-01-19,56.0,-50.0,0.0,0.0,0.0
2012-01-20,83.0,-44.0,5.0,0.0,0.0
2012-01-21,144.0,33.0,132.0,0.0,0.0
2012-01-22,133.0,33.0,127.0,0.0,0.0
2012-01-23,133.0,33.0,43.0,0.0,0.0
2012-01-24,156.0,44.0,140.0,0.0,0.0
2012-01-25,167.0,-17.0,0.0,0.0,0.0
2012-01-26,189.0,,0.0,0.0,0.0
2012-01-27,178.0,78.0,114.0,0.0,0.0
2012-01-28,111.0,-17.0,0.0,0.0,0.0
2012-01-29,117.0,-67.0,0.0,0.0,0.0
2012-01-30,106.0,-67.0,0.0,0.0,0.0
2012-01-31,156.0,-56.0,0.0,0.0,0.0
2012-02-01,172.0,-28.0,3.0,0.0,0.0
2012-02-02,106.0,56.0,234.0,0.0,0.0
2012-02-03,183.0,-11.0,0.0,0.0,0.0
2012-02-04,161.0,-11.0,23.0,0.0,0.0
2012-02-05,106.0,72.0,160.0,0.0,0.0
2012-02-06,167.0,22.0,0.0,0.0,0.0
2012-02-07,144.0,-17.0,0.0,0.0,0.0
2012-02-08,139.0,-17.0,0.0,0.0,0.0
2012-02-09,111.0,-22.0,0.0,0.0,0.0
2012-02-10,122.0,-28.0,0.0,0.0,0.0
2012-02-11,106.0,-17.0,3.0,0.0,0.0
2012-02-12,-11.0,-94.0,0.0,0.0,0.0
2012-02-13,28.0,-94.0,0.0,0.0,0.0
2012-02-14,100.0,-94.0,15.0,0.0,0.0
2012-02-15,,,,0.0,0.0
2012-02-16,,,,0.0,0.0
2012-02-17,150.0,6.0,23.0,0.0,0.0
2012-02-18,183.0,17.0,0.0,0.0,0.0
2012-02-19,178.0,50.0,23.0,0.0,0.0
2012-02-20,94.0,-17.0,107.0,0.0,0.0
2012-02-21,156.0,0.0,0.0,0.0,0.0
2012-02-22,144.0,-11.0,0.0,0.0,0.0
2012-02-23,178.0,33.0,18.0,0.0,0.0
2012-02-24,244.0,72.0,0.0,0.0,0.0
2012-02-25,194.0,-22.0,18.0,0.0,0.0
2012-02-26,106.0,-50.0,0.0,0.0,0.0
2012-02-27,144.0,-33.0,0.0,0.0,0.0
2012-02-28,189.0,-6.0,0.0,0.0,0.0
2012-02-29,222.0,28.0,0.0,0.0,0.0
2012-03-01,200.0,94.0,63.0,0.0,0.0
2012-03-02,222.0,67.0,30.0,0.0,0.0
2012-03-03,,,257.0,0.0,0.0
2012-03-04,172.0,22.0,0.0,0.0,0.0
2012-03-05,94.0,6.0,0.0,0.0,0.0
2012-03-06,94.0,-44.0,0.0,0.0,0.0
2012-03-07,189.0,-17.0,0.0,0.0,0.0
2012-03-08,167.0,89.0,0.0,0.0,0.0
2012-03-09,211.0,89.0,218.0,0.0,0.0
2012-03-10,150.0,-28.0,0.0,0.0,0.0
2012-03-11,206.0,-6.0,0.0,0.0,0.0
2012-03-12,194.0,0.0,0.0,0.0,0.0
2012-03-13,150.0,128.0,140.0,0.0,0.0
2012-03-14,256.0,67.0,0.0,0.0,0.0
2012-03-15,267.0,67.0,0.0,0.0,0.0
2012-03-16,267.0,78.0,175.0,0.0,0.0
2012-03-17,250.0,106.0,46.0,0.0,0.0
2012-03-18,250.0,128.0,43.0,0.0,0.0
2012-03-19,272.0,94.0,0.0,0.0,0.0
2012-03-20,289.0,94.0,0.0,0.0,0.0
2012-03-21,283.0,122.0,0.0,0.0,0.0
2012-03-22,256.0,128.0,0.0,0.0,0.0
2012-03-23,250.0,156.0,3.0,0.0,0.0
2012-03-24,211.0,117.0,84.0,0.0,0.0
2012-03-25,200.0,89.0,74.0,0.0,0.0
2012-03-26,211.0,78.0,0.0,0.0,0.0
2012-03-27,261.0,61.0,0.0,0.0,0.0
2012-03-28,256.0,61.0,0.0,0.0,0.0
2012-03-29,250.0,83.0,0.0,0.0,0.0
2012-03-30,267.0,100.0,0.0,0.0,0.0
2012-03-31,239.0,106.0,193.0,0.0,0.0
2012-04-01,,,,0.0,0.0
2012-04-02,278.0,83.0,0.0,0.0,0.0
2012-04-03,294.0,122.0,15.0,0.0,0.0
2012-04-04,278.0,117.0,102.0,0.0,0.0
2012-04-05,267.0,117.0,0.0,0.0,0.0
2012-04-06,244.0,122.0,0.0,0.0,0.0
2012-04-07,228.0,28.0,0.0,0.0,0.0
2012-04-08,228.0,44.0,0.0,0.0,0.0
2012-04-09,233.0,33.0,0.0,0.0,0.0
2012-04-10,228.0,44.0,0.0,0.0,0.0
2012-04-11,206.0,11.0,0.0,0.0,0.0
2012-04-12,156.0,-22.0,0.0,0.0,0.0
2012-04-13,189.0,-11.0,0.0,0.0,0.0
2012-04-14,228.0,11.0,0.0,0.0,0.0
2012-04-15,250.0,67.0,0.0,0.0,0.0
2012-04-16,261.0,67.0,0.0,0.0,0.0
2012-04-17,250.0,122.0,10.0,0.0,0.0
2012-04-18,250.0,122.0,251.0,0.0,0.0
2012-04-19,178.0,117.0,239.0,0.0,0.0
2012-04-20,244.0,111.0,0.0,0.0,0.0
2012-04-21,211.0,117.0,0.0,0.0,0.0
2012-04-22,217.0,106.0,13.0,0.0,0.0
2012-04-23,139.0,44.0,0.0,0.0,0.0
2012-04-24,128.0,6.0,3.0,0.0,0.0
2012-04-25,156.0,56.0,18.0,0.0,0.0
2012-04-26,272.0,89.0,5.0,0.0,0.0
2012-04-27,206.0,156.0,251.0,0.0,0.0
2012-04-28,244.0,156.0,0.0,0.0,0.0
2012-04-29,289.0,128.0,0.0,0.0,0.0
2012-04-30,300.0,133.0,0.0,0.0,0.0
2012-05-01,306.0,144.0,0.0,0.0,0.0
2012-05-02,294.0,161.0,0.0,0.0,0.0
2012-05-03,317.0,144.0,0.0,0.0,0.0
2012-05-04,289.0,161.0,81.0,0.0,0.0
2012-05-05,278.0,172.0,5.0,0.0,0.0
2012-05-06,294.0,128.0,0.0,0.0,0.0
2012-05-07,311.0,139.0,5.0,0.0,0.0
2012-05-08,256.0,172.0,28.0,0.0,0.0
2012-05-09,267.0,156.0,0.0,0.0,0.0
2012-05-10,194.0,67.0,28.0,0.0,0.0
2012-05-11,217.0,50.0,0.0,0.0,0.0
2012-05-12,250.0,78.0,0.0,0.0,0.0
2012-05-13,222.0,133.0,94.0,0.0,0.0
2012-05-14,167.0,144.0,178.0,0.0,0.0
2012-05-15,244.0,144.0,97.0,0.0,0.0
2012-05-16,256.0,128.0,0.0,0.0,0.0
2012-05-17,267.0,106.0,0.0,0.0,0.0
2012-05-18,283.0,128.0,0.0,0.0,0.0
2012-05-19,272.0,139.0,102.0,0.0,0.0
2012-05-20,283.0,139.0,0.0,0.0,0.0
2012-05-21,283.0,139.0,0.0,0.0,0.0
2012-05-22,278.0,156.0,25.0,0.0,0.0
2012-05-23,239.0,144.0,18.0,0.0,0.0
2012-05-24,261.0,144.0,0.0,0.0,0.0
2012-05-25,283.0,139.0,0.0,0.0,0.0
2012-05-26,311.0,156.0,0.0,0.0,0.0
2012-05-27,328.0,167.0,0.0,0.0,0.0
2012-05-28,317.0,167.0,0.0,0.0,0.0
2012-05-29,306.0,183.0,0.0,0.0,0.0
2012-05-30,294.0,183.0,18.0,0.0,0.0
2012-05-31,317.0,128.0,0.0,0.0,0.0
2012-06-01,283.0,156.0,23.0,0.0,0.0
2012-06-02,228.0,78.0,64.0,0.0,0.0
2012-06-03,222.0,94.0,0.0,0.0,0.0
2012-06-04,272.0,100.0,406.0,0.0,0.0
2012-06-05,261.0,156.0,259.0,0.0,0.0
2012-06-06,261.0,122.0,8.0,0.0,0.0
2012-06-07,267.0,133.0,0.0,0.0,0.0
2012-06-08,272.0,128.0,0.0,0.0,0.0
2012-06-09,289.0,161.0,0.0,0.0,0.0
2012-06-10,289.0,172.0,5.0,0.0,0.0
2012-06-11,233.0,167.0,30.0,0.0,0.0
2012-06-12,250.0,200.0,58.0,0.0,0.0
2012-06-13,283.0,161.0,0.0,0.0,0.0
2012-06-14,300.0,167.0,0.0,0.0,0.0
2012-06-15,289.0,156.0,0.0,0.0,0.0
2012-06-16,289.0,156.0,0.0,0.0,0.0
2012-06-17,278.0,172.0,0.0,0.0,0.0
2012-06-18,278.0,156.0,0.0,0.0,0.0
2012-06-19,294.0,150.0,0.0,0.0,0.0
2012-06-20,300.0,161.0,0.0,0.0,0.0
2012-06-21,311.0,178.0,0.0,0.0,0.0
2012-06-22,317.0,183.0,0.0,0.0,0.0
2012-06-23,317.0,183.0,0.0,0.0,0.0
2012-06-24,328.0,183.0,0.0,0.0,0.0
2012-06-25,333.0,189.0,18.0,0.0,0.0
2012-06-26,328.0,161.0,0.0,0.0,0.0
2012-06-27,306.0,106.0,0.0,0.0,0.0
2012-06-28,294.0,122.0,0.0,0.0,0.0
2012-06-29,339.0,156.0,0.0,0.0,0.0
2012-06-30,367.0,189.0,0.0,0.0,0.0
2012-07-01,378.0,200.0,0.0,0.0,0.0
2012-07-02,378.0,194.0,188.0,0.0,0.0
2012-07-03,306.0,200.0,0.0,0.0,0.0
2012-07-04,333.0,178.0,0.0,0.0,0.0
2012-07-05,333.0,200.0,0.0,0.0,0.0
2012-07-06,344.0,172.0,91.0,0.0,0.0
2012-07-07,350.0,194.0,3.0,0.0,0.0
2012-07-08,344.0,211.0,0.0,0.0,0.0
2012-07-09,344.0,206.0,0.0,0.0,0.0
2012-07-10,333.0,206.0,15.0,0.0,0.0
2012-07-11,328.0,200.0,15.0,0.0,0.0
2012-07-12,261.0,200.0,102.0,0.0,0.0
2012-07-13,239.0,194.0,86.0,0.0,0.0
2012-07-14,289.0,200.0,5.0,0.0,0.0
2012-07-15,306.0,194.0,0.0,0.0,0.0
2012-07-16,300.0,189.0,0.0,0.0,0.0
2012-07-17,328.0,194.0,0.0,0.0,0.0
2012-07-18,317.0,183.0,0.0,0.0,0.0
2012-07-19,328.0,194.0,135.0,0.0,0.0
2012-07-20,322.0,206.0,0.0,0.0,0.0
2012-07-21,300.0,200.0,262.0,0.0,0.0
2012-07-22,294.0,206.0,94.0,0.0,0.0
2012-07-23,317.0,189.0,0.0,0.0,0.0
2012-07-24,322.0,200.0,0.0,0.0,0.0
2012-07-25,322.0,200.0,0.0,0.0,0.0
2012-07-26,328.0,206.0,0.0,0.0,0.0
2012-07-27,328.0,211.0,0.0,0.0,0.0
2012-07-28,322.0,189.0,0.0,0.0,0.0
2012-07-29,317.0,178.0,0.0,0.0,0.0
2012-07-30,300.0,172.0,0.0,0.0,0.0
2012-07-31,328.0,189.0,0.0,0.0,0.0
2012-08-01,300.0,172.0,307.0,0.0,0.0
2012-08-02,317.0,172.0,104.0,0.0,0.0
2012-08-03,317.0,172.0,0.0,0.0,0.0
2012-08-04,294.0,200.0,168.0,0.0,0.0
2012-08-05,294.0,206.0,15.0,0.0,0.0
2012-08-06,317.0,200.0,5.0,0.0,0.0
2012-08-07,311.0,211.0,5.0,0.0,0.0
2012-08-08,294.0,206.0,218.0,0.0,0.0
2012-08-09,311.0,194.0,0.0,0.0,0.0
2012-08-10,294.0,194.0,147.0,0.0,0.0
2012-08-11,272.0,183.0,559.0,0.0,0.0
2012-08-12,272.0,122.0,0.0,0.0,0.0
2012-08-13,272.0,128.0,0.0,0.0,0.0
2012-08-14,261.0,139.0,0.0,0.0,0.0
2012-08-15,278.0,172.0,0.0,0.0,0.0
2012-08-16,278.0,144.0,0.0,0.0,0.0
2012-08-17,289.0,150.0,3.0,0.0,0.0
2012-08-18,267.0,178.0,0.0,0.0,0.0
2012-08-19,278.0,183.0,183.0,0.0,0.0
2012-08-20,244.0,156.0,10.0,0.0,0.0
2012-08-21,267.0,122.0,0.0,0.0,0.0
2012-08-22,278.0,122.0,0.0,0.0,0.0
2012-08-23,278.0,133.0,0.0,0.0,0.0
2012-08-24,300.0,144.0,0.0,0.0,0.0
2012-08-25,311.0,156.0,274.0,0.0,0.0
2012-08-26,300.0,156.0,0.0,0.0,0.0
2012-08-27,317.0,161.0,0.0,0.0,0.0
2012-08-28,328.0,172.0,0.0,0.0,0.0
2012-08-29,283.0,194.0,234.0,0.0,0.0
2012-08-30,311.0,194.0,8.0,0.0,0.0
2012-08-31,294.0,200.0,0.0,0.0,0.0
2012-09-01,294.0,194.0,0.0,0.0,0.0
2012-09-02,322.0,200.0,0.0,0.0,0.0
2012-09-03,311.0,206.0,208.0,0.0,0.0
2012-09-04,267.0,206.0,53.0,0.0,0.0
2012-09-05,261.0,211.0,23.0,0.0,0.0
2012-09-06,294.0,211.0,18.0,0.0,0.0
2012-09-07,311.0,167.0,0.0,0.0,0.0
2012-09-08,322.0,172.0,5.0,0.0,0.0
2012-09-09,267.0,111.0,10.0,0.0,0.0
2012-09-10,261.0,100.0,0.0,0.0,0.0
2012-09-11,272.0,100.0,0.0,0.0,0.0
2012-09-12,267.0,133.0,0.0,0.0,0.0
2012-09-13,272.0,139.0,0.0,0.0,0.0
2012-09-14,261.0,122.0,0.0,0.0,0.0
2012-09-15,261.0,122.0,0.0,0.0,0.0
2012-09-16,261.0,122.0,0.0,0.0,0.0
2012-09-17,,,,0.0,0.0
2012-09-18,256.0,178.0,269.0,0.0,0.0
2012-09-19,228.0,94.0,300.0,0.0,0.0
2012-09-20,244.0,100.0,0.0,0.0,0.0
2012-09-21,256.0,117.0,0.0,0.0,0.0
2012-09-22,272.0,117.0,0.0,0.0,0.0
2012-09-23,272.0,67.0,0.0,0.0,0.0
2012-09-24,233.0,22.0,0.0,0.0,0.0
2012-09-25,233.0,22.0,0.0,0.0,0.0
2012-09-26,267.0,67.0,0.0,0.0,0.0
2012-09-27,278.0,111.0,0.0,0.0,0.0
2012-09-28,278.0,117.0,0.0,0.0,0.0
2012-09-29,278.0,133.0,165.0,0.0,0.0
2012-09-30,244.0,122.0,5.0,0.0,0.0
2012-10-01,239.0,122.0,104.0,0.0,0.0
2012-10-02,200.0,172.0,615.0,0.0,0.0
2012-10-03,217.0,150.0,0.0,0.0,0.0
2012-10-04,239.0,133.0,0.0,0.0,0.0
2012-10-05,250.0,89.0,0.0,0.0,0.0
2012-10-06,261.0,94.0,0.0,0.0,0.0
2012-10-07,217.0,106.0,48.0,0.0,0.0
2012-10-08,133.0,72.0,0.0,0.0,0.0
2012-10-09,111.0,89.0,25.0,0.0,0.0
2012-10-10,167.0,61.0,0.0,0.0,0.0
2012-10-11,172.0,39.0,0.0,0.0,0.0
2012-10-12,222.0,44.0,0.0,0.0,0.0
2012-10-13,206.0,106.0,0.0,0.0,0.0
2012-10-14,228.0,106.0,0.0,0.0,0.0
2012-10-15,211.0,144.0,445.0,0.0,0.0
2012-10-16,211.0,44.0,0.0,0.0,0.0
2012-10-17,217.0,39.0,0.0,0.0,0.0
2012-10-18,228.0,39.0,30.0,0.0,0.0
2012-10-19,189.0,33.0,5.0,0.0,0.0
2012-10-20,194.0,33.0,0.0,0.0,0.0
2012-10-21,178.0,33.0,0.0,0.0,0.0
2012-10-22,228.0,33.0,0.0,0.0,0.0
2012-10-23,261.0,50.0,0.0,0.0,0.0
2012-10-24,261.0,56.0,0.0,0.0,0.0
2012-10-25,272.0,56.0,0.0,0.0,0.0
2012-10-26,250.0,67.0,0.0,0.0,0.0
2012-10-27,261.0,106.0,0.0,0.0,0.0
2012-10-28,161.0,78.0,0.0,0.0,0.0
2012-10-29,106.0,56.0,53.0,0.0,0.0
2012-10-30,61.0,39.0,15.0,0.0,0.0
2012-10-31,83.0,39.0,0.0,0.0,0.0
2012-11-01,133.0,-17.0,0.0,0.0,0.0
2012-11-02,133.0,-17.0,0.0,0.0,0.0
2012-11-03,206.0,0.0,0.0,0.0,0.0
2012-11-04,233.0,11.0,0.0,0.0,0.0
2012-11-05,161.0,0.0,0.0,0.0,0.0
2012-11-06,172.0,0.0,66.0,0.0,0.0
2012-11-07,106.0,56.0,66.0,0.0,0.0
2012-11-08,111.0,6.0,0.0,0.0,0.0
2012-11-09,,,,0.0,0.0
2012-11-10,194.0,-22.0,0.0,0.0,0.0
2012-11-11,228.0,0.0,0.0,0.0,0.0
2012-11-12,,,,0.0,0.0
2012-11-13,,,,0.0,0.0
2012-11-14,128.0,-33.0,0.0,0.0,0.0
2012-11-15,,,,0.0,0.0
2012-11-16,161.0,-11.0,0.0,0.0,0.0
2012-11-17,156.0,-28.0,0.0,0.0,0.0
2012-11-18,178.0,-28.0,0.0,0.0,0.0
2012-11-19,189.0,-22.0,0.0,0.0,0.0
2012-11-20,189.0,-6.0,0.0,0.0,0.0
2012-11-21,189.0,6.0,0.0,0.0,0.0
2012-11-22,,,,0.0,0.0
2012-11-23,200.0,-6.0,0.0,0.0,0.0
2012-11-24,183.0,-11.0,0.0,0.0,0.0
2012-11-25,72.0,-67.0,0.0,0.0,0.0
2012-11-26,133.0,-67.0,0.0,0.0,0.0
2012-11-27,,,,0.0,0.0
2012-11-28,100.0,33.0,10.0,0.0,0.0
2012-11-29,117.0,-44.0,0.0,0.0,0.0
2012-11-30,172.0,-39.0,0.0,0.0,0.0
2012-12-01,144.0,-28.0,0.0,0.0,0.0
2012-12-02,183.0,6.0,0.0,0.0,0.0
2012-12-03,200.0,6.0,0.0,0.0,0.0
2012-12-04,222.0,28.0,0.0,0.0,0.0
2012-12-05,194.0,44.0,25.0,0.0,0.0
2012-12-06,144.0,94.0,5.0,0.0,0.0
2012-12-07,133.0,83.0,0.0,0.0,0.0
2012-12-08,183.0,94.0,0.0,0.0,0.0
2012-12-09,183.0,111.0,3.0,0.0,0.0
2012-12-10,194.0,100.0,97.0,0.0,0.0
2012-12-11,144.0,22.0,292.0,0.0,0.0
2012-12-12,44.0,-6.0,0.0,0.0,0.0
2012-12-13,89.0,-6.0,0.0,0.0,0.0
2012-12-14,133.0,-22.0,0.0,0.0,0.0
2012-12-15,156.0,-22.0,0.0,0.0,0.0
2012-12-16,150.0,39.0,33.0,0.0,0.0
2012-12-17,128.0,83.0,353.0,0.0,0.0
2012-12-18,133.0,56.0,38.0,0.0,0.0
2012-12-19,128.0,-22.0,0.0,0.0,0.0
2012-12-20,172.0,-22.0,15.0,0.0,0.0
2012-12-21,94.0,-11.0,320.0,0.0,0.0
2012-12-22,44.0,-56.0,0.0,0.0,0.0
2012-12-23,83.0,-67.0,0.0,0.0,0.0
2012-12-24,117.0,-61.0,244.0,0.0,0.0
2012-12-25,94.0,50.0,30.0,0.0,0.0
2012-12-26,128.0,89.0,229.0,0.0,0.0
2012-12-27,122.0,-6.0,8.0,0.0,0.0
2012-12-28,44.0,-33.0,0.0,0.0,0.0
2012-12-29,100.0,-17.0,102.0,0.0,0.0
2012-12-30,44.0,-39.0,13.0,0.0,0.0
2012-12-31,56.0,-50.0,0.0,0.0,0.0
2013-01-01,94.0,-33.0,89.0,0.0,0.0
2013-01-02,89.0,33.0,163.0,0.0,0.0
2013-01-03,44.0,11.0,0.0,0.0,0.0
2013-01-04,56.0,-56.0,0.0,0.0,0.0
2013-01-05,72.0,-56.0,0.0,0.0,0.0
2013-01-06,106.0,-39.0,20.0,0.0,0.0
2013-01-07,67.0,-44.0,0.0,0.0,0.0
2013-01-08,144.0,-44.0,0.0,0.0,0.0
2013-01-09,161.0,-17.0,0.0,0.0,0.0
2013-01-10,144.0,83.0,8.0,0.0,0.0
2013-01-11,189.0,83.0,5.0,0.0,0.0
2013-01-12,183.0,144.0,64.0,0.0,0.0
2013-01-13,228.0,128.0,5.0,0.0,0.0
2013-01-14,200.0,89.0,348.0,0.0,0.0
2013-01-15,94.0,61.0,643.0,0.0,0.0
2013-01-16,144.0,67.0,490.0,0.0,0.0
2013-01-17,,,,0.0,0.0
2013-01-18,111.0,-33.0,297.0,0.0,0.0
2013-01-19,,,,0.0,0.0
2013-01-20,128.0,-33.0,0.0,0.0,0.0
2013-01-21,139.0,-39.0,0.0,0.0,0.0
2013-01-22,94.0,-50.0,0.0,0.0,0.0
2013-01-23,33.0,-50.0,0.0,0.0,0.0
2013-01-24,83.0,-22.0,0.0,0.0,0.0
2013-01-25,56.0,-44.0,36.0,0.0,0.0
2013-01-26,17.0,-22.0,117.0,0.0,0.0
2013-01-27,,,,0.0,0.0
2013-01-28,117.0,-33.0,0.0,0.0,0.0
2013-01-29,156.0,56.0,0.0,0.0,0.0
2013-01-30,189.0,89.0,74.0,0.0,0.0
2013-01-31,194.0,-6.0,505.0,0.0,0.0
2013-02-01,61.0,-50.0,0.0,0.0,0.0
2013-02-02,61.0,-78.0,0.0,0.0,0.0
2013-02-03,6.0,-56.0,445.0,51.0,46.0
2013-02-04,83.0,-44.0,0.0,0.0,0.0
2013-02-05,94.0,-39.0,56.0,0.0,0.0
2013-02-06,150.0,-17.0,0.0,0.0,0.0
2013-02-07,172.0,-11.0,0.0,0.0,0.0
2013-02-08,100.0,39.0,48.0,0.0,0.0
2013-02-09,122.0,-44.0,30.0,0.0,0.0
2013-02-10,167.0,-22.0,0.0,0.0,0.0
2013-02-11,128.0,67.0,211.0,0.0,0.0
2013-02-12,133.0,0.0,8.0,0.0,0.0
2013-02-13,106.0,6.0,84.0,0.0,0.0
2013-02-14,89.0,-11.0,10.0,0.0,0.0
2013-02-15,122.0,-33.0,0.0,0.0,0.0
2013-02-16,133.0,-28.0,13.0,0.0,0.0
2013-02-17,28.0,-78.0,0.0,0.0,0.0
2013-02-18,44.0,-78.0,0.0,0.0,0.0
2013-02-19,144.0,-61.0,74.0,0.0,0.0
2013-02-20,111.0,-50.0,0.0,0.0,0.0
2013-02-21,72.0,-50.0,0.0,0.0,0.0
2013-02-22,178.0,-44.0,279.0,0.0,0.0
2013-02-23,94.0,56.0,102.0,0.0,0.0
2013-02-24,139.0,22.0,5.0,0.0,0.0
2013-02-25,156.0,-11.0,0.0,0.0,0.0
2013-02-26,128.0,6.0,188.0,0.0,0.0
2013-02-27,117.0,22.0,13.0,0.0,0.0
2013-02-28,128.0,11.0,0.0,0.0,0.0
2013-03-01,28.0,-6.0,0.0,0.0,0.0
2013-03-02,39.0,-6.0,13.0,0.0,0.0
2013-03-03,28.0,-39.0,0.0,0.0,0.0
2013-03-04,17.0,-78.0,0.0,0.0,0.0
2013-03-05,128.0,-56.0,23.0,0.0,0.0
2013-03-06,111.0,-28.0,140.0,25.0,25.0
2013-03-07,0.0,-33.0,15.0,25.0,13.0
2013-03-08,94.0,-44.0,0.0,0.0,0.0
2013-03-09,161.0,-33.0,0.0,0.0,0.0
2013-03-10,183.0,17.0,0.0,0.0,0.0
2013-03-11,194.0,56.0,0.0,0.0,0.0
2013-03-12,156.0,22.0,234.0,0.0,0.0
2013-03-13,117.0,-28.0,0.0,0.0,0.0
2013-03-14,72.0,-56.0,0.0,0.0,0.0
2013-03-15,100.0,-56.0,0.0,0.0,0.0
2013-03-16,211.0,-22.0,0.0,0.0,0.0
2013-03-17,233.0,56.0,0.0,0.0,0.0
2013-03-18,217.0,67.0,10.0,0.0,0.0
2013-03-19,128.0,22.0,150.0,0.0,0.0
2013-03-20,144.0,-22.0,0.0,0.0,0.0
2013-03-21,117.0,-50.0,0.0,0.0,0.0
2013-03-22,50.0,-50.0,0.0,0.0,0.0
2013-03-23,78.0,-22.0,46.0,0.0,0.0
2013-03-24,133.0,39.0,239.0,0.0,0.0
2013-03-25,144.0,-11.0,53.0,0.0,0.0
2013-03-26,33.0,-11.0,20.0,25.0,25.0
2013-03-27,33.0,-11.0,0.0,0.0,0.0
2013-03-28,100.0,-50.0,0.0,0.0,0.0
2013-03-29,133.0,-44.0,0.0,0.0,0.0
2013-03-30,122.0,-22.0,13.0,0.0,0.0
2013-03-31,189.0,67.0,201.0,0.0,0.0
2013-04-01,172.0,61.0,66.0,0.0,0.0
2013-04-02,178.0,17.0,0.0,0.0,0.0
2013-04-03,139.0,17.0,0.0,0.0,0.0
2013-04-04,161.0,28.0,69.0,0.0,0.0
2013-04-05,61.0,39.0,163.0,0.0,0.0
2013-04-06,172.0,-6.0,0.0,0.0,0.0
2013-04-07,217.0,33.0,0.0,0.0,0.0
2013-04-08,217.0,33.0,0.0,0.0,0.0
2013-04-09,233.0,89.0,0.0,0.0,0.0
2013-04-10,278.0,94.0,0.0,0.0,0.0
2013-04-11,300.0,106.0,0.0,0.0,0.0
2013-04-12,250.0,128.0,366.0,0.0,0.0
2013-04-13,178.0,22.0,0.0,0.0,0.0
2013-04-14,222.0,33.0,0.0,0.0,0.0
2013-04-15,206.0,61.0,10.0,0.0,0.0
2013-04-16,267.0,128.0,0.0,0.0,0.0
2013-04-17,272.0,139.0,0.0,0.0,0.0
2013-04-18,289.0,150.0,99.0,0.0,0.0
2013-04-19,250.0,172.0,5.0,0.0,0.0
2013-04-20,194.0,-6.0,142.0,0.0,0.0
2013-04-21,161.0,6.0,0.0,0.0,0.0
2013-04-22,,,,0.0,0.0
2013-04-23,222.0,39.0,0.0,0.0,0.0
2013-04-24,244.0,56.0,0.0,0.0,0.0
2013-04-25,228.0,44.0,41.0,0.0,0.0
2013-04-26,200.0,0.0,0.0,0.0,0.0
2013-04-27,239.0,28.0,79.0,0.0,0.0
2013-04-28,139.0,106.0,66.0,0.0,0.0
2013-04-29,133.0,100.0,559.0,0.0,0.0
2013-04-30,222.0,72.0,0.0,0.0,0.0
2013-05-01,267.0,78.0,0.0,0.0,0.0
2013-05-02,244.0,117.0,0.0,0.0,0.0
2013-05-03,217.0,128.0,0.0,0.0,0.0
2013-05-04,206.0,122.0,3.0,0.0,0.0
2013-05-05,150.0,111.0,320.0,0.0,0.0
2013-05-06,144.0,67.0,198.0,0.0,0.0
2013-05-07,128.0,67.0,0.0,0.0,0.0
2013-05-08,211.0,83.0,0.0,0.0,0.0
2013-05-09,211.0,100.0,8.0,0.0,0.0
2013-05-10,267.0,106.0,0.0,0.0,0.0
2013-05-11,239.0,128.0,3.0,0.0,0.0
2013-05-12,233.0,89.0,36.0,0.0,0.0
2013-05-13,178.0,6.0,0.0,0.0,0.0
2013-05-14,178.0,22.0,0.0,0.0,0.0
2013-05-15,256.0,50.0,0.0,0.0,0.0
2013-05-16,289.0,111.0,0.0,0.0,0.0
2013-05-17,272.0,128.0,0.0,0.0,0.0
2013-05-18,272.0,150.0,97.0,0.0,0.0
2013-05-19,217.0,172.0,74.0,0.0,0.0
2013-05-20,217.0,133.0,150.0,0.0,0.0
2013-05-21,289.0,144.0,0.0,0.0,0.0
2013-05-22,306.0,161.0,0.0,0.0,0.0
2013-05-23,289.0,161.0,18.0,0.0,0.0
2013-05-24,261.0,144.0,56.0,0.0,0.0
2013-05-25,211.0,39.0,0.0,0.0,0.0
2013-05-26,244.0,72.0,0.0,0.0,0.0
2013-05-27,250.0,89.0,0.0,0.0,0.0
2013-05-28,283.0,150.0,0.0,0.0,0.0
2013-05-29,294.0,133.0,0.0,0.0,0.0
2013-05-30,300.0,150.0,0.0,0.0,0.0
2013-05-31,283.0,167.0,0.0,0.0,0.0
2013-06-01,283.0,167.0,0.0,0.0,0.0
2013-06-02,278.0,183.0,292.0,0.0,0.0
2013-06-03,239.0,172.0,211.0,0.0,0.0
2013-06-04,272.0,133.0,0.0,0.0,0.0
2013-06-05,289.0,139.0,0.0,0.0,0.0
2013-06-06,278.0,161.0,241.0,0.0,0.0
2013-06-07,267.0,178.0,5.0,0.0,0.0
2013-06-08,278.0,167.0,58.0,0.0,0.0
2013-06-09,,,,0.0,0.0
2013-06-10,283.0,167.0,76.0,0.0,0.0
2013-06-11,272.0,178.0,150.0,0.0,0.0
2013-06-12,294.0,178.0,0.0,0.0,0.0
2013-06-13,317.0,194.0,0.0,0.0,0.0
2013-06-14,306.0,133.0,89.0,0.0,0.0
2013-06-15,283.0,122.0,0.0,0.0,0.0
2013-06-16,289.0,150.0,0.0,0.0,0.0
2013-06-17,294.0,156.0,10.0,0.0,0.0
2013-06-18,267.0,189.0,335.0,0.0,0.0
2013-06-19,256.0,156.0,155.0,0.0,0.0
2013-06-20,289.0,161.0,0.0,0.0,0.0
2013-06-21,278.0,172.0,152.0,0.0,0.0
2013-06-22,278.0,156.0,5.0,0.0,0.0
2013-06-23,289.0,161.0,0.0,0.0,0.0
2013-06-24,289.0,178.0,5.0,0.0,0.0
2013-06-25,300.0,178.0,0.0,0.0,0.0
2013-06-26,283.0,189.0,0.0,0.0,0.0
2013-06-27,300.0,194.0,3.0,0.0,0.0
2013-06-28,289.0,183.0,18.0,0.0,0.0
2013-06-29,311.0,183.0,89.0,0.0,0.0
2013-06-30,289.0,150.0,0.0,0.0,0.0
2013-07-01,300.0,161.0,0.0,0.0,0.0
2013-07-02,278.0,178.0,71.0,0.0,0.0
2013-07-03,272.0,178.0,94.0,0.0,0.0
2013-07-04,200.0,178.0,1326.0,0.0,0.0
2013-07-05,250.0,178.0,112.0,0.0,0.0
2013-07-06,261.0,194.0,76.0,0.0,0.0
2013-07-07,278.0,200.0,104.0,0.0,0.0
2013-07-08,267.0,194.0,0.0,0.0,0.0
2013-07-09,311.0,200.0,79.0,0.0,0.0
2013-07-10,311.0,200.0,5.0,0.0,0.0
2013-07-11,300.0,206.0,13.0,0.0,0.0
2013-07-12,294.0,194.0,0.0,0.0,0.0
2013-07-13,294.0,189.0,0.0,0.0,0.0
2013-07-14,272.0,189.0,48.0,0.0,0.0
2013-07-15,272.0,189.0,18.0,0.0,0.0
2013-07-16,300.0,183.0,0.0,0.0,0.0
2013-07-17,317.0,194.0,104.0,0.0,0.0
2013-07-18,322.0,178.0,8.0,0.0,0.0
2013-07-19,311.0,189.0,0.0,0.0,0.0
2013-07-20,311.0,194.0,0.0,0.0,0.0
2013-07-21,311.0,200.0,0.0,0.0,0.0
2013-07-22,300.0,206.0,8.0,0.0,0.0
2013-07-23,289.0,200.0,3.0,0.0,0.0
2013-07-24,278.0,206.0,61.0,0.0,0.0
2013-07-25,294.0,167.0,8.0,0.0,0.0
2013-07-26,300.0,156.0,0.0,0.0,0.0
2013-07-27,294.0,156.0,64.0,0.0,0.0
2013-07-28,283.0,178.0,0.0,0.0,0.0
2013-07-29,283.0,161.0,0.0,0.0,0.0
2013-07-30,272.0,133.0,0.0,0.0,0.0
2013-07-31,300.0,156.0,25.0,0.0,0.0
2013-08-01,250.0,194.0,51.0,0.0,0.0
2013-08-02,289.0,161.0,0.0,0.0,0.0
2013-08-03,300.0,167.0,0.0,0.0,0.0
2013-08-04,283.0,189.0,0.0,0.0,0.0
2013-08-05,294.0,150.0,0.0,0.0,0.0
2013-08-06,300.0,161.0,0.0,0.0,0.0
2013-08-07,283.0,200.0,5.0,0.0,0.0
2013-08-08,272.0,211.0,28.0,0.0,0.0
2013-08-09,278.0,194.0,257.0,0.0,0.0
2013-08-10,289.0,200.0,185.0,0.0,0.0
2013-08-11,272.0,194.0,302.0,0.0,0.0
2013-08-12,289.0,194.0,5.0,0.0,0.0
2013-08-13,289.0,206.0,48.0,0.0,0.0
2013-08-14,283.0,183.0,277.0,0.0,0.0
2013-08-15,267.0,167.0,0.0,0.0,0.0
2013-08-16,256.0,150.0,0.0,0.0,0.0
2013-08-17,239.0,161.0,0.0,0.0,0.0
2013-08-18,217.0,172.0,203.0,0.0,0.0
2013-08-19,239.0,178.0,373.0,0.0,0.0
2013-08-20,256.0,183.0,71.0,0.0,0.0
2013-08-21,278.0,183.0,0.0,0.0,0.0
2013-08-22,228.0,183.0,119.0,0.0,0.0
2013-08-23,300.0,183.0,251.0,0.0,0.0
2013-08-24,300.0,161.0,10.0,0.0,0.0
2013-08-25,300.0,144.0,0.0,0.0,0.0
2013-08-26,278.0,144.0,0.0,0.0,0.0
2013-08-27,272.0,144.0,0.0,0.0,0.0
2013-08-28,283.0,150.0,0.0,0.0,0.0
2013-08-29,300.0,172.0,0.0,0.0,0.0
2013-08-30,300.0,183.0,0.0,0.0,0.0
2013-08-31,317.0,194.0,36.0,0.0,0.0
2013-09-01,311.0,200.0,46.0,0.0,0.0
2013-09-02,289.0,200.0,13.0,0.0,0.0
2013-09-03,283.0,200.0,112.0,0.0,0.0
2013-09-04,294.0,167.0,0.0,0.0,0.0
2013-09-05,294.0,161.0,0.0,0.0,0.0
2013-09-06,289.0,161.0,0.0,0.0,0.0
2013-09-07,300.0,156.0,0.0,0.0,0.0
2013-09-08,289.0,161.0,0.0,0.0,0.0
2013-09-09,294.0,161.0,0.0,0.0,0.0
2013-09-10,306.0,167.0,211.0,0.0,0.0
2013-09-11,306.0,167.0,0.0,0.0,0.0
2013-09-12,306.0,172.0,0.0,0.0,0.0
2013-09-13,261.0,172.0,28.0,0.0,0.0
2013-09-14,261.0,89.0,0.0,0.0,0.0
2013-09-15,261.0,111.0,0.0,0.0,0.0
2013-09-16,272.0,117.0,0.0,0.0,0.0
2013-09-17,278.0,144.0,0.0,0.0,0.0
2013-09-18,239.0,150.0,0.0,0.0,0.0
2013-09-19,228.0,139.0,0.0,0.0,0.0
2013-09-20,272.0,139.0,0.0,0.0,0.0
2013-09-21,278.0,156.0,48.0,0.0,0.0
2013-09-22,200.0,117.0,394.0,0.0,0.0
2013-09-23,244.0,111.0,0.0,0.0,0.0
2013-09-24,256.0,111.0,0.0,0.0,0.0
2013-09-25,217.0,133.0,284.0,0.0,0.0
2013-09-26,194.0,156.0,91.0,0.0,0.0
2013-09-27,261.0,117.0,0.0,0.0,0.0
2013-09-28,261.0,111.0,0.0,0.0,0.0
2013-09-29,250.0,117.0,0.0,0.0,0.0
2013-09-30,,,,0.0,0.0
2013-10-01,244.0,117.0,0.0,0.0,0.0
2013-10-02,261.0,122.0,0.0,0.0,0.0
2013-10-03,272.0,128.0,0.0,0.0,0.0
2013-10-04,272.0,128.0,0.0,0.0,0.0
2013-10-05,283.0,128.0,0.0,0.0,0.0
2013-10-06,294.0,139.0,0.0,0.0,0.0
2013-10-07,267.0,128.0,165.0,0.0,0.0
2013-10-08,217.0,89.0,0.0,0.0,0.0
2013-10-09,256.0,89.0,0.0,0.0,0.0
2013-10-10,256.0,100.0,0.0,0.0,0.0
2013-10-11,233.0,83.0,0.0,0.0,0.0
2013-10-12,250.0,83.0,0.0,0.0,0.0
2013-10-13,256.0,100.0,0.0,0.0,0.0
2013-10-14,244.0,100.0,0.0,0.0,0.0
2013-10-15,,,,0.0,0.0
2013-10-16,222.0,117.0,0.0,0.0,0.0
2013-10-17,206.0,139.0,36.0,0.0,0.0
2013-10-18,200.0,100.0,38.0,0.0,0.0
2013-10-19,206.0,100.0,0.0,0.0,0.0
2013-10-20,183.0,50.0,0.0,0.0,0.0
2013-10-21,194.0,22.0,0.0,0.0,0.0
2013-10-22,222.0,22.0,0.0,0.0,0.0
2013-10-23,211.0,61.0,0.0,0.0,0.0
2013-10-24,122.0,0.0,0.0,0.0,0.0
2013-10-25,139.0,-28.0,0.0,0.0,0.0
2013-10-26,128.0,-39.0,0.0,0.0,0.0
2013-10-27,161.0,-33.0,0.0,0.0,0.0
2013-10-28,167.0,67.0,15.0,0.0,0.0
2013-10-29,167.0,94.0,0.0,0.0,0.0
2013-10-30,217.0,89.0,0.0,0.0,0.0
2013-10-31,244.0,100.0,0.0,0.0,0.0
2013-11-01,211.0,128.0,84.0,0.0,0.0
2013-11-02,233.0,39.0,0.0,0.0,0.0
2013-11-03,178.0,6.0,0.0,0.0,0.0
2013-11-04,161.0,6.0,0.0,0.0,0.0
2013-11-05,172.0,22.0,0.0,0.0,0.0
2013-11-06,217.0,33.0,0.0,0.0,0.0
2013-11-07,217.0,133.0,74.0,0.0,0.0
2013-11-08,139.0,-22.0,0.0,0.0,0.0
2013-11-09,150.0,-22.0,0.0,0.0,0.0
2013-11-10,139.0,6.0,0.0,0.0,0.0
2013-11-11,206.0,-22.0,0.0,0.0,0.0
2013-11-12,200.0,-22.0,0.0,0.0,0.0
2013-11-13,100.0,-83.0,0.0,0.0,0.0
2013-11-14,89.0,-72.0,0.0,0.0,0.0
2013-11-15,161.0,-67.0,0.0,0.0,0.0
2013-11-16,100.0,11.0,51.0,0.0,0.0
2013-11-17,172.0,100.0,0.0,0.0,0.0
2013-11-18,172.0,122.0,140.0,0.0,0.0
2013-11-19,183.0,-17.0,0.0,0.0,0.0
2013-11-20,150.0,-11.0,0.0,0.0,0.0
2013-11-21,139.0,-11.0,0.0,0.0,0.0
2013-11-22,161.0,78.0,3.0,0.0,0.0
2013-11-23,172.0,89.0,41.0,0.0,0.0
2013-11-24,100.0,-50.0,0.0,0.0,0.0
2013-11-25,72.0,-44.0,0.0,0.0,0.0
2013-11-26,83.0,-11.0,312.0,0.0,0.0
2013-11-27,94.0,-6.0,500.0,0.0,0.0
2013-11-28,22.0,-89.0,0.0,0.0,0.0
2013-11-29,83.0,-67.0,0.0,0.0,0.0
2013-11-30,128.0,-61.0,0.0,0.0,0.0
2013-12-01,139.0,-17.0,0.0,0.0,0.0
2013-12-02,133.0,0.0,10.0,0.0,0.0
2013-12-03,89.0,44.0,13.0,0.0,0.0
2013-12-04,133.0,83.0,0.0,0.0,0.0
2013-12-05,,,,0.0,0.0
2013-12-06,206.0,128.0,389.0,0.0,0.0
2013-12-07,217.0,28.0,140.0,0.0,0.0
2013-12-08,78.0,28.0,18.0,0.0,0.0
2013-12-09,111.0,78.0,330.0,0.0,0.0
2013-12-10,117.0,39.0,206.0,0.0,0.0
2013-12-11,61.0,-61.0,0.0,0.0,0.0
2013-12-12,111.0,-61.0,0.0,0.0,0.0
2013-12-13,61.0,-72.0,0.0,0.0,0.0
2013-12-14,94.0,-72.0,5.0,0.0,0.0
2013-12-15,94.0,17.0,147.0,0.0,0.0
2013-12-16,33.0,-39.0,0.0,0.0,0.0
2013-12-17,111.0,-39.0,0.0,0.0,0.0
2013-12-18,156.0,-39.0,0.0,0.0,0.0
2013-12-19,94.0,-44.0,0.0,0.0,0.0
2013-12-20,178.0,-44.0,0.0,0.0,0.0
2013-12-21,178.0,17.0,0.0,0.0,0.0
2013-12-22,206.0,128.0,287.0,0.0,0.0
2013-12-23,139.0,100.0,457.0,0.0,0.0
2013-12-24,100.0,-17.0,0.0,0.0,0.0
2013-12-25,11.0,-78.0,0.0,0.0,0.0
2013-12-26,89.0,-78.0,0.0,0.0,0.0
2013-12-27,100.0,-61.0,0.0,0.0,0.0
2013-12-28,122.0,-61.0,0.0,0.0,0.0
2013-12-29,89.0,-22.0,318.0,0.0,0.0
2013-12-30,83.0,22.0,15.0,0.0,0.0
2013-12-31,56.0,-17.0,0.0,0.0,0.0
2014-01-01,78.0,-39.0,0.0,0.0,0.0
2014-01-02,100.0,-33.0,20.0,0.0,0.0
2014-01-03,72.0,-94.0,71.0,0.0,0.0
2014-01-04,0.0,-89.0,0.0,0.0,0.0
2014-01-05,67.0,-83.0,0.0,0.0,0.0
2014-01-06,133.0,-78.0,53.0,25.0,25.0
2014-01-07,-44.0,-172.0,0.0,0.0,0.0
2014-01-08,-56.0,-161.0,0.0,0.0,0.0
2014-01-09,83.0,-128.0,0.0,0.0,0.0
2014-01-10,128.0,-33.0,38.0,0.0,0.0
2014-01-11,156.0,61.0,241.0,0.0,0.0
2014-01-12,167.0,-17.0,147.0,0.0,0.0
2014-01-13,139.0,-17.0,0.0,0.0,0.0
2014-01-14,122.0,-6.0,97.0,0.0,0.0
2014-01-15,122.0,-22.0,0.0,0.0,0.0
2014-01-16,67.0,-83.0,0.0,0.0,0.0
2014-01-17,61.0,-83.0,0.0,0.0,0.0
2014-01-18,83.0,-67.0,0.0,0.0,0.0
2014-01-19,,,,0.0,0.0
2014-01-20,78.0,-67.0,0.0,0.0,0.0
2014-01-21,167.0,-67.0,0.0,0.0,0.0
2014-01-22,61.0,-128.0,3.0,25.0,13.0
2014-01-23,-11.0,-128.0,0.0,0.0,0.0
2014-01-24,-11.0,-156.0,0.0,0.0,0.0
2014-01-25,-11.0,-156.0,0.0,0.0,0.0
2014-01-26,-44.0,-111.0,0.0,0.0,0.0
2014-01-27,117.0,-94.0,0.0,0.0,0.0
2014-01-28,106.0,-67.0,0.0,0.0,0.0
2014-01-29,-11.0,-150.0,38.0,51.0,51.0
2014-01-30,-11.0,-167.0,0.0,25.0,0.0
2014-01-31,,,,0.0,0.0
2014-02-01,122.0,-94.0,0.0,0.0,0.0
2014-02-02,189.0,-39.0,0.0,0.0,0.0
2014-02-03,156.0,-6.0,493.0,0.0,0.0
2014-02-04,89.0,17.0,0.0,0.0,0.0
2014-02-05,139.0,22.0,48.0,0.0,0.0
2014-02-06,106.0,-33.0,0.0,0.0,0.0
2014-02-07,17.0,-33.0,0.0,0.0,0.0
2014-02-08,72.0,-17.0,0.0,0.0,0.0
2014-02-09,78.0,-17.0,0.0,0.0,0.0
2014-02-10,83.0,0.0,0.0,0.0,0.0
2014-02-11,28.0,-11.0,18.0,0.0,13.0
2014-02-12,33.0,-22.0,20.0,25.0,25.0
2014-02-13,0.0,-22.0,102.0,102.0,102.0
2014-02-14,44.0,-61.0,0.0,25.0,0.0
2014-02-15,117.0,-33.0,79.0,0.0,0.0
2014-02-16,28.0,-28.0,0.0,0.0,0.0
2014-02-17,133.0,-33.0,0.0,0.0,0.0
2014-02-18,156.0,-6.0,38.0,0.0,0.0
2014-02-19,194.0,33.0,165.0,0.0,0.0
2014-02-20,206.0,89.0,0.0,0.0,0.0
2014-02-21,217.0,72.0,147.0,0.0,0.0
2014-02-22,128.0,-11.0,0.0,0.0,0.0
2014-02-23,194.0,0.0,0.0,0.0,0.0
2014-02-24,217.0,6.0,0.0,0.0,0.0
2014-02-25,144.0,-11.0,0.0,0.0,0.0
2014-02-26,133.0,-6.0,0.0,0.0,0.0
2014-02-27,72.0,-83.0,0.0,0.0,0.0
2014-02-28,72.0,-89.0,0.0,0.0,0.0
2014-03-01,117.0,-78.0,0.0,0.0,0.0
2014-03-02,128.0,39.0,0.0,0.0,0.0
2014-03-03,217.0,78.0,58.0,0.0,0.0
2014-03-04,100.0,-22.0,0.0,0.0,0.0
2014-03-05,83.0,-11.0,0.0,0.0,0.0
2014-03-06,167.0,0.0,0.0,0.0,0.0
2014-03-07,117.0,33.0,0.0,0.0,0.0
2014-03-08,172.0,-6.0,25.0,0.0,0.0
2014-03-09,194.0,6.0,0.0,0.0,0.0
2014-03-10,183.0,0.0,0.0,0.0,0.0
2014-03-11,206.0,0.0,0.0,0.0,0.0
2014-03-12,244.0,0.0,20.0,0.0,0.0
2014-03-13,200.0,-17.0,36.0,0.0,0.0
2014-03-14,83.0,-50.0,0.0,0.0,0.0
2014-03-15,178.0,-50.0,0.0,0.0,0.0
2014-03-16,189.0,33.0,25.0,0.0,0.0
2014-03-17,122.0,67.0,302.0,0.0,0.0
2014-03-18,111.0,56.0,15.0,0.0,0.0
2014-03-19,156.0,61.0,0.0,0.0,0.0
2014-03-20,144.0,44.0,0.0,0.0,0.0
2014-03-21,161.0,-33.0,0.0,0.0,0.0
2014-03-22,194.0,-28.0,0.0,0.0,0.0
2014-03-23,211.0,39.0,0.0,0.0,0.0
2014-03-24,128.0,-39.0,0.0,0.0,0.0
2014-03-25,139.0,-39.0,61.0,0.0,0.0
2014-03-26,61.0,-50.0,0.0,0.0,0.0
2014-03-27,94.0,-50.0,0.0,0.0,0.0
2014-03-28,172.0,-22.0,25.0,0.0,0.0
2014-03-29,144.0,106.0,13.0,0.0,0.0
2014-03-30,156.0,22.0,81.0,0.0,0.0
2014-03-31,144.0,-28.0,0.0,0.0,0.0
2014-04-01,244.0,-22.0,0.0,0.0,0.0
2014-04-02,272.0,33.0,0.0,0.0,0.0
2014-04-03,278.0,39.0,0.0,0.0,0.0
2014-04-04,250.0,111.0,0.0,0.0,0.0
2014-04-05,200.0,56.0,13.0,0.0,0.0
2014-04-06,167.0,50.0,0.0,0.0,0.0
2014-04-07,178.0,44.0,513.0,0.0,0.0
2014-04-08,150.0,72.0,43.0,0.0,0.0
2014-04-09,150.0,72.0,10.0,0.0,0.0
2014-04-10,183.0,0.0,0.0,0.0,0.0
2014-04-11,233.0,11.0,0.0,0.0,0.0
2014-04-12,239.0,44.0,0.0,0.0,0.0
2014-04-13,278.0,89.0,0.0,0.0,0.0
2014-04-14,,,,0.0,0.0
2014-04-15,189.0,106.0,119.0,0.0,0.0
2014-04-16,,,,0.0,0.0
2014-04-17,183.0,-6.0,0.0,0.0,0.0
2014-04-18,200.0,11.0,0.0,0.0,0.0
2014-04-19,156.0,78.0,25.0,0.0,0.0
2014-04-20,183.0,50.0,13.0,0.0,0.0
2014-04-21,250.0,44.0,0.0,0.0,0.0
2014-04-22,261.0,72.0,0.0,0.0,0.0
2014-04-23,194.0,78.0,15.0,0.0,0.0
2014-04-24,233.0,22.0,0.0,0.0,0.0
2014-04-25,256.0,33.0,0.0,0.0,0.0
2014-04-26,228.0,50.0,0.0,0.0,0.0
2014-04-27,289.0,78.0,0.0,0.0,0.0
2014-04-28,300.0,89.0,13.0,0.0,0.0
2014-04-29,267.0,161.0,81.0,0.0,0.0
2014-04-30,256.0,161.0,107.0,0.0,0.0
2014-05-01,222.0,106.0,28.0,0.0,0.0
2014-05-02,183.0,50.0,0.0,0.0,0.0
2014-05-03,200.0,33.0,0.0,0.0,0.0
2014-05-04,228.0,56.0,0.0,0.0,0.0
2014-05-05,278.0,78.0,0.0,0.0,0.0
2014-05-06,300.0,100.0,0.0,0.0,0.0
2014-05-07,306.0,94.0,0.0,0.0,0.0
2014-05-08,306.0,94.0,0.0,0.0,0.0
2014-05-09,306.0,117.0,0.0,0.0,0.0
2014-05-10,250.0,150.0,152.0,0.0,0.0
2014-05-11,222.0,122.0,163.0,0.0,0.0
2014-05-12,294.0,122.0,0.0,0.0,0.0
2014-05-13,294.0,156.0,0.0,0.0,0.0
2014-05-14,300.0,144.0,0.0,0.0,0.0
2014-05-15,278.0,161.0,333.0,0.0,0.0
2014-05-16,183.0,44.0,18.0,0.0,0.0
2014-05-17,161.0,28.0,46.0,0.0,0.0
2014-05-18,139.0,72.0,76.0,0.0,0.0
2014-05-19,167.0,72.0,20.0,0.0,0.0
2014-05-20,239.0,78.0,0.0,0.0,0.0
2014-05-21,261.0,111.0,0.0,0.0,0.0
2014-05-22,283.0,133.0,0.0,0.0,0.0
2014-05-23,,,,0.0,0.0
2014-05-24,289.0,150.0,0.0,0.0,0.0
2014-05-25,,,,0.0,0.0
2014-05-26,,,,0.0,0.0
2014-05-27,,,,0.0,0.0
2014-05-28,,,,0.0,0.0
2014-05-29,,,,0.0,0.0
2014-05-30,,,,0.0,0.0
2014-05-31,,,,0.0,0.0
2014-06-01,,,,0.0,0.0
2014-06-02,,,,0.0,0.0
2014-06-03,,,,0.0,0.0
2014-06-04,,,,0.0,0.0
2014-06-05,,,,0.0,0.0
2014-06-06,,,,0.0,0.0
2014-06-07,,,,0.0,0.0
2014-06-08,,,,0.0,0.0
2014-06-09,,,,0.0,0.0
2014-06-10,,,,0.0,0.0
2014-06-11,,,,0.0,0.0
2014-06-12,267.0,156.0,76.0,0.0,0.0
2014-06-13,261.0,161.0,13.0,0.0,0.0
2014-06-14,256.0,161.0,76.0,0.0,0.0
2014-06-15,283.0,161.0,0.0,0.0,0.0
2014-06-16,289.0,172.0,20.0,0.0,0.0
2014-06-17,300.0,172.0,0.0,0.0,0.0
2014-06-18,311.0,161.0,0.0,0.0,0.0
2014-06-19,300.0,172.0,15.0,0.0,0.0
2014-06-20,306.0,156.0,30.0,0.0,0.0
2014-06-21,306.0,167.0,0.0,0.0,0.0
2014-06-22,289.0,178.0,8.0,0.0,0.0
2014-06-23,300.0,156.0,0.0,0.0,0.0
2014-06-24,306.0,172.0,5.0,0.0,0.0
2014-06-25,272.0,178.0,58.0,0.0,0.0
2014-06-26,278.0,167.0,13.0,0.0,0.0
2014-06-27,283.0,161.0,0.0,0.0,0.0
2014-06-28,283.0,167.0,343.0,0.0,0.0
2014-06-29,267.0,178.0,5.0,0.0,0.0
2014-06-30,289.0,178.0,462.0,0.0,0.0
2014-07-01,278.0,183.0,61.0,0.0,0.0
2014-07-02,311.0,194.0,0.0,0.0,0.0
2014-07-03,311.0,183.0,0.0,0.0,0.0
2014-07-04,272.0,117.0,0.0,0.0,0.0
2014-07-05,272.0,111.0,0.0,0.0,0.0
2014-07-06,283.0,117.0,0.0,0.0,0.0
2014-07-07,289.0,117.0,0.0,0.0,0.0
2014-07-08,294.0,144.0,0.0,0.0,0.0
2014-07-09,283.0,167.0,254.0,0.0,0.0
2014-07-10,283.0,178.0,201.0,0.0,0.0
2014-07-11,289.0,167.0,0.0,0.0,0.0
2014-07-12,300.0,172.0,287.0,0.0,0.0
2014-07-13,283.0,183.0,91.0,0.0,0.0
2014-07-14,306.0,183.0,66.0,0.0,0.0
2014-07-15,306.0,194.0,15.0,0.0,0.0
2014-07-16,267.0,133.0,5.0,0.0,0.0
2014-07-17,250.0,111.0,0.0,0.0,0.0
2014-07-18,272.0,117.0,8.0,0.0,0.0
2014-07-19,217.0,178.0,165.0,0.0,0.0
2014-07-20,228.0,178.0,122.0,0.0,0.0
2014-07-21,283.0,183.0,8.0,0.0,0.0
2014-07-22,283.0,178.0,0.0,0.0,0.0
2014-07-23,289.0,183.0,33.0,0.0,0.0
2014-07-24,294.0,189.0,56.0,0.0,0.0
2014-07-25,278.0,172.0,0.0,0.0,0.0
2014-07-26,283.0,144.0,0.0,0.0,0.0
2014-07-27,306.0,150.0,0.0,0.0,0.0
2014-07-28,311.0,183.0,61.0,0.0,0.0
2014-07-29,261.0,128.0,0.0,0.0,0.0
2014-07-30,250.0,89.0,0.0,0.0,0.0
2014-07-31,250.0,89.0,0.0,0.0,0.0
2014-08-01,244.0,144.0,0.0,0.0,0.0
2014-08-02,267.0,167.0,0.0,0.0,0.0
2014-08-03,272.0,167.0,13.0,0.0,0.0
2014-08-04,289.0,161.0,0.0,0.0,0.0
2014-08-05,289.0,150.0,0.0,0.0,0.0
2014-08-06,283.0,128.0,0.0,0.0,0.0
2014-08-07,289.0,144.0,0.0,0.0,0.0
2014-08-08,317.0,172.0,25.0,0.0,0.0
2014-08-09,267.0,178.0,292.0,0.0,0.0
2014-08-10,294.0,183.0,13.0,0.0,0.0
2014-08-11,261.0,194.0,102.0,0.0,0.0
2014-08-12,294.0,189.0,0.0,0.0,0.0
2014-08-13,283.0,144.0,5.0,0.0,0.0
2014-08-14,261.0,133.0,0.0,0.0,0.0
2014-08-15,289.0,133.0,0.0,0.0,0.0
2014-08-16,283.0,128.0,0.0,0.0,0.0
2014-08-17,283.0,133.0,0.0,0.0,0.0
2014-08-18,294.0,150.0,23.0,0.0,0.0
2014-08-19,278.0,183.0,91.0,0.0,0.0
2014-08-20,278.0,178.0,5.0,0.0,0.0
2014-08-21,300.0,167.0,25.0,0.0,0.0
2014-08-22,300.0,172.0,0.0,0.0,0.0
2014-08-23,306.0,178.0,0.0,0.0,0.0
2014-08-24,300.0,189.0,25.0,0.0,0.0
2014-08-25,306.0,183.0,25.0,0.0,0.0
2014-08-26,,,,0.0,0.0
2014-08-27,289.0,144.0,0.0,0.0,0.0
2014-08-28,294.0,156.0,0.0,0.0,0.0
2014-08-29,311.0,150.0,0.0,0.0,0.0
2014-08-30,322.0,161.0,0.0,0.0,0.0
2014-08-31,306.0,172.0,114.0,0.0,0.0
2014-09-01,289.0,183.0,0.0,0.0,0.0
2014-09-02,317.0,178.0,0.0,0.0,0.0
2014-09-03,306.0,183.0,452.0,0.0,0.0
2014-09-04,306.0,189.0,30.0,0.0,0.0
2014-09-05,278.0,183.0,91.0,0.0,0.0
2014-09-06,294.0,189.0,18.0,0.0,0.0
2014-09-07,300.0,189.0,0.0,0.0,0.0
2014-09-08,306.0,178.0,249.0,0.0,0.0
2014-09-09,283.0,178.0,51.0,0.0,0.0
2014-09-10,278.0,172.0,0.0,0.0,0.0
2014-09-11,272.0,178.0,0.0,0.0,0.0
2014-09-12,283.0,189.0,335.0,0.0,0.0
2014-09-13,289.0,194.0,8.0,0.0,0.0
2014-09-14,256.0,161.0,0.0,0.0,0.0
2014-09-15,250.0,167.0,0.0,0.0,0.0
2014-09-16,,,,0.0,0.0
2014-09-17,267.0,167.0,0.0,0.0,0.0
2014-09-18,250.0,128.0,0.0,0.0,0.0
2014-09-19,256.0,128.0,0.0,0.0,0.0
2014-09-20,272.0,128.0,0.0,0.0,0.0
2014-09-21,272.0,128.0,0.0,0.0,0.0
2014-09-22,272.0,117.0,56.0,0.0,0.0
2014-09-23,239.0,78.0,0.0,0.0,0.0
2014-09-24,244.0,83.0,0.0,0.0,0.0
2014-09-25,250.0,106.0,0.0,0.0,0.0
2014-09-26,256.0,128.0,0.0,0.0,0.0
2014-09-27,261.0,133.0,0.0,0.0,0.0
2014-09-28,261.0,117.0,0.0,0.0,0.0
2014-09-29,228.0,117.0,13.0,0.0,0.0
2014-09-30,233.0,150.0,81.0,0.0,0.0
2014-10-01,250.0,117.0,0.0,0.0,0.0
2014-10-02,261.0,89.0,0.0,0.0,0.0
2014-10-03,278.0,94.0,36.0,0.0,0.0
2014-10-04,228.0,50.0,91.0,0.0,0.0
2014-10-05,139.0,-6.0,0.0,0.0,0.0
2014-10-06,183.0,-6.0,0.0,0.0,0.0
2014-10-07,206.0,50.0,335.0,0.0,0.0
2014-10-08,228.0,128.0,71.0,0.0,0.0
2014-10-09,250.0,106.0,0.0,0.0,0.0
2014-10-10,244.0,106.0,137.0,0.0,0.0
2014-10-11,267.0,133.0,15.0,0.0,0.0
2014-10-12,250.0,150.0,79.0,0.0,0.0
2014-10-13,233.0,156.0,41.0,0.0,0.0
2014-10-14,228.0,167.0,272.0,0.0,0.0
2014-10-15,206.0,94.0,582.0,0.0,0.0
2014-10-16,150.0,100.0,61.0,0.0,0.0
2014-10-17,139.0,67.0,5.0,0.0,0.0
2014-10-18,239.0,67.0,0.0,0.0,0.0
2014-10-19,189.0,39.0,0.0,0.0,0.0
2014-10-20,200.0,39.0,0.0,0.0,0.0
2014-10-21,200.0,50.0,0.0,0.0,0.0
2014-10-22,194.0,17.0,10.0,0.0,0.0
2014-10-23,172.0,17.0,0.0,0.0,0.0
2014-10-24,178.0,22.0,0.0,0.0,0.0
2014-10-25,206.0,11.0,0.0,0.0,0.0
2014-10-26,222.0,6.0,0.0,0.0,0.0
2014-10-27,250.0,44.0,0.0,0.0,0.0
2014-10-28,283.0,44.0,0.0,0.0,0.0
2014-10-29,239.0,72.0,0.0,0.0,0.0
2014-10-30,239.0,6.0,15.0,0.0,0.0
2014-10-31,172.0,-6.0,0.0,0.0,0.0
2014-11-01,122.0,0.0,10.0,0.0,0.0
2014-11-02,33.0,-44.0,0.0,0.0,0.0
2014-11-03,117.0,-56.0,0.0,0.0,0.0
2014-11-04,194.0,-39.0,0.0,0.0,0.0
2014-11-05,222.0,6.0,0.0,0.0,0.0
2014-11-06,172.0,94.0,53.0,0.0,0.0
2014-11-07,189.0,22.0,13.0,0.0,0.0
2014-11-08,133.0,-22.0,0.0,0.0,0.0
2014-11-09,178.0,-17.0,0.0,0.0,0.0
2014-11-10,178.0,-22.0,0.0,0.0,0.0
2014-11-11,217.0,-22.0,0.0,0.0,0.0
2014-11-12,217.0,-17.0,0.0,0.0,0.0
2014-11-13,150.0,17.0,0.0,0.0,0.0
2014-11-14,33.0,-61.0,0.0,0.0,0.0
2014-11-15,28.0,-83.0,0.0,0.0,0.0
2014-11-16,94.0,-78.0,0.0,0.0,0.0
2014-11-17,106.0,-78.0,381.0,0.0,0.0
2014-11-18,111.0,-67.0,28.0,0.0,0.0
2014-11-19,-11.0,-122.0,0.0,0.0,0.0
2014-11-20,72.0,-117.0,0.0,0.0,0.0
2014-11-21,117.0,-117.0,0.0,0.0,0.0
2014-11-22,150.0,-56.0,0.0,0.0,0.0
2014-11-23,161.0,-50.0,25.0,0.0,0.0
2014-11-24,156.0,111.0,216.0,0.0,0.0
2014-11-25,211.0,17.0,0.0,0.0,0.0
2014-11-26,144.0,17.0,0.0,0.0,0.0
2014-11-27,100.0,22.0,5.0,0.0,0.0
2014-11-28,28.0,-67.0,0.0,0.0,0.0
2014-11-29,83.0,-61.0,0.0,0.0,0.0
2014-11-30,111.0,-61.0,0.0,0.0,0.0
2014-12-01,183.0,11.0,0.0,0.0,0.0
2014-12-02,183.0,67.0,8.0,0.0,0.0
2014-12-03,183.0,83.0,0.0,0.0,0.0
2014-12-04,167.0,61.0,0.0,0.0,0.0
2014-12-05,189.0,61.0,25.0,0.0,0.0
2014-12-06,167.0,106.0,104.0,0.0,0.0
2014-12-07,133.0,6.0,43.0,0.0,0.0
2014-12-08,111.0,6.0,0.0,0.0,0.0
2014-12-09,106.0,-17.0,0.0,0.0,0.0
2014-12-10,39.0,6.0,0.0,0.0,0.0
2014-12-11,67.0,-78.0,0.0,0.0,0.0
2014-12-12,72.0,-83.0,0.0,0.0,0.0
2014-12-13,122.0,-83.0,0.0,0.0,0.0
2014-12-14,128.0,-78.0,0.0,0.0,0.0
2014-12-15,50.0,-78.0,0.0,0.0,0.0
2014-12-16,178.0,-72.0,102.0,0.0,0.0
2014-12-17,178.0,-72.0,0.0,0.0,0.0
2014-12-18,78.0,-28.0,0.0,0.0,0.0
2014-12-19,83.0,-39.0,0.0,0.0,0.0
2014-12-20,89.0,-39.0,13.0,0.0,0.0
2014-12-21,89.0,-39.0,0.0,0.0,0.0
2014-12-22,106.0,-39.0,0.0,0.0,0.0
2014-12-23,133.0,78.0,97.0,0.0,0.0
2014-12-24,144.0,89.0,333.0,0.0,0.0
2014-12-25,156.0,28.0,13.0,0.0,0.0
2014-12-26,100.0,-56.0,0.0,0.0,0.0
2014-12-27,144.0,-17.0,0.0,0.0,0.0
2014-12-28,150.0,0.0,58.0,0.0,0.0
2014-12-29,128.0,83.0,147.0,0.0,0.0
2014-12-30,139.0,33.0,5.0,0.0,0.0
2014-12-31,50.0,-22.0,0.0,0.0,0.0
2015-01-01,67.0,-61.0,0.0,0.0,0.0
2015-01-02,67.0,-61.0,0.0,0.0,0.0
2015-01-03,122.0,50.0,81.0,0.0,0.0
2015-01-04,150.0,111.0,480.0,0.0,0.0
2015-01-05,172.0,-22.0,0.0,0.0,0.0
2015-01-06,50.0,-67.0,0.0,0.0,0.0
2015-01-07,78.0,-61.0,0.0,0.0,0.0
2015-01-08,-6.0,-156.0,0.0,0.0,0.0
2015-01-09,28.0,-161.0,0.0,0.0,0.0
2015-01-10,6.0,-133.0,0.0,0.0,0.0
2015-01-11,72.0,-106.0,0.0,0.0,0.0
2015-01-12,117.0,-83.0,15.0,0.0,0.0
2015-01-13,106.0,33.0,165.0,0.0,0.0
2015-01-14,39.0,28.0,0.0,0.0,0.0
2015-01-15,67.0,-17.0,0.0,0.0,0.0
2015-01-16,44.0,-39.0,0.0,0.0,0.0
2015-01-17,117.0,-61.0,0.0,0.0,0.0
2015-01-18,139.0,-61.0,8.0,0.0,0.0
2015-01-19,111.0,-61.0,0.0,0.0,0.0
2015-01-20,161.0,-61.0,0.0,0.0,0.0
2015-01-21,178.0,-44.0,0.0,0.0,0.0
2015-01-22,139.0,-56.0,0.0,0.0,0.0
2015-01-23,89.0,-44.0,76.0,0.0,0.0
2015-01-24,78.0,6.0,135.0,0.0,0.0
2015-01-25,50.0,-67.0,0.0,0.0,0.0
2015-01-26,133.0,-67.0,20.0,0.0,0.0
2015-01-27,33.0,-17.0,102.0,0.0,5.0
2015-01-28,39.0,-56.0,0.0,0.0,0.0
2015-01-29,94.0,-50.0,0.0,0.0,0.0
2015-01-30,133.0,-50.0,0.0,0.0,0.0
2015-01-31,67.0,-83.0,0.0,0.0,0.0
2015-02-01,100.0,-72.0,0.0,0.0,0.0
2015-02-02,122.0,0.0,122.0,0.0,0.0
2015-02-03,22.0,-94.0,10.0,0.0,0.0
2015-02-04,72.0,-94.0,0.0,0.0,0.0
2015-02-05,111.0,-72.0,0.0,0.0,0.0
2015-02-06,56.0,-117.0,0.0,0.0,0.0
2015-02-07,94.0,-111.0,0.0,0.0,0.0
2015-02-08,167.0,-72.0,0.0,0.0,0.0
2015-02-09,167.0,-44.0,43.0,0.0,0.0
2015-02-10,150.0,6.0,13.0,0.0,0.0
2015-02-11,83.0,-39.0,0.0,0.0,0.0
2015-02-12,144.0,-44.0,0.0,0.0,0.0
2015-02-13,39.0,-78.0,0.0,0.0,0.0
2015-02-14,44.0,-94.0,0.0,0.0,0.0
2015-02-15,111.0,-100.0,0.0,0.0,0.0
2015-02-16,11.0,-100.0,0.0,0.0,0.0
2015-02-17,28.0,-61.0,307.0,0.0,0.0
2015-02-18,-6.0,-94.0,0.0,0.0,0.0
2015-02-19,-22.0,-161.0,0.0,0.0,0.0
2015-02-20,-89.0,-161.0,0.0,0.0,0.0
2015-02-21,6.0,-150.0,25.0,0.0,13.0
2015-02-22,67.0,-6.0,165.0,0.0,0.0
2015-02-23,100.0,0.0,8.0,0.0,0.0
2015-02-24,61.0,-33.0,76.0,76.0,81.0
2015-02-25,61.0,-78.0,10.0,51.0,0.0
2015-02-26,17.0,-72.0,102.0,127.0,71.0
2015-02-27,11.0,-83.0,0.0,0.0,0.0
2015-02-28,28.0,-78.0,0.0,0.0,0.0
2015-03-01,117.0,-39.0,0.0,0.0,0.0
2015-03-02,128.0,33.0,20.0,0.0,0.0
2015-03-03,150.0,50.0,5.0,0.0,0.0
2015-03-04,156.0,67.0,124.0,0.0,0.0
2015-03-05,206.0,33.0,61.0,0.0,0.0
2015-03-06,39.0,-67.0,107.0,0.0,0.0
2015-03-07,61.0,-72.0,0.0,0.0,0.0
2015-03-08,144.0,-56.0,0.0,0.0,0.0
2015-03-09,194.0,-28.0,28.0,0.0,0.0
2015-03-10,161.0,61.0,56.0,0.0,0.0
2015-03-11,194.0,117.0,43.0,0.0,0.0
2015-03-12,172.0,94.0,30.0,0.0,0.0
2015-03-13,200.0,89.0,8.0,0.0,0.0
2015-03-14,122.0,78.0,61.0,0.0,0.0
2015-03-15,150.0,61.0,13.0,0.0,0.0
2015-03-16,244.0,-17.0,0.0,0.0,0.0
2015-03-17,261.0,-11.0,0.0,0.0,0.0
2015-03-18,239.0,33.0,0.0,0.0,0.0
2015-03-19,189.0,72.0,13.0,0.0,0.0
2015-03-20,94.0,67.0,58.0,0.0,0.0
2015-03-21,122.0,72.0,0.0,0.0,0.0
2015-03-22,211.0,78.0,0.0,0.0,0.0
2015-03-23,183.0,89.0,5.0,0.0,0.0
2015-03-24,211.0,39.0,0.0,0.0,0.0
2015-03-25,233.0,39.0,0.0,0.0,0.0
2015-03-26,250.0,111.0,0.0,0.0,0.0
2015-03-27,222.0,50.0,38.0,0.0,0.0
2015-03-28,106.0,-17.0,0.0,0.0,0.0
2015-03-29,78.0,-78.0,0.0,0.0,0.0
2015-03-30,156.0,-78.0,155.0,0.0,0.0
2015-03-31,178.0,-17.0,0.0,0.0,0.0
2015-04-01,228.0,-11.0,53.0,0.0,0.0
2015-04-02,239.0,56.0,0.0,0.0,0.0
2015-04-03,239.0,56.0,20.0,0.0,0.0
2015-04-04,250.0,72.0,269.0,0.0,0.0
2015-04-05,150.0,-33.0,0.0,0.0,0.0
2015-04-06,189.0,-28.0,0.0,0.0,0.0
2015-04-07,161.0,122.0,132.0,0.0,0.0
2015-04-08,233.0,111.0,8.0,0.0,0.0
2015-04-09,289.0,100.0,0.0,0.0,0.0
2015-04-10,278.0,100.0,0.0,0.0,0.0
2015-04-11,228.0,61.0,71.0,0.0,0.0
2015-04-12,228.0,39.0,0.0,0.0,0.0
2015-04-14,211.0,161.0,89.0,0.0,0.0
2015-04-15,233.0,156.0,152.0,0.0,0.0
2015-04-16,189.0,122.0,117.0,0.0,0.0
2015-04-17,178.0,111.0,94.0,0.0,0.0
2015-04-18,256.0,111.0,,0.0,0.0
2015-04-19,189.0,161.0,,0.0,0.0
2015-04-20,211.0,117.0,330.0,0.0,0.0
2015-04-21,233.0,33.0,0.0,0.0,0.0
2015-04-22,183.0,11.0,0.0,0.0,0.0
2015-04-23,222.0,56.0,66.0,0.0,0.0
2015-04-24,172.0,0.0,0.0,0.0,0.0
2015-04-25,222.0,17.0,122.0,0.0,0.0
2015-04-26,233.0,100.0,86.0,0.0,0.0
2015-04-28,189.0,17.0,0.0,0.0,0.0
2015-04-30,222.0,56.0,8.0,0.0,0.0
2015-05-01,194.0,22.0,13.0,0.0,0.0
2015-05-02,228.0,17.0,0.0,0.0,0.0
2015-05-03,228.0,28.0,0.0,0.0,0.0
2015-05-04,250.0,50.0,0.0,0.0,0.0
2015-05-05,261.0,78.0,0.0,0.0,0.0
2015-05-06,256.0,78.0,0.0,0.0,0.0
2015-05-07,294.0,83.0,0.0,0.0,0.0
2015-05-08,289.0,94.0,51.0,0.0,0.0
2015-05-09,289.0,122.0,13.0,0.0,0.0
2015-05-10,294.0,139.0,0.0,0.0,0.0
2015-05-11,289.0,128.0,0.0,0.0,0.0
2015-05-12,300.0,128.0,10.0,0.0,0.0
2015-05-13,300.0,100.0,0.0,0.0,0.0
2015-05-14,272.0,72.0,0.0,0.0,0.0
2015-05-15,272.0,72.0,0.0,0.0,0.0
2015-05-16,261.0,156.0,0.0,0.0,0.0
2015-05-17,278.0,156.0,0.0,0.0,0.0
2015-05-18,256.0,156.0,46.0,0.0,0.0
2015-05-19,261.0,167.0,231.0,0.0,0.0
2015-05-20,278.0,139.0,5.0,0.0,0.0
2015-05-21,283.0,139.0,10.0,0.0,0.0
2015-05-22,211.0,61.0,0.0,0.0,0.0
2015-05-23,228.0,67.0,0.0,0.0,0.0
2015-05-24,267.0,67.0,0.0,0.0,0.0
2015-05-25,272.0,67.0,0.0,0.0,0.0
2015-05-26,267.0,178.0,203.0,0.0,0.0
2015-05-27,278.0,150.0,74.0,0.0,0.0
2015-05-28,278.0,150.0,0.0,0.0,0.0
2015-05-29,239.0,139.0,20.0,0.0,0.0
2015-05-30,278.0,122.0,0.0,0.0,0.0
2015-05-31,289.0,139.0,0.0,0.0,0.0
2015-06-01,278.0,156.0,84.0,0.0,0.0
2015-06-02,278.0,156.0,117.0,0.0,0.0
2015-06-03,256.0,117.0,0.0,0.0,0.0
2015-06-04,244.0,100.0,112.0,0.0,0.0
2015-06-05,272.0,122.0,0.0,0.0,0.0
2015-06-06,272.0,139.0,13.0,0.0,0.0
2015-06-07,300.0,139.0,0.0,0.0,0.0
2015-06-08,300.0,139.0,0.0,0.0,0.0
2015-06-09,289.0,161.0,168.0,0.0,0.0
2015-06-10,278.0,133.0,13.0,0.0,0.0
2015-06-11,300.0,144.0,0.0,0.0,0.0
2015-06-12,294.0,178.0,122.0,0.0,0.0
2015-06-13,283.0,167.0,0.0,0.0,0.0
2015-06-14,306.0,161.0,0.0,0.0,0.0
2015-06-15,322.0,150.0,0.0,0.0,0.0
2015-06-16,317.0,161.0,0.0,0.0,0.0
2015-06-17,322.0,178.0,0.0,0.0,0.0
2015-06-18,328.0,178.0,0.0,0.0,0.0
2015-06-19,328.0,178.0,13.0,0.0,0.0
2015-06-20,317.0,194.0,13.0,0.0,0.0
2015-06-21,289.0,172.0,13.0,0.0,0.0
2015-06-22,317.0,167.0,13.0,0.0,0.0
2015-06-23,322.0,167.0,0.0,0.0,0.0
2015-06-24,322.0,167.0,0.0,0.0,0.0
2015-06-25,322.0,194.0,15.0,0.0,0.0
2015-06-26,317.0,178.0,0.0,0.0,0.0
2015-06-27,328.0,178.0,122.0,0.0,0.0
2015-06-28,250.0,133.0,191.0,0.0,0.0
2015-06-29,250.0,100.0,0.0,0.0,0.0
2015-06-30,267.0,122.0,0.0,0.0,0.0
2015-07-01,267.0,178.0,48.0,0.0,0.0
2015-07-02,256.0,178.0,424.0,0.0,0.0
2015-07-03,239.0,183.0,533.0,0.0,0.0
2015-07-04,250.0,183.0,198.0,0.0,0.0
2015-07-05,256.0,189.0,74.0,0.0,0.0
2015-07-06,228.0,178.0,124.0,0.0,0.0
2015-07-07,278.0,178.0,0.0,0.0,0.0
2015-07-08,294.0,172.0,0.0,0.0,0.0
2015-07-09,306.0,172.0,30.0,0.0,0.0
2015-07-10,311.0,156.0,0.0,0.0,0.0
2015-07-11,311.0,156.0,0.0,0.0,0.0
2015-07-12,283.0,178.0,0.0,0.0,0.0
2015-07-13,283.0,183.0,0.0,0.0,0.0
2015-07-14,311.0,194.0,0.0,0.0,0.0
2015-07-15,311.0,183.0,378.0,0.0,0.0
2015-07-16,294.0,161.0,0.0,0.0,0.0
2015-07-17,311.0,167.0,0.0,0.0,0.0
2015-07-18,322.0,183.0,0.0,0.0,0.0
2015-07-19,322.0,183.0,0.0,0.0,0.0
2015-07-20,300.0,194.0,0.0,0.0,0.0
2015-07-21,311.0,183.0,76.0,0.0,0.0
2015-07-22,294.0,183.0,0.0,0.0,0.0
2015-07-23,306.0,189.0,23.0,0.0,0.0
2015-07-24,267.0,211.0,89.0,0.0,0.0
2015-07-25,289.0,194.0,0.0,0.0,0.0
2015-07-26,306.0,189.0,25.0,0.0,0.0
2015-07-27,311.0,183.0,193.0,0.0,0.0
2015-07-28,317.0,183.0,0.0,0.0,0.0
2015-07-29,317.0,206.0,0.0,0.0,0.0
2015-07-30,317.0,194.0,64.0,0.0,0.0
2015-07-31,322.0,178.0,0.0,0.0,0.0
2015-08-01,289.0,150.0,0.0,0.0,0.0
2015-08-02,306.0,122.0,0.0,0.0,0.0
2015-08-03,306.0,133.0,0.0,0.0,0.0
2015-08-04,322.0,139.0,0.0,0.0,0.0
2015-08-05,317.0,144.0,0.0,0.0,0.0
2015-08-06,311.0,178.0,15.0,0.0,0.0
2015-08-07,311.0,178.0,13.0,0.0,0.0
2015-08-08,278.0,172.0,8.0,0.0,0.0
2015-08-09,300.0,172.0,0.0,0.0,0.0
2015-08-10,311.0,178.0,0.0,0.0,0.0
2015-08-11,300.0,200.0,229.0,0.0,0.0
2015-08-12,294.0,156.0,0.0,0.0,0.0
2015-08-13,289.0,128.0,0.0,0.0,0.0
2015-08-14,306.0,133.0,0.0,0.0,0.0
2015-08-15,283.0,161.0,5.0,0.0,0.0
2015-08-16,278.0,156.0,8.0,0.0,0.0
2015-08-17,306.0,161.0,0.0,0.0,0.0
2015-08-18,250.0,183.0,196.0,0.0,0.0
2015-08-19,267.0,194.0,312.0,0.0,0.0
2015-08-20,289.0,194.0,137.0,0.0,0.0
2015-08-21,278.0,189.0,0.0,0.0,0.0
2015-08-22,278.0,167.0,0.0,0.0,0.0
2015-08-23,289.0,178.0,0.0,0.0,0.0
2015-08-24,272.0,183.0,140.0,0.0,0.0
2015-08-25,289.0,122.0,0.0,0.0,0.0
2015-08-26,,,,0.0,0.0
2015-08-27,267.0,106.0,,0.0,0.0
2015-08-28,289.0,139.0,0.0,0.0,0.0
2015-08-29,283.0,139.0,0.0,0.0,0.0
2015-08-30,283.0,156.0,0.0,0.0,0.0
2015-08-31,239.0,139.0,13.0,0.0,0.0
2015-09-01,289.0,144.0,0.0,0.0,0.0
2015-09-02,311.0,167.0,0.0,0.0,0.0
2015-09-03,289.0,172.0,0.0,0.0,0.0
2015-09-04,306.0,167.0,0.0,0.0,0.0
2015-09-05,311.0,150.0,0.0,0.0,0.0
2015-09-06,306.0,144.0,0.0,0.0,0.0
2015-09-07,289.0,144.0,23.0,0.0,0.0
2015-09-08,278.0,150.0,23.0,0.0,0.0
2015-09-09,283.0,161.0,13.0,0.0,0.0
2015-09-10,283.0,178.0,91.0,0.0,0.0
2015-09-11,256.0,178.0,46.0,0.0,0.0
2015-09-12,272.0,172.0,97.0,0.0,0.0
2015-09-13,222.0,72.0,0.0,0.0,0.0
2015-09-14,206.0,50.0,0.0,0.0,0.0
2015-09-15,,,,0.0,0.0
2015-09-16,267.0,67.0,,0.0,0.0
2015-09-17,239.0,72.0,0.0,0.0,0.0
2015-09-18,267.0,72.0,0.0,0.0,0.0
2015-09-19,278.0,117.0,0.0,0.0,0.0
2015-09-20,272.0,117.0,0.0,0.0,0.0
2015-09-21,278.0,122.0,0.0,0.0,0.0
2015-09-22,278.0,122.0,0.0,0.0,0.0
2015-09-23,278.0,150.0,33.0,0.0,0.0
2015-09-24,283.0,122.0,0.0,0.0,0.0
2015-09-25,261.0,122.0,114.0,0.0,0.0
2015-09-26,194.0,150.0,269.0,0.0,0.0
2015-09-27,239.0,150.0,10.0,0.0,0.0
2015-09-28,,,,0.0,0.0
2015-09-29,267.0,150.0,,0.0,0.0
2015-09-30,256.0,167.0,56.0,0.0,0.0
2015-10-01,261.0,167.0,0.0,0.0,0.0
2015-10-02,239.0,139.0,368.0,0.0,0.0
2015-10-03,167.0,128.0,165.0,0.0,0.0
2015-10-04,,,,0.0,0.0
2015-10-05,,,,0.0,0.0
2015-10-06,,,,0.0,0.0
2015-10-07,250.0,128.0,,0.0,0.0
2015-10-08,261.0,117.0,0.0,0.0,0.0
2015-10-09,272.0,117.0,0.0,0.0,0.0
2015-10-10,233.0,144.0,114.0,0.0,0.0
2015-10-11,189.0,128.0,89.0,0.0,0.0
2015-10-12,228.0,122.0,0.0,0.0,0.0
2015-10-13,233.0,128.0,58.0,0.0,0.0
2015-10-14,233.0,61.0,0.0,0.0,0.0
2015-10-15,233.0,50.0,0.0,0.0,0.0
2015-10-16,233.0,50.0,0.0,0.0,0.0
2015-10-17,211.0,0.0,0.0,0.0,0.0
2015-10-18,172.0,-17.0,0.0,0.0,0.0
2015-10-19,172.0,-22.0,0.0,0.0,0.0
2015-10-20,183.0,-22.0,0.0,0.0,0.0
2015-10-21,217.0,-11.0,0.0,0.0,0.0
2015-10-22,,,,0.0,0.0
2015-10-23,239.0,-11.0,,0.0,0.0
2015-10-24,256.0,39.0,0.0,0.0,0.0
2015-10-25,200.0,78.0,0.0,0.0,0.0
2015-10-26,217.0,106.0,13.0,0.0,0.0
2015-10-27,167.0,100.0,76.0,0.0,0.0
2015-10-28,161.0,122.0,18.0,0.0,0.0
2015-10-29,217.0,100.0,25.0,0.0,0.0
2015-10-30,189.0,28.0,25.0,0.0,0.0
2015-10-31,189.0,28.0,0.0,0.0,0.0
2015-11-01,156.0,61.0,178.0,0.0,0.0
2015-11-02,178.0,144.0,269.0,0.0,0.0
2015-11-03,194.0,139.0,246.0,0.0,0.0
2015-11-04,250.0,111.0,0.0,0.0,0.0
2015-11-05,256.0,122.0,0.0,0.0,0.0
2015-11-06,211.0,150.0,84.0,0.0,0.0
2015-11-07,267.0,161.0,119.0,0.0,0.0
2015-11-08,183.0,89.0,8.0,0.0,0.0
2015-11-09,156.0,78.0,287.0,0.0,0.0
2015-11-10,150.0,106.0,56.0,0.0,0.0
2015-11-11,172.0,17.0,0.0,0.0,0.0
2015-11-12,222.0,17.0,0.0,0.0,0.0
2015-11-13,200.0,11.0,25.0,0.0,0.0
2015-11-14,150.0,-33.0,0.0,0.0,0.0
2015-11-15,161.0,-33.0,0.0,0.0,0.0
2015-11-16,161.0,-28.0,0.0,0.0,0.0
2015-11-17,178.0,-17.0,0.0,0.0,0.0
2015-11-18,183.0,61.0,0.0,0.0,0.0
2015-11-19,172.0,78.0,411.0,0.0,0.0
2015-11-20,194.0,11.0,0.0,0.0,0.0
2015-11-21,167.0,-11.0,0.0,0.0,0.0
2015-11-22,167.0,-11.0,0.0,0.0,0.0
2015-11-23,67.0,-67.0,0.0,0.0,0.0
2015-11-24,89.0,-72.0,0.0,0.0,0.0
2015-11-25,,,0.0,0.0,0.0
2015-11-26,144.0,-39.0,0.0,0.0,0.0
2015-11-27,189.0,44.0,0.0,0.0,0.0
2015-11-28,,,0.0,0.0,0.0
2015-11-29,189.0,78.0,0.0,0.0,0.0
2015-11-30,139.0,100.0,483.0,0.0,0.0
2015-12-01,144.0,117.0,203.0,0.0,0.0
2015-12-02,144.0,106.0,899.0,0.0,0.0
2015-12-03,144.0,-11.0,0.0,0.0,0.0
2015-12-04,94.0,-33.0,0.0,0.0,0.0
2015-12-05,128.0,-50.0,0.0,0.0,0.0
2015-12-06,172.0,-50.0,0.0,0.0,0.0
2015-12-07,172.0,-50.0,0.0,0.0,0.0
2015-12-08,150.0,-22.0,0.0,0.0,0.0
2015-12-09,167.0,-28.0,0.0,0.0,0.0
2015-12-10,156.0,28.0,0.0,0.0,0.0
2015-12-11,178.0,67.0,0.0,0.0,0.0
2015-12-12,206.0,94.0,0.0,0.0,0.0
2015-12-13,211.0,61.0,0.0,0.0,0.0
2015-12-14,206.0,67.0,0.0,0.0,0.0
2015-12-15,194.0,6.0,53.0,0.0,0.0
2015-12-16,200.0,-11.0,0.0,0.0,0.0
2015-12-17,217.0,-6.0,185.0,0.0,0.0
2015-12-18,217.0,-11.0,38.0,0.0,0.0
2015-12-19,22.0,-67.0,0.0,0.0,0.0
2015-12-20,67.0,-61.0,0.0,0.0,0.0
2015-12-21,133.0,-56.0,0.0,0.0,0.0
2015-12-22,133.0,-56.0,165.0,0.0,0.0
2015-12-23,183.0,122.0,28.0,0.0,0.0
2015-12-24,183.0,122.0,660.0,0.0,0.0
2015-12-25,206.0,150.0,391.0,0.0,0.0
2015-12-26,206.0,128.0,335.0,0.0,0.0
2015-12-27,239.0,117.0,0.0,0.0,0.0
2015-12-28,228.0,117.0,33.0,0.0,0.0
2015-12-29,228.0,100.0,244.0,0.0,0.0
2015-12-30,194.0,72.0,28.0,0.0,0.0
2015-12-31,139.0,94.0,147.0,0.0,0.0
2016-01-01,117.0,22.0,0.0,0.0,0.0
2016-01-02,50.0,-33.0,0.0,0.0,0.0
2016-01-03,83.0,-50.0,0.0,0.0,0.0
2016-01-04,100.0,-44.0,0.0,0.0,0.0
2016-01-05,28.0,-94.0,0.0,0.0,0.0
2016-01-06,89.0,-89.0,0.0,0.0,0.0
2016-01-07,111.0,-78.0,0.0,0.0,0.0
2016-01-08,167.0,-6.0,46.0,0.0,0.0
2016-01-09,128.0,0.0,0.0,0.0,0.0
2016-01-10,122.0,6.0,71.0,0.0,0.0
2016-01-11,,,0.0,0.0,0.0
2016-01-12,33.0,-100.0,0.0,0.0,0.0
2016-01-13,83.0,-72.0,0.0,0.0,0.0
2016-01-14,61.0,-78.0,0.0,0.0,0.0
2016-01-15,139.0,-72.0,0.0,0.0,0.0
2016-01-16,72.0,-6.0,277.0,0.0,0.0
2016-01-17,72.0,-11.0,0.0,0.0,0.0
2016-01-18,33.0,-78.0,0.0,0.0,0.0
2016-01-19,-28.0,-122.0,0.0,0.0,0.0
2016-01-20,6.0,-122.0,0.0,0.0,0.0
2016-01-21,22.0,-28.0,46.0,25.0,38.0
2016-01-22,56.0,-6.0,183.0,0.0,0.0
2016-01-23,44.0,-50.0,89.0,0.0,3.0
2016-01-24,-17.0,-106.0,0.0,0.0,0.0
2016-01-25,83.0,-106.0,0.0,0.0,0.0
2016-01-26,,,0.0,0.0,0.0
2016-01-27,133.0,-56.0,91.0,0.0,0.0
2016-01-28,56.0,-11.0,0.0,0.0,0.0
2016-01-29,100.0,-50.0,0.0,0.0,0.0
2016-01-30,100.0,-56.0,0.0,0.0,0.0
2016-01-31,178.0,-56.0,0.0,0.0,0.0
2016-02-01,178.0,22.0,0.0,0.0,0.0
2016-02-02,194.0,67.0,0.0,0.0,0.0
2016-02-03,228.0,67.0,279.0,0.0,0.0
2016-02-04,228.0,-11.0,38.0,0.0,0.0
2016-02-05,83.0,-50.0,0.0,0.0,0.0
2016-02-06,78.0,-72.0,0.0,0.0,0.0
2016-02-07,89.0,-72.0,0.0,0.0,0.0
2016-02-08,111.0,-72.0,0.0,0.0,0.0
2016-02-09,72.0,-50.0,5.0,25.0,15.0
2016-02-10,-22.0,-94.0,8.0,51.0,15.0
2016-02-11,-28.0,-89.0,0.0,0.0,0.0
2016-02-12,72.0,-83.0,0.0,0.0,0.0
2016-02-13,50.0,-56.0,5.0,51.0,38.0
2016-02-14,11.0,-78.0,0.0,0.0,0.0
2016-02-15,33.0,-44.0,0.0,0.0,0.0
2016-02-16,83.0,6.0,145.0,0.0,0.0
2016-02-17,100.0,11.0,36.0,0.0,0.0
2016-02-18,100.0,-56.0,0.0,0.0,0.0
2016-02-19,144.0,-44.0,0.0,0.0,0.0
2016-02-20,178.0,22.0,0.0,0.0,0.0
2016-02-21,94.0,67.0,20.0,0.0,0.0
2016-02-22,150.0,72.0,53.0,0.0,0.0
2016-02-23,178.0,94.0,249.0,0.0,0.0
2016-02-24,144.0,100.0,378.0,0.0,0.0
2016-02-25,150.0,6.0,51.0,0.0,0.0
2016-02-26,39.0,0.0,0.0,0.0,0.0
2016-02-27,67.0,-61.0,0.0,0.0,0.0
2016-02-28,117.0,-56.0,0.0,0.0,0.0
2016-02-29,194.0,-44.0,0.0,0.0,0.0
2016-03-01,189.0,0.0,0.0,0.0,0.0
2016-03-02,167.0,-6.0,112.0,0.0,0.0
2016-03-04,61.0,-39.0,,0.0,0.0
2016-03-05,111.0,-39.0,0.0,0.0,0.0
2016-03-06,161.0,-33.0,25.0,0.0,0.0
2016-03-07,183.0,-33.0,0.0,0.0,0.0
2016-03-08,,,0.0,0.0,0.0
2016-03-09,233.0,11.0,0.0,0.0,0.0
2016-03-10,244.0,72.0,0.0,0.0,0.0
2016-03-11,250.0,100.0,13.0,0.0,0.0
2016-03-12,239.0,94.0,0.0,0.0,0.0
2016-03-13,,,0.0,0.0,0.0
2016-03-14,217.0,61.0,0.0,0.0,0.0
2016-03-15,194.0,50.0,155.0,0.0,0.0
2016-03-16,,,0.0,0.0,0.0
2016-03-17,244.0,0.0,0.0,0.0,0.0
2016-03-18,211.0,6.0,0.0,0.0,0.0
2016-03-19,222.0,6.0,0.0,0.0,0.0
2016-03-20,200.0,-6.0,0.0,0.0,0.0
2016-03-21,100.0,-17.0,8.0,0.0,0.0
2016-03-22,100.0,-44.0,0.0,0.0,0.0
2016-03-23,189.0,-44.0,0.0,0.0,0.0
2016-03-24,222.0,-17.0,0.0,0.0,0.0
2016-03-25,183.0,83.0,102.0,0.0,0.0
2016-03-26,178.0,11.0,0.0,0.0,0.0
2016-03-27,211.0,11.0,0.0,0.0,0.0
2016-03-28,189.0,122.0,13.0,0.0,0.0
2016-03-29,178.0,-6.0,0.0,0.0,0.0
2016-03-30,200.0,-6.0,0.0,0.0,0.0
2016-03-31,222.0,56.0,0.0,0.0,0.0
2016-04-01,178.0,144.0,203.0,0.0,0.0
2016-04-02,217.0,83.0,0.0,0.0,0.0
2016-04-03,144.0,28.0,0.0,0.0,0.0
2016-04-04,194.0,-6.0,0.0,0.0,0.0
2016-04-05,228.0,0.0,0.0,0.0,0.0
2016-04-06,178.0,17.0,0.0,0.0,0.0
2016-04-07,,,,0.0,0.0
2016-04-08,167.0,44.0,,0.0,0.0
2016-04-09,128.0,11.0,0.0,0.0,0.0
2016-04-10,106.0,-33.0,0.0,0.0,0.0
2016-04-11,172.0,11.0,0.0,0.0,0.0
2016-04-12,222.0,111.0,48.0,0.0,0.0
2016-04-13,211.0,22.0,0.0,0.0,0.0
2016-04-14,217.0,33.0,0.0,0.0,0.0
2016-04-15,228.0,83.0,0.0,0.0,0.0
2016-04-16,217.0,50.0,0.0,0.0,0.0
2016-04-17,256.0,11.0,0.0,0.0,0.0
2016-04-18,272.0,11.0,0.0,0.0,0.0
2016-04-19,294.0,33.0,0.0,0.0,0.0
2016-04-20,283.0,56.0,0.0,0.0,0.0
2016-04-21,300.0,106.0,0.0,0.0,0.0
2016-04-22,244.0,106.0,58.0,0.0,0.0
2016-04-23,211.0,100.0,292.0,0.0,0.0
2016-04-24,217.0,50.0,0.0,0.0,0.0
2016-04-25,278.0,61.0,0.0,0.0,0.0
2016-04-26,267.0,106.0,0.0,0.0,0.0
2016-04-27,,,0.0,0.0,0.0
2016-04-28,278.0,106.0,8.0,0.0,0.0
2016-04-29,272.0,89.0,0.0,0.0,0.0
2016-04-30,294.0,100.0,0.0,0.0,0.0
2016-05-01,278.0,133.0,79.0,0.0,0.0
2016-05-02,278.0,133.0,211.0,0.0,0.0
2016-05-03,267.0,144.0,81.0,0.0,0.0
2016-05-04,217.0,83.0,0.0,0.0,0.0
2016-05-05,189.0,61.0,36.0,0.0,0.0
2016-05-06,122.0,56.0,33.0,0.0,0.0
2016-05-07,189.0,33.0,0.0,0.0,0.0
2016-05-08,244.0,67.0,0.0,0.0,0.0
2016-05-09,,,0.0,0.0,0.0
2016-05-10,272.0,117.0,0.0,0.0,0.0
2016-05-11,272.0,139.0,0.0,0.0,0.0
2016-05-12,278.0,133.0,0.0,0.0,0.0
2016-05-13,278.0,133.0,165.0,0.0,0.0
2016-05-14,228.0,61.0,0.0,0.0,0.0
2016-05-15,233.0,28.0,0.0,0.0,0.0
2016-05-16,172.0,28.0,0.0,0.0,0.0
2016-05-17,233.0,50.0,64.0,0.0,0.0
2016-05-18,256.0,133.0,25.0,0.0,0.0
2016-05-19,256.0,139.0,0.0,0.0,0.0
2016-05-20,256.0,144.0,0.0,0.0,0.0
2016-05-21,189.0,139.0,140.0,0.0,0.0
2016-05-22,228.0,122.0,8.0,0.0,0.0
2016-05-23,228.0,78.0,0.0,0.0,0.0
2016-05-24,256.0,61.0,0.0,0.0,0.0
2016-05-25,272.0,94.0,0.0,0.0,0.0
2016-05-26,283.0,94.0,0.0,0.0,0.0
2016-05-27,294.0,150.0,0.0,0.0,0.0
2016-05-28,283.0,150.0,71.0,0.0,0.0
2016-05-29,294.0,156.0,0.0,0.0,0.0
2016-05-30,294.0,144.0,127.0,0.0,0.0
2016-05-31,294.0,128.0,0.0,0.0,0.0
2016-06-01,306.0,144.0,0.0,0.0,0.0
2016-06-02,300.0,161.0,0.0,0.0,0.0
2016-06-03,300.0,161.0,203.0,0.0,0.0
2016-06-04,294.0,161.0,0.0,0.0,0.0
2016-06-05,294.0,183.0,198.0,0.0,0.0
2016-06-06,244.0,178.0,373.0,0.0,0.0
2016-06-07,267.0,144.0,0.0,0.0,0.0
2016-06-08,283.0,100.0,0.0,0.0,0.0
2016-06-09,256.0,83.0,0.0,0.0,0.0
2016-06-10,278.0,106.0,0.0,0.0,0.0
2016-06-11,322.0,122.0,0.0,0.0,0.0
2016-06-12,322.0,156.0,0.0,0.0,0.0
2016-06-13,311.0,150.0,0.0,0.0,0.0
2016-06-14,322.0,172.0,0.0,0.0,0.0
2016-06-15,322.0,183.0,33.0,0.0,0.0
2016-06-16,294.0,178.0,51.0,0.0,0.0
2016-06-17,317.0,189.0,0.0,0.0,0.0
2016-06-18,294.0,156.0,0.0,0.0,0.0
2016-06-19,289.0,117.0,0.0,0.0,0.0
2016-06-20,289.0,106.0,0.0,0.0,0.0
2016-06-21,300.0,133.0,0.0,0.0,0.0
2016-06-22,294.0,183.0,0.0,0.0,0.0
2016-06-23,,,,0.0,0.0
2016-06-24,322.0,183.0,25.0,0.0,0.0
2016-06-25,289.0,156.0,0.0,0.0,0.0
2016-06-26,322.0,161.0,0.0,0.0,0.0
2016-06-27,311.0,178.0,36.0,0.0,0.0
2016-06-28,311.0,194.0,168.0,0.0,0.0
2016-06-29,300.0,150.0,3.0,0.0,0.0
2016-06-30,300.0,144.0,0.0,0.0,0.0
2016-07-01,311.0,156.0,0.0,0.0,0.0
2016-07-02,311.0,144.0,0.0,0.0,0.0
2016-07-03,317.0,150.0,0.0,0.0,0.0
2016-07-04,328.0,172.0,0.0,0.0,0.0
2016-07-05,317.0,206.0,0.0,0.0,0.0
2016-07-06,317.0,194.0,97.0,0.0,0.0
2016-07-07,317.0,178.0,229.0,0.0,0.0
2016-07-08,317.0,178.0,76.0,0.0,0.0
2016-07-09,322.0,189.0,208.0,0.0,0.0
2016-07-10,294.0,189.0,0.0,0.0,0.0
2016-07-11,294.0,172.0,0.0,0.0,0.0
2016-07-12,317.0,172.0,0.0,0.0,0.0
2016-07-13,311.0,172.0,0.0,0.0,0.0
2016-07-14,317.0,183.0,0.0,0.0,0.0
2016-07-15,311.0,167.0,0.0,0.0,0.0
2016-07-16,283.0,183.0,38.0,0.0,0.0
2016-07-17,289.0,167.0,0.0,0.0,0.0
2016-07-18,322.0,172.0,0.0,0.0,0.0
2016-07-19,317.0,189.0,58.0,0.0,0.0
2016-07-20,311.0,183.0,0.0,0.0,0.0
2016-07-21,322.0,183.0,0.0,0.0,0.0
2016-07-22,328.0,178.0,224.0,0.0,0.0
2016-07-23,311.0,194.0,0.0,0.0,0.0
2016-07-24,317.0,183.0,0.0,0.0,0.0
2016-07-25,328.0,189.0,0.0,0.0,0.0
2016-07-26,333.0,211.0,0.0,0.0,0.0
2016-07-27,333.0,194.0,0.0,0.0,0.0
2016-07-28,,,,0.0,0.0
2016-07-29,322.0,194.0,,0.0,0.0
2016-07-30,278.0,206.0,25.0,0.0,0.0
2016-07-31,306.0,183.0,0.0,0.0,0.0
2016-08-01,317.0,189.0,0.0,0.0,0.0
2016-08-02,322.0,189.0,0.0,0.0,0.0
2016-08-03,294.0,189.0,8.0,0.0,0.0
2016-08-04,317.0,189.0,0.0,0.0,0.0
2016-08-05,322.0,200.0,0.0,0.0,0.0
2016-08-06,322.0,167.0,0.0,0.0,0.0
2016-08-07,317.0,178.0,0.0,0.0,0.0
2016-08-08,333.0,178.0,8.0,0.0,0.0
2016-08-09,333.0,206.0,36.0,0.0,0.0
2016-08-10,306.0,211.0,13.0,0.0,0.0
2016-08-11,300.0,211.0,30.0,0.0,0.0
2016-08-12,311.0,206.0,0.0,0.0,0.0
2016-08-13,300.0,189.0,0.0,0.0,0.0
2016-08-14,317.0,178.0,0.0,0.0,0.0
2016-08-15,333.0,189.0,0.0,0.0,0.0
2016-08-16,322.0,183.0,0.0,0.0,0.0
2016-08-17,,,0.0,0.0,0.0
2016-08-18,339.0,183.0,0.0,0.0,0.0
2016-08-19,311.0,189.0,51.0,0.0,0.0
2016-08-20,294.0,194.0,56.0,0.0,0.0
2016-08-21,294.0,194.0,183.0,0.0,0.0
2016-08-22,267.0,161.0,53.0,0.0,0.0
2016-08-23,289.0,139.0,0.0,0.0,0.0
2016-08-24,306.0,150.0,0.0,0.0,0.0
2016-08-25,300.0,178.0,0.0,0.0,0.0
2016-08-26,322.0,183.0,0.0,0.0,0.0
2016-08-27,339.0,183.0,0.0,0.0,0.0
2016-08-28,339.0,178.0,0.0,0.0,0.0
2016-08-29,306.0,167.0,127.0,0.0,0.0
2016-08-30,328.0,156.0,0.0,0.0,0.0
2016-08-31,317.0,156.0,0.0,0.0,0.0
2016-09-01,317.0,167.0,13.0,0.0,0.0
2016-09-02,311.0,172.0,0.0,0.0,0.0
2016-09-03,283.0,156.0,0.0,0.0,0.0
2016-09-04,294.0,161.0,0.0,0.0,0.0
2016-09-05,294.0,139.0,0.0,0.0,0.0
2016-09-06,300.0,128.0,0.0,0.0,0.0
2016-09-07,311.0,128.0,0.0,0.0,0.0
2016-09-08,322.0,133.0,0.0,0.0,0.0
2016-09-09,328.0,144.0,0.0,0.0,0.0
2016-09-10,328.0,144.0,0.0,0.0,0.0
2016-09-11,328.0,150.0,79.0,0.0,0.0
2016-09-12,289.0,122.0,0.0,0.0,0.0
2016-09-13,317.0,128.0,0.0,0.0,0.0
2016-09-14,317.0,144.0,0.0,0.0,0.0
2016-09-15,339.0,144.0,0.0,0.0,0.0
2016-09-16,339.0,144.0,0.0,0.0,0.0
2016-09-17,306.0,156.0,0.0,0.0,0.0
2016-09-18,306.0,194.0,0.0,0.0,0.0
2016-09-19,239.0,194.0,107.0,0.0,0.0
2016-09-20,289.0,139.0,0.0,0.0,0.0
2016-09-21,306.0,133.0,0.0,0.0,0.0
2016-09-22,306.0,133.0,0.0,0.0,0.0
2016-09-23,317.0,133.0,0.0,0.0,0.0
2016-09-24,306.0,128.0,0.0,0.0,0.0
2016-09-25,328.0,133.0,0.0,0.0,0.0
2016-09-26,328.0,139.0,0.0,0.0,0.0
2016-09-27,300.0,150.0,56.0,0.0,0.0
2016-09-28,272.0,156.0,0.0,0.0,0.0
2016-09-29,278.0,78.0,0.0,0.0,0.0
2016-09-30,217.0,44.0,0.0,0.0,0.0
2016-10-01,211.0,39.0,0.0,0.0,0.0
2016-10-02,239.0,44.0,0.0,0.0,0.0
2016-10-03,250.0,44.0,0.0,0.0,0.0
2016-10-04,261.0,100.0,0.0,0.0,0.0
2016-10-05,289.0,78.0,0.0,0.0,0.0
2016-10-06,283.0,78.0,0.0,0.0,0.0
2016-10-07,,,0.0,0.0,0.0
2016-10-08,294.0,78.0,0.0,0.0,0.0
2016-10-09,256.0,89.0,0.0,0.0,0.0
2016-10-10,228.0,6.0,0.0,0.0,0.0
2016-10-11,250.0,6.0,0.0,0.0,0.0
2016-10-12,256.0,6.0,0.0,0.0,0.0
2016-10-13,250.0,6.0,0.0,0.0,0.0
2016-10-14,267.0,28.0,0.0,0.0,0.0
2016-10-15,244.0,89.0,0.0,0.0,0.0
2016-10-16,261.0,122.0,0.0,0.0,0.0
2016-10-17,239.0,83.0,0.0,0.0,0.0
2016-10-18,278.0,83.0,0.0,0.0,0.0
2016-10-19,283.0,83.0,0.0,0.0,0.0
2016-10-20,306.0,117.0,0.0,0.0,0.0
2016-10-21,294.0,117.0,3.0,0.0,0.0
2016-10-22,172.0,6.0,0.0,0.0,0.0
2016-10-23,156.0,-28.0,0.0,0.0,0.0
2016-10-24,217.0,-22.0,0.0,0.0,0.0
2016-10-25,261.0,0.0,0.0,0.0,0.0
2016-10-26,250.0,6.0,0.0,0.0,0.0
2016-10-27,250.0,17.0,0.0,0.0,0.0
2016-10-28,217.0,100.0,46.0,0.0,0.0
2016-10-29,261.0,39.0,0.0,0.0,0.0
2016-10-30,272.0,39.0,0.0,0.0,0.0
2016-10-31,272.0,39.0,0.0,0.0,0.0
2016-11-01,278.0,56.0,0.0,0.0,0.0
2016-11-02,278.0,61.0,0.0,0.0,0.0
2016-11-03,261.0,61.0,0.0,0.0,0.0
2016-11-04,250.0,67.0,0.0,0.0,0.0
2016-11-05,239.0,22.0,0.0,0.0,0.0
2016-11-06,233.0,0.0,0.0,0.0,0.0
2016-11-07,183.0,-6.0,0.0,0.0,0.0
2016-11-08,228.0,-6.0,0.0,0.0,0.0
2016-11-09,194.0,11.0,0.0,0.0,0.0
2016-11-10,178.0,-11.0,0.0,0.0,0.0
2016-11-11,200.0,-50.0,0.0,0.0,0.0
2016-11-12,189.0,-44.0,0.0,0.0,0.0
2016-11-13,167.0,0.0,0.0,0.0,0.0
2016-11-14,167.0,-28.0,0.0,0.0,0.0
2016-11-15,172.0,-39.0,0.0,0.0,0.0
2016-11-16,178.0,-33.0,0.0,0.0,0.0
2016-11-17,200.0,-22.0,0.0,0.0,0.0
2016-11-18,239.0,-17.0,0.0,0.0,0.0
2016-11-19,261.0,-6.0,13.0,0.0,0.0
2016-11-20,100.0,-22.0,0.0,0.0,0.0
2016-11-21,94.0,-78.0,0.0,0.0,0.0
2016-11-22,139.0,-78.0,0.0,0.0,0.0
2016-11-23,161.0,-67.0,0.0,0.0,0.0
2016-11-24,183.0,-11.0,46.0,0.0,0.0
2016-11-25,200.0,22.0,0.0,0.0,0.0
2016-11-26,161.0,-17.0,0.0,0.0,0.0
2016-11-27,122.0,-83.0,0.0,0.0,0.0
2016-11-28,139.0,-83.0,0.0,0.0,0.0
2016-11-29,161.0,89.0,241.0,0.0,0.0
2016-11-30,233.0,106.0,23.0,0.0,0.0
2016-12-01,194.0,-11.0,157.0,0.0,0.0
2016-12-02,100.0,-161.0,0.0,0.0,0.0
2016-12-03,133.0,-44.0,0.0,0.0,0.0
2016-12-04,94.0,-28.0,104.0,0.0,0.0
2016-12-05,72.0,56.0,147.0,0.0,0.0
2016-12-06,122.0,72.0,97.0,0.0,0.0
2016-12-07,122.0,17.0,109.0,0.0,0.0
2016-12-08,,,0.0,0.0,0.0
2016-12-09,61.0,-67.0,0.0,0.0,0.0
2016-12-10,28.0,-106.0,0.0,0.0,0.0
2016-12-11,61.0,-106.0,0.0,0.0,0.0
2016-12-12,133.0,-78.0,36.0,0.0,0.0
2016-12-13,133.0,-11.0,46.0,0.0,0.0
2016-12-14,100.0,6.0,64.0,0.0,0.0
2016-12-15,89.0,-28.0,0.0,0.0,0.0
2016-12-16,11.0,-78.0,0.0,0.0,0.0
2016-12-17,100.0,-56.0,0.0,0.0,0.0
2016-12-18,194.0,-56.0,33.0,0.0,0.0
2016-12-19,117.0,-22.0,74.0,0.0,0.0
2016-12-20,39.0,-17.0,0.0,0.0,0.0
2016-12-21,94.0,-39.0,0.0,0.0,0.0
2016-12-22,150.0,-39.0,0.0,0.0,0.0
2016-12-23,139.0,-22.0,0.0,0.0,0.0
2016-12-24,,,,0.0,0.0
2016-12-25,122.0,78.0,,0.0,0.0
2016-12-26,200.0,122.0,0.0,0.0,0.0
2016-12-27,156.0,128.0,0.0,0.0,0.0
2016-12-28,161.0,11.0,76.0,0.0,0.0
2016-12-29,161.0,11.0,147.0,0.0,0.0
2016-12-30,94.0,-11.0,0.0,0.0,0.0
2016-12-31,72.0,-61.0,0.0,0.0,0.0
2017-01-01,61.0,-39.0,137.0,0.0,0.0
2017-01-02,139.0,56.0,112.0,0.0,0.0
2017-01-03,189.0,100.0,58.0,0.0,0.0
2017-01-04,161.0,67.0,0.0,0.0,0.0
2017-01-05,89.0,-44.0,0.0,0.0,0.0
2017-01-06,61.0,-22.0,0.0,0.0,0.0
2017-01-07,-6.0,-83.0,46.0,76.0,71.0
2017-01-08,-39.0,-178.0,0.0,76.0,0.0
2017-01-09,-17.0,-178.0,0.0,51.0,0.0
2017-01-10,39.0,-106.0,0.0,0.0,0.0
2017-01-11,83.0,17.0,74.0,0.0,0.0
2017-01-12,133.0,67.0,10.0,0.0,0.0
2017-01-13,167.0,67.0,0.0,0.0,0.0
2017-01-14,206.0,72.0,0.0,0.0,0.0
2017-01-15,206.0,72.0,0.0,0.0,0.0
2017-01-16,200.0,56.0,0.0,0.0,0.0
2017-01-17,178.0,61.0,0.0,0.0,0.0
2017-01-18,178.0,111.0,20.0,0.0,0.0
2017-01-19,172.0,33.0,0.0,0.0,0.0
2017-01-20,178.0,56.0,213.0,0.0,0.0
2017-01-21,200.0,67.0,0.0,0.0,0.0
2017-01-22,161.0,67.0,142.0,0.0,0.0
2017-01-23,172.0,56.0,160.0,0.0,0.0
2017-01-24,122.0,44.0,13.0,0.0,0.0
2017-01-25,111.0,-22.0,0.0,0.0,0.0
2017-01-26,200.0,-22.0,51.0,0.0,0.0
2017-01-27,200.0,-22.0,0.0,0.0,0.0
2017-01-28,39.0,-39.0,0.0,0.0,0.0
2017-01-29,89.0,-33.0,0.0,0.0,0.0
2017-01-30,44.0,-22.0,0.0,0.0,0.0
2017-01-31,83.0,-56.0,0.0,0.0,0.0
2017-02-01,189.0,-50.0,0.0,0.0,0.0
2017-02-02,183.0,-22.0,5.0,0.0,0.0
2017-02-03,122.0,33.0,8.0,0.0,0.0
2017-02-04,89.0,-89.0,0.0,0.0,0.0
2017-02-05,111.0,-89.0,3.0,0.0,0.0
2017-02-06,111.0,-72.0,0.0,0.0,0.0
2017-02-07,122.0,-22.0,36.0,0.0,0.0
2017-02-08,194.0,-22.0,94.0,0.0,0.0
2017-02-09,178.0,0.0,119.0,0.0,0.0
2017-02-10,50.0,-67.0,0.0,0.0,0.0
2017-02-11,167.0,-61.0,0.0,0.0,0.0
2017-02-12,133.0,33.0,0.0,0.0,0.0
2017-02-13,222.0,-11.0,58.0,0.0,0.0
2017-02-14,150.0,-39.0,0.0,0.0,0.0
2017-02-15,144.0,-28.0,97.0,0.0,0.0
2017-02-16,106.0,-28.0,0.0,0.0,0.0
2017-02-17,117.0,-56.0,0.0,0.0,0.0
2017-02-18,200.0,-56.0,0.0,0.0,0.0
2017-02-19,100.0,39.0,15.0,0.0,0.0
2017-02-20,189.0,-17.0,0.0,0.0,0.0
2017-02-21,222.0,-11.0,0.0,0.0,0.0
2017-02-22,189.0,117.0,36.0,0.0,0.0
2017-02-23,183.0,50.0,0.0,0.0,0.0
2017-02-24,250.0,50.0,0.0,0.0,0.0
2017-02-25,250.0,56.0,99.0,0.0,0.0
2017-02-26,139.0,-56.0,0.0,0.0,0.0
2017-02-27,139.0,-44.0,0.0,0.0,0.0
2017-02-28,161.0,-6.0,127.0,0.0,0.0
2017-03-01,189.0,11.0,262.0,0.0,0.0
2017-03-02,206.0,-6.0,127.0,0.0,0.0
2017-03-03,117.0,-50.0,0.0,0.0,0.0
2017-03-04,94.0,-67.0,0.0,0.0,0.0
2017-03-05,161.0,-50.0,0.0,0.0,0.0
2017-03-06,200.0,-28.0,5.0,0.0,0.0
2017-03-07,183.0,106.0,0.0,0.0,0.0
2017-03-08,150.0,17.0,178.0,0.0,0.0
2017-03-09,178.0,-28.0,0.0,0.0,0.0
2017-03-10,217.0,-17.0,104.0,0.0,0.0
2017-03-11,156.0,-22.0,0.0,0.0,0.0
2017-03-12,67.0,-6.0,74.0,25.0,30.0
2017-03-13,111.0,-28.0,0.0,0.0,0.0
2017-03-14,78.0,-6.0,64.0,0.0,0.0
2017-03-15,28.0,-61.0,0.0,0.0,0.0
2017-03-16,28.0,-100.0,0.0,0.0,0.0
2017-03-17,89.0,-100.0,0.0,0.0,0.0
2017-03-18,178.0,-22.0,69.0,0.0,0.0
2017-03-19,183.0,-11.0,15.0,0.0,0.0
2017-03-20,144.0,-33.0,0.0,0.0,0.0
2017-03-21,222.0,-33.0,0.0,0.0,0.0
2017-03-22,278.0,78.0,135.0,0.0,0.0
2017-03-23,183.0,6.0,0.0,0.0,0.0
2017-03-24,183.0,6.0,0.0,0.0,0.0
2017-03-25,206.0,106.0,0.0,0.0,0.0
2017-03-26,228.0,106.0,132.0,0.0,0.0
2017-03-27,222.0,89.0,20.0,0.0,0.0
2017-03-28,228.0,100.0,351.0,0.0,0.0
2017-03-29,228.0,56.0,0.0,0.0,0.0
2017-03-30,256.0,61.0,0.0,0.0,0.0
2017-03-31,256.0,61.0,127.0,0.0,0.0
2017-04-01,178.0,89.0,0.0,0.0,0.0
2017-04-02,211.0,28.0,0.0,0.0,0.0
2017-04-03,283.0,28.0,0.0,0.0,0.0
2017-04-04,206.0,111.0,264.0,0.0,0.0
2017-04-05,256.0,72.0,0.0,0.0,0.0
2017-04-06,178.0,61.0,239.0,0.0,0.0
2017-04-07,67.0,33.0,33.0,0.0,0.0
2017-04-08,139.0,-17.0,0.0,0.0,0.0
2017-04-09,194.0,-17.0,0.0,0.0,0.0
2017-04-10,256.0,17.0,0.0,0.0,0.0
2017-04-11,272.0,39.0,0.0,0.0,0.0
2017-04-12,267.0,61.0,0.0,0.0,0.0
2017-04-13,256.0,72.0,0.0,0.0,0.0
2017-04-14,278.0,72.0,0.0,0.0,0.0
2017-04-15,272.0,100.0,0.0,0.0,0.0
2017-04-16,278.0,100.0,0.0,0.0,0.0
2017-04-17,278.0,83.0,0.0,0.0,0.0
2017-04-18,261.0,94.0,130.0,0.0,0.0
2017-04-19,222.0,144.0,157.0,0.0,0.0
2017-04-20,244.0,128.0,13.0,0.0,0.0
2017-04-21,256.0,139.0,191.0,0.0,0.0
2017-04-22,267.0,139.0,0.0,0.0,0.0
2017-04-23,267.0,133.0,295.0,0.0,0.0
2017-04-24,156.0,117.0,297.0,0.0,0.0
2017-04-25,206.0,117.0,0.0,0.0,0.0
2017-04-26,233.0,78.0,0.0,0.0,0.0
2017-04-27,294.0,89.0,30.0,0.0,0.0
2017-04-28,250.0,100.0,152.0,0.0,0.0
2017-04-29,272.0,100.0,0.0,0.0,0.0
2017-04-30,306.0,161.0,0.0,0.0,0.0
2017-05-01,272.0,178.0,76.0,0.0,0.0
2017-05-02,233.0,67.0,64.0,0.0,0.0
2017-05-03,228.0,56.0,0.0,0.0,0.0
2017-05-04,272.0,78.0,0.0,0.0,0.0
2017-05-05,272.0,83.0,142.0,0.0,0.0
2017-05-06,128.0,56.0,84.0,0.0,0.0
2017-05-07,150.0,39.0,76.0,0.0,0.0
2017-05-08,178.0,22.0,0.0,0.0,0.0
2017-05-09,222.0,33.0,0.0,0.0,0.0
2017-05-10,267.0,89.0,0.0,0.0,0.0
2017-05-11,283.0,106.0,0.0,0.0,0.0
2017-05-12,278.0,122.0,0.0,0.0,0.0
2017-05-13,267.0,150.0,0.0,0.0,0.0
2017-05-14,233.0,61.0,0.0,0.0,0.0
2017-05-15,267.0,78.0,0.0,0.0,0.0
2017-05-16,289.0,89.0,0.0,0.0,0.0
2017-05-17,311.0,117.0,0.0,0.0,0.0
2017-05-18,300.0,167.0,0.0,0.0,0.0
2017-05-19,300.0,172.0,0.0,0.0,0.0
2017-05-20,306.0,161.0,0.0,0.0,0.0
2017-05-21,311.0,167.0,234.0,0.0,0.0
2017-05-22,256.0,167.0,112.0,0.0,0.0
2017-05-23,239.0,161.0,246.0,0.0,0.0
2017-05-24,222.0,139.0,216.0,0.0,0.0
2017-05-25,217.0,94.0,81.0,0.0,0.0
2017-05-26,189.0,83.0,0.0,0.0,0.0
2017-05-27,261.0,89.0,0.0,0.0,0.0
2017-05-28,272.0,156.0,127.0,0.0,0.0
2017-05-29,244.0,156.0,0.0,0.0,0.0
2017-05-30,244.0,156.0,58.0,0.0,0.0
2017-05-31,261.0,144.0,0.0,0.0,0.0
2017-06-01,267.0,122.0,0.0,0.0,0.0
2017-06-02,256.0,128.0,0.0,0.0,0.0
2017-06-03,283.0,133.0,0.0,0.0,0.0
2017-06-04,300.0,156.0,0.0,0.0,0.0
2017-06-05,228.0,178.0,284.0,0.0,0.0
2017-06-06,233.0,172.0,173.0,0.0,0.0
2017-06-07,272.0,128.0,0.0,0.0,0.0
2017-06-08,256.0,133.0,147.0,0.0,0.0
2017-06-09,244.0,117.0,0.0,0.0,0.0
2017-06-10,267.0,111.0,0.0,0.0,0.0
2017-06-11,289.0,111.0,0.0,0.0,0.0
2017-06-12,300.0,161.0,0.0,0.0,0.0
2017-06-13,306.0,161.0,0.0,0.0,0.0
2017-06-14,306.0,161.0,13.0,0.0,0.0
2017-06-15,306.0,161.0,323.0,0.0,0.0
2017-06-16,294.0,178.0,76.0,0.0,0.0
2017-06-17,283.0,167.0,0.0,0.0,0.0
2017-06-18,294.0,172.0,0.0,0.0,0.0
2017-06-19,294.0,194.0,0.0,0.0,0.0
2017-06-20,261.0,172.0,13.0,0.0,0.0
2017-06-21,278.0,178.0,15.0,0.0,0.0
2017-06-22,256.0,189.0,132.0,0.0,0.0
2017-06-23,244.0,189.0,152.0,0.0,0.0
2017-06-24,300.0,206.0,84.0,0.0,0.0
2017-06-25,278.0,156.0,8.0,0.0,0.0
2017-06-26,244.0,106.0,5.0,0.0,0.0
2017-06-27,261.0,111.0,0.0,0.0,0.0
2017-06-28,261.0,94.0,0.0,0.0,0.0
2017-06-29,294.0,122.0,0.0,0.0,0.0
2017-06-30,283.0,172.0,64.0,0.0,0.0
2017-07-01,261.0,194.0,236.0,0.0,0.0
2017-07-02,294.0,178.0,290.0,0.0,0.0
2017-07-03,289.0,183.0,8.0,0.0,0.0
2017-07-04,289.0,172.0,0.0,0.0,0.0
2017-07-05,261.0,183.0,173.0,0.0,0.0
2017-07-06,283.0,183.0,254.0,0.0,0.0
2017-07-07,283.0,189.0,25.0,0.0,0.0
2017-07-08,289.0,200.0,8.0,0.0,0.0
2017-07-09,289.0,172.0,0.0,0.0,0.0
2017-07-10,289.0,150.0,0.0,0.0,0.0
2017-07-11,306.0,150.0,0.0,0.0,0.0
2017-07-12,317.0,161.0,0.0,0.0,0.0
2017-07-13,322.0,183.0,0.0,0.0,0.0
2017-07-14,317.0,189.0,0.0,0.0,0.0
2017-07-15,322.0,194.0,0.0,0.0,0.0
2017-07-16,289.0,183.0,0.0,0.0,0.0
2017-07-17,311.0,178.0,0.0,0.0,0.0
2017-07-18,306.0,161.0,0.0,0.0,0.0
2017-07-19,317.0,172.0,0.0,0.0,0.0
2017-07-20,311.0,172.0,0.0,0.0,0.0
2017-07-21,317.0,172.0,0.0,0.0,0.0
2017-07-22,322.0,189.0,0.0,0.0,0.0
2017-07-23,328.0,194.0,0.0,0.0,0.0
2017-07-24,306.0,194.0,107.0,0.0,0.0
2017-07-25,317.0,183.0,0.0,0.0,0.0
2017-07-26,317.0,178.0,0.0,0.0,0.0
2017-07-27,322.0,183.0,244.0,0.0,0.0
2017-07-28,300.0,200.0,41.0,0.0,0.0
2017-07-29,233.0,183.0,297.0,0.0,0.0
2017-07-30,283.0,139.0,0.0,0.0,0.0
2017-07-31,283.0,139.0,0.0,0.0,0.0
2017-08-01,289.0,133.0,0.0,0.0,0.0
2017-08-02,283.0,144.0,0.0,0.0,0.0
2017-08-03,278.0,150.0,0.0,0.0,0.0
2017-08-04,300.0,150.0,0.0,0.0,0.0
2017-08-05,289.0,172.0,152.0,0.0,0.0
2017-08-06,278.0,117.0,0.0,0.0,0.0
2017-08-07,300.0,139.0,117.0,0.0,0.0
2017-08-08,261.0,194.0,145.0,0.0,0.0
2017-08-09,272.0,167.0,0.0,0.0,0.0
2017-08-10,283.0,167.0,15.0,0.0,0.0
2017-08-11,272.0,183.0,114.0,0.0,0.0
2017-08-12,283.0,189.0,8.0,0.0,0.0
2017-08-13,300.0,183.0,0.0,0.0,0.0
2017-08-14,294.0,189.0,0.0,0.0,0.0
2017-08-15,311.0,189.0,38.0,0.0,0.0
2017-08-16,300.0,194.0,0.0,0.0,0.0
2017-08-17,311.0,194.0,0.0,0.0,0.0
2017-08-18,294.0,200.0,25.0,0.0,0.0
2017-08-19,300.0,156.0,0.0,0.0,0.0
2017-08-20,317.0,150.0,0.0,0.0,0.0
2017-08-21,311.0,156.0,0.0,0.0,0.0
2017-08-22,317.0,178.0,0.0,0.0,0.0
2017-08-23,322.0,189.0,0.0,0.0,0.0
2017-08-24,294.0,139.0,0.0,0.0,0.0
2017-08-25,283.0,128.0,0.0,0.0,0.0
2017-08-26,294.0,128.0,0.0,0.0,0.0
2017-08-27,294.0,156.0,0.0,0.0,0.0
2017-08-28,283.0,144.0,0.0,0.0,0.0
2017-08-29,244.0,156.0,0.0,0.0,0.0
2017-08-30,278.0,161.0,0.0,0.0,0.0
2017-08-31,239.0,178.0,109.0,0.0,0.0
2017-09-01,222.0,161.0,127.0,0.0,0.0
2017-09-02,256.0,150.0,178.0,0.0,0.0
2017-09-03,222.0,106.0,0.0,0.0,0.0
2017-09-04,256.0,106.0,0.0,0.0,0.0
2017-09-05,278.0,111.0,0.0,0.0,0.0
2017-09-06,283.0,133.0,191.0,0.0,0.0
2017-09-07,211.0,72.0,0.0,0.0,0.0
2017-09-08,217.0,72.0,0.0,0.0,0.0
2017-09-09,244.0,78.0,0.0,0.0,0.0
2017-09-10,261.0,72.0,0.0,0.0,0.0
2017-09-11,217.0,72.0,15.0,0.0,0.0
2017-09-12,200.0,106.0,191.0,0.0,0.0
2017-09-13,200.0,106.0,5.0,0.0,0.0
2017-09-14,183.0,144.0,74.0,0.0,0.0
2017-09-15,239.0,133.0,13.0,0.0,0.0
2017-09-16,267.0,111.0,0.0,0.0,0.0
2017-09-17,283.0,111.0,0.0,0.0,0.0
2017-09-18,,,0.0,0.0,0.0
2017-09-19,283.0,111.0,0.0,0.0,0.0
2017-09-20,289.0,122.0,0.0,0.0,0.0
2017-09-21,289.0,139.0,18.0,0.0,0.0
2017-09-22,289.0,133.0,0.0,0.0,0.0
2017-09-23,300.0,133.0,18.0,0.0,0.0
2017-09-24,294.0,133.0,30.0,0.0,0.0
2017-09-25,294.0,133.0,0.0,0.0,0.0
2017-09-26,283.0,128.0,0.0,0.0,0.0
2017-09-27,289.0,122.0,0.0,0.0,0.0
2017-09-28,294.0,128.0,0.0,0.0,0.0
2017-09-29,300.0,144.0,0.0,0.0,0.0
2017-09-30,278.0,128.0,0.0,0.0,0.0
2017-10-01,267.0,61.0,0.0,0.0,0.0
2017-10-02,233.0,56.0,0.0,0.0,0.0
2017-10-03,256.0,56.0,0.0,0.0,0.0
2017-10-04,261.0,67.0,0.0,0.0,0.0
2017-10-05,272.0,67.0,0.0,0.0,0.0
2017-10-06,283.0,67.0,0.0,0.0,0.0
2017-10-07,278.0,67.0,0.0,0.0,0.0
2017-10-08,294.0,67.0,20.0,0.0,0.0
2017-10-09,228.0,189.0,447.0,0.0,0.0
2017-10-10,283.0,200.0,8.0,0.0,0.0
2017-10-11,294.0,183.0,13.0,0.0,0.0
2017-10-12,294.0,167.0,0.0,0.0,0.0
2017-10-13,294.0,106.0,0.0,0.0,0.0
2017-10-14,283.0,106.0,0.0,0.0,0.0
2017-10-15,267.0,139.0,0.0,0.0,0.0
2017-10-16,256.0,106.0,292.0,0.0,0.0
2017-10-17,167.0,22.0,0.0,0.0,0.0
2017-10-18,200.0,28.0,0.0,0.0,0.0
2017-10-19,233.0,6.0,0.0,0.0,0.0
2017-10-20,228.0,6.0,0.0,0.0,0.0
2017-10-21,267.0,11.0,0.0,0.0,0.0
2017-10-22,250.0,44.0,0.0,0.0,0.0
2017-10-23,228.0,56.0,43.0,0.0,0.0
2017-10-24,211.0,44.0,368.0,0.0,0.0
2017-10-25,161.0,17.0,0.0,0.0,0.0
2017-10-26,122.0,-17.0,0.0,0.0,0.0
2017-10-27,194.0,-17.0,0.0,0.0,0.0
2017-10-28,211.0,-17.0,0.0,0.0,0.0
2017-10-29,211.0,-17.0,218.0,0.0,0.0
2017-10-30,44.0,-33.0,0.0,0.0,0.0
2017-10-31,167.0,-33.0,0.0,0.0,0.0
2017-11-01,189.0,-11.0,0.0,0.0,0.0
2017-11-02,200.0,39.0,0.0,0.0,0.0
2017-11-03,222.0,94.0,0.0,0.0,0.0
2017-11-04,222.0,117.0,5.0,0.0,0.0
2017-11-05,239.0,106.0,5.0,0.0,0.0
2017-11-06,250.0,111.0,0.0,0.0,0.0
2017-11-07,200.0,133.0,10.0,0.0,0.0
2017-11-08,194.0,106.0,41.0,0.0,0.0
2017-11-09,139.0,89.0,51.0,0.0,0.0
2017-11-10,133.0,0.0,8.0,0.0,0.0
2017-11-11,150.0,-6.0,0.0,0.0,0.0
2017-11-12,150.0,50.0,5.0,0.0,0.0
2017-11-13,100.0,56.0,8.0,0.0,0.0
2017-11-14,144.0,6.0,0.0,0.0,0.0
2017-11-15,150.0,17.0,0.0,0.0,0.0
2017-11-16,172.0,17.0,8.0,0.0,0.0
2017-11-17,172.0,-33.0,0.0,0.0,0.0
2017-11-18,200.0,-28.0,0.0,0.0,0.0
2017-11-19,172.0,28.0,89.0,0.0,0.0
2017-11-20,83.0,-61.0,0.0,0.0,0.0
2017-11-21,156.0,-50.0,0.0,0.0,0.0
2017-11-22,183.0,-11.0,0.0,0.0,0.0
2017-11-23,156.0,-44.0,0.0,0.0,0.0
2017-11-24,156.0,-39.0,0.0,0.0,0.0
2017-11-25,172.0,-33.0,0.0,0.0,0.0
2017-11-26,172.0,-39.0,0.0,0.0,0.0
2017-11-27,156.0,-67.0,0.0,0.0,0.0
2017-11-28,167.0,-50.0,0.0,0.0,0.0
2017-11-29,194.0,-50.0,0.0,0.0,0.0
2017-11-30,200.0,-28.0,0.0,0.0,0.0
2017-12-01,200.0,-28.0,30.0,0.0,0.0
2017-12-02,150.0,61.0,0.0,0.0,0.0
2017-12-03,183.0,44.0,0.0,0.0,0.0
2017-12-04,178.0,-6.0,0.0,0.0,0.0
2017-12-05,178.0,-11.0,0.0,0.0,0.0
2017-12-06,178.0,-6.0,208.0,0.0,0.0
2017-12-07,33.0,0.0,0.0,0.0,0.0
2017-12-08,83.0,-11.0,33.0,51.0,38.0
2017-12-09,0.0,-17.0,140.0,178.0,127.0
2017-12-10,11.0,-78.0,0.0,76.0,0.0
2017-12-11,61.0,-78.0,0.0,51.0,0.0
2017-12-12,128.0,-78.0,0.0,0.0,0.0
2017-12-13,128.0,-78.0,0.0,0.0,0.0
2017-12-14,78.0,-78.0,0.0,0.0,0.0
2017-12-15,100.0,-72.0,0.0,0.0,0.0
2017-12-16,6.0,-83.0,0.0,0.0,0.0
2017-12-17,94.0,-78.0,0.0,0.0,0.0
2017-12-18,50.0,-33.0,13.0,0.0,0.0
2017-12-19,161.0,-33.0,5.0,0.0,0.0
2017-12-20,172.0,-33.0,274.0,0.0,0.0
2017-12-21,167.0,94.0,127.0,0.0,0.0
2017-12-22,144.0,56.0,0.0,0.0,0.0
2017-12-23,172.0,106.0,25.0,0.0,0.0
2017-12-24,183.0,61.0,107.0,0.0,0.0
2017-12-25,117.0,-39.0,0.0,0.0,0.0
2017-12-26,-11.0,-33.0,0.0,0.0,0.0
2017-12-27,100.0,-44.0,0.0,0.0,0.0
2017-12-28,61.0,-72.0,0.0,0.0,0.0
2017-12-29,83.0,-72.0,0.0,0.0,0.0
2017-12-30,94.0,-44.0,0.0,0.0,0.0
2017-12-31,56.0,-67.0,0.0,0.0,0.0
2018-01-01,-22.0,-122.0,0.0,0.0,0.0
2018-01-02,-39.0,-167.0,0.0,0.0,0.0
2018-01-03,11.0,-167.0,0.0,0.0,0.0
2018-01-04,11.0,-78.0,0.0,0.0,0.0
2018-01-05,-39.0,-133.0,0.0,0.0,0.0
2018-01-06,-17.0,-144.0,0.0,0.0,0.0
2018-01-07,-6.0,-150.0,0.0,0.0,0.0
2018-01-08,61.0,-150.0,0.0,0.0,0.0
2018-01-09,83.0,-150.0,20.0,0.0,0.0
2018-01-10,133.0,0.0,0.0,0.0,0.0
2018-01-11,150.0,33.0,0.0,0.0,0.0
2018-01-12,156.0,33.0,33.0,0.0,0.0
2018-01-13,144.0,-44.0,183.0,0.0,0.0
2018-01-14,-22.0,-117.0,0.0,0.0,0.0
2018-01-15,6.0,-111.0,0.0,0.0,0.0
2018-01-16,67.0,-78.0,0.0,0.0,0.0
2018-01-17,72.0,-128.0,30.0,25.0,15.0
2018-01-18,-50.0,-144.0,0.0,25.0,0.0
2018-01-19,33.0,-144.0,0.0,0.0,0.0
2018-01-20,106.0,-117.0,0.0,0.0,0.0
2018-01-21,144.0,-39.0,0.0,0.0,0.0
2018-01-22,189.0,-11.0,0.0,0.0,0.0
2018-01-23,156.0,0.0,41.0,0.0,0.0
2018-01-24,100.0,-39.0,0.0,0.0,0.0
2018-01-25,78.0,-67.0,0.0,0.0,0.0
2018-01-26,133.0,-67.0,0.0,0.0,0.0
2018-01-27,139.0,-56.0,0.0,0.0,0.0
2018-01-28,133.0,78.0,51.0,0.0,0.0
2018-01-29,111.0,56.0,89.0,0.0,0.0
2018-01-30,122.0,-33.0,0.0,0.0,0.0
2018-01-31,50.0,-78.0,0.0,0.0,0.0
2018-02-01,139.0,-78.0,0.0,0.0,0.0
2018-02-02,144.0,-39.0,56.0,0.0,0.0
2018-02-03,28.0,-72.0,0.0,0.0,0.0
2018-02-04,106.0,-72.0,157.0,0.0,0.0
2018-02-05,83.0,-17.0,61.0,0.0,0.0
2018-02-06,94.0,-33.0,0.0,0.0,0.0
2018-02-07,128.0,11.0,254.0,0.0,0.0
2018-02-08,111.0,-39.0,64.0,0.0,0.0
2018-02-09,133.0,-44.0,0.0,0.0,0.0
2018-02-10,172.0,-44.0,46.0,0.0,0.0
2018-02-11,161.0,78.0,422.0,0.0,0.0
2018-02-12,172.0,72.0,323.0,0.0,0.0
2018-02-13,172.0,56.0,0.0,0.0,0.0
2018-02-14,172.0,56.0,0.0,0.0,0.0
2018-02-15,172.0,56.0,132.0,0.0,0.0
2018-02-16,200.0,133.0,0.0,0.0,0.0
2018-02-17,194.0,67.0,0.0,0.0,0.0
2018-02-18,194.0,22.0,66.0,0.0,0.0
2018-02-19,211.0,22.0,5.0,0.0,0.0
2018-02-20,211.0,139.0,0.0,0.0,0.0
2018-02-21,239.0,161.0,5.0,0.0,0.0
2018-02-22,256.0,133.0,0.0,0.0,0.0
2018-02-23,261.0,83.0,0.0,0.0,0.0
2018-02-24,256.0,89.0,8.0,0.0,0.0
2018-02-25,239.0,133.0,94.0,0.0,0.0
2018-02-26,156.0,106.0,79.0,0.0,0.0
2018-02-27,,,,0.0,0.0
2018-02-28,189.0,-6.0,,0.0,0.0
2018-03-01,117.0,67.0,533.0,0.0,0.0
2018-03-02,156.0,33.0,119.0,0.0,0.0
2018-03-03,156.0,-33.0,0.0,0.0,0.0
2018-03-04,161.0,-39.0,0.0,0.0,0.0
2018-03-05,172.0,-28.0,0.0,0.0,0.0
2018-03-06,161.0,-6.0,71.0,0.0,0.0
2018-03-07,144.0,-11.0,28.0,0.0,0.0
2018-03-08,61.0,-28.0,0.0,0.0,0.0
2018-03-09,33.0,-61.0,0.0,0.0,0.0
2018-03-10,122.0,-50.0,0.0,0.0,0.0
2018-03-11,106.0,17.0,8.0,0.0,0.0
2018-03-12,144.0,28.0,178.0,0.0,0.0
2018-03-13,144.0,-28.0,0.0,0.0,0.0
2018-03-14,83.0,-28.0,0.0,0.0,0.0
2018-03-15,67.0,-61.0,0.0,0.0,0.0
2018-03-16,167.0,-67.0,0.0,0.0,0.0
2018-03-17,200.0,-22.0,25.0,0.0,0.0
2018-03-18,217.0,56.0,13.0,0.0,0.0
2018-03-19,211.0,89.0,0.0,0.0,0.0
2018-03-20,167.0,94.0,145.0,0.0,0.0
2018-03-21,156.0,-11.0,18.0,0.0,0.0
2018-03-22,11.0,-44.0,0.0,0.0,0.0
2018-03-23,100.0,-39.0,0.0,0.0,0.0
2018-03-24,122.0,-39.0,5.0,0.0,0.0
2018-03-25,128.0,56.0,109.0,0.0,0.0
2018-03-26,117.0,50.0,0.0,0.0,0.0
2018-03-27,106.0,50.0,0.0,0.0,0.0
2018-03-28,150.0,67.0,0.0,0.0,0.0
2018-03-29,222.0,89.0,0.0,0.0,0.0
2018-03-30,217.0,94.0,0.0,0.0,0.0
2018-03-31,156.0,-11.0,0.0,0.0,0.0
2018-04-01,217.0,-11.0,0.0,0.0,0.0
2018-04-02,,,,0.0,0.0
2018-04-03,,,,0.0,0.0
2018-04-04,256.0,11.0,,0.0,0.0
2018-04-05,139.0,-22.0,0.0,0.0,0.0
2018-04-06,172.0,-17.0,0.0,0.0,0.0
2018-04-07,139.0,22.0,198.0,0.0,0.0
2018-04-08,111.0,-11.0,15.0,0.0,0.0
2018-04-09,117.0,-11.0,18.0,0.0,0.0
2018-04-10,150.0,-11.0,0.0,0.0,0.0
2018-04-11,172.0,-11.0,0.0,0.0,0.0
2018-04-12,194.0,-11.0,0.0,0.0,0.0
2018-04-13,261.0,22.0,0.0,0.0,0.0
2018-04-14,267.0,22.0,0.0,0.0,0.0
2018-04-15,256.0,111.0,135.0,0.0,0.0
2018-04-16,178.0,17.0,155.0,0.0,0.0
2018-04-17,44.0,-28.0,0.0,0.0,0.0
2018-04-18,211.0,-22.0,0.0,0.0,0.0
2018-04-19,267.0,39.0,0.0,0.0,0.0
2018-04-20,144.0,-17.0,0.0,0.0,0.0
2018-04-21,211.0,-6.0,0.0,0.0,0.0
2018-04-22,233.0,11.0,0.0,0.0,0.0
2018-04-23,156.0,117.0,178.0,0.0,0.0
2018-04-24,178.0,122.0,282.0,0.0,0.0
2018-04-25,189.0,94.0,38.0,0.0,0.0
2018-04-26,189.0,72.0,0.0,0.0,0.0
2018-04-27,189.0,72.0,114.0,0.0,0.0
2018-04-28,200.0,28.0,0.0,0.0,0.0
2018-04-29,233.0,22.0,0.0,0.0,0.0
2018-04-30,233.0,-6.0,0.0,0.0,0.0
2018-05-01,261.0,28.0,0.0,0.0,0.0
2018-05-02,272.0,39.0,0.0,0.0,0.0
2018-05-03,289.0,72.0,0.0,0.0,0.0
2018-05-04,294.0,89.0,0.0,0.0,0.0
2018-05-05,278.0,100.0,0.0,0.0,0.0
2018-05-06,239.0,133.0,119.0,0.0,0.0
2018-05-07,244.0,100.0,0.0,0.0,0.0
2018-05-08,261.0,83.0,0.0,0.0,0.0
2018-05-09,256.0,94.0,0.0,0.0,0.0
2018-05-10,283.0,122.0,0.0,0.0,0.0
2018-05-11,283.0,111.0,15.0,0.0,0.0
2018-05-12,300.0,128.0,0.0,0.0,0.0
2018-05-13,306.0,111.0,0.0,0.0,0.0
2018-05-14,306.0,122.0,0.0,0.0,0.0
2018-05-15,317.0,122.0,30.0,0.0,0.0
2018-05-16,272.0,172.0,36.0,0.0,0.0
2018-05-17,272.0,172.0,13.0,0.0,0.0
2018-05-18,272.0,172.0,127.0,0.0,0.0
2018-05-19,283.0,172.0,97.0,0.0,0.0
2018-05-20,294.0,167.0,8.0,0.0,0.0
2018-05-21,278.0,161.0,5.0,0.0,0.0
2018-05-22,,,,0.0,0.0
2018-05-23,294.0,161.0,,0.0,0.0
2018-05-24,311.0,111.0,0.0,0.0,0.0
2018-05-25,294.0,167.0,36.0,0.0,0.0
2018-05-26,294.0,189.0,0.0,0.0,0.0
2018-05-27,294.0,178.0,74.0,0.0,0.0
2018-05-28,289.0,183.0,127.0,0.0,0.0
2018-05-29,289.0,183.0,208.0,0.0,0.0
2018-05-30,256.0,194.0,445.0,0.0,0.0
2018-05-31,278.0,189.0,15.0,0.0,0.0
2018-06-01,278.0,161.0,340.0,0.0,0.0
2018-06-02,278.0,172.0,15.0,0.0,0.0
2018-06-03,294.0,178.0,0.0,0.0,0.0
2018-06-04,300.0,122.0,8.0,0.0,0.0
2018-06-05,267.0,111.0,0.0,0.0,0.0
2018-06-06,267.0,100.0,0.0,0.0,0.0
2018-06-07,300.0,128.0,0.0,0.0,0.0
2018-06-08,311.0,144.0,0.0,0.0,0.0
2018-06-09,311.0,161.0,0.0,0.0,0.0
2018-06-10,311.0,161.0,0.0,0.0,0.0
2018-06-11,311.0,178.0,46.0,0.0,0.0
2018-06-12,283.0,156.0,43.0,0.0,0.0
2018-06-13,289.0,167.0,0.0,0.0,0.0
2018-06-14,283.0,194.0,0.0,0.0,0.0
2018-06-15,311.0,167.0,0.0,0.0,0.0
2018-06-16,317.0,172.0,0.0,0.0,0.0
2018-06-17,322.0,183.0,0.0,0.0,0.0
2018-06-18,322.0,172.0,18.0,0.0,0.0
2018-06-19,322.0,178.0,0.0,0.0,0.0
2018-06-20,322.0,172.0,0.0,0.0,0.0
2018-06-21,322.0,178.0,0.0,0.0,0.0
2018-06-22,278.0,183.0,0.0,0.0,0.0
2018-06-23,300.0,194.0,84.0,0.0,0.0
2018-06-24,289.0,183.0,69.0,0.0,0.0
2018-06-25,306.0,183.0,94.0,0.0,0.0
2018-06-26,317.0,178.0,221.0,0.0,0.0
2018-06-27,311.0,172.0,23.0,0.0,0.0
2018-06-28,289.0,183.0,361.0,0.0,0.0
2018-06-29,217.0,189.0,122.0,0.0,0.0
2018-06-30,322.0,189.0,0.0,0.0,0.0
2018-07-01,328.0,183.0,0.0,0.0,0.0
2018-07-02,306.0,200.0,170.0,0.0,0.0
2018-07-03,317.0,183.0,0.0,0.0,0.0
2018-07-04,339.0,183.0,0.0,0.0,0.0
2018-07-05,333.0,200.0,0.0,0.0,0.0
2018-07-06,317.0,189.0,38.0,0.0,0.0
2018-07-07,294.0,189.0,13.0,0.0,0.0
2018-07-08,283.0,172.0,132.0,0.0,0.0
2018-07-09,294.0,161.0,0.0,0.0,0.0
2018-07-10,300.0,161.0,0.0,0.0,0.0
2018-07-11,311.0,161.0,0.0,0.0,0.0
2018-07-12,317.0,161.0,0.0,0.0,0.0
2018-07-13,317.0,161.0,3.0,0.0,0.0
2018-07-14,311.0,200.0,69.0,0.0,0.0
2018-07-15,311.0,189.0,15.0,0.0,0.0
2018-07-16,317.0,200.0,300.0,0.0,0.0
2018-07-17,317.0,200.0,445.0,0.0,0.0
2018-07-18,306.0,200.0,5.0,0.0,0.0
2018-07-19,300.0,156.0,0.0,0.0,0.0
2018-07-20,306.0,167.0,0.0,0.0,0.0
2018-07-21,306.0,178.0,312.0,0.0,0.0
2018-07-22,294.0,178.0,23.0,0.0,0.0
2018-07-23,250.0,178.0,5.0,0.0,0.0
2018-07-24,289.0,178.0,3.0,0.0,0.0
2018-07-25,289.0,178.0,188.0,0.0,0.0
2018-07-26,289.0,156.0,0.0,0.0,0.0
2018-07-27,294.0,156.0,0.0,0.0,0.0
2018-07-28,289.0,144.0,0.0,0.0,0.0
2018-07-29,278.0,172.0,0.0,0.0,0.0
2018-07-30,311.0,144.0,0.0,0.0,0.0
2018-07-31,311.0,178.0,0.0,0.0,0.0
2018-08-01,311.0,178.0,56.0,0.0,0.0
2018-08-02,206.0,183.0,638.0,0.0,0.0
2018-08-03,239.0,189.0,188.0,0.0,0.0
2018-08-04,294.0,189.0,0.0,0.0,0.0
2018-08-05,289.0,183.0,43.0,0.0,0.0
2018-08-06,311.0,194.0,0.0,0.0,0.0
2018-08-07,317.0,189.0,0.0,0.0,0.0
2018-08-08,317.0,183.0,0.0,0.0,0.0
2018-08-09,306.0,183.0,251.0,0.0,0.0
2018-08-10,294.0,189.0,43.0,0.0,0.0
2018-08-11,278.0,189.0,455.0,0.0,0.0
2018-08-12,300.0,178.0,0.0,0.0,0.0
2018-08-13,289.0,161.0,0.0,0.0,0.0
2018-08-14,283.0,156.0,0.0,0.0,0.0
2018-08-15,289.0,150.0,0.0,0.0,0.0
2018-08-16,272.0,150.0,0.0,0.0,0.0
2018-08-17,317.0,161.0,0.0,0.0,0.0
2018-08-18,306.0,194.0,0.0,0.0,0.0
2018-08-19,272.0,211.0,178.0,0.0,0.0
2018-08-20,283.0,194.0,0.0,0.0,0.0
2018-08-21,289.0,206.0,0.0,0.0,0.0
2018-08-22,283.0,172.0,56.0,0.0,0.0
2018-08-23,283.0,139.0,0.0,0.0,0.0
2018-08-24,272.0,117.0,0.0,0.0,0.0
2018-08-25,278.0,117.0,0.0,0.0,0.0
2018-08-26,278.0,117.0,0.0,0.0,0.0
2018-08-27,306.0,150.0,0.0,0.0,0.0
2018-08-28,317.0,161.0,0.0,0.0,0.0
2018-08-29,311.0,172.0,0.0,0.0,0.0
2018-08-30,306.0,178.0,0.0,0.0,0.0
2018-08-31,322.0,189.0,726.0,0.0,0.0
2018-09-01,322.0,167.0,51.0,0.0,0.0
2018-09-02,317.0,172.0,0.0,0.0,0.0
2018-09-03,322.0,172.0,0.0,0.0,0.0
2018-09-04,322.0,178.0,15.0,0.0,0.0
2018-09-05,300.0,178.0,0.0,0.0,0.0
2018-09-06,294.0,183.0,0.0,0.0,0.0
2018-09-07,289.0,167.0,0.0,0.0,0.0
2018-09-08,317.0,167.0,0.0,0.0,0.0
2018-09-09,317.0,167.0,124.0,0.0,0.0
2018-09-10,294.0,189.0,259.0,0.0,0.0
2018-09-11,294.0,189.0,94.0,0.0,0.0
2018-09-12,294.0,189.0,0.0,0.0,0.0
2018-09-13,306.0,183.0,0.0,0.0,0.0
2018-09-14,306.0,183.0,5.0,0.0,0.0
2018-09-15,311.0,172.0,0.0,0.0,0.0
2018-09-16,306.0,172.0,8.0,0.0,0.0
2018-09-17,306.0,178.0,81.0,0.0,0.0
2018-09-18,239.0,194.0,8.0,0.0,0.0
2018-09-19,300.0,161.0,5.0,0.0,0.0
2018-09-20,306.0,161.0,0.0,0.0,0.0
2018-09-21,322.0,161.0,0.0,0.0,0.0
2018-09-22,322.0,156.0,0.0,0.0,0.0
2018-09-23,311.0,156.0,0.0,0.0,0.0
2018-09-24,306.0,156.0,0.0,0.0,0.0
2018-09-25,244.0,194.0,140.0,0.0,0.0
2018-09-26,278.0,189.0,5.0,0.0,0.0
2018-09-27,244.0,183.0,244.0,0.0,0.0
2018-09-28,256.0,178.0,178.0,0.0,0.0
2018-09-29,256.0,156.0,0.0,0.0,0.0
2018-09-30,272.0,156.0,0.0,0.0,0.0
2018-10-01,300.0,156.0,0.0,0.0,0.0
2018-10-02,283.0,156.0,0.0,0.0,0.0
2018-10-03,300.0,150.0,0.0,0.0,0.0
2018-10-04,283.0,156.0,0.0,0.0,0.0
2018-10-05,294.0,161.0,0.0,0.0,0.0
2018-10-06,306.0,156.0,0.0,0.0,0.0
2018-10-07,306.0,156.0,0.0,0.0,0.0
2018-10-08,311.0,161.0,0.0,0.0,0.0
2018-10-09,311.0,167.0,0.0,0.0,0.0
2018-10-10,289.0,167.0,13.0,0.0,0.0
2018-10-11,272.0,194.0,333.0,0.0,0.0
2018-10-12,228.0,72.0,0.0,0.0,0.0
2018-10-13,194.0,83.0,0.0,0.0,0.0
2018-10-14,183.0,89.0,0.0,0.0,0.0
2018-10-15,239.0,89.0,0.0,0.0,0.0
2018-10-16,256.0,150.0,5.0,0.0,0.0
2018-10-17,261.0,144.0,142.0,0.0,0.0
2018-10-18,217.0,56.0,0.0,0.0,0.0
2018-10-19,217.0,44.0,0.0,0.0,0.0
2018-10-20,211.0,50.0,81.0,0.0,0.0
2018-10-21,178.0,22.0,23.0,0.0,0.0
2018-10-22,144.0,-11.0,0.0,0.0,0.0
2018-10-23,183.0,-11.0,0.0,0.0,0.0
2018-10-24,183.0,-11.0,0.0,0.0,0.0
2018-10-25,200.0,33.0,0.0,0.0,0.0
2018-10-26,200.0,-11.0,254.0,0.0,0.0
2018-10-27,139.0,67.0,51.0,0.0,0.0
2018-10-28,100.0,28.0,0.0,0.0,0.0
2018-10-29,200.0,28.0,0.0,0.0,0.0
2018-10-30,172.0,-6.0,0.0,0.0,0.0
2018-10-31,228.0,-6.0,0.0,0.0,0.0
2018-11-01,228.0,-6.0,0.0,0.0,0.0
2018-11-02,228.0,-11.0,102.0,0.0,0.0
2018-11-03,139.0,17.0,0.0,0.0,0.0
2018-11-04,156.0,-11.0,0.0,0.0,0.0
2018-11-05,172.0,0.0,132.0,0.0,0.0
2018-11-06,228.0,0.0,165.0,0.0,0.0
2018-11-07,200.0,33.0,5.0,0.0,0.0
2018-11-08,206.0,33.0,0.0,0.0,0.0
2018-11-09,206.0,33.0,41.0,0.0,0.0
2018-11-10,206.0,-11.0,91.0,0.0,0.0
2018-11-11,206.0,-50.0,0.0,0.0,0.0
2018-11-12,133.0,-44.0,33.0,0.0,0.0
2018-11-13,111.0,39.0,635.0,0.0,0.0
2018-11-14,94.0,44.0,0.0,0.0,0.0
2018-11-15,100.0,50.0,188.0,0.0,0.0
2018-11-16,94.0,-28.0,0.0,0.0,0.0
2018-11-17,117.0,-28.0,0.0,0.0,0.0
2018-11-18,167.0,-28.0,0.0,0.0,0.0
2018-11-19,161.0,-17.0,0.0,0.0,0.0
2018-11-20,189.0,11.0,43.0,0.0,0.0
2018-11-21,106.0,-28.0,0.0,0.0,0.0
2018-11-22,117.0,-44.0,0.0,0.0,0.0
2018-11-23,172.0,-44.0,0.0,0.0,0.0
2018-11-24,89.0,39.0,122.0,0.0,0.0
2018-11-25,111.0,39.0,0.0,0.0,0.0
2018-11-26,194.0,28.0,28.0,0.0,0.0
2018-11-27,61.0,-28.0,0.0,0.0,0.0
2018-11-28,28.0,-67.0,0.0,0.0,0.0
2018-11-29,33.0,-67.0,0.0,0.0,0.0
2018-11-30,61.0,-11.0,76.0,0.0,0.0
2018-12-01,122.0,61.0,160.0,0.0,0.0
2018-12-02,150.0,61.0,381.0,0.0,0.0
2018-12-03,200.0,11.0,0.0,0.0,0.0
2018-12-04,144.0,-6.0,0.0,0.0,0.0
2018-12-05,61.0,-22.0,0.0,0.0,0.0
2018-12-06,17.0,-83.0,0.0,0.0,0.0
2018-12-07,61.0,-83.0,0.0,0.0,0.0
2018-12-08,78.0,6.0,20.0,0.0,0.0
2018-12-09,61.0,28.0,549.0,0.0,0.0
2018-12-10,61.0,11.0,33.0,0.0,0.0
2018-12-11,39.0,11.0,0.0,0.0,0.0
2018-12-12,89.0,-56.0,0.0,0.0,0.0
2018-12-13,78.0,-33.0,0.0,0.0,0.0
2018-12-14,133.0,-33.0,51.0,0.0,0.0
2018-12-15,139.0,100.0,86.0,0.0,0.0
2018-12-16,128.0,33.0,25.0,0.0,0.0
2018-12-17,128.0,28.0,0.0,0.0,0.0
2018-12-18,133.0,-33.0,0.0,0.0,0.0
2018-12-19,150.0,-33.0,0.0,0.0,0.0
2018-12-20,133.0,-17.0,36.0,0.0,0.0
2018-12-21,133.0,-17.0,272.0,0.0,0.0
2018-12-22,61.0,-6.0,140.0,0.0,0.0
2018-12-23,78.0,-44.0,0.0,0.0,0.0
2018-12-24,72.0,-44.0,38.0,0.0,0.0
2018-12-25,89.0,-39.0,0.0,0.0,0.0
2018-12-26,111.0,-17.0,0.0,0.0,0.0
2018-12-27,150.0,61.0,0.0,0.0,0.0
2018-12-28,122.0,78.0,572.0,0.0,0.0
2018-12-29,150.0,72.0,135.0,0.0,0.0
2018-12-30,150.0,56.0,25.0,0.0,0.0
2018-12-31,156.0,56.0,10.0,0.0,0.0
2019-01-01,200.0,100.0,124.0,0.0,0.0
2019-01-02,139.0,61.0,5.0,0.0,0.0
2019-01-03,100.0,61.0,178.0,0.0,0.0
2019-01-04,122.0,78.0,109.0,0.0,0.0
2019-01-05,167.0,44.0,10.0,0.0,0.0
2019-01-06,122.0,-22.0,0.0,0.0,0.0
2019-01-07,194.0,-22.0,0.0,0.0,0.0
2019-01-08,194.0,-22.0,13.0,0.0,0.0
2019-01-09,167.0,22.0,0.0,0.0,0.0
2019-01-10,167.0,-44.0,0.0,0.0,0.0
2019-01-11,44.0,-78.0,0.0,0.0,0.0
2019-01-12,117.0,-78.0,0.0,0.0,0.0
2019-01-13,61.0,33.0,211.0,0.0,0.0
2019-01-14,67.0,28.0,15.0,0.0,0.0
2019-01-15,44.0,0.0,0.0,0.0,0.0
2019-01-16,50.0,-33.0,0.0,0.0,0.0
2019-01-17,78.0,-22.0,0.0,0.0,0.0
2019-01-18,78.0,-28.0,122.0,0.0,0.0
2019-01-19,111.0,33.0,5.0,0.0,0.0
2019-01-20,128.0,-33.0,251.0,0.0,0.0
2019-01-21,122.0,-39.0,0.0,0.0,0.0
2019-01-22,33.0,-106.0,0.0,0.0,0.0
2019-01-23,133.0,33.0,0.0,0.0,0.0
2019-01-24,128.0,6.0,274.0,0.0,0.0
2019-01-25,128.0,-67.0,0.0,0.0,0.0
2019-01-26,128.0,-89.0,0.0,0.0,0.0
2019-01-27,128.0,-89.0,0.0,0.0,0.0
2019-01-28,83.0,-56.0,0.0,0.0,0.0
2019-01-29,122.0,-56.0,33.0,0.0,0.0
2019-01-30,22.0,-106.0,127.0,0.0,0.0
2019-01-31,22.0,-106.0,0.0,0.0,0.0
2019-02-01,67.0,-89.0,0.0,0.0,0.0
2019-02-02,89.0,-44.0,0.0,0.0,0.0
2019-02-03,189.0,-11.0,0.0,0.0,0.0
2019-02-04,150.0,-6.0,10.0,0.0,0.0
2019-02-05,178.0,0.0,0.0,0.0,0.0
2019-02-06,217.0,72.0,20.0,0.0,0.0
2019-02-07,244.0,72.0,0.0,0.0,0.0
2019-02-08,233.0,56.0,46.0,0.0,0.0
2019-02-09,83.0,-17.0,0.0,0.0,0.0
2019-02-10,133.0,-17.0,0.0,0.0,0.0
2019-02-11,72.0,22.0,107.0,0.0,0.0
2019-02-12,150.0,72.0,234.0,0.0,0.0
2019-02-13,167.0,-11.0,284.0,0.0,0.0
2019-02-14,167.0,-44.0,0.0,0.0,0.0
2019-02-15,172.0,-39.0,0.0,0.0,0.0
2019-02-16,172.0,-39.0,272.0,0.0,0.0
2019-02-17,122.0,56.0,38.0,0.0,0.0
2019-02-18,106.0,44.0,386.0,0.0,0.0
2019-02-19,122.0,6.0,0.0,0.0,0.0
2019-02-20,122.0,6.0,0.0,0.0,0.0
2019-02-21,122.0,6.0,462.0,0.0,0.0
2019-02-22,144.0,6.0,249.0,0.0,0.0
2019-02-23,144.0,6.0,241.0,0.0,0.0
2019-02-24,139.0,100.0,147.0,0.0,0.0
2019-02-25,150.0,0.0,0.0,0.0,0.0
2019-02-26,150.0,-11.0,0.0,0.0,0.0
2019-02-27,189.0,-11.0,13.0,0.0,0.0
2019-02-28,194.0,78.0,0.0,0.0,0.0
2019-03-01,194.0,78.0,99.0,0.0,0.0
2019-03-02,161.0,61.0,71.0,0.0,0.0
2019-03-03,183.0,50.0,0.0,0.0,0.0
2019-03-04,183.0,0.0,277.0,0.0,0.0
2019-03-05,28.0,-61.0,0.0,0.0,0.0
2019-03-06,33.0,-67.0,0.0,0.0,0.0
2019-03-07,44.0,-67.0,0.0,0.0,0.0
2019-03-08,,,,0.0,0.0
2019-03-09,128.0,-67.0,,0.0,0.0
2019-03-10,161.0,83.0,114.0,0.0,0.0
2019-03-11,,,,0.0,0.0
2019-03-12,222.0,17.0,,0.0,0.0
2019-03-13,194.0,22.0,0.0,0.0,0.0
2019-03-14,200.0,133.0,0.0,0.0,0.0
2019-03-15,194.0,139.0,244.0,0.0,0.0
2019-03-16,183.0,22.0,71.0,0.0,0.0
2019-03-17,122.0,-28.0,0.0,0.0,0.0
2019-03-18,156.0,-33.0,0.0,0.0,0.0
2019-03-19,117.0,-50.0,0.0,0.0,0.0
2019-03-20,139.0,-50.0,0.0,0.0,0.0
2019-03-21,178.0,-44.0,0.0,0.0,0.0
2019-03-22,172.0,-44.0,0.0,0.0,0.0
2019-03-23,172.0,-44.0,0.0,0.0,0.0
2019-03-24,189.0,-17.0,0.0,0.0,0.0
2019-03-25,222.0,-11.0,25.0,0.0,0.0
2019-03-26,133.0,56.0,185.0,0.0,0.0
2019-03-27,150.0,56.0,0.0,0.0,0.0
2019-03-28,189.0,-6.0,0.0,0.0,0.0
2019-03-29,211.0,-6.0,0.0,0.0,0.0
2019-03-30,228.0,6.0,0.0,0.0,0.0
2019-03-31,239.0,44.0,81.0,0.0,0.0
2019-04-01,106.0,-22.0,0.0,0.0,0.0
2019-04-02,172.0,-22.0,0.0,0.0,0.0
2019-04-03,172.0,-22.0,0.0,0.0,0.0
2019-04-04,,,,0.0,0.0
2019-04-05,228.0,-17.0,,0.0,0.0
2019-04-06,206.0,78.0,0.0,0.0,0.0
2019-04-07,261.0,100.0,79.0,0.0,0.0
2019-04-08,261.0,117.0,18.0,0.0,0.0
2019-04-09,217.0,133.0,307.0,0.0,0.0
2019-04-10,244.0,89.0,18.0,0.0,0.0
2019-04-11,289.0,89.0,0.0,0.0,0.0
2019-04-12,267.0,106.0,0.0,0.0,0.0
2019-04-13,261.0,133.0,18.0,0.0,0.0
2019-04-14,278.0,139.0,33.0,0.0,0.0
2019-04-15,244.0,44.0,208.0,0.0,0.0
2019-04-16,156.0,6.0,0.0,0.0,0.0
2019-04-17,261.0,44.0,0.0,0.0,0.0
2019-04-18,272.0,44.0,0.0,0.0,0.0
2019-04-19,256.0,122.0,533.0,0.0,0.0
2019-04-20,189.0,39.0,305.0,0.0,0.0
2019-04-21,78.0,44.0,33.0,0.0,0.0
2019-04-22,194.0,28.0,0.0,0.0,0.0
2019-04-23,272.0,28.0,0.0,0.0,0.0
2019-04-24,278.0,89.0,0.0,0.0,0.0
2019-04-25,283.0,94.0,0.0,0.0,0.0
2019-04-26,283.0,94.0,13.0,0.0,0.0
2019-04-27,200.0,28.0,0.0,0.0,0.0
2019-04-28,256.0,28.0,0.0,0.0,0.0
2019-04-29,256.0,72.0,0.0,0.0,0.0
2019-04-30,289.0,94.0,0.0,0.0,0.0
2019-05-01,306.0,122.0,0.0,0.0,0.0
2019-05-02,306.0,122.0,0.0,0.0,0.0
2019-05-03,289.0,117.0,0.0,0.0,0.0
2019-05-04,289.0,117.0,0.0,0.0,0.0
2019-05-05,233.0,156.0,429.0,0.0,0.0
2019-05-06,,,,0.0,0.0
2019-05-07,250.0,100.0,0.0,0.0,0.0
2019-05-08,283.0,117.0,0.0,0.0,0.0
2019-05-09,283.0,122.0,0.0,0.0,0.0
2019-05-10,283.0,122.0,8.0,0.0,0.0
2019-05-11,283.0,172.0,130.0,0.0,0.0
2019-05-12,233.0,172.0,434.0,0.0,0.0
2019-05-13,217.0,117.0,132.0,0.0,0.0
2019-05-14,189.0,50.0,0.0,0.0,0.0
2019-05-15,206.0,50.0,0.0,0.0,0.0
2019-05-16,206.0,100.0,0.0,0.0,0.0
2019-05-17,267.0,117.0,48.0,0.0,0.0
2019-05-18,289.0,128.0,0.0,0.0,0.0
2019-05-19,306.0,139.0,0.0,0.0,0.0
2019-05-20,294.0,150.0,3.0,0.0,0.0
2019-05-21,278.0,100.0,0.0,0.0,0.0
2019-05-22,311.0,117.0,0.0,0.0,0.0
2019-05-23,311.0,161.0,0.0,0.0,0.0
2019-05-24,311.0,156.0,0.0,0.0,0.0
2019-05-25,311.0,161.0,0.0,0.0,0.0
2019-05-26,317.0,156.0,0.0,0.0,0.0
2019-05-27,322.0,139.0,0.0,0.0,0.0
2019-05-28,306.0,156.0,0.0,0.0,0.0
2019-05-29,311.0,144.0,0.0,0.0,0.0
2019-05-30,317.0,156.0,0.0,0.0,0.0
2019-05-31,294.0,167.0,0.0,0.0,0.0
2019-06-01,267.0,111.0,0.0,0.0,0.0
2019-06-02,278.0,111.0,0.0,0.0,0.0
2019-06-03,294.0,122.0,0.0,0.0,0.0
2019-06-04,283.0,117.0,0.0,0.0,0.0
2019-06-05,294.0,139.0,0.0,0.0,0.0
2019-06-06,239.0,167.0,165.0,0.0,0.0
2019-06-07,222.0,189.0,114.0,0.0,0.0
2019-06-08,278.0,172.0,284.0,0.0,0.0
2019-06-09,244.0,189.0,262.0,0.0,0.0
2019-06-10,256.0,183.0,119.0,0.0,0.0
2019-06-11,283.0,144.0,10.0,0.0,0.0
2019-06-12,,,0.0,0.0,0.0
2019-06-13,261.0,150.0,0.0,0.0,0.0
2019-06-14,239.0,67.0,0.0,0.0,0.0
2019-06-15,272.0,67.0,0.0,0.0,0.0
2019-06-16,289.0,144.0,0.0,0.0,0.0
2019-06-17,317.0,144.0,0.0,0.0,0.0
2019-06-18,311.0,189.0,53.0,0.0,0.0
2019-06-19,311.0,189.0,140.0,0.0,0.0
2019-06-20,311.0,183.0,38.0,0.0,0.0
2019-06-21,311.0,156.0,5.0,0.0,0.0
2019-06-22,289.0,172.0,99.0,0.0,0.0
2019-06-23,289.0,183.0,23.0,0.0,0.0
2019-06-24,294.0,183.0,23.0,0.0,0.0
2019-06-25,294.0,161.0,8.0,0.0,0.0
2019-06-26,289.0,150.0,0.0,0.0,0.0
2019-06-27,300.0,156.0,0.0,0.0,0.0
2019-06-28,317.0,161.0,0.0,0.0,0.0
2019-06-29,317.0,161.0,0.0,0.0,0.0
2019-06-30,317.0,161.0,0.0,0.0,0.0
2019-07-01,322.0,167.0,0.0,0.0,0.0
2019-07-02,322.0,172.0,0.0,0.0,0.0
2019-07-03,328.0,172.0,0.0,0.0,0.0
2019-07-04,322.0,167.0,0.0,0.0,0.0
2019-07-05,322.0,183.0,0.0,0.0,0.0
2019-07-06,333.0,183.0,295.0,0.0,0.0
2019-07-07,322.0,189.0,0.0,0.0,0.0
2019-07-08,317.0,189.0,368.0,0.0,0.0
2019-07-09,322.0,189.0,3.0,0.0,0.0
2019-07-10,317.0,200.0,0.0,0.0,0.0
2019-07-11,322.0,206.0,0.0,0.0,0.0
2019-07-12,278.0,194.0,0.0,0.0,0.0
2019-07-13,278.0,211.0,191.0,0.0,0.0
2019-07-14,289.0,200.0,38.0,0.0,0.0
2019-07-15,267.0,189.0,5.0,0.0,0.0
2019-07-16,300.0,178.0,0.0,0.0,0.0
2019-07-17,322.0,178.0,0.0,0.0,0.0
2019-07-18,278.0,194.0,102.0,0.0,0.0
2019-07-19,300.0,194.0,15.0,0.0,0.0
2019-07-20,317.0,194.0,15.0,0.0,0.0
2019-07-21,300.0,206.0,58.0,0.0,0.0
2019-07-22,317.0,200.0,0.0,0.0,0.0
2019-07-23,294.0,206.0,315.0,0.0,0.0
2019-07-24,244.0,122.0,43.0,0.0,0.0
2019-07-25,261.0,122.0,0.0,0.0,0.0
2019-07-26,283.0,133.0,0.0,0.0,0.0
2019-07-27,294.0,139.0,0.0,0.0,0.0
2019-07-28,300.0,161.0,0.0,0.0,0.0
2019-07-29,294.0,156.0,0.0,0.0,0.0
2019-07-30,306.0,167.0,0.0,0.0,0.0
2019-07-31,283.0,172.0,8.0,0.0,0.0
2019-08-01,306.0,172.0,0.0,0.0,0.0
2019-08-02,306.0,183.0,0.0,0.0,0.0
2019-08-03,300.0,167.0,94.0,0.0,0.0
2019-08-04,300.0,172.0,0.0,0.0,0.0
2019-08-05,283.0,178.0,13.0,0.0,0.0
2019-08-06,300.0,172.0,0.0,0.0,0.0
2019-08-07,294.0,161.0,0.0,0.0,0.0
2019-08-08,306.0,172.0,0.0,0.0,0.0
2019-08-09,306.0,178.0,0.0,0.0,0.0
2019-08-10,311.0,189.0,0.0,0.0,0.0
2019-08-11,317.0,183.0,0.0,0.0,0.0
2019-08-12,328.0,183.0,0.0,0.0,0.0
2019-08-13,328.0,183.0,0.0,0.0,0.0
2019-08-14,339.0,206.0,117.0,0.0,0.0
2019-08-15,311.0,206.0,0.0,0.0,0.0
2019-08-16,311.0,144.0,0.0,0.0,0.0
2019-08-17,311.0,144.0,0.0,0.0,0.0
2019-08-18,322.0,156.0,0.0,0.0,0.0
2019-08-19,333.0,178.0,0.0,0.0,0.0
2019-08-20,328.0,172.0,3.0,0.0,0.0
2019-08-21,328.0,194.0,30.0,0.0,0.0
2019-08-22,317.0,189.0,0.0,0.0,0.0
2019-08-23,322.0,189.0,41.0,0.0,0.0
2019-08-24,300.0,189.0,28.0,0.0,0.0
2019-08-25,300.0,189.0,8.0,0.0,0.0
2019-08-26,250.0,194.0,0.0,0.0,0.0
2019-08-27,250.0,189.0,61.0,0.0,0.0
2019-08-28,289.0,194.0,13.0,0.0,0.0
2019-08-29,289.0,128.0,0.0,0.0,0.0
2019-08-30,289.0,117.0,0.0,0.0,0.0
2019-08-31,311.0,117.0,0.0,0.0,0.0
2019-09-01,322.0,128.0,0.0,0.0,0.0
2019-09-02,317.0,133.0,0.0,0.0,0.0
2019-09-03,317.0,139.0,0.0,0.0,0.0
2019-09-04,328.0,144.0,0.0,0.0,0.0
2019-09-05,278.0,150.0,0.0,0.0,0.0
2019-09-06,333.0,117.0,0.0,0.0,0.0
2019-09-07,333.0,117.0,0.0,0.0,0.0
2019-09-08,306.0,100.0,0.0,0.0,0.0
2019-09-09,317.0,100.0,0.0,0.0,0.0
2019-09-10,344.0,100.0,0.0,0.0,0.0
2019-09-11,339.0,150.0,0.0,0.0,0.0
2019-09-12,339.0,150.0,0.0,0.0,0.0
2019-09-13,350.0,150.0,69.0,0.0,0.0
2019-09-14,339.0,167.0,41.0,0.0,0.0
2019-09-15,300.0,183.0,0.0,0.0,0.0
2019-09-16,328.0,139.0,0.0,0.0,0.0
2019-09-17,328.0,139.0,0.0,0.0,0.0
2019-09-18,328.0,150.0,0.0,0.0,0.0
2019-09-19,289.0,178.0,0.0,0.0,0.0
2019-09-20,272.0,117.0,0.0,0.0,0.0
2019-09-21,294.0,111.0,0.0,0.0,0.0
2019-09-22,311.0,106.0,0.0,0.0,0.0
2019-09-23,306.0,100.0,0.0,0.0,0.0
2019-09-24,306.0,100.0,0.0,0.0,0.0
2019-09-25,294.0,89.0,0.0,0.0,0.0
2019-09-26,311.0,89.0,15.0,0.0,0.0
2019-09-27,311.0,133.0,3.0,0.0,0.0
2019-09-28,328.0,161.0,0.0,0.0,0.0
2019-09-29,317.0,167.0,3.0,0.0,0.0
2019-09-30,333.0,167.0,0.0,0.0,0.0
2019-10-01,333.0,161.0,3.0,0.0,0.0
2019-10-02,333.0,167.0,0.0,0.0,0.0
2019-10-03,339.0,144.0,0.0,0.0,0.0
2019-10-04,339.0,122.0,0.0,0.0,0.0
2019-10-05,339.0,122.0,0.0,0.0,0.0
2019-10-06,222.0,122.0,0.0,0.0,0.0
2019-10-07,233.0,172.0,0.0,0.0,0.0
2019-10-08,244.0,156.0,0.0,0.0,0.0
2019-10-09,256.0,144.0,0.0,0.0,0.0
2019-10-10,261.0,100.0,0.0,0.0,0.0
2019-10-11,272.0,89.0,0.0,0.0,0.0
2019-10-12,267.0,89.0,0.0,0.0,0.0
2019-10-13,228.0,128.0,0.0,0.0,0.0
2019-10-14,222.0,72.0,0.0,0.0,0.0
2019-10-15,244.0,50.0,0.0,0.0,0.0
2019-10-16,244.0,50.0,58.0,0.0,0.0
2019-10-17,172.0,17.0,25.0,0.0,0.0
2019-10-18,161.0,-11.0,0.0,0.0,0.0
2019-10-19,206.0,-11.0,0.0,0.0,0.0
2019-10-20,161.0,106.0,404.0,0.0,0.0
2019-10-21,233.0,111.0,5.0,0.0,0.0
2019-10-22,228.0,111.0,41.0,0.0,0.0
2019-10-23,200.0,6.0,5.0,0.0,0.0
2019-10-24,200.0,-6.0,0.0,0.0,0.0
2019-10-25,222.0,-6.0,0.0,0.0,0.0
2019-10-26,178.0,100.0,434.0,0.0,0.0
2019-10-27,206.0,117.0,432.0,0.0,0.0
2019-10-28,211.0,89.0,0.0,0.0,0.0
2019-10-29,267.0,67.0,0.0,0.0,0.0
2019-10-30,256.0,67.0,38.0,0.0,0.0
2019-10-31,183.0,167.0,427.0,0.0,0.0
2019-11-01,211.0,-17.0,165.0,0.0,0.0
2019-11-02,122.0,-11.0,0.0,0.0,0.0
2019-11-03,133.0,-33.0,0.0,0.0,0.0
2019-11-04,156.0,-28.0,0.0,0.0,0.0
2019-11-05,144.0,-11.0,0.0,0.0,0.0
2019-11-06,194.0,22.0,0.0,0.0,0.0
2019-11-07,244.0,28.0,0.0,0.0,0.0
2019-11-08,172.0,17.0,112.0,0.0,0.0
2019-11-09,172.0,-50.0,0.0,0.0,0.0
2019-11-10,133.0,-44.0,0.0,0.0,0.0
2019-11-11,200.0,-44.0,0.0,0.0,0.0
2019-11-12,183.0,0.0,163.0,0.0,0.0
2019-11-13,28.0,-94.0,0.0,0.0,0.0
2019-11-14,106.0,-94.0,0.0,0.0,0.0
2019-11-15,111.0,-28.0,0.0,0.0,0.0
2019-11-16,139.0,-33.0,0.0,0.0,0.0
2019-11-17,150.0,-28.0,0.0,0.0,0.0
2019-11-18,189.0,0.0,0.0,0.0,0.0
2019-11-19,156.0,17.0,0.0,0.0,0.0
2019-11-20,122.0,17.0,0.0,0.0,0.0
2019-11-21,156.0,0.0,0.0,0.0,0.0
2019-11-22,200.0,11.0,8.0,0.0,0.0
2019-11-23,133.0,67.0,79.0,0.0,0.0
2019-11-24,178.0,33.0,142.0,0.0,0.0
2019-11-25,83.0,-17.0,0.0,0.0,0.0
2019-11-26,156.0,-28.0,0.0,0.0,0.0
2019-11-27,167.0,-17.0,163.0,0.0,0.0
2019-11-28,194.0,-22.0,0.0,0.0,0.0
2019-11-29,144.0,-17.0,0.0,0.0,0.0
2019-11-30,150.0,78.0,5.0,0.0,0.0
2019-12-01,167.0,100.0,305.0,0.0,0.0
2019-12-02,161.0,6.0,8.0,0.0,0.0
2019-12-03,28.0,0.0,0.0,0.0,0.0
2019-12-04,67.0,-50.0,0.0,0.0,0.0
2019-12-05,122.0,-50.0,0.0,0.0,0.0
2019-12-06,167.0,-28.0,0.0,0.0,0.0
2019-12-07,139.0,-6.0,3.0,0.0,0.0
2019-12-08,167.0,-6.0,0.0,0.0,0.0
2019-12-09,133.0,56.0,48.0,0.0,0.0
2019-12-10,139.0,83.0,196.0,0.0,0.0
2019-12-11,139.0,-22.0,81.0,0.0,0.0
2019-12-12,94.0,-61.0,0.0,0.0,0.0
2019-12-13,106.0,-61.0,33.0,0.0,0.0
2019-12-14,106.0,56.0,89.0,0.0,0.0
2019-12-15,83.0,17.0,0.0,0.0,0.0
2019-12-16,150.0,44.0,0.0,0.0,0.0
2019-12-17,178.0,111.0,594.0,0.0,0.0
2019-12-18,156.0,-39.0,0.0,0.0,0.0
2019-12-19,67.0,-56.0,0.0,0.0,0.0
2019-12-20,117.0,-61.0,0.0,0.0,0.0
2019-12-21,133.0,-61.0,0.0,0.0,0.0
2019-12-22,133.0,-61.0,0.0,0.0,0.0
2019-12-23,111.0,44.0,267.0,0.0,0.0
2019-12-24,172.0,61.0,25.0,0.0,0.0
2019-12-25,194.0,6.0,0.0,0.0,0.0
2019-12-26,194.0,-11.0,0.0,0.0,0.0
2019-12-27,194.0,-11.0,0.0,0.0,0.0
2019-12-28,161.0,17.0,0.0,0.0,0.0
2019-12-29,206.0,44.0,8.0,0.0,0.0
2019-12-30,200.0,72.0,56.0,0.0,0.0
2019-12-31,200.0,-22.0,0.0,0.0,0.0
2020-01-01,89.0,-44.0,0.0,0.0,0.0
2020-01-02,111.0,-44.0,0.0,0.0,0.0
2020-01-03,156.0,-44.0,394.0,0.0,0.0
2020-01-04,150.0,89.0,191.0,0.0,0.0
2020-01-05,100.0,-17.0,0.0,0.0,0.0
2020-01-06,89.0,-50.0,0.0,0.0,0.0
2020-01-07,139.0,-44.0,69.0,0.0,0.0
2020-01-08,100.0,-56.0,10.0,0.0,0.0
2020-01-09,133.0,-56.0,0.0,0.0,0.0
2020-01-10,150.0,-44.0,0.0,0.0,0.0
2020-01-11,189.0,122.0,5.0,0.0,0.0
2020-01-12,206.0,50.0,257.0,0.0,0.0
2020-01-13,200.0,50.0,0.0,0.0,0.0
2020-01-14,156.0,78.0,226.0,0.0,0.0
2020-01-15,183.0,111.0,0.0,0.0,0.0
2020-01-16,183.0,94.0,51.0,0.0,0.0
2020-01-17,144.0,-22.0,0.0,0.0,0.0
2020-01-18,94.0,0.0,0.0,0.0,0.0
2020-01-19,83.0,-6.0,206.0,0.0,0.0
2020-01-20,44.0,-72.0,0.0,0.0,0.0
2020-01-21,0.0,-72.0,0.0,0.0,0.0
2020-01-22,22.0,-100.0,0.0,0.0,0.0
2020-01-23,111.0,-100.0,0.0,0.0,0.0
2020-01-24,111.0,50.0,196.0,0.0,0.0
2020-01-25,111.0,17.0,30.0,0.0,0.0
2020-01-26,50.0,-44.0,0.0,0.0,0.0
2020-01-27,78.0,-44.0,0.0,0.0,0.0
2020-01-28,78.0,-44.0,0.0,0.0,0.0
2020-01-29,128.0,-44.0,46.0,0.0,0.0
2020-01-30,128.0,-44.0,0.0,0.0,0.0
2020-01-31,133.0,22.0,0.0,0.0,0.0
2020-02-01,67.0,-6.0,10.0,0.0,0.0
2020-02-02,67.0,-17.0,13.0,0.0,0.0
2020-02-03,172.0,-22.0,0.0,0.0,0.0
2020-02-04,233.0,-17.0,5.0,0.0,0.0
2020-02-05,150.0,83.0,84.0,0.0,0.0
2020-02-06,172.0,83.0,686.0,0.0,0.0
2020-02-07,156.0,-6.0,361.0,0.0,0.0
2020-02-08,6.0,-50.0,0.0,0.0,0.0
2020-02-09,11.0,-39.0,91.0,102.0,89.0
2020-02-10,150.0,-44.0,13.0,0.0,0.0
2020-02-11,133.0,44.0,625.0,0.0,0.0
2020-02-12,200.0,50.0,15.0,0.0,0.0
2020-02-13,183.0,89.0,284.0,0.0,0.0
2020-02-14,183.0,-22.0,0.0,0.0,0.0
2020-02-15,183.0,-72.0,0.0,0.0,0.0
2020-02-16,117.0,-56.0,0.0,0.0,0.0
2020-02-17,133.0,-6.0,0.0,0.0,0.0
2020-02-18,200.0,0.0,0.0,0.0,0.0
2020-02-19,144.0,67.0,216.0,0.0,0.0
2020-02-20,100.0,28.0,25.0,0.0,0.0
2020-02-21,94.0,-28.0,86.0,0.0,0.0
2020-02-22,72.0,-67.0,0.0,0.0,0.0
2020-02-23,150.0,-67.0,0.0,0.0,0.0
2020-02-24,117.0,-33.0,0.0,0.0,0.0
2020-02-25,94.0,33.0,264.0,0.0,0.0
2020-02-26,161.0,44.0,0.0,0.0,0.0
2020-02-27,161.0,-28.0,0.0,0.0,0.0
2020-02-28,56.0,-50.0,0.0,0.0,0.0
2020-02-29,22.0,-22.0,13.0,0.0,0.0
2020-03-01,78.0,-72.0,0.0,0.0,0.0
2020-03-02,167.0,-67.0,0.0,0.0,0.0
2020-03-03,,,,0.0,0.0
2020-03-04,200.0,61.0,157.0,0.0,0.0
2020-03-05,,,,0.0,0.0
2020-03-06,139.0,33.0,30.0,0.0,0.0
2020-03-07,72.0,-39.0,0.0,0.0,0.0
2020-03-08,139.0,-39.0,0.0,0.0,0.0
2020-03-09,194.0,-44.0,0.0,0.0,0.0
2020-03-10,194.0,-33.0,0.0,0.0,0.0
2020-03-11,144.0,106.0,130.0,0.0,0.0
2020-03-12,194.0,94.0,0.0,0.0,0.0
2020-03-13,189.0,100.0,51.0,0.0,0.0
2020-03-14,194.0,89.0,124.0,0.0,0.0
2020-03-15,172.0,117.0,51.0,0.0,0.0
2020-03-16,161.0,89.0,0.0,0.0,0.0
2020-03-17,156.0,89.0,241.0,0.0,0.0
2020-03-18,194.0,78.0,74.0,0.0,0.0
2020-03-19,200.0,89.0,0.0,0.0,0.0
2020-03-20,256.0,122.0,0.0,0.0,0.0
2020-03-21,211.0,128.0,79.0,0.0,0.0
2020-03-22,172.0,44.0,0.0,0.0,0.0
2020-03-23,189.0,56.0,163.0,0.0,0.0
2020-03-24,122.0,89.0,155.0,0.0,0.0
2020-03-25,144.0,106.0,422.0,0.0,0.0
2020-03-26,200.0,28.0,0.0,0.0,0.0
2020-03-27,244.0,33.0,0.0,0.0,0.0
2020-03-28,283.0,72.0,0.0,0.0,0.0
2020-03-29,267.0,100.0,30.0,0.0,0.0
2020-03-30,267.0,72.0,0.0,0.0,0.0
2020-03-31,211.0,72.0,0.0,0.0,0.0
2020-04-01,150.0,33.0,94.0,0.0,0.0
2020-04-02,150.0,-22.0,0.0,0.0,0.0
2020-04-03,178.0,-6.0,0.0,0.0,0.0
2020-04-04,239.0,-6.0,0.0,0.0,0.0
2020-04-05,250.0,67.0,0.0,0.0,0.0
2020-04-06,261.0,61.0,0.0,0.0,0.0
2020-04-07,267.0,61.0,0.0,0.0,0.0
2020-04-08,250.0,61.0,8.0,0.0,0.0
2020-04-09,261.0,111.0,56.0,0.0,0.0
2020-04-10,211.0,56.0,0.0,0.0,0.0
2020-04-11,128.0,-33.0,0.0,0.0,0.0
2020-04-12,233.0,28.0,0.0,0.0,0.0
2020-04-13,189.0,83.0,792.0,0.0,0.0
2020-04-14,189.0,50.0,3.0,0.0,0.0
2020-04-15,178.0,6.0,0.0,0.0,0.0
2020-04-16,150.0,-28.0,0.0,0.0,0.0
2020-04-17,183.0,-22.0,0.0,0.0,0.0
2020-04-18,233.0,-22.0,69.0,0.0,0.0
2020-04-19,172.0,0.0,3.0,0.0,0.0
2020-04-20,206.0,17.0,257.0,0.0,0.0
2020-04-21,194.0,39.0,13.0,0.0,0.0
2020-04-22,206.0,17.0,0.0,0.0,0.0
2020-04-23,222.0,28.0,269.0,0.0,0.0
2020-04-24,150.0,106.0,38.0,0.0,0.0
2020-04-25,178.0,72.0,0.0,0.0,0.0
2020-04-26,228.0,94.0,0.0,0.0,0.0
2020-04-27,228.0,17.0,0.0,0.0,0.0
2020-04-28,200.0,28.0,0.0,0.0,0.0
2020-04-29,261.0,50.0,51.0,0.0,0.0
2020-04-30,206.0,94.0,170.0,0.0,0.0
2020-05-01,139.0,72.0,0.0,0.0,0.0
2020-05-02,194.0,44.0,0.0,0.0,0.0
2020-05-03,289.0,61.0,0.0,0.0,0.0
2020-05-04,289.0,83.0,0.0,0.0,0.0
2020-05-05,278.0,144.0,259.0,0.0,0.0
2020-05-06,228.0,50.0,66.0,0.0,0.0
2020-05-07,228.0,6.0,10.0,0.0,0.0
2020-05-08,178.0,33.0,0.0,0.0,0.0
2020-05-09,111.0,0.0,104.0,0.0,0.0
2020-05-10,144.0,-22.0,0.0,0.0,0.0
2020-05-11,211.0,6.0,0.0,0.0,0.0
2020-05-12,161.0,11.0,0.0,0.0,0.0
2020-05-13,161.0,61.0,0.0,0.0,0.0
2020-05-14,217.0,94.0,0.0,0.0,0.0
2020-05-15,261.0,122.0,0.0,0.0,0.0
2020-05-16,272.0,94.0,0.0,0.0,0.0
2020-05-17,300.0,106.0,0.0,0.0,0.0
2020-05-18,283.0,128.0,64.0,0.0,0.0
2020-05-19,283.0,128.0,216.0,0.0,0.0
2020-05-20,217.0,128.0,0.0,0.0,0.0
2020-05-21,183.0,133.0,51.0,0.0,0.0
2020-05-22,222.0,133.0,0.0,0.0,0.0
2020-05-23,211.0,139.0,239.0,0.0,0.0
2020-05-24,283.0,161.0,25.0,0.0,0.0
2020-05-25,300.0,150.0,84.0,0.0,0.0
2020-05-26,283.0,167.0,46.0,0.0,0.0
2020-05-27,244.0,183.0,5.0,0.0,0.0
2020-05-28,233.0,178.0,10.0,0.0,0.0
2020-05-29,278.0,161.0,28.0,0.0,0.0
2020-05-30,294.0,156.0,0.0,0.0,0.0
2020-05-31,278.0,106.0,0.0,0.0,0.0
2020-06-01,267.0,111.0,0.0,0.0,0.0
2020-06-02,278.0,122.0,0.0,0.0,0.0
2020-06-03,283.0,122.0,0.0,0.0,0.0
2020-06-04,300.0,156.0,0.0,0.0,0.0
2020-06-05,300.0,156.0,0.0,0.0,0.0
2020-06-06,283.0,167.0,81.0,0.0,0.0
2020-06-07,311.0,167.0,0.0,0.0,0.0
2020-06-08,333.0,178.0,132.0,0.0,0.0
2020-06-09,300.0,183.0,0.0,0.0,0.0
2020-06-10,300.0,189.0,282.0,0.0,0.0
2020-06-11,283.0,172.0,175.0,0.0,0.0
2020-06-12,283.0,144.0,0.0,0.0,0.0
2020-06-13,283.0,122.0,0.0,0.0,0.0
2020-06-14,283.0,133.0,0.0,0.0,0.0
2020-06-15,278.0,133.0,145.0,0.0,0.0
2020-06-16,244.0,111.0,23.0,0.0,0.0
2020-06-17,217.0,117.0,0.0,0.0,0.0
2020-06-18,228.0,122.0,0.0,0.0,0.0
2020-06-19,250.0,128.0,0.0,0.0,0.0
2020-06-20,267.0,133.0,0.0,0.0,0.0
2020-06-21,294.0,139.0,0.0,0.0,0.0
2020-06-22,306.0,161.0,81.0,0.0,0.0
2020-06-23,256.0,161.0,99.0,0.0,0.0
2020-06-24,267.0,167.0,267.0,0.0,0.0
2020-06-25,261.0,178.0,13.0,0.0,0.0
2020-06-26,283.0,178.0,0.0,0.0,0.0
2020-06-27,256.0,183.0,38.0,0.0,0.0
2020-06-28,250.0,178.0,43.0,0.0,0.0
2020-06-29,289.0,183.0,51.0,0.0,0.0
2020-06-30,306.0,194.0,56.0,0.0,0.0
2020-07-01,306.0,189.0,0.0,0.0,0.0
2020-07-02,261.0,189.0,53.0,0.0,0.0
2020-07-03,306.0,178.0,25.0,0.0,0.0
2020-07-04,322.0,200.0,0.0,0.0,0.0
2020-07-05,311.0,183.0,13.0,0.0,0.0
2020-07-06,317.0,172.0,0.0,0.0,0.0
2020-07-07,300.0,194.0,25.0,0.0,0.0
2020-07-08,306.0,194.0,71.0,0.0,0.0
2020-07-09,306.0,194.0,0.0,0.0,0.0
2020-07-10,311.0,194.0,0.0,0.0,0.0
2020-07-11,317.0,167.0,0.0,0.0,0.0
2020-07-12,306.0,144.0,0.0,0.0,0.0
2020-07-13,289.0,150.0,0.0,0.0,0.0
2020-07-14,317.0,144.0,0.0,0.0,0.0
2020-07-15,322.0,161.0,0.0,0.0,0.0
2020-07-16,317.0,172.0,0.0,0.0,0.0
2020-07-17,328.0,172.0,0.0,0.0,0.0
2020-07-18,328.0,194.0,0.0,0.0,0.0
2020-07-19,328.0,194.0,58.0,0.0,0.0
2020-07-20,333.0,189.0,114.0,0.0,0.0
2020-07-21,328.0,194.0,0.0,0.0,0.0
2020-07-22,294.0,183.0,0.0,0.0,0.0
2020-07-23,311.0,189.0,0.0,0.0,0.0
2020-07-24,311.0,183.0,5.0,0.0,0.0
2020-07-25,306.0,189.0,8.0,0.0,0.0
2020-07-26,311.0,183.0,0.0,0.0,0.0
2020-07-27,317.0,189.0,5.0,0.0,0.0
2020-07-28,317.0,183.0,0.0,0.0,0.0
2020-07-29,311.0,194.0,0.0,0.0,0.0
2020-07-30,306.0,206.0,0.0,0.0,0.0
2020-07-31,283.0,206.0,97.0,0.0,0.0
2020-08-01,311.0,200.0,152.0,0.0,0.0
2020-08-02,311.0,178.0,0.0,0.0,0.0
2020-08-03,294.0,189.0,51.0,0.0,0.0
2020-08-04,267.0,183.0,18.0,0.0,0.0
2020-08-05,278.0,172.0,30.0,0.0,0.0
2020-08-06,239.0,167.0,25.0,0.0,0.0
2020-08-07,294.0,189.0,53.0,0.0,0.0
2020-08-08,311.0,189.0,0.0,0.0,0.0
2020-08-09,317.0,172.0,0.0,0.0,0.0
2020-08-10,322.0,178.0,0.0,0.0,0.0
2020-08-11,267.0,194.0,203.0,0.0,0.0
2020-08-12,317.0,206.0,0.0,0.0,0.0
2020-08-13,317.0,183.0,0.0,0.0,0.0
2020-08-14,311.0,189.0,0.0,0.0,0.0
2020-08-15,289.0,206.0,343.0,0.0,0.0
2020-08-16,278.0,178.0,0.0,0.0,0.0
2020-08-17,300.0,172.0,0.0,0.0,0.0
2020-08-18,289.0,133.0,213.0,0.0,0.0
2020-08-19,306.0,144.0,0.0,0.0,0.0
2020-08-20,294.0,167.0,20.0,0.0,0.0
2020-08-21,261.0,172.0,566.0,0.0,0.0
2020-08-22,272.0,172.0,71.0,0.0,0.0
2020-08-23,289.0,178.0,97.0,0.0,0.0
2020-08-24,289.0,183.0,142.0,0.0,0.0
2020-08-25,294.0,189.0,5.0,0.0,0.0
2020-08-26,272.0,189.0,13.0,0.0,0.0
2020-08-27,311.0,189.0,0.0,0.0,0.0
2020-08-28,306.0,189.0,0.0,0.0,0.0
2020-08-29,306.0,189.0,84.0,0.0,0.0
2020-08-30,283.0,200.0,5.0,0.0,0.0
2020-08-31,317.0,200.0,13.0,0.0,0.0
2020-09-01,300.0,206.0,13.0,0.0,0.0
2020-09-02,311.0,206.0,0.0,0.0,0.0
2020-09-03,311.0,189.0,0.0,0.0,0.0
2020-09-04,317.0,194.0,0.0,0.0,0.0
2020-09-05,306.0,156.0,0.0,0.0,0.0
2020-09-06,289.0,111.0,0.0,0.0,0.0
2020-09-07,294.0,122.0,0.0,0.0,0.0
2020-09-08,294.0,122.0,0.0,0.0,0.0
2020-09-09,306.0,122.0,0.0,0.0,0.0
2020-09-10,294.0,133.0,0.0,0.0,0.0
2020-09-11,306.0,178.0,0.0,0.0,0.0
2020-09-12,306.0,178.0,20.0,0.0,0.0
2020-09-13,283.0,183.0,64.0,0.0,0.0
2020-09-14,300.0,178.0,0.0,0.0,0.0
2020-09-15,306.0,167.0,216.0,0.0,0.0
2020-09-16,261.0,167.0,0.0,0.0,0.0
2020-09-17,244.0,183.0,244.0,0.0,0.0
2020-09-18,272.0,156.0,38.0,0.0,0.0
2020-09-19,256.0,144.0,0.0,0.0,0.0
2020-09-20,211.0,128.0,0.0,0.0,0.0
2020-09-21,244.0,50.0,0.0,0.0,0.0
2020-09-22,244.0,39.0,0.0,0.0,0.0
2020-09-23,217.0,111.0,0.0,0.0,0.0
2020-09-24,228.0,111.0,64.0,0.0,0.0
2020-09-25,183.0,144.0,381.0,0.0,0.0
2020-09-26,211.0,172.0,89.0,0.0,0.0
2020-09-27,233.0,150.0,0.0,0.0,0.0
2020-09-28,272.0,156.0,33.0,0.0,0.0
2020-09-29,272.0,122.0,109.0,0.0,0.0
2020-09-30,150.0,61.0,43.0,0.0,0.0
2020-10-01,211.0,72.0,0.0,0.0,0.0
2020-10-02,222.0,33.0,0.0,0.0,0.0
2020-10-03,189.0,33.0,0.0,0.0,0.0
2020-10-04,211.0,39.0,0.0,0.0,0.0
2020-10-05,211.0,44.0,0.0,0.0,0.0
2020-10-06,222.0,50.0,0.0,0.0,0.0
2020-10-07,250.0,72.0,0.0,0.0,0.0
2020-10-08,250.0,72.0,0.0,0.0,0.0
2020-10-09,278.0,94.0,0.0,0.0,0.0
2020-10-10,206.0,150.0,356.0,0.0,0.0
2020-10-11,217.0,167.0,330.0,0.0,0.0
2020-10-12,211.0,178.0,132.0,0.0,0.0
2020-10-13,256.0,156.0,0.0,0.0,0.0
2020-10-14,211.0,56.0,0.0,0.0,0.0
2020-10-15,261.0,61.0,0.0,0.0,0.0
2020-10-16,256.0,78.0,0.0,0.0,0.0
2020-10-17,183.0,0.0,0.0,0.0,0.0
2020-10-18,194.0,6.0,0.0,0.0,0.0
2020-10-19,217.0,11.0,0.0,0.0,0.0
2020-10-20,250.0,50.0,0.0,0.0,0.0
2020-10-21,272.0,78.0,0.0,0.0,0.0
2020-10-22,272.0,94.0,0.0,0.0,0.0
2020-10-23,272.0,89.0,0.0,0.0,0.0
2020-10-24,272.0,89.0,137.0,0.0,0.0
2020-10-25,233.0,150.0,102.0,0.0,0.0
2020-10-26,261.0,144.0,0.0,0.0,0.0
2020-10-27,239.0,128.0,0.0,0.0,0.0
2020-10-28,261.0,128.0,66.0,0.0,0.0
2020-10-29,261.0,128.0,480.0,0.0,0.0
2020-10-30,261.0,83.0,15.0,0.0,0.0
2020-10-31,139.0,17.0,0.0,0.0,0.0
2020-11-01,178.0,22.0,0.0,0.0,0.0
2020-11-02,183.0,-11.0,0.0,0.0,0.0
2020-11-03,128.0,-39.0,0.0,0.0,0.0
2020-11-04,167.0,-22.0,0.0,0.0,0.0
2020-11-05,194.0,-17.0,0.0,0.0,0.0
2020-11-06,222.0,-6.0,0.0,0.0,0.0
2020-11-07,233.0,39.0,0.0,0.0,0.0
2020-11-08,239.0,67.0,0.0,0.0,0.0
2020-11-09,250.0,111.0,0.0,0.0,0.0
2020-11-10,256.0,117.0,0.0,0.0,0.0
2020-11-11,244.0,172.0,46.0,0.0,0.0
2020-11-12,267.0,144.0,208.0,0.0,0.0
2020-11-13,189.0,122.0,0.0,0.0,0.0
2020-11-14,200.0,0.0,0.0,0.0,0.0
2020-11-15,228.0,0.0,0.0,0.0,0.0
2020-11-16,189.0,-22.0,10.0,0.0,0.0
2020-11-17,150.0,-39.0,0.0,0.0,0.0
2020-11-18,133.0,-39.0,0.0,0.0,0.0
2020-11-19,156.0,-33.0,0.0,0.0,0.0
2020-11-20,178.0,-28.0,0.0,0.0,0.0
2020-11-21,194.0,-6.0,0.0,0.0,0.0
2020-11-22,206.0,-6.0,0.0,0.0,0.0
2020-11-23,189.0,28.0,5.0,0.0,0.0
2020-11-24,139.0,-28.0,0.0,0.0,0.0
2020-11-25,172.0,56.0,0.0,0.0,0.0
2020-11-26,172.0,122.0,229.0,0.0,0.0
2020-11-27,206.0,17.0,0.0,0.0,0.0
2020-11-28,178.0,17.0,28.0,0.0,0.0
2020-11-29,172.0,17.0,0.0,0.0,0.0
2020-11-30,139.0,22.0,119.0,0.0,0.0
2020-12-01,44.0,-33.0,20.0,51.0,38.0
2020-12-02,11.0,-83.0,0.0,0.0,0.0
2020-12-03,94.0,-67.0,0.0,0.0,0.0
2020-12-04,156.0,-61.0,0.0,0.0,0.0
2020-12-05,111.0,-17.0,191.0,0.0,0.0
2020-12-06,111.0,-44.0,0.0,0.0,0.0
2020-12-07,128.0,28.0,0.0,0.0,0.0
2020-12-08,56.0,-61.0,0.0,0.0,0.0
2020-12-09,56.0,-67.0,0.0,0.0,0.0
2020-12-10,133.0,-67.0,0.0,0.0,0.0
2020-12-11,200.0,-72.0,0.0,0.0,0.0
2020-12-12,189.0,33.0,0.0,0.0,0.0
2020-12-13,189.0,33.0,51.0,0.0,0.0
2020-12-14,172.0,61.0,358.0,0.0,0.0
2020-12-15,172.0,-39.0,0.0,0.0,0.0
2020-12-16,122.0,-28.0,33.0,0.0,0.0
2020-12-17,72.0,6.0,41.0,0.0,0.0
2020-12-18,17.0,-72.0,0.0,0.0,0.0
2020-12-19,78.0,-67.0,0.0,0.0,0.0
2020-12-20,117.0,-61.0,0.0,0.0,0.0
2020-12-21,89.0,6.0,0.0,0.0,0.0
2020-12-22,128.0,-28.0,0.0,0.0,0.0
2020-12-23,122.0,-44.0,0.0,0.0,0.0
2020-12-24,139.0,78.0,305.0,0.0,0.0
2020-12-25,106.0,-83.0,107.0,51.0,51.0
2020-12-26,-56.0,-133.0,0.0,25.0,0.0
2020-12-27,28.0,-128.0,0.0,25.0,0.0
2020-12-28,122.0,-56.0,0.0,0.0,0.0
2020-12-29,50.0,0.0,0.0,0.0,0.0
2020-12-30,128.0,17.0,0.0,0.0,0.0
2020-12-31,117.0,67.0,0.0,0.0,0.0
2021-01-01,183.0,83.0,15.0,0.0,0.0
2021-01-02,156.0,61.0,104.0,0.0,0.0
2021-01-03,194.0,44.0,0.0,0.0,0.0
2021-01-04,61.0,-50.0,0.0,0.0,0.0
2021-01-05,111.0,-28.0,0.0,0.0,0.0
2021-01-06,106.0,-56.0,0.0,0.0,0.0
2021-01-07,89.0,-56.0,0.0,0.0,0.0
2021-01-08,83.0,11.0,102.0,0.0,0.0
2021-01-09,17.0,-11.0,64.0,0.0,0.0
2021-01-10,17.0,-56.0,0.0,0.0,0.0
2021-01-11,83.0,-39.0,0.0,0.0,0.0
2021-01-12,39.0,0.0,58.0,0.0,0.0
2021-01-13,78.0,-11.0,0.0,0.0,0.0
2021-01-14,89.0,-56.0,0.0,0.0,0.0
2021-01-15,144.0,-56.0,10.0,0.0,0.0
2021-01-16,89.0,-33.0,0.0,0.0,0.0
2021-01-17,17.0,-11.0,15.0,0.0,0.0
2021-01-18,61.0,-28.0,0.0,0.0,0.0
2021-01-19,72.0,-39.0,0.0,0.0,0.0
2021-01-20,61.0,-6.0,0.0,0.0,0.0
2021-01-21,100.0,-17.0,99.0,0.0,0.0
2021-01-22,94.0,-17.0,15.0,0.0,0.0
2021-01-23,122.0,-61.0,0.0,0.0,0.0
2021-01-24,128.0,-17.0,0.0,0.0,0.0
2021-01-25,122.0,50.0,175.0,0.0,0.0
2021-01-26,167.0,67.0,218.0,0.0,0.0
2021-01-27,178.0,61.0,0.0,0.0,0.0
2021-01-28,189.0,-6.0,20.0,0.0,0.0
2021-01-29,189.0,-67.0,0.0,0.0,0.0
2021-01-30,78.0,-67.0,0.0,0.0,0.0
2021-01-31,72.0,-39.0,124.0,0.0,0.0
2021-02-01,100.0,-6.0,20.0,0.0,0.0
2021-02-02,100.0,-28.0,13.0,0.0,13.0
2021-02-03,28.0,-78.0,0.0,0.0,0.0
2021-02-04,61.0,-83.0,0.0,0.0,0.0
2021-02-05,72.0,-83.0,102.0,0.0,0.0
2021-02-06,83.0,-72.0,0.0,0.0,0.0
2021-02-07,78.0,-17.0,64.0,51.0,30.0
2021-02-08,78.0,-61.0,0.0,0.0,0.0
2021-02-09,139.0,-61.0,86.0,0.0,0.0
2021-02-10,167.0,-6.0,5.0,0.0,0.0
2021-02-11,211.0,0.0,0.0,0.0,0.0
2021-02-12,122.0,67.0,251.0,0.0,0.0
2021-02-13,78.0,44.0,211.0,0.0,0.0
2021-02-14,89.0,22.0,33.0,0.0,0.0
2021-02-15,89.0,17.0,28.0,0.0,0.0
2021-02-16,106.0,-50.0,97.0,25.0,13.0
2021-02-17,-39.0,-78.0,0.0,0.0,0.0
2021-02-18,133.0,-67.0,320.0,0.0,0.0
2021-02-19,89.0,0.0,0.0,0.0,0.0
2021-02-20,67.0,-67.0,0.0,0.0,0.0
2021-02-21,83.0,-67.0,0.0,0.0,0.0
2021-02-22,133.0,56.0,18.0,0.0,0.0
2021-02-23,178.0,-39.0,0.0,0.0,0.0
2021-02-24,183.0,-28.0,0.0,0.0,0.0
2021-02-25,200.0,-22.0,0.0,0.0,0.0
2021-02-26,206.0,-22.0,36.0,0.0,0.0
2021-02-27,106.0,56.0,386.0,0.0,0.0
2021-02-28,211.0,106.0,5.0,0.0,0.0
2021-03-01,139.0,111.0,163.0,0.0,0.0
2021-03-02,128.0,11.0,0.0,0.0,0.0
2021-03-03,122.0,-6.0,0.0,0.0,0.0
2021-03-04,167.0,-39.0,0.0,0.0,0.0
2021-03-05,189.0,-33.0,0.0,0.0,0.0
2021-03-06,150.0,6.0,0.0,0.0,0.0
2021-03-07,122.0,-72.0,0.0,0.0,0.0
2021-03-08,128.0,-67.0,0.0,0.0,0.0
2021-03-09,194.0,-67.0,0.0,0.0,0.0
2021-03-10,200.0,-33.0,0.0,0.0,0.0
2021-03-11,239.0,17.0,0.0,0.0,0.0
2021-03-12,222.0,28.0,0.0,0.0,0.0
2021-03-13,239.0,44.0,0.0,0.0,0.0
2021-03-14,211.0,117.0,0.0,0.0,0.0
2021-03-15,217.0,94.0,0.0,0.0,0.0
2021-03-16,194.0,78.0,422.0,0.0,0.0
2021-03-17,133.0,94.0,102.0,0.0,0.0
2021-03-18,183.0,117.0,343.0,0.0,0.0
2021-03-19,206.0,44.0,185.0,0.0,0.0
2021-03-20,206.0,-11.0,33.0,0.0,0.0
2021-03-21,178.0,0.0,0.0,0.0,0.0
2021-03-22,178.0,0.0,0.0,0.0,0.0
2021-03-23,228.0,0.0,0.0,0.0,0.0
2021-03-24,211.0,100.0,0.0,0.0,0.0
2021-03-25,244.0,106.0,10.0,0.0,0.0
2021-03-26,178.0,133.0,803.0,0.0,0.0
2021-03-27,256.0,72.0,0.0,0.0,0.0
2021-03-28,256.0,72.0,28.0,0.0,0.0
2021-03-29,256.0,-11.0,191.0,0.0,0.0
2021-03-30,206.0,0.0,0.0,0.0,0.0
2021-03-31,233.0,17.0,310.0,0.0,0.0
2021-04-01,161.0,6.0,69.0,0.0,0.0
2021-04-02,78.0,-22.0,0.0,0.0,0.0
2021-04-03,117.0,-50.0,0.0,0.0,0.0
2021-04-04,178.0,-28.0,0.0,0.0,0.0
2021-04-05,217.0,0.0,0.0,0.0,0.0
2021-04-06,244.0,0.0,0.0,0.0,0.0
2021-04-07,267.0,22.0,0.0,0.0,0.0
2021-04-08,267.0,94.0,0.0,0.0,0.0
2021-04-09,233.0,72.0,41.0,0.0,0.0
2021-04-10,278.0,72.0,0.0,0.0,0.0
2021-04-11,189.0,72.0,51.0,0.0,0.0
2021-04-12,217.0,22.0,0.0,0.0,0.0
2021-04-13,256.0,22.0,0.0,0.0,0.0
2021-04-14,261.0,22.0,0.0,0.0,0.0
2021-04-15,261.0,56.0,0.0,0.0,0.0
2021-04-16,256.0,22.0,0.0,0.0,0.0
2021-04-17,183.0,67.0,0.0,0.0,0.0
2021-04-18,189.0,11.0,0.0,0.0,0.0
2021-04-19,200.0,28.0,23.0,0.0,0.0
2021-04-20,194.0,22.0,0.0,0.0,0.0
2021-04-21,228.0,44.0,0.0,0.0,0.0
2021-04-22,100.0,-44.0,0.0,0.0,0.0
2021-04-23,144.0,-17.0,0.0,0.0,0.0
2021-04-24,183.0,-17.0,33.0,0.0,0.0
2021-04-25,189.0,89.0,180.0,0.0,0.0
2021-04-26,194.0,17.0,0.0,0.0,0.0
2021-04-27,261.0,67.0,0.0,0.0,0.0
2021-04-28,294.0,67.0,0.0,0.0,0.0
2021-04-29,,,,0.0,0.0
2021-04-30,272.0,111.0,,0.0,0.0
2021-05-01,228.0,50.0,0.0,0.0,0.0
2021-05-02,261.0,61.0,0.0,0.0,0.0
2021-05-03,261.0,61.0,109.0,0.0,0.0
2021-05-04,244.0,167.0,361.0,0.0,0.0
2021-05-05,211.0,133.0,716.0,0.0,0.0
2021-05-06,217.0,56.0,13.0,0.0,0.0
2021-05-07,194.0,61.0,0.0,0.0,0.0
2021-05-08,172.0,28.0,0.0,0.0,0.0
2021-05-09,189.0,56.0,0.0,0.0,0.0
2021-05-10,267.0,61.0,277.0,0.0,0.0
2021-05-11,228.0,117.0,0.0,0.0,0.0
2021-05-12,222.0,111.0,86.0,0.0,0.0
2021-05-13,122.0,89.0,76.0,0.0,0.0
2021-05-14,194.0,44.0,0.0,0.0,0.0
2021-05-15,211.0,39.0,0.0,0.0,0.0
2021-05-16,233.0,89.0,0.0,0.0,0.0
2021-05-17,233.0,72.0,0.0,0.0,0.0
2021-05-18,244.0,111.0,0.0,0.0,0.0
2021-05-19,244.0,111.0,0.0,0.0,0.0
2021-05-20,267.0,128.0,0.0,0.0,0.0
2021-05-21,272.0,100.0,0.0,0.0,0.0
2021-05-22,289.0,100.0,0.0,0.0,0.0
2021-05-23,294.0,128.0,0.0,0.0,0.0
2021-05-24,300.0,111.0,0.0,0.0,0.0
2021-05-25,311.0,128.0,0.0,0.0,0.0
2021-05-26,300.0,156.0,0.0,0.0,0.0
2021-05-27,311.0,133.0,0.0,0.0,0.0
2021-05-28,294.0,156.0,0.0,0.0,0.0
2021-05-29,267.0,144.0,175.0,0.0,0.0
2021-05-30,200.0,78.0,0.0,0.0,0.0
2021-05-31,217.0,50.0,0.0,0.0,0.0
2021-06-01,261.0,78.0,0.0,0.0,0.0
2021-06-02,267.0,122.0,0.0,0.0,0.0
2021-06-03,244.0,144.0,18.0,0.0,0.0
2021-06-04,244.0,156.0,10.0,0.0,0.0
2021-06-05,289.0,133.0,0.0,0.0,0.0
2021-06-06,306.0,150.0,0.0,0.0,0.0
2021-06-07,283.0,194.0,3.0,0.0,0.0
2021-06-08,283.0,178.0,20.0,0.0,0.0
2021-06-09,294.0,183.0,84.0,0.0,0.0
2021-06-10,283.0,189.0,0.0,0.0,0.0
2021-06-11,267.0,194.0,71.0,0.0,0.0
2021-06-12,256.0,189.0,277.0,0.0,0.0
2021-06-13,306.0,172.0,0.0,0.0,0.0
2021-06-14,311.0,178.0,0.0,0.0,0.0
2021-06-15,322.0,150.0,0.0,0.0,0.0
2021-06-16,322.0,106.0,0.0,0.0,0.0
2021-06-17,283.0,100.0,0.0,0.0,0.0
2021-06-18,289.0,117.0,0.0,0.0,0.0
2021-06-19,306.0,156.0,0.0,0.0,0.0
2021-06-20,267.0,183.0,185.0,0.0,0.0
2021-06-21,289.0,178.0,89.0,0.0,0.0
2021-06-22,311.0,178.0,394.0,0.0,0.0
2021-06-23,250.0,117.0,0.0,0.0,0.0
2021-06-24,278.0,139.0,0.0,0.0,0.0
2021-06-25,272.0,139.0,0.0,0.0,0.0
2021-06-26,289.0,133.0,0.0,0.0,0.0
2021-06-27,289.0,189.0,0.0,0.0,0.0
2021-06-28,294.0,178.0,269.0,0.0,0.0
2021-06-29,278.0,183.0,0.0,0.0,0.0
2021-06-30,317.0,183.0,109.0,0.0,0.0
2021-07-01,317.0,183.0,18.0,0.0,0.0
2021-07-02,289.0,194.0,251.0,0.0,0.0
2021-07-03,283.0,133.0,0.0,0.0,0.0
2021-07-04,283.0,117.0,0.0,0.0,0.0
2021-07-05,283.0,122.0,0.0,0.0,0.0
2021-07-06,311.0,150.0,0.0,0.0,0.0
2021-07-07,311.0,178.0,0.0,0.0,0.0
2021-07-08,283.0,178.0,38.0,0.0,0.0
2021-07-09,283.0,183.0,0.0,0.0,0.0
2021-07-10,283.0,183.0,48.0,0.0,0.0
2021-07-11,272.0,183.0,13.0,0.0,0.0
2021-07-12,283.0,200.0,0.0,0.0,0.0
2021-07-13,289.0,172.0,119.0,0.0,0.0
2021-07-14,289.0,183.0,0.0,0.0,0.0
2021-07-15,294.0,178.0,3.0,0.0,0.0
2021-07-16,311.0,178.0,0.0,0.0,0.0
2021-07-17,317.0,189.0,84.0,0.0,0.0
2021-07-18,283.0,189.0,140.0,0.0,0.0
2021-07-19,261.0,194.0,262.0,0.0,0.0
2021-07-20,261.0,189.0,292.0,0.0,0.0
2021-07-21,261.0,172.0,56.0,0.0,0.0
2021-07-22,289.0,161.0,0.0,0.0,0.0
2021-07-23,300.0,161.0,0.0,0.0,0.0
2021-07-24,311.0,183.0,0.0,0.0,0.0
2021-07-25,311.0,189.0,0.0,0.0,0.0
2021-07-26,317.0,189.0,5.0,0.0,0.0
2021-07-27,311.0,189.0,13.0,0.0,0.0
2021-07-28,322.0,189.0,0.0,0.0,0.0
2021-07-29,333.0,156.0,0.0,0.0,0.0
2021-07-30,322.0,167.0,0.0,0.0,0.0
2021-07-31,317.0,200.0,0.0,0.0,0.0
2021-08-01,300.0,194.0,3.0,0.0,0.0
2021-08-02,272.0,156.0,0.0,0.0,0.0
2021-08-03,283.0,161.0,0.0,0.0,0.0
2021-08-04,250.0,183.0,5.0,0.0,0.0
2021-08-05,256.0,156.0,38.0,0.0,0.0
2021-08-06,294.0,156.0,0.0,0.0,0.0
2021-08-07,294.0,183.0,495.0,0.0,0.0
2021-08-08,294.0,178.0,0.0,0.0,0.0
2021-08-09,317.0,139.0,0.0,0.0,0.0
2021-08-10,339.0,150.0,0.0,0.0,0.0
2021-08-11,361.0,144.0,8.0,0.0,0.0
2021-08-12,311.0,178.0,13.0,0.0,0.0
2021-08-13,317.0,178.0,0.0,0.0,0.0
2021-08-14,328.0,194.0,10.0,0.0,0.0
2021-08-15,333.0,189.0,3.0,0.0,0.0
2021-08-16,300.0,194.0,157.0,0.0,0.0
2021-08-17,306.0,194.0,140.0,0.0,0.0
2021-08-18,217.0,189.0,1245.0,0.0,0.0
2021-08-19,311.0,189.0,122.0,0.0,0.0
2021-08-20,311.0,189.0,0.0,0.0,0.0
2021-08-21,294.0,183.0,0.0,0.0,0.0
2021-08-22,261.0,211.0,343.0,0.0,0.0
2021-08-23,300.0,167.0,13.0,0.0,0.0
2021-08-24,322.0,172.0,0.0,0.0,0.0
2021-08-25,328.0,172.0,0.0,0.0,0.0
2021-08-26,306.0,183.0,0.0,0.0,0.0
2021-08-27,294.0,194.0,206.0,0.0,0.0
2021-08-28,311.0,183.0,0.0,0.0,0.0
2021-08-29,322.0,189.0,0.0,0.0,0.0
2021-08-30,317.0,172.0,0.0,0.0,0.0
2021-08-31,306.0,178.0,239.0,0.0,0.0
2021-09-01,261.0,200.0,749.0,0.0,0.0
2021-09-02,256.0,156.0,15.0,0.0,0.0
2021-09-03,272.0,133.0,0.0,0.0,0.0
2021-09-04,278.0,139.0,0.0,0.0,0.0
2021-09-05,272.0,133.0,0.0,0.0,0.0
2021-09-06,289.0,167.0,203.0,0.0,0.0
2021-09-07,278.0,161.0,0.0,0.0,0.0
2021-09-08,289.0,183.0,5.0,0.0,0.0
2021-09-09,294.0,178.0,0.0,0.0,0.0
2021-09-10,261.0,100.0,0.0,0.0,0.0
2021-09-11,256.0,100.0,0.0,0.0,0.0
2021-09-12,272.0,111.0,0.0,0.0,0.0
2021-09-13,283.0,117.0,0.0,0.0,0.0
2021-09-14,294.0,117.0,0.0,0.0,0.0
2021-09-15,306.0,167.0,0.0,0.0,0.0
2021-09-16,261.0,172.0,13.0,0.0,0.0
2021-09-17,267.0,178.0,0.0,0.0,0.0
2021-09-18,272.0,172.0,0.0,0.0,0.0
2021-09-19,289.0,178.0,163.0,0.0,0.0
2021-09-20,267.0,194.0,3.0,0.0,0.0
2021-09-21,228.0,172.0,282.0,0.0,0.0
2021-09-22,294.0,178.0,56.0,0.0,0.0
2021-09-23,206.0,83.0,86.0,0.0,0.0
2021-09-24,200.0,56.0,0.0,0.0,0.0
2021-09-25,228.0,61.0,0.0,0.0,0.0
2021-09-26,233.0,78.0,0.0,0.0,0.0
2021-09-27,239.0,89.0,0.0,0.0,0.0
2021-09-28,267.0,94.0,0.0,0.0,0.0
2021-09-29,267.0,122.0,0.0,0.0,0.0
2021-09-30,283.0,122.0,0.0,0.0,0.0
2021-10-01,283.0,156.0,0.0,0.0,0.0
2021-10-02,283.0,139.0,0.0,0.0,0.0
2021-10-03,283.0,139.0,0.0,0.0,0.0
2021-10-04,289.0,144.0,251.0,0.0,0.0
2021-10-05,261.0,172.0,122.0,0.0,0.0
2021-10-06,211.0,178.0,160.0,0.0,0.0
2021-10-07,256.0,172.0,46.0,0.0,0.0
2021-10-08,267.0,167.0,152.0,0.0,0.0
2021-10-09,261.0,139.0,5.0,0.0,0.0
2021-10-10,267.0,133.0,0.0,0.0,0.0
2021-10-11,272.0,128.0,0.0,0.0,0.0
2021-10-12,272.0,133.0,0.0,0.0,0.0
2021-10-13,267.0,128.0,0.0,0.0,0.0
2021-10-14,278.0,128.0,0.0,0.0,0.0
2021-10-15,283.0,128.0,0.0,0.0,0.0
2021-10-16,278.0,139.0,64.0,0.0,0.0
2021-10-17,167.0,22.0,0.0,0.0,0.0
2021-10-18,178.0,11.0,0.0,0.0,0.0
2021-10-19,211.0,17.0,0.0,0.0,0.0
2021-10-20,239.0,17.0,0.0,0.0,0.0
2021-10-21,239.0,39.0,0.0,0.0,0.0
2021-10-22,211.0,106.0,104.0,0.0,0.0
2021-10-23,183.0,67.0,0.0,0.0,0.0
2021-10-24,217.0,39.0,0.0,0.0,0.0
2021-10-25,244.0,39.0,0.0,0.0,0.0
2021-10-26,217.0,89.0,18.0,0.0,0.0
2021-10-27,211.0,22.0,0.0,0.0,0.0
2021-10-28,217.0,22.0,8.0,0.0,0.0
2021-10-29,144.0,83.0,20.0,0.0,0.0
2021-10-30,117.0,61.0,38.0,0.0,0.0
2021-10-31,122.0,94.0,71.0,0.0,0.0
2021-11-01,161.0,22.0,5.0,0.0,0.0
2021-11-02,200.0,22.0,0.0,0.0,0.0
2021-11-03,200.0,61.0,0.0,0.0,0.0
2021-11-04,167.0,44.0,43.0,0.0,0.0
2021-11-05,89.0,22.0,15.0,0.0,0.0
2021-11-06,133.0,11.0,0.0,0.0,0.0
2021-11-07,150.0,-17.0,0.0,0.0,0.0
2021-11-08,183.0,-28.0,0.0,0.0,0.0
2021-11-09,228.0,-22.0,0.0,0.0,0.0
2021-11-10,250.0,11.0,0.0,0.0,0.0
2021-11-11,256.0,28.0,0.0,0.0,0.0
2021-11-12,183.0,39.0,173.0,0.0,0.0
2021-11-13,183.0,17.0,0.0,0.0,0.0
2021-11-14,100.0,-44.0,0.0,0.0,0.0
2021-11-15,139.0,-39.0,0.0,0.0,0.0
2021-11-16,128.0,-22.0,0.0,0.0,0.0
2021-11-17,194.0,28.0,0.0,0.0,0.0
2021-11-18,228.0,22.0,0.0,0.0,0.0
2021-11-19,189.0,-33.0,0.0,0.0,0.0
2021-11-20,144.0,-39.0,0.0,0.0,0.0
2021-11-21,156.0,-33.0,0.0,0.0,0.0
2021-11-22,161.0,22.0,79.0,0.0,0.0
2021-11-23,117.0,-61.0,0.0,0.0,0.0
2021-11-24,133.0,-67.0,0.0,0.0,0.0
2021-11-25,150.0,-61.0,0.0,0.0,0.0
2021-11-26,172.0,0.0,66.0,0.0,0.0
2021-11-27,72.0,-61.0,0.0,0.0,0.0
2021-11-28,139.0,-50.0,0.0,0.0,0.0
2021-11-29,150.0,-33.0,0.0,0.0,0.0
2021-11-30,144.0,-50.0,0.0,0.0,0.0
2021-12-01,161.0,-33.0,0.0,0.0,0.0
2021-12-02,172.0,28.0,0.0,0.0,0.0
2021-12-03,206.0,-6.0,0.0,0.0,0.0
2021-12-04,239.0,-6.0,0.0,0.0,0.0
2021-12-05,200.0,22.0,0.0,0.0,0.0
2021-12-06,161.0,56.0,23.0,0.0,0.0
2021-12-07,161.0,-17.0,0.0,0.0,0.0
2021-12-08,94.0,-6.0,81.0,0.0,0.0
2021-12-09,117.0,-39.0,0.0,0.0,0.0
2021-12-10,128.0,-39.0,89.0,0.0,0.0
2021-12-11,211.0,83.0,28.0,0.0,0.0
2021-12-12,144.0,-17.0,211.0,0.0,0.0
2021-12-13,128.0,-50.0,0.0,0.0,0.0
2021-12-14,156.0,-56.0,0.0,0.0,0.0
2021-12-15,206.0,-50.0,0.0,0.0,0.0
2021-12-16,206.0,-22.0,0.0,0.0,0.0
2021-12-17,211.0,89.0,0.0,0.0,0.0
2021-12-18,211.0,89.0,267.0,0.0,0.0
2021-12-19,206.0,67.0,124.0,0.0,0.0
2021-12-20,89.0,-11.0,3.0,0.0,0.0
2021-12-21,100.0,-11.0,0.0,0.0,0.0
2021-12-22,67.0,-17.0,38.0,0.0,0.0
2021-12-23,100.0,-56.0,0.0,0.0,0.0
2021-12-24,117.0,-56.0,0.0,0.0,0.0
2021-12-25,172.0,-56.0,0.0,0.0,0.0
2021-12-26,172.0,67.0,0.0,0.0,0.0
2021-12-27,217.0,50.0,0.0,0.0,0.0
2021-12-28,183.0,89.0,0.0,0.0,0.0
2021-12-29,200.0,106.0,198.0,0.0,0.0
2021-12-30,211.0,122.0,224.0,0.0,0.0
2021-12-31,189.0,83.0,0.0,0.0,0.0
2022-01-01,217.0,83.0,64.0,0.0,0.0
2022-01-02,222.0,139.0,218.0,0.0,0.0
2022-01-03,156.0,-11.0,198.0,0.0,5.0
2022-01-04,28.0,-33.0,10.0,0.0,0.0
2022-01-05,89.0,-33.0,0.0,0.0,0.0
2022-01-06,111.0,-33.0,0.0,0.0,0.0
2022-01-07,44.0,-72.0,56.0,0.0,0.0
2022-01-08,6.0,-78.0,0.0,0.0,0.0
2022-01-09,106.0,-72.0,0.0,0.0,0.0
2022-01-10,122.0,-22.0,239.0,0.0,0.0
2022-01-11,83.0,-56.0,0.0,0.0,0.0
2022-01-12,83.0,-72.0,0.0,0.0,0.0
2022-01-13,111.0,-50.0,0.0,0.0,0.0
2022-01-14,100.0,-39.0,64.0,0.0,0.0
2022-01-15,100.0,-39.0,0.0,0.0,0.0
2022-01-16,72.0,0.0,142.0,0.0,0.0
2022-01-17,61.0,-39.0,51.0,51.0,38.0
2022-01-18,-17.0,-72.0,0.0,0.0,0.0
2022-01-19,89.0,-56.0,0.0,0.0,0.0
2022-01-20,150.0,-28.0,36.0,0.0,0.0
2022-01-21,61.0,-39.0,23.0,0.0,0.0
2022-01-22,0.0,-33.0,0.0,0.0,0.0
2022-01-23,39.0,-78.0,0.0,0.0,0.0
2022-01-24,78.0,-78.0,0.0,0.0,0.0
2022-01-25,122.0,-61.0,0.0,0.0,0.0
2022-01-26,133.0,-44.0,0.0,0.0,0.0
2022-01-27,67.0,-72.0,0.0,0.0,0.0
2022-01-28,117.0,-50.0,0.0,0.0,0.0
2022-01-29,117.0,-89.0,89.0,25.0,25.0
2022-01-30,117.0,-117.0,0.0,0.0,0.0
2022-01-31,100.0,-61.0,0.0,0.0,0.0
2022-02-01,133.0,-72.0,0.0,0.0,0.0
2022-02-02,144.0,56.0,0.0,0.0,0.0
2022-02-03,111.0,78.0,338.0,0.0,0.0
2022-02-04,161.0,61.0,627.0,0.0,0.0
2022-02-05,61.0,-50.0,0.0,0.0,0.0
2022-02-06,39.0,-72.0,0.0,0.0,0.0
2022-02-07,111.0,-67.0,0.0,0.0,0.0
2022-02-08,100.0,-61.0,0.0,0.0,0.0
2022-02-09,111.0,-67.0,0.0,0.0,0.0
2022-02-10,139.0,-67.0,0.0,0.0,0.0
2022-02-11,150.0,-44.0,0.0,0.0,0.0
2022-02-12,178.0,-39.0,0.0,0.0,0.0
2022-02-13,178.0,-39.0,0.0,0.0,0.0
2022-02-14,56.0,-67.0,0.0,0.0,0.0
2022-02-15,89.0,-72.0,0.0,0.0,0.0
2022-02-16,167.0,-72.0,0.0,0.0,0.0
2022-02-17,172.0,56.0,0.0,0.0,0.0
2022-02-18,167.0,11.0,348.0,0.0,0.0
2022-02-19,56.0,-67.0,0.0,0.0,0.0
2022-02-20,111.0,-67.0,0.0,0.0,0.0
2022-02-21,161.0,-67.0,0.0,0.0,0.0
2022-02-22,161.0,-22.0,76.0,0.0,0.0
2022-02-23,183.0,106.0,414.0,0.0,0.0
2022-02-24,228.0,117.0,3.0,0.0,0.0
2022-02-25,222.0,94.0,89.0,0.0,0.0
2022-02-26,122.0,6.0,0.0,0.0,0.0
2022-02-27,106.0,22.0,229.0,0.0,0.0
2022-02-28,94.0,-17.0,0.0,0.0,0.0
2022-03-01,161.0,-22.0,0.0,0.0,0.0
2022-03-02,189.0,-22.0,0.0,0.0,0.0
2022-03-03,228.0,-17.0,0.0,0.0,0.0
2022-03-04,250.0,0.0,0.0,0.0,0.0
2022-03-05,261.0,0.0,0.0,0.0,0.0
2022-03-06,244.0,94.0,0.0,0.0,0.0
2022-03-07,233.0,94.0,0.0,0.0,0.0
2022-03-08,233.0,33.0,102.0,0.0,0.0
2022-03-09,150.0,39.0,259.0,0.0,0.0
2022-03-10,122.0,39.0,0.0,0.0,0.0
2022-03-11,183.0,11.0,0.0,0.0,0.0
2022-03-12,194.0,-44.0,69.0,25.0,25.0
2022-03-13,-22.0,-100.0,0.0,0.0,0.0
2022-03-14,122.0,-44.0,0.0,0.0,0.0
2022-03-15,200.0,11.0,0.0,0.0,0.0
2022-03-16,172.0,22.0,157.0,0.0,0.0
2022-03-17,217.0,56.0,0.0,0.0,0.0
2022-03-18,233.0,33.0,0.0,0.0,0.0
2022-03-19,233.0,39.0,89.0,0.0,0.0
2022-03-20,167.0,-11.0,0.0,0.0,0.0
2022-03-21,167.0,-22.0,0.0,0.0,0.0
2022-03-22,228.0,-22.0,0.0,0.0,0.0
2022-03-23,233.0,-22.0,267.0,0.0,0.0
2022-03-24,244.0,44.0,0.0,0.0,0.0
2022-03-25,167.0,-11.0,0.0,0.0,0.0
2022-03-26,111.0,33.0,0.0,0.0,0.0
2022-03-27,139.0,6.0,0.0,0.0,0.0
2022-03-28,139.0,0.0,0.0,0.0,0.0
2022-03-29,211.0,0.0,0.0,0.0,0.0
2022-03-30,228.0,128.0,0.0,0.0,0.0
2022-03-31,261.0,128.0,84.0,0.0,0.0
2022-04-01,261.0,67.0,0.0,0.0,0.0
2022-04-02,144.0,-28.0,0.0,0.0,0.0
2022-04-03,194.0,-11.0,0.0,0.0,0.0
2022-04-04,178.0,-17.0,0.0,0.0,0.0
2022-04-05,222.0,6.0,0.0,0.0,0.0
2022-04-06,167.0,94.0,259.0,0.0,0.0
2022-04-07,261.0,94.0,185.0,0.0,0.0
2022-04-08,172.0,-11.0,0.0,0.0,0.0
2022-04-09,94.0,11.0,5.0,0.0,0.0
2022-04-10,94.0,-44.0,0.0,0.0,0.0
2022-04-11,222.0,-11.0,0.0,0.0,0.0
2022-04-12,183.0,17.0,0.0,0.0,0.0
2022-04-13,261.0,117.0,64.0,0.0,0.0
2022-04-14,261.0,139.0,79.0,0.0,0.0
2022-04-15,217.0,0.0,0.0,0.0,0.0
2022-04-16,250.0,61.0,145.0,0.0,0.0
2022-04-17,206.0,94.0,0.0,0.0,0.0
2022-04-18,211.0,100.0,33.0,0.0,0.0
2022-04-19,150.0,22.0,20.0,0.0,0.0
2022-04-20,144.0,-17.0,0.0,0.0,0.0
2022-04-21,228.0,-17.0,0.0,0.0,0.0
2022-04-22,239.0,67.0,0.0,0.0,0.0
2022-04-23,294.0,94.0,0.0,0.0,0.0
2022-04-24,283.0,94.0,0.0,0.0,0.0
2022-04-25,283.0,89.0,0.0,0.0,0.0
2022-04-26,283.0,94.0,0.0,0.0,0.0
2022-04-27,167.0,28.0,94.0,0.0,0.0
2022-04-28,228.0,22.0,0.0,0.0,0.0
2022-04-29,256.0,28.0,0.0,0.0,0.0
2022-04-30,250.0,67.0,0.0,0.0,0.0
2022-05-01,261.0,83.0,0.0,0.0,0.0
2022-05-02,261.0,111.0,0.0,0.0,0.0
2022-05-03,289.0,111.0,0.0,0.0,0.0
2022-05-04,283.0,156.0,41.0,0.0,0.0
2022-05-05,272.0,106.0,0.0,0.0,0.0
2022-05-06,294.0,111.0,5.0,0.0,0.0
2022-05-07,250.0,122.0,114.0,0.0,0.0
2022-05-08,150.0,100.0,8.0,0.0,0.0
2022-05-09,228.0,106.0,0.0,0.0,0.0
2022-05-10,261.0,78.0,0.0,0.0,0.0
2022-05-11,278.0,100.0,0.0,0.0,0.0
2022-05-12,289.0,89.0,0.0,0.0,0.0
2022-05-13,283.0,89.0,0.0,0.0,0.0
2022-05-14,256.0,122.0,5.0,0.0,0.0
2022-05-15,278.0,122.0,84.0,0.0,0.0
2022-05-16,278.0,122.0,0.0,0.0,0.0
2022-05-17,272.0,72.0,0.0,0.0,0.0
2022-05-18,272.0,78.0,0.0,0.0,0.0
2022-05-19,300.0,111.0,0.0,0.0,0.0
2022-05-20,311.0,156.0,0.0,0.0,0.0
2022-05-21,311.0,156.0,0.0,0.0,0.0
2022-05-22,300.0,161.0,20.0,0.0,0.0
2022-05-23,300.0,167.0,472.0,0.0,0.0
2022-05-24,211.0,167.0,295.0,0.0,0.0
2022-05-25,272.0,167.0,94.0,0.0,0.0
2022-05-26,250.0,178.0,368.0,0.0,0.0
2022-05-27,228.0,144.0,343.0,0.0,0.0
2022-05-28,239.0,100.0,0.0,0.0,0.0
2022-05-29,,,,0.0,0.0
2022-05-30,283.0,100.0,0.0,0.0,0.0
2022-05-31,300.0,150.0,0.0,0.0,0.0
2022-06-01,317.0,172.0,0.0,0.0,0.0
2022-06-02,311.0,156.0,0.0,0.0,0.0
2022-06-03,300.0,172.0,0.0,0.0,0.0
2022-06-04,267.0,128.0,0.0,0.0,0.0
2022-06-05,289.0,133.0,0.0,0.0,0.0
2022-06-06,278.0,122.0,0.0,0.0,0.0
2022-06-07,283.0,167.0,0.0,0.0,0.0
2022-06-08,283.0,161.0,198.0,0.0,0.0
2022-06-09,272.0,189.0,69.0,0.0,0.0
2022-06-10,272.0,106.0,0.0,0.0,0.0
2022-06-11,272.0,106.0,0.0,0.0,0.0
2022-06-12,289.0,150.0,0.0,0.0,0.0
2022-06-13,311.0,172.0,0.0,0.0,0.0
2022-06-14,333.0,172.0,0.0,0.0,0.0
2022-06-15,328.0,217.0,0.0,0.0,0.0
2022-06-16,356.0,194.0,0.0,0.0,0.0
2022-06-17,356.0,194.0,0.0,0.0,0.0
2022-06-18,328.0,167.0,8.0,0.0,0.0
2022-06-19,300.0,94.0,0.0,0.0,0.0
2022-06-20,283.0,94.0,0.0,0.0,0.0
2022-06-21,306.0,94.0,0.0,0.0,0.0
2022-06-22,328.0,117.0,0.0,0.0,0.0
2022-06-23,333.0,139.0,0.0,0.0,0.0
2022-06-24,328.0,156.0,0.0,0.0,0.0
2022-06-25,317.0,194.0,0.0,0.0,0.0
2022-06-26,294.0,183.0,0.0,0.0,0.0
2022-06-27,311.0,189.0,81.0,0.0,0.0
2022-06-28,306.0,161.0,0.0,0.0,0.0
2022-06-29,294.0,172.0,5.0,0.0,0.0
2022-06-30,317.0,183.0,0.0,0.0,0.0
2022-07-01,311.0,178.0,0.0,0.0,0.0
2022-07-02,306.0,183.0,0.0,0.0,0.0
2022-07-03,300.0,189.0,0.0,0.0,0.0
2022-07-04,333.0,194.0,53.0,0.0,0.0
2022-07-05,333.0,200.0,76.0,0.0,0.0
2022-07-06,333.0,206.0,0.0,0.0,0.0
2022-07-07,339.0,200.0,51.0,0.0,0.0
2022-07-08,322.0,194.0,0.0,0.0,0.0
2022-07-09,339.0,206.0,140.0,0.0,0.0
2022-07-10,339.0,206.0,0.0,0.0,0.0
2022-07-11,339.0,194.0,51.0,0.0,0.0
2022-07-12,300.0,183.0,0.0,0.0,0.0
2022-07-13,317.0,178.0,102.0,0.0,0.0
2022-07-14,294.0,172.0,0.0,0.0,0.0
2022-07-15,294.0,161.0,0.0,0.0,0.0
2022-07-16,311.0,161.0,0.0,0.0,0.0
2022-07-17,322.0,178.0,0.0,0.0,0.0
2022-07-18,317.0,183.0,0.0,0.0,0.0
2022-07-19,311.0,200.0,56.0,0.0,0.0
2022-07-20,289.0,206.0,0.0,0.0,0.0
2022-07-21,317.0,194.0,51.0,0.0,0.0
2022-07-22,283.0,189.0,38.0,0.0,0.0
2022-07-23,344.0,189.0,0.0,0.0,0.0
2022-07-24,339.0,183.0,0.0,0.0,0.0
2022-07-25,339.0,183.0,0.0,0.0,0.0
2022-07-26,261.0,206.0,147.0,0.0,0.0
2022-07-27,311.0,211.0,3.0,0.0,0.0
2022-07-28,317.0,200.0,53.0,0.0,0.0
2022-07-29,317.0,206.0,213.0,0.0,0.0
2022-07-30,306.0,211.0,112.0,0.0,0.0
2022-07-31,306.0,211.0,8.0,0.0,0.0
2022-08-01,300.0,206.0,229.0,0.0,0.0
2022-08-02,300.0,189.0,0.0,0.0,0.0
2022-08-03,306.0,183.0,0.0,0.0,0.0
2022-08-04,328.0,172.0,0.0,0.0,0.0
2022-08-05,328.0,172.0,0.0,0.0,0.0
2022-08-06,300.0,178.0,102.0,0.0,0.0
2022-08-07,294.0,183.0,0.0,0.0,0.0
2022-08-08,311.0,183.0,97.0,0.0,0.0
2022-08-09,311.0,178.0,0.0,0.0,0.0
2022-08-10,306.0,200.0,0.0,0.0,0.0
2022-08-11,278.0,189.0,18.0,0.0,0.0
2022-08-12,300.0,200.0,0.0,0.0,0.0
2022-08-13,300.0,156.0,0.0,0.0,0.0
2022-08-14,278.0,161.0,0.0,0.0,0.0
2022-08-15,300.0,172.0,0.0,0.0,0.0
2022-08-16,300.0,172.0,0.0,0.0,0.0
2022-08-17,300.0,172.0,0.0,0.0,0.0
2022-08-18,261.0,144.0,0.0,0.0,0.0
2022-08-19,294.0,139.0,0.0,0.0,0.0
2022-08-20,294.0,139.0,76.0,0.0,0.0
2022-08-21,278.0,194.0,107.0,0.0,0.0
2022-08-22,272.0,189.0,28.0,0.0,0.0
2022-08-23,283.0,178.0,3.0,0.0,0.0
2022-08-24,289.0,156.0,0.0,0.0,0.0
2022-08-25,300.0,161.0,0.0,0.0,0.0
2022-08-26,306.0,189.0,173.0,0.0,0.0
2022-08-27,306.0,172.0,0.0,0.0,0.0
2022-08-28,311.0,172.0,38.0,0.0,0.0
2022-08-29,317.0,178.0,0.0,0.0,0.0
2022-08-30,317.0,172.0,0.0,0.0,0.0
2022-08-31,294.0,161.0,0.0,0.0,0.0
2022-09-01,294.0,117.0,0.0,0.0,0.0
2022-09-02,311.0,128.0,0.0,0.0,0.0
2022-09-03,300.0,189.0,127.0,0.0,0.0
2022-09-04,283.0,189.0,25.0,0.0,0.0
2022-09-05,244.0,189.0,198.0,0.0,0.0
2022-09-06,261.0,194.0,229.0,0.0,0.0
2022-09-07,283.0,189.0,0.0,0.0,0.0
2022-09-08,289.0,161.0,0.0,0.0,0.0
2022-09-09,283.0,161.0,18.0,0.0,0.0
2022-09-10,283.0,161.0,25.0,0.0,0.0
2022-09-11,244.0,178.0,64.0,0.0,0.0
2022-09-12,278.0,189.0,203.0,0.0,0.0
2022-09-13,250.0,89.0,0.0,0.0,0.0
2022-09-14,250.0,89.0,0.0,0.0,0.0
2022-09-15,261.0,117.0,0.0,0.0,0.0
2022-09-16,278.0,111.0,0.0,0.0,0.0
2022-09-17,278.0,122.0,0.0,0.0,0.0
2022-09-18,272.0,111.0,0.0,0.0,0.0
2022-09-19,272.0,111.0,0.0,0.0,0.0
2022-09-20,289.0,117.0,13.0,0.0,0.0
2022-09-21,311.0,117.0,0.0,0.0,0.0
2022-09-22,311.0,117.0,0.0,0.0,0.0
2022-09-23,289.0,67.0,3.0,0.0,0.0
2022-09-24,250.0,67.0,0.0,0.0,0.0
2022-09-25,256.0,106.0,36.0,0.0,0.0
2022-09-26,233.0,122.0,0.0,0.0,0.0
2022-09-27,233.0,44.0,0.0,0.0,0.0
2022-09-28,206.0,0.0,0.0,0.0,0.0
2022-09-29,206.0,0.0,0.0,0.0,0.0
2022-09-30,233.0,22.0,0.0,0.0,0.0
2022-10-01,239.0,28.0,0.0,0.0,0.0
2022-10-02,161.0,83.0,0.0,0.0,0.0
2022-10-03,206.0,78.0,0.0,0.0,0.0
2022-10-04,222.0,78.0,0.0,0.0,0.0
2022-10-05,222.0,22.0,0.0,0.0,0.0
2022-10-06,239.0,22.0,0.0,0.0,0.0
2022-10-07,244.0,28.0,0.0,0.0,0.0
2022-10-08,250.0,33.0,0.0,0.0,0.0
2022-10-09,206.0,6.0,0.0,0.0,0.0
2022-10-10,211.0,6.0,0.0,0.0,0.0
2022-10-11,217.0,6.0,0.0,0.0,0.0
2022-10-12,244.0,28.0,0.0,0.0,0.0
2022-10-13,244.0,6.0,36.0,0.0,0.0
2022-10-14,222.0,-11.0,0.0,0.0,0.0
2022-10-15,222.0,-11.0,0.0,0.0,0.0
2022-10-16,256.0,61.0,0.0,0.0,0.0
2022-10-17,256.0,94.0,28.0,0.0,0.0
2022-10-18,200.0,-28.0,0.0,0.0,0.0
2022-10-19,89.0,-22.0,0.0,0.0,0.0
2022-10-20,150.0,-56.0,0.0,0.0,0.0
2022-10-21,161.0,-56.0,0.0,0.0,0.0
2022-10-22,211.0,-39.0,0.0,0.0,0.0
2022-10-23,239.0,-22.0,0.0,0.0,0.0
2022-10-24,244.0,-6.0,0.0,0.0,0.0
2022-10-25,261.0,-6.0,0.0,0.0,0.0
2022-10-26,244.0,28.0,127.0,0.0,0.0
2022-10-27,250.0,28.0,0.0,0.0,0.0
2022-10-28,206.0,17.0,0.0,0.0,0.0
2022-10-29,222.0,11.0,0.0,0.0,0.0
2022-10-30,228.0,67.0,8.0,0.0,0.0
2022-10-31,189.0,128.0,56.0,0.0,0.0
2022-11-01,217.0,83.0,0.0,0.0,0.0
2022-11-02,217.0,83.0,0.0,0.0,0.0
2022-11-03,211.0,50.0,0.0,0.0,0.0
2022-11-04,233.0,39.0,0.0,0.0,0.0
2022-11-05,250.0,33.0,8.0,0.0,0.0
2022-11-06,239.0,144.0,3.0,0.0,0.0
2022-11-07,278.0,133.0,0.0,0.0,0.0
2022-11-08,278.0,111.0,0.0,0.0,0.0
2022-11-09,278.0,39.0,0.0,0.0,0.0
2022-11-10,228.0,39.0,0.0,0.0,0.0
2022-11-11,233.0,72.0,97.0,0.0,0.0
2022-11-12,183.0,122.0,137.0,0.0,0.0
2022-11-13,161.0,-11.0,0.0,0.0,0.0
2022-11-14,161.0,-61.0,0.0,0.0,0.0
2022-11-15,133.0,-56.0,0.0,0.0,0.0
2022-11-16,94.0,22.0,155.0,0.0,0.0
2022-11-17,78.0,-44.0,0.0,0.0,0.0
2022-11-18,61.0,-89.0,0.0,0.0,0.0
2022-11-19,94.0,-67.0,0.0,0.0,0.0
2022-11-20,83.0,-39.0,0.0,0.0,0.0
2022-11-21,78.0,-89.0,0.0,0.0,0.0
2022-11-22,144.0,-89.0,0.0,0.0,0.0
2022-11-23,139.0,-39.0,0.0,0.0,0.0
2022-11-24,206.0,-33.0,0.0,0.0,0.0
2022-11-25,194.0,28.0,25.0,0.0,0.0
2022-11-26,172.0,-6.0,18.0,0.0,0.0
2022-11-27,217.0,0.0,109.0,0.0,0.0
2022-11-28,172.0,83.0,0.0,0.0,0.0
2022-11-29,144.0,-22.0,0.0,0.0,0.0
2022-11-30,189.0,-22.0,671.0,0.0,0.0
2022-12-01,144.0,-44.0,0.0,0.0,0.0
2022-12-02,183.0,-50.0,0.0,0.0,0.0
2022-12-03,167.0,28.0,89.0,0.0,0.0
2022-12-04,133.0,44.0,114.0,0.0,0.0
2022-12-05,139.0,6.0,0.0,0.0,0.0
2022-12-06,139.0,6.0,569.0,0.0,0.0
2022-12-07,167.0,106.0,0.0,0.0,0.0
2022-12-08,172.0,133.0,249.0,0.0,0.0
2022-12-09,194.0,139.0,124.0,0.0,0.0
2022-12-10,156.0,100.0,43.0,0.0,0.0
2022-12-11,178.0,94.0,8.0,0.0,0.0
2022-12-12,111.0,78.0,43.0,0.0,0.0
2022-12-13,150.0,6.0,0.0,0.0,0.0
2022-12-14,133.0,6.0,0.0,0.0,0.0
2022-12-15,150.0,6.0,259.0,0.0,0.0
2022-12-16,150.0,-39.0,0.0,0.0,0.0
2022-12-17,83.0,-28.0,0.0,0.0,0.0
2022-12-18,83.0,-44.0,0.0,0.0,0.0
2022-12-19,50.0,-78.0,0.0,0.0,0.0
2022-12-20,67.0,-72.0,0.0,0.0,0.0
2022-12-21,78.0,11.0,0.0,0.0,0.0
2022-12-22,128.0,11.0,0.0,0.0,0.0
2022-12-23,106.0,-139.0,23.0,0.0,0.0
2022-12-24,-117.0,-178.0,0.0,0.0,0.0
2022-12-25,-67.0,-161.0,0.0,0.0,0.0
2022-12-26,-11.0,-144.0,0.0,0.0,0.0
2022-12-27,0.0,-117.0,0.0,0.0,0.0
2022-12-28,83.0,-111.0,0.0,0.0,0.0
2022-12-29,144.0,-83.0,0.0,0.0,0.0
2022-12-30,200.0,-22.0,0.0,0.0,0.0
2022-12-31,161.0,6.0,3.0,0.0,0.0
2023-01-01,161.0,67.0,58.0,0.0,0.0
2023-01-02,183.0,11.0,0.0,0.0,0.0
2023-01-03,211.0,56.0,0.0,0.0,0.0
2023-01-04,211.0,56.0,640.0,0.0,0.0
2023-01-05,189.0,0.0,0.0,0.0,0.0
2023-01-06,133.0,-33.0,0.0,0.0,0.0
2023-01-07,100.0,-33.0,0.0,0.0,0.0
2023-01-08,83.0,-17.0,229.0,0.0,0.0
2023-01-09,100.0,28.0,147.0,0.0,0.0
2023-01-10,94.0,-22.0,0.0,0.0,0.0
2023-01-11,133.0,-22.0,0.0,0.0,0.0
2023-01-12,156.0,6.0,0.0,0.0,0.0
2023-01-13,172.0,22.0,290.0,0.0,0.0
2023-01-14,39.0,-28.0,18.0,0.0,8.0
2023-01-15,28.0,-72.0,0.0,0.0,0.0
2023-01-16,111.0,-72.0,0.0,0.0,0.0
2023-01-17,111.0,-72.0,178.0,0.0,0.0
2023-01-18,139.0,72.0,8.0,0.0,0.0
2023-01-19,200.0,67.0,13.0,0.0,0.0
2023-01-20,200.0,17.0,0.0,0.0,0.0
2023-01-21,200.0,-44.0,0.0,0.0,0.0
2023-01-22,200.0,-44.0,71.0,0.0,0.0
2023-01-23,94.0,11.0,25.0,0.0,0.0
2023-01-24,44.0,-78.0,0.0,0.0,0.0
2023-01-25,150.0,-72.0,193.0,0.0,0.0
2023-01-26,156.0,6.0,18.0,0.0,0.0
2023-01-27,156.0,-50.0,0.0,0.0,0.0
2023-01-28,83.0,-67.0,0.0,0.0,0.0
2023-01-29,133.0,-61.0,0.0,0.0,0.0
2023-01-30,78.0,39.0,112.0,0.0,0.0
2023-01-31,156.0,61.0,0.0,0.0,0.0
2023-02-01,128.0,44.0,0.0,0.0,0.0
2023-02-02,100.0,33.0,216.0,0.0,0.0
2023-02-03,67.0,-11.0,140.0,0.0,0.0
2023-02-04,67.0,-72.0,0.0,0.0,0.0
2023-02-05,100.0,-39.0,0.0,0.0,0.0
2023-02-06,139.0,-28.0,0.0,0.0,0.0
2023-02-07,167.0,-28.0,0.0,0.0,0.0
2023-02-08,200.0,-28.0,0.0,0.0,0.0
2023-02-09,178.0,61.0,0.0,0.0,0.0
2023-02-10,167.0,28.0,36.0,0.0,0.0
2023-02-11,156.0,17.0,0.0,0.0,0.0
2023-02-12,117.0,17.0,71.0,0.0,0.0
2023-02-13,67.0,-44.0,51.0,0.0,0.0
2023-02-14,161.0,-39.0,0.0,0.0,0.0
2023-02-15,211.0,-33.0,0.0,0.0,0.0
2023-02-16,211.0,-39.0,48.0,0.0,0.0
2023-02-17,211.0,50.0,513.0,0.0,0.0
2023-02-18,56.0,-61.0,0.0,0.0,0.0
2023-02-19,150.0,0.0,0.0,0.0,0.0
2023-02-20,178.0,22.0,0.0,0.0,0.0
2023-02-21,167.0,28.0,135.0,0.0,0.0
2023-02-22,206.0,94.0,3.0,0.0,0.0
2023-02-23,267.0,106.0,13.0,0.0,0.0
2023-02-24,222.0,133.0,43.0,0.0,0.0
2023-02-25,211.0,100.0,81.0,0.0,0.0
2023-02-26,144.0,111.0,38.0,0.0,0.0
2023-02-27,178.0,89.0,3.0,0.0,0.0
2023-02-28,194.0,44.0,58.0,0.0,0.0
2023-03-01,239.0,33.0,0.0,0.0,0.0
2023-03-02,250.0,33.0,206.0,0.0,0.0
2023-03-03,167.0,111.0,89.0,0.0,0.0
2023-03-04,200.0,44.0,64.0,0.0,0.0
2023-03-05,200.0,-17.0,0.0,0.0,0.0
2023-03-06,222.0,6.0,0.0,0.0,0.0
2023-03-07,244.0,17.0,0.0,0.0,0.0
2023-03-08,233.0,17.0,0.0,0.0,0.0
2023-03-09,200.0,28.0,0.0,0.0,0.0
2023-03-10,156.0,72.0,46.0,0.0,0.0
2023-03-11,156.0,-17.0,0.0,0.0,0.0
2023-03-12,156.0,-17.0,409.0,0.0,0.0
2023-03-13,89.0,22.0,8.0,0.0,0.0
2023-03-14,89.0,-50.0,0.0,0.0,0.0
2023-03-15,89.0,-67.0,0.0,0.0,0.0
2023-03-16,150.0,-50.0,0.0,0.0,0.0
2023-03-17,200.0,-50.0,109.0,0.0,0.0
2023-03-18,139.0,-17.0,81.0,0.0,0.0
2023-03-19,89.0,-56.0,0.0,0.0,0.0
2023-03-20,44.0,-83.0,0.0,0.0,0.0
2023-03-21,161.0,-78.0,0.0,0.0,0.0
2023-03-22,178.0,-78.0,20.0,0.0,0.0
2023-03-23,111.0,50.0,208.0,0.0,0.0
2023-03-24,250.0,56.0,0.0,0.0,0.0
2023-03-25,256.0,100.0,178.0,0.0,0.0
2023-03-26,244.0,78.0,5.0,0.0,0.0
2023-03-27,256.0,94.0,3.0,0.0,0.0
2023-03-28,250.0,39.0,0.0,0.0,0.0
2023-03-29,,,0.0,0.0,0.0
2023-03-30,194.0,-22.0,0.0,0.0,0.0
2023-03-31,228.0,-50.0,0.0,0.0,0.0
2023-04-01,200.0,139.0,104.0,0.0,0.0
2023-04-02,250.0,28.0,0.0,0.0,0.0
2023-04-03,211.0,28.0,0.0,0.0,0.0
2023-04-04,156.0,50.0,25.0,0.0,0.0
2023-04-05,289.0,128.0,0.0,0.0,0.0
2023-04-06,289.0,133.0,0.0,0.0,0.0
2023-04-07,261.0,122.0,84.0,0.0,0.0
2023-04-08,161.0,89.0,213.0,0.0,0.0
2023-04-09,106.0,67.0,241.0,0.0,0.0
2023-04-10,206.0,-6.0,0.0,0.0,0.0
2023-04-11,222.0,-6.0,0.0,0.0,0.0
2023-04-12,244.0,6.0,0.0,0.0,0.0
2023-04-13,261.0,6.0,0.0,0.0,0.0
2023-04-14,250.0,78.0,25.0,0.0,0.0
2023-04-15,189.0,122.0,86.0,0.0,0.0
2023-04-16,239.0,117.0,102.0,0.0,0.0
2023-04-17,244.0,17.0,0.0,0.0,0.0
2023-04-18,183.0,-6.0,0.0,0.0,0.0
2023-04-19,244.0,6.0,0.0,0.0,0.0
2023-04-20,283.0,56.0,0.0,0.0,0.0
2023-04-21,289.0,61.0,0.0,0.0,0.0
2023-04-22,261.0,89.0,114.0,0.0,0.0
2023-04-23,183.0,17.0,0.0,0.0,0.0
2023-04-24,161.0,6.0,0.0,0.0,0.0
2023-04-25,161.0,-22.0,0.0,0.0,0.0
2023-04-26,200.0,-17.0,0.0,0.0,0.0
2023-04-27,139.0,94.0,213.0,0.0,0.0
2023-04-28,167.0,106.0,165.0,0.0,0.0
2023-04-29,228.0,94.0,0.0,0.0,0.0
2023-04-30,233.0,122.0,64.0,0.0,0.0
2023-05-01,189.0,11.0,5.0,0.0,0.0
2023-05-02,172.0,11.0,0.0,0.0,0.0
2023-05-03,178.0,11.0,0.0,0.0,0.0
2023-05-04,183.0,-6.0,0.0,0.0,0.0
2023-05-05,211.0,-6.0,0.0,0.0,0.0
2023-05-06,200.0,106.0,0.0,0.0,0.0
2023-05-07,244.0,106.0,0.0,0.0,0.0
2023-05-08,272.0,106.0,224.0,0.0,0.0
2023-05-09,256.0,156.0,5.0,0.0,0.0
2023-05-10,289.0,117.0,0.0,0.0,0.0
2023-05-11,294.0,111.0,0.0,0.0,0.0
2023-05-12,222.0,133.0,0.0,0.0,0.0
2023-05-13,244.0,144.0,102.0,0.0,0.0
2023-05-14,278.0,150.0,0.0,0.0,0.0
2023-05-15,278.0,156.0,117.0,0.0,0.0
2023-05-16,272.0,161.0,46.0,0.0,0.0
2023-05-17,289.0,172.0,152.0,0.0,0.0
2023-05-18,256.0,139.0,0.0,0.0,0.0
2023-05-19,250.0,117.0,0.0,0.0,0.0
2023-05-20,261.0,156.0,0.0,0.0,0.0
2023-05-21,261.0,117.0,254.0,0.0,0.0
2023-05-22,261.0,156.0,10.0,0.0,0.0
2023-05-23,261.0,144.0,8.0,0.0,0.0
2023-05-24,228.0,83.0,0.0,0.0,0.0
2023-05-25,261.0,78.0,0.0,0.0,0.0
2023-05-26,261.0,78.0,0.0,0.0,0.0
2023-05-27,250.0,100.0,25.0,0.0,0.0
2023-05-28,228.0,117.0,0.0,0.0,0.0
2023-05-29,222.0,100.0,0.0,0.0,0.0
2023-05-30,228.0,117.0,0.0,0.0,0.0
2023-05-31,,,,0.0,0.0
2023-06-01,272.0,122.0,,0.0,0.0
2023-06-02,278.0,161.0,132.0,0.0,0.0
2023-06-03,300.0,128.0,0.0,0.0,0.0
2023-06-04,311.0,144.0,0.0,0.0,0.0
2023-06-05,272.0,150.0,102.0,0.0,0.0
2023-06-06,278.0,144.0,102.0,0.0,0.0
2023-06-07,283.0,122.0,3.0,0.0,0.0
2023-06-08,272.0,128.0,0.0,0.0,0.0
2023-06-09,272.0,61.0,0.0,0.0,0.0
2023-06-10,272.0,61.0,0.0,0.0,0.0
2023-06-11,272.0,61.0,0.0,0.0,0.0
2023-06-12,256.0,172.0,140.0,0.0,0.0
2023-06-13,239.0,111.0,0.0,0.0,0.0
2023-06-14,250.0,106.0,0.0,0.0,0.0
2023-06-15,250.0,106.0,48.0,0.0,0.0
2023-06-16,278.0,161.0,13.0,0.0,0.0
2023-06-17,289.0,133.0,0.0,0.0,0.0
2023-06-18,278.0,94.0,0.0,0.0,0.0
2023-06-19,300.0,122.0,386.0,0.0,0.0
2023-06-20,272.0,172.0,8.0,0.0,0.0
2023-06-21,272.0,172.0,239.0,0.0,0.0
2023-06-22,239.0,167.0,119.0,0.0,0.0
2023-06-23,233.0,172.0,432.0,0.0,0.0
2023-06-24,239.0,144.0,15.0,0.0,0.0
2023-06-25,272.0,139.0,0.0,0.0,0.0
2023-06-26,294.0,144.0,371.0,0.0,0.0
2023-06-27,300.0,150.0,0.0,0.0,0.0
2023-06-28,278.0,139.0,0.0,0.0,0.0
2023-06-29,294.0,144.0,0.0,0.0,0.0
2023-06-30,306.0,156.0,0.0,0.0,0.0
2023-07-01,306.0,156.0,185.0,0.0,0.0
2023-07-02,322.0,161.0,18.0,0.0,0.0
2023-07-03,311.0,178.0,173.0,0.0,0.0
2023-07-04,294.0,189.0,3.0,0.0,0.0
2023-07-05,311.0,189.0,20.0,0.0,0.0
2023-07-06,289.0,178.0,15.0,0.0,0.0
2023-07-07,306.0,183.0,0.0,0.0,0.0
2023-07-08,311.0,167.0,0.0,0.0,0.0
2023-07-09,311.0,167.0,127.0,0.0,0.0
2023-07-10,283.0,194.0,23.0,0.0,0.0
2023-07-11,289.0,156.0,0.0,0.0,0.0
2023-07-12,294.0,122.0,0.0,0.0,0.0
2023-07-13,311.0,139.0,0.0,0.0,0.0
2023-07-14,322.0,189.0,5.0,0.0,0.0
2023-07-15,317.0,200.0,0.0,0.0,0.0
2023-07-16,306.0,211.0,124.0,0.0,0.0
2023-07-17,294.0,167.0,5.0,0.0,0.0
2023-07-18,306.0,167.0,0.0,0.0,0.0
2023-07-19,317.0,172.0,201.0,0.0,0.0
2023-07-20,244.0,183.0,112.0,0.0,0.0
2023-07-21,222.0,172.0,89.0,0.0,0.0
2023-07-22,300.0,189.0,140.0,0.0,0.0
2023-07-23,283.0,178.0,0.0,0.0,0.0
2023-07-24,294.0,161.0,0.0,0.0,0.0
2023-07-25,294.0,150.0,0.0,0.0,0.0
2023-07-26,311.0,161.0,0.0,0.0,0.0
2023-07-27,328.0,183.0,0.0,0.0,0.0
2023-07-28,333.0,194.0,0.0,0.0,0.0
2023-07-29,322.0,189.0,0.0,0.0,0.0
2023-07-30,322.0,194.0,48.0,0.0,0.0
2023-07-31,322.0,178.0,0.0,0.0,0.0
2023-08-01,306.0,156.0,0.0,0.0,0.0
2023-08-02,306.0,156.0,0.0,0.0,0.0
2023-08-03,289.0,206.0,23.0,0.0,0.0
2023-08-04,289.0,206.0,46.0,0.0,0.0
2023-08-05,289.0,172.0,0.0,0.0,0.0
2023-08-06,317.0,172.0,0.0,0.0,0.0
2023-08-07,272.0,194.0,127.0,0.0,0.0
2023-08-08,306.0,189.0,104.0,0.0,0.0
2023-08-09,261.0,167.0,0.0,0.0,0.0
2023-08-10,294.0,172.0,290.0,0.0,0.0
2023-08-11,272.0,172.0,13.0,0.0,0.0
2023-08-12,294.0,183.0,0.0,0.0,0.0
2023-08-13,311.0,189.0,79.0,0.0,0.0
2023-08-14,317.0,189.0,41.0,0.0,0.0
2023-08-15,333.0,211.0,505.0,0.0,0.0
2023-08-16,283.0,150.0,25.0,0.0,0.0
2023-08-17,283.0,150.0,0.0,0.0,0.0
2023-08-18,278.0,150.0,0.0,0.0,0.0
2023-08-19,294.0,117.0,0.0,0.0,0.0
2023-08-20,300.0,139.0,0.0,0.0,0.0
2023-08-21,311.0,150.0,0.0,0.0,0.0
2023-08-22,322.0,172.0,0.0,0.0,0.0
2023-08-23,328.0,161.0,0.0,0.0,0.0
2023-08-24,333.0,194.0,0.0,0.0,0.0
2023-08-25,317.0,200.0,0.0,0.0,0.0
2023-08-26,333.0,200.0,0.0,0.0,0.0
2023-08-27,339.0,178.0,0.0,0.0,0.0
2023-08-28,317.0,189.0,0.0,0.0,0.0
2023-08-29,300.0,200.0,292.0,0.0,0.0
2023-08-30,278.0,194.0,226.0,0.0,0.0
2023-08-31,267.0,156.0,25.0,0.0,0.0
2023-09-01,267.0,156.0,0.0,0.0,0.0
2023-09-02,300.0,144.0,0.0,0.0,0.0
2023-09-03,294.0,156.0,0.0,0.0,0.0
2023-09-04,300.0,156.0,0.0,0.0,0.0
2023-09-05,311.0,156.0,0.0,0.0,0.0
2023-09-06,272.0,178.0,0.0,0.0,0.0
2023-09-07,300.0,172.0,0.0,0.0,0.0
2023-09-08,300.0,150.0,0.0,0.0,0.0
2023-09-09,300.0,139.0,0.0,0.0,0.0
2023-09-10,283.0,144.0,28.0,0.0,0.0
2023-09-11,283.0,161.0,3.0,0.0,0.0
2023-09-12,294.0,156.0,0.0,0.0,0.0
2023-09-13,283.0,167.0,5.0,0.0,0.0
2023-09-14,278.0,144.0,0.0,0.0,0.0
2023-09-15,278.0,144.0,0.0,0.0,0.0
2023-09-16,256.0,150.0,0.0,0.0,0.0
2023-09-17,256.0,144.0,305.0,0.0,0.0
2023-09-18,244.0,100.0,0.0,0.0,0.0
2023-09-19,244.0,100.0,0.0,0.0,0.0
2023-09-20,261.0,94.0,0.0,0.0,0.0
2023-09-21,256.0,89.0,0.0,0.0,0.0
2023-09-22,261.0,89.0,0.0,0.0,0.0
2023-09-23,267.0,89.0,0.0,0.0,0.0
2023-09-24,261.0,89.0,0.0,0.0,0.0
2023-09-25,267.0,94.0,0.0,0.0,0.0
2023-09-26,261.0,111.0,0.0,0.0,0.0
2023-09-27,283.0,111.0,0.0,0.0,0.0
2023-09-28,272.0,133.0,28.0,0.0,0.0
2023-09-29,272.0,128.0,0.0,0.0,0.0
2023-09-30,278.0,100.0,0.0,0.0,0.0
2023-10-01,283.0,111.0,0.0,0.0,0.0
2023-10-02,278.0,133.0,0.0,0.0,0.0
2023-10-03,283.0,111.0,0.0,0.0,0.0
2023-10-04,283.0,100.0,0.0,0.0,0.0
2023-10-05,272.0,100.0,0.0,0.0,0.0
2023-10-06,250.0,100.0,5.0,0.0,0.0
2023-10-07,239.0,89.0,25.0,0.0,0.0
2023-10-08,239.0,0.0,0.0,0.0,0.0
2023-10-09,167.0,-6.0,0.0,0.0,0.0
2023-10-10,211.0,-6.0,0.0,0.0,0.0
2023-10-11,244.0,72.0,0.0,0.0,0.0
2023-10-12,194.0,83.0,89.0,0.0,0.0
2023-10-13,250.0,67.0,0.0,0.0,0.0
2023-10-14,233.0,94.0,51.0,0.0,0.0
2023-10-15,228.0,106.0,0.0,0.0,0.0
2023-10-16,144.0,33.0,0.0,0.0,0.0
2023-10-17,122.0,33.0,3.0,0.0,0.0
2023-10-18,167.0,33.0,0.0,0.0,0.0
2023-10-19,211.0,33.0,0.0,0.0,0.0
2023-10-20,206.0,72.0,91.0,0.0,0.0
2023-10-21,200.0,17.0,23.0,0.0,0.0
2023-10-22,217.0,17.0,0.0,0.0,0.0
2023-10-23,211.0,-11.0,0.0,0.0,0.0
2023-10-24,239.0,-11.0,0.0,0.0,0.0
2023-10-25,250.0,11.0,0.0,0.0,0.0
2023-10-26,250.0,11.0,0.0,0.0,0.0
2023-10-27,250.0,72.0,0.0,0.0,0.0
2023-10-28,256.0,83.0,0.0,0.0,0.0
2023-10-29,272.0,89.0,0.0,0.0,0.0
2023-10-30,256.0,106.0,0.0,0.0,0.0
2023-10-31,228.0,67.0,0.0,0.0,0.0
2023-11-01,122.0,-22.0,0.0,0.0,0.0
2023-11-02,100.0,-78.0,0.0,0.0,0.0
2023-11-03,144.0,-78.0,0.0,0.0,0.0
2023-11-04,200.0,-67.0,0.0,0.0,0.0
2023-11-05,217.0,-50.0,0.0,0.0,0.0
2023-11-06,222.0,-6.0,0.0,0.0,0.0
2023-11-07,239.0,-11.0,0.0,0.0,0.0
2023-11-08,256.0,22.0,0.0,0.0,0.0
2023-11-09,278.0,22.0,0.0,0.0,0.0
2023-11-10,244.0,100.0,13.0,0.0,0.0
2023-11-11,244.0,89.0,15.0,0.0,0.0
2023-11-12,244.0,89.0,0.0,0.0,0.0
2023-11-13,167.0,33.0,0.0,0.0,0.0
2023-11-14,194.0,-6.0,0.0,0.0,0.0
2023-11-15,217.0,-6.0,0.0,0.0,0.0
2023-11-16,167.0,72.0,0.0,0.0,0.0
2023-11-17,222.0,83.0,0.0,0.0,0.0
2023-11-18,206.0,83.0,0.0,0.0,0.0
2023-11-19,194.0,0.0,0.0,0.0,0.0
2023-11-20,222.0,22.0,0.0,0.0,0.0
2023-11-21,167.0,100.0,102.0,0.0,0.0
2023-11-22,139.0,67.0,109.0,0.0,0.0
2023-11-23,100.0,11.0,0.0,0.0,0.0
2023-11-24,133.0,17.0,0.0,0.0,0.0
2023-11-25,161.0,-17.0,0.0,0.0,0.0
2023-11-26,133.0,-11.0,0.0,0.0,0.0
2023-11-27,161.0,-17.0,20.0,0.0,0.0
2023-11-28,50.0,-72.0,0.0,0.0,0.0
2023-11-29,61.0,-106.0,0.0,0.0,0.0
2023-11-30,106.0,-83.0,0.0,0.0,0.0
2023-12-01,161.0,0.0,0.0,0.0,0.0
2023-12-02,161.0,0.0,64.0,0.0,0.0
2023-12-03,161.0,128.0,25.0,0.0,0.0
2023-12-04,183.0,-11.0,0.0,0.0,0.0
2023-12-05,161.0,-39.0,0.0,0.0,0.0
2023-12-06,161.0,-39.0,168.0,0.0,0.0
2023-12-07,161.0,-61.0,0.0,0.0,0.0
2023-12-08,144.0,-50.0,0.0,0.0,0.0
2023-12-09,150.0,22.0,231.0,0.0,0.0
2023-12-10,161.0,22.0,231.0,0.0,0.0
2023-12-11,128.0,-44.0,0.0,0.0,0.0
2023-12-12,67.0,-78.0,0.0,0.0,0.0
2023-12-13,111.0,-78.0,0.0,0.0,0.0
2023-12-14,139.0,-78.0,0.0,0.0,0.0
2023-12-15,156.0,-61.0,0.0,0.0,0.0
2023-12-16,161.0,-61.0,0.0,0.0,0.0
2023-12-17,128.0,39.0,0.0,0.0,0.0
2023-12-18,133.0,22.0,38.0,0.0,0.0
2023-12-19,133.0,-72.0,0.0,0.0,0.0
2023-12-20,56.0,-83.0,0.0,0.0,0.0
2023-12-21,122.0,-72.0,0.0,0.0,0.0
2023-12-22,156.0,-28.0,0.0,0.0,0.0
2023-12-23,183.0,-44.0,0.0,0.0,0.0
2023-12-24,178.0,-22.0,0.0,0.0,0.0
2023-12-25,178.0,-44.0,38.0,0.0,0.0
2023-12-26,150.0,117.0,279.0,0.0,0.0
2023-12-27,178.0,78.0,25.0,0.0,0.0
2023-12-28,178.0,-11.0,28.0,0.0,0.0
2023-12-29,89.0,-33.0,0.0,0.0,0.0
2023-12-30,28.0,0.0,0.0,0.0,0.0
2023-12-31,67.0,-22.0,0.0,0.0,0.0
2024-01-01,122.0,-22.0,0.0,0.0,0.0
2024-01-02,56.0,-67.0,0.0,0.0,0.0
2024-01-03,94.0,-78.0,0.0,0.0,0.0
2024-01-04,39.0,-72.0,0.0,0.0,0.0
2024-01-05,89.0,-83.0,0.0,0.0,0.0
2024-01-06,78.0,-56.0,201.0,0.0,0.0
2024-01-07,117.0,22.0,23.0,0.0,0.0
2024-01-08,56.0,-67.0,0.0,0.0,0.0
2024-01-09,100.0,-67.0,508.0,0.0,0.0
2024-01-10,122.0,0.0,229.0,0.0,0.0
2024-01-11,50.0,-67.0,0.0,0.0,0.0
2024-01-12,139.0,-67.0,0.0,0.0,0.0
2024-01-13,139.0,-67.0,114.0,0.0,0.0
2024-01-14,39.0,-83.0,0.0,0.0,0.0
2024-01-15,78.0,-61.0,0.0,0.0,0.0
2024-01-16,44.0,-50.0,38.0,0.0,0.0
2024-01-17,44.0,-139.0,0.0,0.0,0.0
2024-01-18,11.0,-133.0,0.0,0.0,0.0
2024-01-19,72.0,-111.0,46.0,0.0,0.0
2024-01-20,6.0,-122.0,0.0,0.0,0.0
2024-01-21,-44.0,-156.0,0.0,0.0,0.0
2024-01-22,44.0,-156.0,0.0,0.0,0.0
2024-01-23,117.0,-161.0,0.0,0.0,0.0
2024-01-24,128.0,78.0,0.0,0.0,0.0
2024-01-25,161.0,78.0,292.0,0.0,0.0
2024-01-26,178.0,106.0,394.0,0.0,0.0
2024-01-27,189.0,61.0,0.0,0.0,0.0
2024-01-28,189.0,33.0,135.0,0.0,0.0
2024-01-29,44.0,11.0,89.0,0.0,0.0
2024-01-30,72.0,-39.0,0.0,0.0,0.0
2024-01-31,139.0,-33.0,81.0,0.0,0.0
2024-02-01,100.0,-50.0,0.0,0.0,0.0
2024-02-02,150.0,-50.0,0.0,0.0,0.0
2024-02-03,150.0,-50.0,0.0,0.0,0.0
2024-02-04,183.0,-28.0,0.0,0.0,0.0
2024-02-05,183.0,-28.0,0.0,0.0,0.0
2024-02-06,200.0,-39.0,0.0,0.0,0.0
2024-02-07,200.0,-50.0,0.0,0.0,0.0
2024-02-08,189.0,-50.0,0.0,0.0,0.0
2024-02-09,189.0,-44.0,0.0,0.0,0.0
2024-02-10,111.0,78.0,10.0,0.0,0.0
2024-02-11,194.0,94.0,163.0,0.0,0.0
2024-02-12,161.0,106.0,188.0,0.0,0.0
2024-02-13,144.0,17.0,104.0,0.0,0.0
2024-02-14,144.0,-44.0,0.0,0.0,0.0
2024-02-15,150.0,-44.0,0.0,0.0,0.0
2024-02-16,183.0,-33.0,0.0,0.0,0.0
2024-02-17,133.0,-33.0,0.0,0.0,0.0
2024-02-18,39.0,-50.0,0.0,0.0,0.0
2024-02-19,100.0,-83.0,0.0,0.0,0.0
2024-02-20,144.0,-78.0,0.0,0.0,0.0
2024-02-21,161.0,-50.0,0.0,0.0,0.0
2024-02-22,183.0,-44.0,0.0,0.0,0.0
2024-02-23,194.0,-6.0,155.0,0.0,0.0
2024-02-24,194.0,-17.0,8.0,0.0,0.0
2024-02-25,128.0,-67.0,0.0,0.0,0.0
2024-02-26,161.0,-67.0,0.0,0.0,0.0
2024-02-27,211.0,0.0,64.0,0.0,0.0
2024-02-28,178.0,89.0,38.0,0.0,0.0
2024-02-29,200.0,-28.0,114.0,0.0,0.0
2024-03-01,200.0,-28.0,51.0,0.0,0.0
2024-03-02,122.0,33.0,292.0,0.0,0.0
2024-03-03,206.0,39.0,0.0,0.0,0.0
2024-03-04,233.0,72.0,5.0,0.0,0.0
2024-03-05,239.0,67.0,0.0,0.0,0.0
2024-03-06,189.0,106.0,178.0,0.0,0.0
2024-03-07,144.0,89.0,99.0,0.0,0.0
2024-03-08,233.0,78.0,0.0,0.0,0.0
2024-03-09,167.0,117.0,259.0,0.0,0.0
2024-03-10,183.0,11.0,15.0,0.0,0.0
2024-03-11,172.0,-33.0,0.0,0.0,0.0
2024-03-12,183.0,-44.0,0.0,0.0,0.0
2024-03-13,206.0,-44.0,0.0,0.0,0.0
2024-03-14,228.0,-17.0,0.0,0.0,0.0
2024-03-15,261.0,17.0,25.0,0.0,0.0
2024-03-16,183.0,111.0,203.0,0.0,0.0
2024-03-17,206.0,50.0,0.0,0.0,0.0
2024-03-18,156.0,22.0,0.0,0.0,0.0
2024-03-19,100.0,-39.0,0.0,0.0,0.0
2024-03-20,139.0,-39.0,0.0,0.0,0.0
2024-03-21,200.0,-28.0,0.0,0.0,0.0
2024-03-22,228.0,0.0,0.0,0.0,0.0
2024-03-23,217.0,100.0,122.0,0.0,0.0
2024-03-24,150.0,-28.0,0.0,0.0,0.0
2024-03-25,206.0,-28.0,0.0,0.0,0.0
2024-03-26,167.0,56.0,0.0,0.0,0.0
2024-03-27,122.0,78.0,130.0,0.0,0.0
2024-03-28,211.0,50.0,0.0,0.0,0.0
2024-03-29,211.0,-28.0,0.0,0.0,0.0
2024-03-30,194.0,-22.0,0.0,0.0,0.0
2024-03-31,228.0,33.0,0.0,0.0,0.0
2024-04-01,256.0,111.0,0.0,0.0,0.0
2024-04-02,233.0,133.0,0.0,0.0,0.0
2024-04-03,261.0,117.0,79.0,0.0,0.0
2024-04-04,133.0,44.0,0.0,0.0,0.0
2024-04-05,94.0,22.0,0.0,0.0,0.0
2024-04-06,111.0,-17.0,0.0,0.0,0.0
2024-04-07,167.0,-22.0,0.0,0.0,0.0
2024-04-08,233.0,56.0,0.0,0.0,0.0
2024-04-09,250.0,67.0,25.0,0.0,0.0
2024-04-10,144.0,106.0,218.0,0.0,0.0
2024-04-11,206.0,144.0,51.0,0.0,0.0
2024-04-12,228.0,72.0,114.0,0.0,0.0
2024-04-13,150.0,0.0,0.0,0.0,0.0
2024-04-14,222.0,22.0,0.0,0.0,0.0
2024-04-15,289.0,28.0,0.0,0.0,0.0
2024-04-16,294.0,111.0,0.0,0.0,0.0
2024-04-17,306.0,111.0,0.0,0.0,0.0
2024-04-18,233.0,94.0,25.0,0.0,0.0
2024-04-19,311.0,122.0,107.0,0.0,0.0
2024-04-20,256.0,150.0,0.0,0.0,0.0
2024-04-21,206.0,78.0,43.0,0.0,0.0
2024-04-22,,,,0.0,0.0
2024-04-23,172.0,-17.0,,0.0,0.0
2024-04-24,228.0,-6.0,0.0,0.0,0.0
2024-04-25,217.0,22.0,0.0,0.0,0.0
2024-04-26,244.0,83.0,0.0,0.0,0.0
2024-04-27,206.0,144.0,0.0,0.0,0.0
2024-04-28,228.0,117.0,0.0,0.0,0.0
2024-04-29,261.0,117.0,0.0,0.0,0.0
2024-04-30,261.0,117.0,178.0,0.0,0.0
2024-05-01,222.0,106.0,18.0,0.0,0.0
2024-05-02,278.0,94.0,0.0,0.0,0.0
2024-05-03,300.0,128.0,30.0,0.0,0.0
2024-05-04,244.0,156.0,150.0,0.0,0.0
2024-05-05,244.0,144.0,264.0,0.0,0.0
2024-05-06,261.0,133.0,157.0,0.0,0.0
2024-05-07,267.0,139.0,107.0,0.0,0.0
2024-05-08,267.0,139.0,0.0,0.0,0.0
2024-05-09,267.0,156.0,724.0,0.0,0.0
2024-05-10,278.0,156.0,109.0,0.0,0.0
2024-05-11,278.0,61.0,0.0,0.0,0.0
2024-05-12,217.0,72.0,0.0,0.0,0.0
2024-05-13,256.0,100.0,0.0,0.0,0.0
2024-05-14,256.0,100.0,8.0,0.0,0.0
2024-05-15,211.0,156.0,137.0,0.0,0.0
2024-05-16,233.0,156.0,23.0,0.0,0.0
2024-05-17,267.0,133.0,0.0,0.0,0.0
2024-05-18,222.0,150.0,8.0,0.0,0.0
2024-05-19,267.0,161.0,155.0,0.0,0.0
2024-05-20,261.0,144.0,28.0,0.0,0.0
2024-05-21,283.0,172.0,0.0,0.0,0.0
2024-05-22,289.0,156.0,0.0,0.0,0.0
2024-05-23,289.0,156.0,0.0,0.0,0.0
2024-05-24,272.0,167.0,38.0,0.0,0.0
2024-05-25,278.0,167.0,0.0,0.0,0.0
2024-05-26,278.0,139.0,185.0,0.0,0.0
2024-05-27,300.0,150.0,384.0,0.0,0.0
2024-05-28,272.0,150.0,8.0,0.0,0.0
2024-05-29,267.0,117.0,0.0,0.0,0.0
2024-05-30,256.0,78.0,0.0,0.0,0.0
2024-05-31,256.0,89.0,0.0,0.0,0.0
2024-06-01,256.0,117.0,0.0,0.0,0.0
2024-06-02,233.0,156.0,18.0,0.0,0.0
2024-06-03,250.0,150.0,140.0,0.0,0.0
2024-06-04,278.0,161.0,13.0,0.0,0.0
2024-06-05,289.0,183.0,0.0,0.0,0.0
2024-06-06,289.0,167.0,10.0,0.0,0.0
2024-06-07,267.0,167.0,142.0,0.0,0.0
2024-06-08,267.0,94.0,0.0,0.0,0.0
2024-06-09,289.0,150.0,0.0,0.0,0.0
2024-06-10,289.0,156.0,0.0,0.0,0.0
2024-06-11,283.0,94.0,0.0,0.0,0.0
2024-06-12,272.0,117.0,0.0,0.0,0.0
2024-06-13,289.0,150.0,0.0,0.0,0.0
2024-06-14,306.0,156.0,0.0,0.0,0.0
2024-06-15,311.0,161.0,0.0,0.0,0.0
2024-06-16,333.0,178.0,0.0,0.0,0.0
2024-06-17,322.0,183.0,114.0,0.0,0.0
2024-06-18,322.0,183.0,0.0,0.0,0.0
2024-06-19,300.0,189.0,0.0,0.0,0.0
2024-06-20,300.0,150.0,0.0,0.0,0.0
2024-06-21,306.0,156.0,0.0,0.0,0.0
2024-06-22,317.0,156.0,0.0,0.0,0.0
2024-06-23,322.0,178.0,0.0,0.0,0.0
2024-06-24,328.0,200.0,38.0,0.0,0.0
2024-06-25,317.0,128.0,0.0,0.0,0.0
2024-06-26,333.0,156.0,0.0,0.0,0.0
2024-06-27,344.0,206.0,20.0,0.0,0.0
2024-06-28,300.0,200.0,0.0,0.0,0.0
2024-06-29,322.0,222.0,0.0,0.0,0.0
2024-06-30,311.0,217.0,8.0,0.0,0.0
2024-07-01,317.0,183.0,0.0,0.0,0.0
2024-07-02,322.0,206.0,0.0,0.0,0.0
2024-07-03,322.0,150.0,0.0,0.0,0.0
2024-07-04,328.0,194.0,0.0,0.0,0.0
2024-07-05,328.0,206.0,0.0,0.0,0.0
2024-07-06,344.0,200.0,292.0,0.0,0.0
2024-07-07,328.0,206.0,0.0,0.0,0.0
2024-07-08,322.0,200.0,102.0,0.0,0.0
2024-07-09,339.0,200.0,76.0,0.0,0.0
2024-07-10,328.0,200.0,15.0,0.0,0.0
2024-07-11,283.0,144.0,0.0,0.0,0.0
2024-07-12,311.0,150.0,0.0,0.0,0.0
2024-07-13,322.0,150.0,0.0,0.0,0.0
2024-07-14,333.0,172.0,0.0,0.0,0.0
2024-07-15,339.0,200.0,0.0,0.0,0.0
2024-07-16,328.0,194.0,0.0,0.0,0.0
2024-07-17,322.0,200.0,94.0,0.0,0.0
2024-07-18,311.0,194.0,5.0,0.0,0.0
2024-07-19,283.0,194.0,104.0,0.0,0.0
2024-07-20,289.0,194.0,89.0,0.0,0.0
2024-07-21,283.0,200.0,107.0,0.0,0.0
2024-07-22,300.0,194.0,74.0,0.0,0.0
2024-07-23,289.0,194.0,208.0,0.0,0.0
2024-07-24,289.0,194.0,64.0,0.0,0.0
2024-07-25,300.0,211.0,178.0,0.0,0.0
2024-07-26,267.0,206.0,353.0,0.0,0.0
2024-07-27,300.0,189.0,5.0,0.0,0.0
2024-07-28,306.0,200.0,79.0,0.0,0.0
2024-07-29,289.0,206.0,25.0,0.0,0.0
2024-07-30,289.0,206.0,0.0,0.0,0.0
2024-07-31,317.0,172.0,140.0,0.0,0.0
2024-08-01,311.0,178.0,0.0,0.0,0.0
2024-08-02,306.0,211.0,0.0,0.0,0.0
2024-08-03,311.0,200.0,71.0,0.0,0.0
2024-08-04,289.0,183.0,0.0,0.0,0.0
2024-08-05,317.0,189.0,0.0,0.0,0.0
2024-08-06,339.0,194.0,0.0,0.0,0.0
2024-08-07,317.0,189.0,0.0,0.0,0.0
2024-08-08,333.0,189.0,0.0,0.0,0.0
2024-08-09,311.0,189.0,0.0,0.0,0.0
2024-08-10,317.0,172.0,0.0,0.0,0.0
2024-08-11,306.0,167.0,0.0,0.0,0.0
2024-08-12,306.0,144.0,0.0,0.0,0.0
2024-08-13,289.0,161.0,0.0,0.0,0.0
2024-08-14,306.0,150.0,0.0,0.0,0.0
2024-08-15,306.0,150.0,0.0,0.0,0.0
2024-08-16,306.0,172.0,267.0,0.0,0.0
2024-08-17,317.0,178.0,38.0,0.0,0.0
2024-08-18,317.0,183.0,0.0,0.0,0.0
2024-08-19,289.0,150.0,0.0,0.0,0.0
2024-08-20,283.0,139.0,0.0,0.0,0.0
2024-08-21,272.0,122.0,0.0,0.0,0.0
2024-08-22,272.0,122.0,0.0,0.0,0.0
2024-08-23,289.0,128.0,0.0,0.0,0.0
2024-08-24,294.0,111.0,0.0,0.0,0.0
2024-08-25,311.0,122.0,0.0,0.0,0.0
2024-08-26,311.0,117.0,0.0,0.0,0.0
2024-08-27,322.0,128.0,0.0,0.0,0.0
2024-08-28,328.0,139.0,0.0,0.0,0.0
2024-08-29,333.0,161.0,0.0,0.0,0.0
2024-08-30,344.0,178.0,0.0,0.0,0.0
2024-08-31,333.0,172.0,0.0,0.0,0.0
2024-09-01,317.0,189.0,97.0,0.0,0.0
2024-09-02,317.0,189.0,71.0,0.0,0.0
2024-09-03,311.0,183.0,5.0,0.0,0.0
2024-09-04,278.0,156.0,0.0,0.0,0.0
2024-09-05,289.0,161.0,0.0,0.0,0.0
2024-09-06,289.0,128.0,0.0,0.0,0.0
2024-09-07,278.0,139.0,0.0,0.0,0.0
2024-09-08,244.0,89.0,0.0,0.0,0.0
2024-09-09,267.0,83.0,0.0,0.0,0.0
2024-09-10,272.0,83.0,0.0,0.0,0.0
2024-09-11,294.0,94.0,0.0,0.0,0.0
2024-09-12,272.0,117.0,0.0,0.0,0.0
2024-09-13,272.0,117.0,0.0,0.0,0.0
2024-09-14,272.0,172.0,0.0,0.0,0.0
2024-09-15,267.0,172.0,0.0,0.0,0.0
2024-09-16,272.0,111.0,0.0,0.0,0.0
2024-09-17,294.0,122.0,46.0,0.0,0.0
2024-09-18,294.0,122.0,5.0,0.0,0.0
2024-09-19,267.0,156.0,0.0,0.0,0.0
2024-09-20,300.0,150.0,0.0,0.0,0.0
2024-09-21,317.0,128.0,0.0,0.0,0.0
2024-09-22,328.0,150.0,0.0,0.0,0.0
2024-09-23,328.0,167.0,0.0,0.0,0.0
2024-09-24,328.0,161.0,0.0,0.0,0.0
2024-09-25,294.0,167.0,25.0,0.0,0.0
2024-09-26,261.0,167.0,584.0,0.0,0.0
2024-09-27,217.0,172.0,724.0,0.0,0.0
2024-09-28,217.0,178.0,33.0,0.0,0.0
2024-09-29,194.0,156.0,38.0,0.0,0.0
2024-09-30,206.0,167.0,13.0,0.0,0.0
2024-10-01,233.0,167.0,53.0,0.0,0.0
2024-10-02,256.0,144.0,0.0,0.0,0.0
2024-10-03,278.0,128.0,0.0,0.0,0.0
2024-10-04,278.0,128.0,0.0,0.0,0.0
2024-10-05,278.0,156.0,0.0,0.0,0.0
2024-10-06,300.0,144.0,0.0,0.0,0.0
2024-10-07,300.0,128.0,0.0,0.0,0.0
2024-10-08,300.0,83.0,0.0,0.0,0.0
2024-10-09,300.0,83.0,0.0,0.0,0.0
2024-10-10,250.0,50.0,0.0,0.0,0.0
2024-10-11,244.0,17.0,0.0,0.0,0.0
2024-10-12,228.0,28.0,0.0,0.0,0.0
2024-10-13,239.0,28.0,0.0,0.0,0.0
2024-10-14,272.0,100.0,71.0,0.0,0.0
2024-10-15,178.0,11.0,0.0,0.0,0.0
2024-10-16,144.0,6.0,0.0,0.0,0.0
2024-10-17,128.0,-28.0,0.0,0.0,0.0
2024-10-18,167.0,-28.0,0.0,0.0,0.0
2024-10-19,211.0,-11.0,0.0,0.0,0.0
2024-10-20,228.0,0.0,0.0,0.0,0.0
2024-10-21,239.0,0.0,0.0,0.0,0.0
2024-10-22,256.0,11.0,0.0,0.0,0.0
2024-10-23,256.0,17.0,0.0,0.0,0.0
2024-10-24,250.0,33.0,0.0,0.0,0.0
2024-10-25,261.0,0.0,0.0,0.0,0.0
2024-10-26,267.0,67.0,0.0,0.0,0.0
2024-10-27,250.0,122.0,25.0,0.0,0.0
2024-10-28,200.0,78.0,0.0,0.0,0.0
2024-10-29,239.0,61.0,0.0,0.0,0.0
2024-10-30,250.0,61.0,0.0,0.0,0.0
2024-10-31,250.0,61.0,0.0,0.0,0.0
2024-11-01,261.0,61.0,28.0,0.0,0.0
2024-11-02,183.0,144.0,43.0,0.0,0.0
2024-11-03,244.0,100.0,0.0,0.0,0.0
2024-11-04,222.0,139.0,0.0,0.0,0.0
2024-11-05,217.0,139.0,0.0,0.0,0.0
2024-11-06,250.0,150.0,0.0,0.0,0.0
2024-11-07,256.0,117.0,0.0,0.0,0.0
2024-11-08,283.0,122.0,0.0,0.0,0.0
2024-11-09,261.0,78.0,0.0,0.0,0.0
2024-11-10,261.0,89.0,0.0,0.0,0.0
2024-11-11,172.0,144.0,124.0,0.0,0.0
2024-11-12,228.0,44.0,0.0,0.0,0.0
2024-11-13,233.0,44.0,0.0,0.0,0.0
2024-11-14,183.0,67.0,229.0,0.0,0.0
2024-11-15,139.0,72.0,0.0,0.0,0.0
2024-11-16,183.0,28.0,0.0,0.0,0.0
2024-11-17,183.0,-6.0,0.0,0.0,0.0
2024-11-18,217.0,28.0,0.0,0.0,0.0
2024-11-19,228.0,28.0,0.0,0.0,0.0
2024-11-20,178.0,128.0,495.0,0.0,0.0
2024-11-21,194.0,-17.0,0.0,0.0,0.0
2024-11-22,100.0,17.0,0.0,0.0,0.0
2024-11-23,83.0,17.0,0.0,0.0,0.0
2024-11-24,117.0,-28.0,0.0,0.0,0.0
2024-11-25,178.0,-22.0,0.0,0.0,0.0
2024-11-26,194.0,39.0,122.0,0.0,0.0
2024-11-27,150.0,-11.0,0.0,0.0,0.0
2024-11-28,183.0,-11.0,191.0,0.0,0.0
2024-11-29,100.0,11.0,0.0,0.0,0.0
2024-11-30,100.0,-67.0,0.0,0.0,0.0
2024-12-01,67.0,-50.0,0.0,0.0,0.0
2024-12-02,89.0,-72.0,0.0,0.0,0.0
2024-12-03,56.0,-39.0,8.0,0.0,8.0
2024-12-04,28.0,-89.0,0.0,0.0,0.0
2024-12-05,94.0,-78.0,8.0,0.0,0.0
2024-12-06,78.0,-106.0,0.0,0.0,0.0
2024-12-07,33.0,-94.0,0.0,0.0,0.0
2024-12-08,111.0,-94.0,0.0,0.0,0.0
2024-12-09,128.0,-39.0,224.0,0.0,0.0
2024-12-10,133.0,78.0,71.0,0.0,0.0
2024-12-11,189.0,28.0,259.0,0.0,0.0
2024-12-12,39.0,-39.0,0.0,0.0,0.0
2024-12-13,94.0,-61.0,0.0,0.0,0.0
2024-12-14,122.0,-50.0,0.0,0.0,0.0
2024-12-15,139.0,61.0,28.0,0.0,0.0
2024-12-16,94.0,78.0,56.0,0.0,0.0
2024-12-17,161.0,89.0,157.0,0.0,0.0
2024-12-18,161.0,94.0,8.0,0.0,0.0
2024-12-19,206.0,44.0,23.0,0.0,0.0
2024-12-20,83.0,6.0,0.0,0.0,0.0
2024-12-21,89.0,-17.0,0.0,0.0,0.0
2024-12-22,89.0,-78.0,0.0,0.0,0.0
2024-12-23,72.0,-72.0,0.0,0.0,0.0
2024-12-24,111.0,-72.0,0.0,0.0,0.0
2024-12-25,133.0,-67.0,0.0,0.0,0.0
2024-12-26,167.0,-39.0,0.0,0.0,0.0
2024-12-27,150.0,22.0,0.0,0.0,0.0
2024-12-28,122.0,94.0,173.0,0.0,0.0
2024-12-29,183.0,100.0,432.0,0.0,0.0
2024-12-30,150.0,44.0,5.0,0.0,0.0
2024-12-31,172.0,6.0,13.0,0.0,0.0
2025-01-01,172.0,28.0,13.0,0.0,0.0
2025-01-02,61.0,-61.0,0.0,0.0,0.0
2025-01-03,67.0,-61.0,0.0,0.0,0.0
2025-01-04,61.0,-56.0,0.0,0.0,0.0
2025-01-05,50.0,-56.0,0.0,0.0,0.0
2025-01-06,72.0,-17.0,216.0,0.0,0.0
2025-01-07,72.0,-72.0,0.0,0.0,0.0
2025-01-08,17.0,-89.0,0.0,0.0,0.0
2025-01-09,-11.0,-111.0,0.0,0.0,0.0
2025-01-10,33.0,-94.0,0.0,0.0,0.0
2025-01-11,6.0,-39.0,76.0,76.0,8.0
2025-01-12,0.0,-122.0,0.0,51.0,0.0
2025-01-13,56.0,-122.0,0.0,25.0,0.0
2025-01-14,83.0,-83.0,0.0,0.0,0.0
2025-01-15,61.0,-83.0,0.0,0.0,0.0
2025-01-16,61.0,-89.0,0.0,0.0,0.0
2025-01-17,106.0,-89.0,0.0,0.0,0.0
2025-01-18,150.0,-61.0,127.0,0.0,0.0
2025-01-19,50.0,28.0,0.0,0.0,0.0
2025-01-20,33.0,-122.0,0.0,0.0,0.0
2025-01-21,-39.0,-133.0,0.0,0.0,0.0
2025-01-22,-17.0,-156.0,0.0,0.0,0.0
2025-01-23,22.0,-161.0,0.0,0.0,0.0
2025-01-24,33.0,-122.0,0.0,0.0,0.0
2025-01-25,44.0,-117.0,0.0,0.0,0.0
2025-01-26,83.0,-89.0,0.0,0.0,0.0
2025-01-27,94.0,-11.0,86.0,0.0,0.0
2025-01-28,67.0,-67.0,8.0,0.0,0.0
2025-01-29,122.0,-61.0,0.0,0.0,0.0
2025-01-30,156.0,-61.0,0.0,0.0,0.0
2025-01-31,178.0,-56.0,0.0,0.0,0.0
2025-02-01,167.0,11.0,135.0,0.0,0.0
2025-02-02,122.0,-22.0,0.0,0.0,0.0
2025-02-03,183.0,-17.0,0.0,0.0,0.0
2025-02-04,222.0,-22.0,0.0,0.0,0.0
2025-02-05,239.0,17.0,0.0,0.0,0.0
2025-02-06,217.0,22.0,25.0,0.0,0.0
2025-02-07,189.0,22.0,53.0,0.0,0.0
2025-02-08,156.0,89.0,20.0,0.0,0.0
2025-02-09,222.0,89.0,25.0,0.0,0.0
2025-02-10,189.0,44.0,0.0,0.0,0.0
2025-02-11,122.0,39.0,15.0,0.0,0.0
2025-02-12,67.0,39.0,267.0,0.0,0.0
2025-02-13,106.0,61.0,488.0,0.0,0.0
2025-02-14,106.0,-39.0,0.0,0.0,0.0
2025-02-15,172.0,-33.0,8.0,0.0,0.0
2025-02-16,161.0,67.0,244.0,0.0,0.0
2025-02-17,161.0,-44.0,5.0,0.0,0.0
2025-02-18,67.0,-67.0,0.0,0.0,0.0
2025-02-19,117.0,-56.0,38.0,25.0,13.0
2025-02-20,117.0,-72.0,0.0,0.0,0.0
2025-02-21,-33.0,-117.0,0.0,0.0,0.0
2025-02-22,61.0,-117.0,0.0,0.0,0.0
2025-02-23,89.0,-78.0,0.0,0.0,0.0
2025-02-24,122.0,-61.0,0.0,0.0,0.0
2025-02-25,189.0,-56.0,0.0,0.0,0.0
2025-02-26,217.0,-28.0,0.0,0.0,0.0
2025-02-27,239.0,28.0,0.0,0.0,0.0
2025-02-28,172.0,-6.0,0.0,0.0,0.0
2025-03-01,178.0,-28.0,0.0,0.0,0.0
2025-03-02,178.0,-44.0,0.0,0.0,0.0
2025-03-03,106.0,-83.0,0.0,0.0,0.0
2025-03-04,172.0,-61.0,0.0,0.0,0.0
2025-03-05,161.0,11.0,216.0,0.0,0.0
2025-03-06,161.0,-17.0,53.0,0.0,0.0
2025-03-07,72.0,-39.0,0.0,0.0,0.0
2025-03-08,167.0,-17.0,0.0,0.0,0.0
2025-03-09,178.0,28.0,0.0,0.0,0.0
2025-03-10,178.0,50.0,0.0,0.0,0.0
2025-03-11,189.0,-39.0,8.0,0.0,0.0
2025-03-12,239.0,-39.0,0.0,0.0,0.0
2025-03-13,250.0,-39.0,0.0,0.0,0.0
2025-03-14,239.0,22.0,0.0,0.0,0.0
2025-03-15,256.0,78.0,0.0,0.0,0.0
2025-03-16,211.0,117.0,358.0,0.0,0.0
2025-03-17,200.0,11.0,0.0,0.0,0.0
2025-03-18,128.0,-39.0,0.0,0.0,0.0
2025-03-19,244.0,-33.0,0.0,0.0,0.0
2025-03-20,256.0,89.0,46.0,0.0,0.0
2025-03-21,106.0,-33.0,0.0,0.0,0.0
2025-03-22,167.0,-39.0,0.0,0.0,0.0
2025-03-23,194.0,-28.0,0.0,0.0,0.0
2025-03-24,239.0,117.0,51.0,0.0,0.0
2025-03-25,178.0,-11.0,3.0,0.0,0.0
2025-03-26,233.0,-11.0,0.0,0.0,0.0
2025-03-27,172.0,-17.0,0.0,0.0,0.0
2025-03-28,217.0,-17.0,0.0,0.0,0.0
2025-03-29,267.0,17.0,0.0,0.0,0.0
2025-03-30,200.0,111.0,0.0,0.0,0.0
2025-03-31,200.0,139.0,152.0,0.0,0.0
2025-04-01,194.0,39.0,175.0,0.0,0.0
2025-04-02,233.0,39.0,0.0,0.0,0.0
2025-04-03,256.0,44.0,0.0,0.0,0.0
2025-04-04,294.0,111.0,0.0,0.0,0.0
2025-04-05,300.0,150.0,0.0,0.0,0.0
2025-04-06,306.0,144.0,99.0,0.0,0.0
2025-04-07,172.0,150.0,749.0,0.0,0.0
2025-04-08,183.0,11.0,10.0,0.0,0.0
2025-04-09,133.0,-22.0,0.0,0.0,0.0
2025-04-10,211.0,-17.0,0.0,0.0,0.0
2025-04-11,189.0,-17.0,71.0,0.0,0.0
2025-04-12,144.0,17.0,18.0,0.0,0.0
2025-04-13,139.0,-22.0,0.0,0.0,0.0
2025-04-14,233.0,-6.0,0.0,0.0,0.0
2025-04-15,289.0,44.0,0.0,0.0,0.0
2025-04-16,189.0,11.0,0.0,0.0,0.0
2025-04-17,194.0,-6.0,0.0,0.0,0.0
2025-04-18,256.0,-6.0,0.0,0.0,0.0
2025-04-19,289.0,6.0,0.0,0.0,0.0
2025-04-20,306.0,117.0,0.0,0.0,0.0
2025-04-21,300.0,122.0,0.0,0.0,0.0
2025-04-22,278.0,133.0,127.0,0.0,0.0
2025-04-23,206.0,139.0,79.0,0.0,0.0
2025-04-24,256.0,139.0,38.0,0.0,0.0
2025-04-25,228.0,122.0,13.0,0.0,0.0
2025-04-26,250.0,150.0,140.0,0.0,0.0
2025-04-27,256.0,106.0,0.0,0.0,0.0
2025-04-28,267.0,111.0,0.0,0.0,0.0
2025-04-29,283.0,94.0,0.0,0.0,0.0
2025-04-30,267.0,111.0,0.0,0.0,0.0
2025-05-01,300.0,150.0,0.0,0.0,0.0
2025-05-02,250.0,133.0,46.0,0.0,0.0
2025-05-03,256.0,128.0,274.0,0.0,0.0
2025-05-04,256.0,89.0,142.0,0.0,0.0
2025-05-05,178.0,61.0,0.0,0.0,0.0
2025-05-06,167.0,67.0,0.0,0.0,0.0
2025-05-07,222.0,89.0,25.0,0.0,0.0
2025-05-08,172.0,111.0,13.0,0.0,0.0
2025-05-09,278.0,122.0,56.0,0.0,0.0
2025-05-10,250.0,117.0,0.0,0.0,0.0
2025-05-11,183.0,128.0,46.0,0.0,0.0
2025-05-12,256.0,161.0,0.0,0.0,0.0
2025-05-13,233.0,156.0,711.0,0.0,0.0
2025-05-14,217.0,150.0,183.0,0.0,0.0
2025-05-15,261.0,156.0,0.0,0.0,0.0
2025-05-16,278.0,161.0,0.0,0.0,0.0
2025-05-17,283.0,161.0,109.0,0.0,0.0
2025-05-18,283.0,128.0,0.0,0.0,0.0
2025-05-19,283.0,150.0,3.0,0.0,0.0
2025-05-20,283.0,150.0,64.0,0.0,0.0
2025-05-21,300.0,178.0,203.0,0.0,0.0
2025-05-22,250.0,89.0,0.0,0.0,0.0
2025-05-23,244.0,83.0,0.0,0.0,0.0
2025-05-24,244.0,78.0,0.0,0.0,0.0
2025-05-25,194.0,111.0,38.0,0.0,0.0
2025-05-26,244.0,106.0,165.0,0.0,0.0
2025-05-27,267.0,150.0,86.0,0.0,0.0
2025-05-28,189.0,144.0,284.0,0.0,0.0
2025-05-29,267.0,150.0,0.0,0.0,0.0
2025-05-30,222.0,161.0,97.0,0.0,0.0
2025-05-31,228.0,83.0,114.0,0.0,0.0
2025-06-01,239.0,94.0,0.0,0.0,0.0
2025-06-02,250.0,117.0,0.0,0.0,0.0
2025-06-03,283.0,122.0,0.0,0.0,0.0
2025-06-04,294.0,144.0,0.0,0.0,0.0
2025-06-05,289.0,161.0,0.0,0.0,0.0
2025-06-06,300.0,161.0,0.0,0.0,0.0
2025-06-07,306.0,161.0,188.0,0.0,0.0
2025-06-08,300.0,178.0,401.0,0.0,0.0
2025-06-09,278.0,156.0,0.0,0.0,0.0
2025-06-10,278.0,161.0,102.0,0.0,0.0
2025-06-11,267.0,122.0,0.0,0.0,0.0
2025-06-12,294.0,133.0,0.0,0.0,0.0
2025-06-13,300.0,189.0,13.0,0.0,0.0
2025-06-14,300.0,183.0,163.0,0.0,0.0
2025-06-15,283.0,189.0,38.0,0.0,0.0
2025-06-16,294.0,194.0,5.0,0.0,0.0
2025-06-17,289.0,183.0,152.0,0.0,0.0
2025-06-18,306.0,189.0,188.0,0.0,0.0
2025-06-19,294.0,183.0,18.0,0.0,0.0
2025-06-20,272.0,183.0,5.0,0.0,0.0
2025-06-21,300.0,161.0,0.0,0.0,0.0
2025-06-22,322.0,167.0,0.0,0.0,0.0
2025-06-23,328.0,183.0,0.0,0.0,0.0
2025-06-24,328.0,194.0,46.0,0.0,0.0
2025-06-25,333.0,194.0,25.0,0.0,0.0
2025-06-26,339.0,200.0,0.0,0.0,0.0
2025-06-27,333.0,172.0,56.0,0.0,0.0
2025-06-28,322.0,178.0,76.0,0.0,0.0
2025-06-29,311.0,172.0,437.0,0.0,0.0
2025-06-30,322.0,183.0,10.0,0.0,0.0
2025-07-01,311.0,200.0,13.0,0.0,0.0
2025-07-02,300.0,206.0,203.0,0.0,0.0
2025-07-03,306.0,167.0,5.0,0.0,0.0
2025-07-04,317.0,178.0,0.0,0.0,0.0
2025-07-05,322.0,172.0,145.0,0.0,0.0
2025-07-06,317.0,178.0,0.0,0.0,0.0
2025-07-07,317.0,183.0,0.0,0.0,0.0
2025-07-08,322.0,183.0,0.0,0.0,0.0
2025-07-09,322.0,183.0,0.0,0.0,0.0
2025-07-10,311.0,194.0,0.0,0.0,0.0
2025-07-11,300.0,200.0,0.0,0.0,0.0
2025-07-12,300.0,183.0,71.0,0.0,0.0
2025-07-13,306.0,189.0,0.0,0.0,0.0
2025-07-14,322.0,183.0,0.0,0.0,0.0
2025-07-15,328.0,183.0,0.0,0.0,0.0
2025-07-16,333.0,183.0,165.0,0.0,0.0
2025-07-17,322.0,206.0,0.0,0.0,0.0
2025-07-18,322.0,200.0,8.0,0.0,0.0
2025-07-19,317.0,211.0,10.0,0.0,0.0
2025-07-20,289.0,217.0,0.0,0.0,0.0
2025-07-21,317.0,206.0,8.0,0.0,0.0
2025-07-22,322.0,206.0,0.0,0.0,0.0
2025-07-23,322.0,206.0,38.0,0.0,0.0
2025-07-24,311.0,167.0,0.0,0.0,0.0
2025-07-25,317.0,183.0,0.0,0.0,0.0
2025-07-26,317.0,189.0,0.0,0.0,0.0
2025-07-27,328.0,200.0,0.0,0.0,0.0
2025-07-28,333.0,206.0,41.0,0.0,0.0
2025-07-29,317.0,206.0,0.0,0.0,0.0
2025-07-30,333.0,206.0,0.0,0.0,0.0
2025-07-31,333.0,206.0,48.0,0.0,0.0
2025-08-01,311.0,206.0,48.0,0.0,0.0
2025-08-02,317.0,206.0,0.0,0.0,0.0
2025-08-03,283.0,189.0,340.0,0.0,0.0
2025-08-04,233.0,167.0,10.0,0.0,0.0
2025-08-05,233.0,167.0,0.0,0.0,0.0
2025-08-06,278.0,183.0,0.0,0.0,0.0
2025-08-07,300.0,183.0,0.0,0.0,0.0
2025-08-08,300.0,178.0,25.0,0.0,0.0
2025-08-09,283.0,172.0,25.0,0.0,0.0
2025-08-10,289.0,144.0,0.0,0.0,0.0
2025-08-11,289.0,122.0,0.0,0.0,0.0
2025-08-12,283.0,206.0,76.0,0.0,0.0
2025-08-13,289.0,211.0,254.0,0.0,0.0
2025-08-14,300.0,206.0,224.0,0.0,0.0
2025-08-15,311.0,206.0,0.0,0.0,0.0
2025-08-16,322.0,194.0,137.0,0.0,0.0
2025-08-17,322.0,194.0,0.0,0.0,0.0
2025-08-18,317.0,194.0,0.0,0.0,0.0
2025-08-19,322.0,194.0,20.0,0.0,0.0
2025-08-20,300.0,189.0,8.0,0.0,0.0
2025-08-21,317.0,183.0,0.0,0.0,0.0
2025-08-22,311.0,172.0,0.0,0.0,0.0
2025-08-23,283.0,189.0,0.0,0.0,0.0
2025-08-24,289.0,172.0,0.0,0.0,0.0
2025-08-25,289.0,150.0,0.0,0.0,0.0
2025-08-26,256.0,133.0,0.0,0.0,0.0
2025-08-27,256.0,78.0,0.0,0.0,0.0
2025-08-28,256.0,78.0,0.0,0.0,0.0
2025-08-29,244.0,78.0,0.0,0.0,0.0
2025-08-30,283.0,100.0,0.0,0.0,0.0
2025-08-31,294.0,100.0,0.0,0.0,0.0
2025-09-01,289.0,94.0,30.0,0.0,0.0
2025-09-02,261.0,133.0,0.0,0.0,0.0
2025-09-03,261.0,133.0,267.0,0.0,0.0
2025-09-04,261.0,133.0,58.0,0.0,0.0
2025-09-05,283.0,133.0,25.0,0.0,0.0
2025-09-06,294.0,133.0,71.0,0.0,0.0
2025-09-07,222.0,150.0,76.0,0.0,0.0
2025-09-08,250.0,111.0,0.0,0.0,0.0
2025-09-09,261.0,94.0,0.0,0.0,0.0
2025-09-10,261.0,94.0,0.0,0.0,0.0
2025-09-11,261.0,94.0,0.0,0.0,0.0
2025-09-12,272.0,94.0,0.0,0.0,0.0
2025-09-13,283.0,111.0,0.0,0.0,0.0
2025-09-14,278.0,117.0,0.0,0.0,0.0
2025-09-15,283.0,117.0,0.0,0.0,0.0
2025-09-16,283.0,117.0,0.0,0.0,0.0
2025-09-17,289.0,122.0,0.0,0.0,0.0
2025-09-18,289.0,100.0,0.0,0.0,0.0
2025-09-19,294.0,106.0,0.0,0.0,0.0
2025-09-20,300.0,117.0,0.0,0.0,0.0
2025-09-21,306.0,122.0,0.0,0.0,0.0
2025-09-22,294.0,150.0,147.0,0.0,0.0
2025-09-23,294.0,150.0,0.0,0.0,0.0
2025-09-24,278.0,156.0,0.0,0.0,0.0
2025-09-25,267.0,167.0,305.0,0.0,0.0
2025-09-26,267.0,167.0,79.0,0.0,0.0
2025-09-27,278.0,167.0,25.0,0.0,0.0
2025-09-28,250.0,144.0,0.0,0.0,0.0
2025-09-29,289.0,150.0,0.0,0.0,0.0
2025-09-30,278.0,167.0,0.0,0.0,0.0
2025-10-01,278.0,156.0,213.0,0.0,0.0
2025-10-02,283.0,111.0,0.0,0.0,0.0
2025-10-03,250.0,67.0,0.0,0.0,0.0
2025-10-04,256.0,89.0,0.0,0.0,0.0
2025-10-05,261.0,94.0,0.0,0.0,0.0
2025-10-06,244.0,139.0,0.0,0.0,0.0
2025-10-07,267.0,144.0,0.0,0.0,0.0
2025-10-08,244.0,183.0,102.0,0.0,0.0
2025-10-09,261.0,133.0,0.0,0.0,0.0
2025-10-10,261.0,106.0,0.0,0.0,0.0
2025-10-11,261.0,72.0,0.0,0.0,0.0
2025-10-12,228.0,72.0,0.0,0.0,0.0
2025-10-13,239.0,56.0,0.0,0.0,0.0
2025-10-14,250.0,67.0,0.0,0.0,0.0
2025-10-15,256.0,56.0,0.0,0.0,0.0
2025-10-16,256.0,67.0,0.0,0.0,0.0
2025-10-17,250.0,61.0,0.0,0.0,0.0
2025-10-18,250.0,61.0,0.0,0.0,0.0
2025-10-19,256.0,128.0,76.0,0.0,0.0
2025-10-20,206.0,11.0,5.0,0.0,0.0
2025-10-21,206.0,6.0,0.0,0.0,0.0
2025-10-22,206.0,6.0,46.0,0.0,0.0
2025-10-23,178.0,-11.0,0.0,0.0,0.0
2025-10-24,217.0,-11.0,0.0,0.0,0.0
2025-10-25,189.0,0.0,0.0,0.0,0.0
2025-10-26,211.0,83.0,0.0,0.0,0.0
2025-10-27,206.0,78.0,216.0,0.0,0.0
2025-10-28,122.0,89.0,330.0,0.0,0.0
2025-10-29,139.0,89.0,20.0,0.0,0.0
2025-10-30,100.0,56.0,81.0,0.0,0.0
2025-10-31,94.0,17.0,178.0,0.0,0.0
2025-11-01,144.0,-11.0,0.0,0.0,0.0
2025-11-02,167.0,-6.0,0.0,0.0,0.0
2025-11-03,150.0,28.0,165.0,0.0,0.0
2025-11-04,128.0,-6.0,0.0,0.0,0.0
2025-11-05,211.0,-6.0,0.0,0.0,0.0
2025-11-06,233.0,0.0,0.0,0.0,0.0
2025-11-07,239.0,0.0,0.0,0.0,0.0
2025-11-08,222.0,72.0,114.0,0.0,0.0
2025-11-09,222.0,100.0,0.0,0.0,0.0
2025-11-10,172.0,-17.0,0.0,0.0,0.0
2025-11-11,-11.0,-56.0,56.0,25.0,25.0
2025-11-12,72.0,-56.0,0.0,0.0,0.0
2025-11-13,161.0,-56.0,0.0,0.0,0.0
2025-11-14,189.0,-28.0,0.0,0.0,0.0
2025-11-15,217.0,-17.0,0.0,0.0,0.0
2025-11-16,211.0,67.0,0.0,0.0,0.0
2025-11-17,211.0,-28.0,0.0,0.0,0.0
2025-11-18,211.0,-28.0,0.0,0.0,0.0
2025-11-19,228.0,-11.0,15.0,0.0,0.0
2025-11-20,244.0,61.0,0.0,0.0,0.0
2025-11-21,206.0,72.0,64.0,0.0,0.0
2025-11-22,211.0,72.0,76.0,0.0,0.0
2025-11-23,217.0,56.0,0.0,0.0,0.0
2025-11-24,200.0,-11.0,0.0,0.0,0.0
2025-11-25,211.0,-11.0,18.0,0.0,0.0
2025-11-26,167.0,94.0,102.0,0.0,0.0
2025-11-27,172.0,-17.0,0.0,0.0,0.0
2025-11-28,72.0,-56.0,0.0,0.0,0.0
2025-11-29,56.0,-67.0,0.0,0.0,0.0
2025-11-30,89.0,-67.0,64.0,0.0,0.0
2025-12-01,78.0,11.0,25.0,0.0,0.0
2025-12-02,117.0,17.0,160.0,0.0,0.0
2025-12-03,111.0,-33.0,0.0,0.0,0.0
2025-12-04,89.0,-39.0,0.0,0.0,0.0
2025-12-05,61.0,-39.0,140.0,0.0,0.0
2025-12-06,61.0,-39.0,0.0,0.0,0.0
2025-12-07,72.0,-33.0,0.0,0.0,0.0
2025-12-08,144.0,-28.0,25.0,0.0,0.0
2025-12-09,56.0,-33.0,0.0,0.0,0.0
2025-12-10,83.0,-44.0,0.0,0.0,0.0
2025-12-11,111.0,-39.0,0.0,,
2025-12-12,67.0,-44.0,0.0,0.0,0.0
2025-12-13,139.0,-33.0,0.0,0.0,0.0
2025-12-14,172.0,-33.0,0.0,0.0,0.0
2025-12-15,172.0,-117.0,0.0,0.0,0.0
2025-12-16,78.0,-122.0,0.0,0.0,0.0
2025-12-17,139.0,-83.0,0.0,0.0,0.0
2025-12-18,156.0,-56.0,13.0,,
2025-12-19,156.0,22.0,114.0,0.0,0.0
2025-12-20,83.0,-61.0,0.0,0.0,0.0
2025-12-21,167.0,-61.0,0.0,0.0,0.0
2025-12-22,156.0,-39.0,0.0,0.0,0.0
2025-12-23,150.0,-11.0,0.0,0.0,0.0
2025-12-24,183.0,72.0,0.0,0.0,0.0
2025-12-25,217.0,94.0,0.0,0.0,0.0
2025-12-26,211.0,89.0,0.0,0.0,0.0
2025-12-27,183.0,83.0,0.0,0.0,0.0
2025-12-28,233.0,72.0,0.0,0.0,0.0
2025-12-29,189.0,56.0,38.0,0.0,0.0
2025-12-30,61.0,-67.0,0.0,0.0,0.0
2025-12-31,17.0,-78.0,0.0,0.0,0.0
2026-01-01,72.0,-78.0,0.0,0.0,0.0
2026-01-02,128.0,-78.0,0.0,0.0,0.0
2026-01-03,128.0,-78.0,10.0,0.0,0.0
2026-01-04,156.0,-78.0,0.0,0.0,0.0
2026-01-05,150.0,-33.0,0.0,0.0,0.0
2026-01-06,178.0,-39.0,0.0,0.0,0.0
2026-01-09,189.0,11.0,0.0,0.0,0.0
2026-01-10,189.0,11.0,584.0,0.0,0.0
2026-01-11,172.0,0.0,76.0,0.0,0.0
2026-01-12,,-78.0,0.0,0.0,0.0
2026-01-13,94.0,-78.0,0.0,0.0,0.0
2026-01-14,150.0,-67.0,0.0,0.0,0.0
2026-01-15,106.0,-67.0,,0.0,0.0
2026-01-16,-33.0,-117.0,0.0,0.0,0.0
2026-01-17,106.0,-111.0,43.0,0.0,0.0
2026-01-18,94.0,-28.0,0.0,0.0,0.0
2026-01-19,22.0,-94.0,0.0,0.0,0.0
2026-01-20,33.0,-111.0,0.0,0.0,0.0
2026-01-21,44.0,-100.0,0.0,0.0,0.0
